Model,Node,Kind,MissingResource,ReferencedBy
a_ba,belt_g,bitmap,belt_g,a_ba.mdl
a_ba,head_g,bitmap,head_g,a_ba.mdl
a_ba,lbicep_g,bitmap,lbicep_g,a_ba.mdl
a_ba,lfoot_g,bitmap,lfoot_g,a_ba.mdl
a_ba,lforearm_g,bitmap,lforearm_g,a_ba.mdl
a_ba,lhand_g,bitmap,lhand_g,a_ba.mdl
a_ba,lshin_g,bitmap,lshin_g,a_ba.mdl
a_ba,lshoulder_g,bitmap,lshoulder_g,a_ba.mdl
a_ba,lthigh_g,bitmap,lthigh_g,a_ba.mdl
a_ba,neck_g,bitmap,neck_g,a_ba.mdl
a_ba,rbicep_g,bitmap,rbicep_g,a_ba.mdl
a_ba,rfoot_g,bitmap,rfoot_g,a_ba.mdl
a_ba,rforearm_g,bitmap,rforearm_g,a_ba.mdl
a_ba,rhand_g,bitmap,rhand_g,a_ba.mdl
a_ba,rshin_g,bitmap,rshin_g,a_ba.mdl
a_ba,rshoulder_g,bitmap,rshoulder_g,a_ba.mdl
a_ba,rthigh_g,bitmap,rthigh_g,a_ba.mdl
a_ba,torso_g,bitmap,torso_g,a_ba.mdl
a_ba_dnc,head_g,bitmap,pmh0_head001g,a_ba_dnc.mdl
a_ba_dnc,rootdummy,bitmap,material,a_ba_dnc.mdl
a_ba_int,belt_g,bitmap,belt_g,a_ba_int.mdl
a_ba_int,head_g,bitmap,head_g,a_ba_int.mdl
a_ba_int,lbicep_g,bitmap,lbicep_g,a_ba_int.mdl
a_ba_int,lfoot_g,bitmap,lfoot_g,a_ba_int.mdl
a_ba_int,lforearm_g,bitmap,lforearm_g,a_ba_int.mdl
a_ba_int,lhand_g,bitmap,lhand_g,a_ba_int.mdl
a_ba_int,lshin_g,bitmap,lshin_g,a_ba_int.mdl
a_ba_int,lshoulder_g,bitmap,lshoulder_g,a_ba_int.mdl
a_ba_int,lthigh_g,bitmap,lthigh_g,a_ba_int.mdl
a_ba_int,neck_g,bitmap,neck_g,a_ba_int.mdl
a_ba_int,rbicep_g,bitmap,rbicep_g,a_ba_int.mdl
a_ba_int,rfoot_g,bitmap,rfoot_g,a_ba_int.mdl
a_ba_int,rforearm_g,bitmap,rforearm_g,a_ba_int.mdl
a_ba_int,rhand_g,bitmap,rhand_g,a_ba_int.mdl
a_ba_int,rshin_g,bitmap,rshin_g,a_ba_int.mdl
a_ba_int,rshoulder_g,bitmap,rshoulder_g,a_ba_int.mdl
a_ba_int,rthigh_g,bitmap,rthigh_g,a_ba_int.mdl
a_ba_int,torso_g,bitmap,torso_g,a_ba_int.mdl
a_ba_med_weap,rootdummy,bitmap,material,a_ba_med_weap.mdl
a_ba_non_combat,head_g,bitmap,pmh0_head001g,a_ba_non_combat.mdl
a_ba_non_combat,rootdummy,bitmap,material,a_ba_non_combat.mdl
a_ba_non_combat2,head_g,bitmap,pmh0_head001g,a_ba_non_combat2.mdl
a_ba_non_combat2,rootdummy,bitmap,material,a_ba_non_combat2.mdl
a_beholder,Box23,bitmap,a_beholderer,a_beholder.mdl
a_beholder,Box24,bitmap,a_beholderer,a_beholder.mdl
a_beholder,Box25,bitmap,a_beholderer,a_beholder.mdl
a_beholder,Box42,bitmap,a_beholderer,a_beholder.mdl
a_beholder,Box43,bitmap,a_beholderer,a_beholder.mdl
a_beholder,Box45,bitmap,a_beholderer,a_beholder.mdl
a_beholder,Box53,bitmap,a_beholderer,a_beholder.mdl
a_beholder,Box54,bitmap,a_beholderer,a_beholder.mdl
a_beholder,Pyramid13,bitmap,a_beholderer,a_beholder.mdl
a_beholder,Pyramid22,bitmap,a_beholderer,a_beholder.mdl
a_beholder,Pyramid23,bitmap,a_beholderer,a_beholder.mdl
a_beholder,Pyramid24,bitmap,a_beholderer,a_beholder.mdl
a_beholder,Pyramid25,bitmap,a_beholderer,a_beholder.mdl
a_beholder,Pyramid27,bitmap,a_beholderer,a_beholder.mdl
a_beholder,Pyramid28,bitmap,a_beholderer,a_beholder.mdl
a_beholder,Sphere13,bitmap,a_beholderer,a_beholder.mdl
a_beholder,Sphere14,bitmap,a_beholderer,a_beholder.mdl
a_beholder,Sphere15,bitmap,a_beholderer,a_beholder.mdl
a_beholder,Sphere27,bitmap,a_beholderer,a_beholder.mdl
a_beholder,Sphere29,bitmap,a_beholderer,a_beholder.mdl
a_beholder,beholder,bitmap,a_beholderer,a_beholder.mdl
a_beholder,eye,bitmap,a_beholderer,a_beholder.mdl
a_beholder,eye06,bitmap,a_beholderer,a_beholder.mdl
a_beholder,eye07,bitmap,a_beholderer,a_beholder.mdl
a_beholder,eye08,bitmap,a_beholderer,a_beholder.mdl
a_beholder,eye09,bitmap,a_beholderer,a_beholder.mdl
a_beholder,eye1,bitmap,a_beholderer,a_beholder.mdl
a_beholder,eye10,bitmap,a_beholderer,a_beholder.mdl
a_beholder,eye2,bitmap,a_beholderer,a_beholder.mdl
a_beholder,eye3,bitmap,a_beholderer,a_beholder.mdl
a_beholder,eye4,bitmap,a_beholderer,a_beholder.mdl
a_beholder,eye5,bitmap,a_beholderer,a_beholder.mdl
a_beholder,eyeliddown,bitmap,a_beholderer,a_beholder.mdl
a_beholder,eyelidup,bitmap,a_beholderer,a_beholder.mdl
a_beholder,eyestalk1,bitmap,a_beholderer,a_beholder.mdl
a_beholder,eyestalk2,bitmap,a_beholderer,a_beholder.mdl
a_beholder,eyestalk3,bitmap,a_beholderer,a_beholder.mdl
a_beholder,eyestalk4,bitmap,a_beholderer,a_beholder.mdl
a_beholder,eyestalk5,bitmap,a_beholderer,a_beholder.mdl
a_beholder,lowerjaw,bitmap,a_beholderer,a_beholder.mdl
a_beholder,lowerteeth,bitmap,a_beholderer,a_beholder.mdl
a_beholder,upperteeth,bitmap,a_beholderer,a_beholder.mdl
a_cav,cav_abdomen_g,bitmap,c_warm,a_cav.mdl
a_cav,cav_ear_left_g,bitmap,c_warm,a_cav.mdl
a_cav,cav_ear_right_g01,bitmap,c_warm,a_cav.mdl
a_cav,cav_head_g,bitmap,c_warm,a_cav.mdl
a_cav,cav_leg_front_left_calf_g,bitmap,c_warm,a_cav.mdl
a_cav,cav_leg_front_left_foot_g,bitmap,c_warm,a_cav.mdl
a_cav,cav_leg_front_left_shin_g,bitmap,c_warm,a_cav.mdl
a_cav,cav_leg_front_right_calf_g,bitmap,c_warm,a_cav.mdl
a_cav,cav_leg_front_right_foot_g,bitmap,c_warm,a_cav.mdl
a_cav,cav_leg_front_right_shin_g,bitmap,c_warm,a_cav.mdl
a_cav,cav_leg_rear_left_calf_g,bitmap,c_warm,a_cav.mdl
a_cav,cav_leg_rear_left_foot_g,bitmap,c_warm,a_cav.mdl
a_cav,cav_leg_rear_left_shin_g,bitmap,c_warm,a_cav.mdl
a_cav,cav_leg_rear_right_calf_g,bitmap,c_warm,a_cav.mdl
a_cav,cav_leg_rear_right_foot_g,bitmap,c_warm,a_cav.mdl
a_cav,cav_leg_rear_right_shin_g,bitmap,c_warm,a_cav.mdl
a_cav,cav_neck_g,bitmap,c_warm,a_cav.mdl
a_cav,cav_torso_g,bitmap,c_warm,a_cav.mdl
a_cav,head_g,bitmap,pmh0_head001g,a_cav.mdl
a_cav_casts,cav_abdomen_g,bitmap,c_warm,a_cav_casts.mdl
a_cav_casts,cav_ear_left_g,bitmap,c_warm,a_cav_casts.mdl
a_cav_casts,cav_ear_right_g01,bitmap,c_warm,a_cav_casts.mdl
a_cav_casts,cav_head_g,bitmap,c_warm,a_cav_casts.mdl
a_cav_casts,cav_leg_front_left_calf_g,bitmap,c_warm,a_cav_casts.mdl
a_cav_casts,cav_leg_front_left_foot_g,bitmap,c_warm,a_cav_casts.mdl
a_cav_casts,cav_leg_front_left_shin_g,bitmap,c_warm,a_cav_casts.mdl
a_cav_casts,cav_leg_front_right_calf_g,bitmap,c_warm,a_cav_casts.mdl
a_cav_casts,cav_leg_front_right_foot_g,bitmap,c_warm,a_cav_casts.mdl
a_cav_casts,cav_leg_front_right_shin_g,bitmap,c_warm,a_cav_casts.mdl
a_cav_casts,cav_leg_rear_left_calf_g,bitmap,c_warm,a_cav_casts.mdl
a_cav_casts,cav_leg_rear_left_foot_g,bitmap,c_warm,a_cav_casts.mdl
a_cav_casts,cav_leg_rear_left_shin_g,bitmap,c_warm,a_cav_casts.mdl
a_cav_casts,cav_leg_rear_right_calf_g,bitmap,c_warm,a_cav_casts.mdl
a_cav_casts,cav_leg_rear_right_foot_g,bitmap,c_warm,a_cav_casts.mdl
a_cav_casts,cav_leg_rear_right_shin_g,bitmap,c_warm,a_cav_casts.mdl
a_cav_casts,cav_neck_g,bitmap,c_warm,a_cav_casts.mdl
a_cav_casts,cav_torso_g,bitmap,c_warm,a_cav_casts.mdl
a_cav_med_weap,cav_abdomen_g,bitmap,c_warm,a_cav_med_weap.mdl
a_cav_med_weap,cav_ear_left_g,bitmap,c_warm,a_cav_med_weap.mdl
a_cav_med_weap,cav_ear_right_g01,bitmap,c_warm,a_cav_med_weap.mdl
a_cav_med_weap,cav_head_g,bitmap,c_warm,a_cav_med_weap.mdl
a_cav_med_weap,cav_leg_front_left_calf_g,bitmap,c_warm,a_cav_med_weap.mdl
a_cav_med_weap,cav_leg_front_left_foot_g,bitmap,c_warm,a_cav_med_weap.mdl
a_cav_med_weap,cav_leg_front_left_shin_g,bitmap,c_warm,a_cav_med_weap.mdl
a_cav_med_weap,cav_leg_front_right_calf_g,bitmap,c_warm,a_cav_med_weap.mdl
a_cav_med_weap,cav_leg_front_right_foot_g,bitmap,c_warm,a_cav_med_weap.mdl
a_cav_med_weap,cav_leg_front_right_shin_g,bitmap,c_warm,a_cav_med_weap.mdl
a_cav_med_weap,cav_leg_rear_left_calf_g,bitmap,c_warm,a_cav_med_weap.mdl
a_cav_med_weap,cav_leg_rear_left_foot_g,bitmap,c_warm,a_cav_med_weap.mdl
a_cav_med_weap,cav_leg_rear_left_shin_g,bitmap,c_warm,a_cav_med_weap.mdl
a_cav_med_weap,cav_leg_rear_right_calf_g,bitmap,c_warm,a_cav_med_weap.mdl
a_cav_med_weap,cav_leg_rear_right_foot_g,bitmap,c_warm,a_cav_med_weap.mdl
a_cav_med_weap,cav_leg_rear_right_shin_g,bitmap,c_warm,a_cav_med_weap.mdl
a_cav_med_weap,cav_neck_g,bitmap,c_warm,a_cav_med_weap.mdl
a_cav_med_weap,cav_torso_g,bitmap,c_warm,a_cav_med_weap.mdl
a_cav_non_combat,cav_abdomen_g,bitmap,01,a_cav_non_combat.mdl
a_cav_non_combat,cav_ear_left_g,bitmap,01,a_cav_non_combat.mdl
a_cav_non_combat,cav_ear_right_g01,bitmap,01,a_cav_non_combat.mdl
a_cav_non_combat,cav_head_g,bitmap,01,a_cav_non_combat.mdl
a_cav_non_combat,cav_leg_front_left_calf_g,bitmap,01,a_cav_non_combat.mdl
a_cav_non_combat,cav_leg_front_left_foot_g,bitmap,01,a_cav_non_combat.mdl
a_cav_non_combat,cav_leg_front_left_shin_g,bitmap,01,a_cav_non_combat.mdl
a_cav_non_combat,cav_leg_front_right_calf_g,bitmap,01,a_cav_non_combat.mdl
a_cav_non_combat,cav_leg_front_right_foot_g,bitmap,01,a_cav_non_combat.mdl
a_cav_non_combat,cav_leg_front_right_shin_g,bitmap,01,a_cav_non_combat.mdl
a_cav_non_combat,cav_leg_rear_left_calf_g,bitmap,01,a_cav_non_combat.mdl
a_cav_non_combat,cav_leg_rear_left_foot_g,bitmap,01,a_cav_non_combat.mdl
a_cav_non_combat,cav_leg_rear_left_shin_g,bitmap,01,a_cav_non_combat.mdl
a_cav_non_combat,cav_leg_rear_right_calf_g,bitmap,01,a_cav_non_combat.mdl
a_cav_non_combat,cav_leg_rear_right_foot_g,bitmap,01,a_cav_non_combat.mdl
a_cav_non_combat,cav_leg_rear_right_shin_g,bitmap,01,a_cav_non_combat.mdl
a_cav_non_combat,cav_neck_g,bitmap,01,a_cav_non_combat.mdl
a_cav_non_combat,cav_torso_g,bitmap,01,a_cav_non_combat.mdl
a_cav_non_combat,head_g,bitmap,01,a_cav_non_combat.mdl
a_cav_non_combat,lbicep_g,bitmap,01,a_cav_non_combat.mdl
a_cav_non_combat,lfoot_g,bitmap,01,a_cav_non_combat.mdl
a_cav_non_combat,lforearm_g,bitmap,01,a_cav_non_combat.mdl
a_cav_non_combat,lhand_g,bitmap,01,a_cav_non_combat.mdl
a_cav_non_combat,lshin_g,bitmap,01,a_cav_non_combat.mdl
a_cav_non_combat,lshould_g,bitmap,01,a_cav_non_combat.mdl
a_cav_non_combat,lthigh_g,bitmap,01,a_cav_non_combat.mdl
a_cav_non_combat,neck_g,bitmap,01,a_cav_non_combat.mdl
a_cav_non_combat,pelvis_g,bitmap,01,a_cav_non_combat.mdl
a_cav_non_combat,rbicep_g,bitmap,01,a_cav_non_combat.mdl
a_cav_non_combat,rfoot_g,bitmap,01,a_cav_non_combat.mdl
a_cav_non_combat,rforearm_g,bitmap,01,a_cav_non_combat.mdl
a_cav_non_combat,rhand_g,bitmap,01,a_cav_non_combat.mdl
a_cav_non_combat,rootdummy,bitmap,01,a_cav_non_combat.mdl
a_cav_non_combat,rshin_g,bitmap,01,a_cav_non_combat.mdl
a_cav_non_combat,rshould_g,bitmap,01,a_cav_non_combat.mdl
a_cav_non_combat,rthigh_g,bitmap,01,a_cav_non_combat.mdl
a_cav_non_combat,tail_01_g,bitmap,01,a_cav_non_combat.mdl
a_cav_non_combat,tail_02_g,bitmap,01,a_cav_non_combat.mdl
a_cav_non_combat,tail_03_gx,bitmap,01,a_cav_non_combat.mdl
a_cav_non_combat,torso_g,bitmap,01,a_cav_non_combat.mdl
a_fa,belt_g,bitmap,belt_g,a_fa.mdl
a_fa,cl1_g,bitmap,cl1_g,a_fa.mdl
a_fa,cl2_g,bitmap,cl2_g,a_fa.mdl
a_fa,cl3_g,bitmap,cl3_g,a_fa.mdl
a_fa,cl4_g,bitmap,cl4_g,a_fa.mdl
a_fa,cloak_g,bitmap,cloak_g,a_fa.mdl
a_fa,cm1_g,bitmap,cm1_g,a_fa.mdl
a_fa,cm2_g,bitmap,cm2_g,a_fa.mdl
a_fa,cm3_g,bitmap,cm3_g,a_fa.mdl
a_fa,cm4_g,bitmap,cm4_g,a_fa.mdl
a_fa,cr1_g,bitmap,cr1_g,a_fa.mdl
a_fa,cr2_g,bitmap,cr2_g,a_fa.mdl
a_fa,cr3_g,bitmap,cr3_g,a_fa.mdl
a_fa,cr4_g,bitmap,cr4_g,a_fa.mdl
a_fa,head_g,bitmap,head_g,a_fa.mdl
a_fa,lbicep_g,bitmap,lbicep_g,a_fa.mdl
a_fa,lfoot_g,bitmap,lfoot_g,a_fa.mdl
a_fa,lforearm_g,bitmap,lforearm_g,a_fa.mdl
a_fa,lhand_g,bitmap,lhand_g,a_fa.mdl
a_fa,lshin_g,bitmap,lshin_g,a_fa.mdl
a_fa,lshoulder_g,bitmap,lshoulder_g,a_fa.mdl
a_fa,lthigh_g,bitmap,lthigh_g,a_fa.mdl
a_fa,neck_g,bitmap,neck_g,a_fa.mdl
a_fa,pelvis_g,bitmap,pelvis_g,a_fa.mdl
a_fa,rbicep_g,bitmap,rbicep_g,a_fa.mdl
a_fa,rfoot_g,bitmap,rfoot_g,a_fa.mdl
a_fa,rforearm_g,bitmap,rforearm_g,a_fa.mdl
a_fa,rhand_g,bitmap,rhand_g,a_fa.mdl
a_fa,rshin_g,bitmap,rshin_g,a_fa.mdl
a_fa,rshoulder_g,bitmap,rshoulder_g,a_fa.mdl
a_fa,rthigh_g,bitmap,rthigh_g,a_fa.mdl
a_fa,torso_g,bitmap,torso_g,a_fa.mdl
a_fa_int,belt_g,bitmap,belt_g,a_fa_int.mdl
a_fa_int,cl1_g,bitmap,cl1_g,a_fa_int.mdl
a_fa_int,cl2_g,bitmap,cl2_g,a_fa_int.mdl
a_fa_int,cl3_g,bitmap,cl3_g,a_fa_int.mdl
a_fa_int,cl4_g,bitmap,cl4_g,a_fa_int.mdl
a_fa_int,cloak_g,bitmap,cloak_g,a_fa_int.mdl
a_fa_int,cm1_g,bitmap,cm1_g,a_fa_int.mdl
a_fa_int,cm2_g,bitmap,cm2_g,a_fa_int.mdl
a_fa_int,cm3_g,bitmap,cm3_g,a_fa_int.mdl
a_fa_int,cm4_g,bitmap,cm4_g,a_fa_int.mdl
a_fa_int,cr1_g,bitmap,cr1_g,a_fa_int.mdl
a_fa_int,cr2_g,bitmap,cr2_g,a_fa_int.mdl
a_fa_int,cr3_g,bitmap,cr3_g,a_fa_int.mdl
a_fa_int,cr4_g,bitmap,cr4_g,a_fa_int.mdl
a_fa_int,head_g,bitmap,head_g,a_fa_int.mdl
a_fa_int,lbicep_g,bitmap,lbicep_g,a_fa_int.mdl
a_fa_int,lfoot_g,bitmap,lfoot_g,a_fa_int.mdl
a_fa_int,lforearm_g,bitmap,lforearm_g,a_fa_int.mdl
a_fa_int,lhand_g,bitmap,lhand_g,a_fa_int.mdl
a_fa_int,lshin_g,bitmap,lshin_g,a_fa_int.mdl
a_fa_int,lshoulder_g,bitmap,lshoulder_g,a_fa_int.mdl
a_fa_int,lthigh_g,bitmap,lthigh_g,a_fa_int.mdl
a_fa_int,neck_g,bitmap,neck_g,a_fa_int.mdl
a_fa_int,pelvis_g,bitmap,pelvis_g,a_fa_int.mdl
a_fa_int,rbicep_g,bitmap,rbicep_g,a_fa_int.mdl
a_fa_int,rfoot_g,bitmap,rfoot_g,a_fa_int.mdl
a_fa_int,rforearm_g,bitmap,rforearm_g,a_fa_int.mdl
a_fa_int,rhand_g,bitmap,rhand_g,a_fa_int.mdl
a_fa_int,rshin_g,bitmap,rshin_g,a_fa_int.mdl
a_fa_int,rshoulder_g,bitmap,rshoulder_g,a_fa_int.mdl
a_fa_int,rthigh_g,bitmap,rthigh_g,a_fa_int.mdl
a_fa_int,torso_g,bitmap,torso_g,a_fa_int.mdl
a_fa_int_coat,lbicep_g,bitmap,lbicep_g,a_fa_int_coat.mdl
a_fa_int_coat,lfoot_g,bitmap,lfoot_g,a_fa_int_coat.mdl
a_fa_int_coat,lforearm_g,bitmap,lforearm_g,a_fa_int_coat.mdl
a_fa_int_coat,lhand_g,bitmap,lhand_g,a_fa_int_coat.mdl
a_fa_int_coat,lshin_g,bitmap,lshin_g,a_fa_int_coat.mdl
a_fa_int_coat,lthigh_g,bitmap,lthigh_g,a_fa_int_coat.mdl
a_fa_int_coat,pelvis_g,bitmap,pelvis_g,a_fa_int_coat.mdl
a_fa_int_coat,rbicep_g,bitmap,rbicep_g,a_fa_int_coat.mdl
a_fa_int_coat,rfoot_g,bitmap,rfoot_g,a_fa_int_coat.mdl
a_fa_int_coat,rforearm_g,bitmap,rforearm_g,a_fa_int_coat.mdl
a_fa_int_coat,rhand_g,bitmap,rhand_g,a_fa_int_coat.mdl
a_fa_int_coat,rshin_g,bitmap,rshin_g,a_fa_int_coat.mdl
a_fa_int_coat,rthigh_g,bitmap,rthigh_g,a_fa_int_coat.mdl
a_fa_int_coat,torso_g,bitmap,torso_g,a_fa_int_coat.mdl
a_pr_non_combat,head_g,bitmap,pmh0_head001g,a_pr_non_combat.mdl
a_pr_non_combat,rootdummy,bitmap,rootdummy,a_pr_non_combat.mdl
a_zombi_m1,head_g,bitmap,pmh0_head001g,a_zombi_m1.mdl
a_zombi_m2,head_g,bitmap,pmh0_head001g,a_zombi_m2.mdl
aswtor_110,banners,bitmap,d_swflag02,ASWTOR_110.mdl
awingsm,aw_laserl,bitmap,awingsmgun,awingsm.mdl
awingsm,aw_laserr,bitmap,awingsmgun,awingsm.mdl
awingsm,cockpit2,bitmap,awingsmcover,awingsm.mdl
b_ba,head_g,bitmap,pmh0_head001g,b_ba.mdl
b_ba_non_combat,head_g,bitmap,pmh0_head001g,b_ba_non_combat.mdl
b_cav,cav_abdomen_g,bitmap,c_warm,b_cav.mdl
b_cav,cav_ear_left_g,bitmap,c_warm,b_cav.mdl
b_cav,cav_ear_right_g01,bitmap,c_warm,b_cav.mdl
b_cav,cav_head_g,bitmap,c_warm,b_cav.mdl
b_cav,cav_leg_front_left_calf_g,bitmap,c_warm,b_cav.mdl
b_cav,cav_leg_front_left_foot_g,bitmap,c_warm,b_cav.mdl
b_cav,cav_leg_front_left_shin_g,bitmap,c_warm,b_cav.mdl
b_cav,cav_leg_front_right_calf_g,bitmap,c_warm,b_cav.mdl
b_cav,cav_leg_front_right_foot_g,bitmap,c_warm,b_cav.mdl
b_cav,cav_leg_front_right_shin_g,bitmap,c_warm,b_cav.mdl
b_cav,cav_leg_rear_left_calf_g,bitmap,c_warm,b_cav.mdl
b_cav,cav_leg_rear_left_foot_g,bitmap,c_warm,b_cav.mdl
b_cav,cav_leg_rear_left_shin_g,bitmap,c_warm,b_cav.mdl
b_cav,cav_leg_rear_right_calf_g,bitmap,c_warm,b_cav.mdl
b_cav,cav_leg_rear_right_foot_g,bitmap,c_warm,b_cav.mdl
b_cav,cav_leg_rear_right_shin_g,bitmap,c_warm,b_cav.mdl
b_cav,cav_neck_g,bitmap,c_warm,b_cav.mdl
b_cav,cav_torso_g,bitmap,c_warm,b_cav.mdl
b_cav,head_g,bitmap,pmh0_head001g,b_cav.mdl
b_cav_casts,cav_abdomen_g,bitmap,c_warm,b_cav_casts.mdl
b_cav_casts,cav_ear_left_g,bitmap,c_warm,b_cav_casts.mdl
b_cav_casts,cav_ear_right_g01,bitmap,c_warm,b_cav_casts.mdl
b_cav_casts,cav_head_g,bitmap,c_warm,b_cav_casts.mdl
b_cav_casts,cav_leg_front_left_calf_g,bitmap,c_warm,b_cav_casts.mdl
b_cav_casts,cav_leg_front_left_foot_g,bitmap,c_warm,b_cav_casts.mdl
b_cav_casts,cav_leg_front_left_shin_g,bitmap,c_warm,b_cav_casts.mdl
b_cav_casts,cav_leg_front_right_calf_g,bitmap,c_warm,b_cav_casts.mdl
b_cav_casts,cav_leg_front_right_foot_g,bitmap,c_warm,b_cav_casts.mdl
b_cav_casts,cav_leg_front_right_shin_g,bitmap,c_warm,b_cav_casts.mdl
b_cav_casts,cav_leg_rear_left_calf_g,bitmap,c_warm,b_cav_casts.mdl
b_cav_casts,cav_leg_rear_left_foot_g,bitmap,c_warm,b_cav_casts.mdl
b_cav_casts,cav_leg_rear_left_shin_g,bitmap,c_warm,b_cav_casts.mdl
b_cav_casts,cav_leg_rear_right_calf_g,bitmap,c_warm,b_cav_casts.mdl
b_cav_casts,cav_leg_rear_right_foot_g,bitmap,c_warm,b_cav_casts.mdl
b_cav_casts,cav_leg_rear_right_shin_g,bitmap,c_warm,b_cav_casts.mdl
b_cav_casts,cav_neck_g,bitmap,c_warm,b_cav_casts.mdl
b_cav_casts,cav_torso_g,bitmap,c_warm,b_cav_casts.mdl
b_cav_med_weap,cav_abdomen_g,bitmap,c_warm,b_cav_med_weap.mdl
b_cav_med_weap,cav_ear_left_g,bitmap,c_warm,b_cav_med_weap.mdl
b_cav_med_weap,cav_ear_right_g01,bitmap,c_warm,b_cav_med_weap.mdl
b_cav_med_weap,cav_head_g,bitmap,c_warm,b_cav_med_weap.mdl
b_cav_med_weap,cav_leg_front_left_calf_g,bitmap,c_warm,b_cav_med_weap.mdl
b_cav_med_weap,cav_leg_front_left_foot_g,bitmap,c_warm,b_cav_med_weap.mdl
b_cav_med_weap,cav_leg_front_left_shin_g,bitmap,c_warm,b_cav_med_weap.mdl
b_cav_med_weap,cav_leg_front_right_calf_g,bitmap,c_warm,b_cav_med_weap.mdl
b_cav_med_weap,cav_leg_front_right_foot_g,bitmap,c_warm,b_cav_med_weap.mdl
b_cav_med_weap,cav_leg_front_right_shin_g,bitmap,c_warm,b_cav_med_weap.mdl
b_cav_med_weap,cav_leg_rear_left_calf_g,bitmap,c_warm,b_cav_med_weap.mdl
b_cav_med_weap,cav_leg_rear_left_foot_g,bitmap,c_warm,b_cav_med_weap.mdl
b_cav_med_weap,cav_leg_rear_left_shin_g,bitmap,c_warm,b_cav_med_weap.mdl
b_cav_med_weap,cav_leg_rear_right_calf_g,bitmap,c_warm,b_cav_med_weap.mdl
b_cav_med_weap,cav_leg_rear_right_foot_g,bitmap,c_warm,b_cav_med_weap.mdl
b_cav_med_weap,cav_leg_rear_right_shin_g,bitmap,c_warm,b_cav_med_weap.mdl
b_cav_med_weap,cav_neck_g,bitmap,c_warm,b_cav_med_weap.mdl
b_cav_med_weap,cav_torso_g,bitmap,c_warm,b_cav_med_weap.mdl
b_cav_non_combat,cav_abdomen_g,bitmap,01,b_cav_non_combat.mdl
b_cav_non_combat,cav_ear_left_g,bitmap,01,b_cav_non_combat.mdl
b_cav_non_combat,cav_ear_right_g01,bitmap,01,b_cav_non_combat.mdl
b_cav_non_combat,cav_head_g,bitmap,01,b_cav_non_combat.mdl
b_cav_non_combat,cav_leg_front_left_calf_g,bitmap,01,b_cav_non_combat.mdl
b_cav_non_combat,cav_leg_front_left_foot_g,bitmap,01,b_cav_non_combat.mdl
b_cav_non_combat,cav_leg_front_left_shin_g,bitmap,01,b_cav_non_combat.mdl
b_cav_non_combat,cav_leg_front_right_calf_g,bitmap,01,b_cav_non_combat.mdl
b_cav_non_combat,cav_leg_front_right_foot_g,bitmap,01,b_cav_non_combat.mdl
b_cav_non_combat,cav_leg_front_right_shin_g,bitmap,01,b_cav_non_combat.mdl
b_cav_non_combat,cav_leg_rear_left_calf_g,bitmap,01,b_cav_non_combat.mdl
b_cav_non_combat,cav_leg_rear_left_foot_g,bitmap,01,b_cav_non_combat.mdl
b_cav_non_combat,cav_leg_rear_left_shin_g,bitmap,01,b_cav_non_combat.mdl
b_cav_non_combat,cav_leg_rear_right_calf_g,bitmap,01,b_cav_non_combat.mdl
b_cav_non_combat,cav_leg_rear_right_foot_g,bitmap,01,b_cav_non_combat.mdl
b_cav_non_combat,cav_leg_rear_right_shin_g,bitmap,01,b_cav_non_combat.mdl
b_cav_non_combat,cav_neck_g,bitmap,01,b_cav_non_combat.mdl
b_cav_non_combat,cav_torso_g,bitmap,01,b_cav_non_combat.mdl
b_cav_non_combat,head_g,bitmap,01,b_cav_non_combat.mdl
b_cav_non_combat,lbicep_g,bitmap,01,b_cav_non_combat.mdl
b_cav_non_combat,lfoot_g,bitmap,01,b_cav_non_combat.mdl
b_cav_non_combat,lforearm_g,bitmap,01,b_cav_non_combat.mdl
b_cav_non_combat,lhand_g,bitmap,01,b_cav_non_combat.mdl
b_cav_non_combat,lshin_g,bitmap,01,b_cav_non_combat.mdl
b_cav_non_combat,lshould_g,bitmap,01,b_cav_non_combat.mdl
b_cav_non_combat,lthigh_g,bitmap,01,b_cav_non_combat.mdl
b_cav_non_combat,neck_g,bitmap,01,b_cav_non_combat.mdl
b_cav_non_combat,pelvis_g,bitmap,01,b_cav_non_combat.mdl
b_cav_non_combat,rbicep_g,bitmap,01,b_cav_non_combat.mdl
b_cav_non_combat,rfoot_g,bitmap,01,b_cav_non_combat.mdl
b_cav_non_combat,rforearm_g,bitmap,01,b_cav_non_combat.mdl
b_cav_non_combat,rhand_g,bitmap,01,b_cav_non_combat.mdl
b_cav_non_combat,rootdummy,bitmap,01,b_cav_non_combat.mdl
b_cav_non_combat,rshin_g,bitmap,01,b_cav_non_combat.mdl
b_cav_non_combat,rshould_g,bitmap,01,b_cav_non_combat.mdl
b_cav_non_combat,rthigh_g,bitmap,01,b_cav_non_combat.mdl
b_cav_non_combat,tail_01_g,bitmap,01,b_cav_non_combat.mdl
b_cav_non_combat,tail_02_g,bitmap,01,b_cav_non_combat.mdl
b_cav_non_combat,tail_03_gx,bitmap,01,b_cav_non_combat.mdl
b_cav_non_combat,torso_g,bitmap,01,b_cav_non_combat.mdl
c_barrac,barracuda,bitmap,c_barract.008,c_barrac.mdl
c_base_family,tier_01,texture1,image,c_base_family1.mtr
c_base_family,tier_02,texture1,image,c_base_family2.mtr
c_base_family,tier_03,texture1,image,c_base_family3.mtr
c_basil,hull,texture1,image,c_basil.mtr
c_bgbra_psm,neck_g,bitmap,cm_bugbear_a1,c_bgbra_psm.mdl
c_bwfighter,bwfighter,bitmap,c_bwfightert.009,c_bwfighter.mdl
c_chasemaster,hull,texture1,image,c_chasemaster1.mtr
c_chs_longh,hull,texture1,image,c_chs_longh.mtr
c_chs_trirem,hull,texture1,image,c_chs_trirem.mtr
c_commsat,commsat,texture0,stadtls2_128,c_commsattex.005.mtr
c_condrdl,spark,emitter,fx_spark,C_ConDrdL.mdl
c_croc_ba,basilisk_body,bitmap,c_croc,c_croc_ba.mdl
c_croc_ba,basilisk_head,bitmap,c_croc_head,c_croc_ba.mdl
c_croc_ba,basilisk_hips,bitmap,c_croc,c_croc_ba.mdl
c_croc_ba,basilisk_jaw,bitmap,c_croc,c_croc_ba.mdl
c_croc_ba,basilisk_lcalf_1,bitmap,c_croc,c_croc_ba.mdl
c_croc_ba,basilisk_lcalf_4,bitmap,c_croc,c_croc_ba.mdl
c_croc_ba,basilisk_lfoot_1,bitmap,c_croc,c_croc_ba.mdl
c_croc_ba,basilisk_lfoot_4,bitmap,c_croc,c_croc_ba.mdl
c_croc_ba,basilisk_lthigh_1,bitmap,c_croc,c_croc_ba.mdl
c_croc_ba,basilisk_lthigh_4,bitmap,c_croc,c_croc_ba.mdl
c_croc_ba,basilisk_neck,bitmap,c_croc,c_croc_ba.mdl
c_croc_ba,basilisk_nose,bitmap,c_croc,c_croc_ba.mdl
c_croc_ba,basilisk_rcalf_1,bitmap,c_croc,c_croc_ba.mdl
c_croc_ba,basilisk_rcalf_4,bitmap,c_croc,c_croc_ba.mdl
c_croc_ba,basilisk_rfoot_1,bitmap,c_croc,c_croc_ba.mdl
c_croc_ba,basilisk_rfoot_4,bitmap,c_croc,c_croc_ba.mdl
c_croc_ba,basilisk_rthigh_1,bitmap,c_croc,c_croc_ba.mdl
c_croc_ba,basilisk_rthigh_4,bitmap,c_croc,c_croc_ba.mdl
c_croc_ba,basilisk_tail_01,bitmap,c_croc,c_croc_ba.mdl
c_croc_ba,basilisk_tail_02,bitmap,c_croc,c_croc_ba.mdl
c_croc_ba,basilisk_tail_03,bitmap,c_croc,c_croc_ba.mdl
c_cutlass,box01,texture1,image,c_cutlass.mtr
c_decap_npc,head_ll,bitmap,z_xplding_head,c_decap_npc.mdl
c_decap_npc,head_lr,bitmap,z_xplding_head,c_decap_npc.mdl
c_decap_npc,head_ul,bitmap,z_xplding_head,c_decap_npc.mdl
c_decap_npc,head_ur,bitmap,z_xplding_head,c_decap_npc.mdl
c_decap_npc,lhand_g,bitmap,z_xplding_hands,c_decap_npc.mdl
c_decap_npc,neck_g,bitmap,z_xplding_head,c_decap_npc.mdl
c_decap_npc,object01,bitmap,z_xplding_head,c_decap_npc.mdl
c_decap_npc,object02,bitmap,z_xplding_head,c_decap_npc.mdl
c_decap_npc,rhand_g,bitmap,z_xplding_hands,c_decap_npc.mdl
c_decap_npc,rootdummy,bitmap,rootdummy,c_decap_npc.mdl
c_derriphan,lights,bitmap,derriphan_l,c_derriphan.mdl
c_ebonhawk,lights,bitmap,ebon_hawk_l,c_ebonhawk.mdl
c_elephant_mt,Ox_Lhornx01,bitmap,tusk,c_Elephant_mt.mdl
c_elephant_mt,Ox_Lsdhorn03,bitmap,tusk,c_Elephant_mt.mdl
c_firebat,Bat_Lbasewing,bitmap,efreet,c_firebat.mdl
c_firebat,Bat_Lbasewing01,bitmap,efreet,c_firebat.mdl
c_firebat,Bat_Lwingtip,bitmap,efreet,c_firebat.mdl
c_firebat,Bat_Lwingtip01,bitmap,efreet,c_firebat.mdl
c_fl_aastbase,smallalienrockbase,bitmap,bw_landing_pad_l,c_fl_aastbase.mdl
c_fl_cvcs,csv,bitmap,utility_panels_0,c_fl_cvcs.mdl
c_fl_cvcs,csv,bitmap,utility_windows_,c_fl_cvcs.mdl
c_fl_frtr,freighttrain,bitmap,utility_windows_,c_fl_frtr.mdl
c_fl_hvlf,heavylifter,bitmap,utility_panels_0,c_fl_hvlf.mdl
c_fl_hvlf,heavylifter,bitmap,utility_screen_b,c_fl_hvlf.mdl
c_fl_hvlf,heavylifter,bitmap,utility_windows_,c_fl_hvlf.mdl
c_fl_lgtr,largetransport,bitmap,utility_panels_0,c_fl_lgtr.mdl
c_fl_lgtr,largetransport,bitmap,utility_windows_,c_fl_lgtr.mdl
c_fl_mnsh,miningship,bitmap,utility_panels_0,c_fl_mnsh.mdl
c_fl_mnsh,miningship,bitmap,utility_windows_,c_fl_mnsh.mdl
c_fl_prsh,prisonship,bitmap,utility_windows_,c_fl_prsh.mdl
c_fl_pstat,prisonstation,bitmap,pygar_depot_insi,c_fl_pstat.mdl
c_fl_pstat,prisonstation,bitmap,pygar_door_guard,c_fl_pstat.mdl
c_fl_pstat,prisonstation,bitmap,pygar_hand_rail_,c_fl_pstat.mdl
c_fl_pstat,prisonstation,bitmap,pygar_landing_pa,c_fl_pstat.mdl
c_fl_pstat,prisonstation,bitmap,pygar_metal_deck,c_fl_pstat.mdl
c_fl_rpsh,repairship,bitmap,utility_panels_0,c_fl_rpsh.mdl
c_fl_smtr,smalltransport,bitmap,utility_windows_,c_fl_smtr.mdl
c_fl_smtr,smalltransport.001,bitmap,utility_panels_0,c_fl_smtr.mdl
c_fl_smtr,smalltransport.002,bitmap,utility_panels_0,c_fl_smtr.mdl
c_fl_smtr,smalltransport.003,bitmap,utility_panels_0,c_fl_smtr.mdl
c_fl_smtr,smalltransport.004,bitmap,utility_panels_0,c_fl_smtr.mdl
c_fl_smtr,smalltransport.006,bitmap,utility_panels_0,c_fl_smtr.mdl
c_fl_smtr,smalltransport.007,bitmap,utility_panels_0,c_fl_smtr.mdl
c_foray,lights,bitmap,foray_corvette_l,c_foray.mdl
c_frogman1,head_g,bitmap,pmh0_head001g,c_frogman1.mdl
c_frogman2,head_g,bitmap,pmh0_head001g,c_frogman2.mdl
c_furyf,box03,texture1,image,c_furyf.mtr
c_hammerhead,lights01,bitmap,hammerhead_l,c_hammerhead.mdl
c_horse5,lstirrup_h,bitmap,dla_horse4_3,c_horse5.mdl
c_horse5,rstirrup_h,bitmap,dla_horse4_3,c_horse5.mdl
c_horse5aa,lstirrup_h,bitmap,dla_horse4_3,c_horse5aa.mdl
c_horse5aa,rstirrup_h,bitmap,dla_horse4_3,c_horse5aa.mdl
c_horse5c1,lforearm_h,bitmap,dla_horse5ab11,c_horse5c1.mdl
c_jed_cruci,hull,texture1,image,c_jed_cruci.mtr
c_kenku,rootdummy,bitmap,rootdummy,c_kenku.mdl
c_kenku_c,rootdummy,bitmap,rootdummy,c_kenku_c.mdl
c_kuotoaa1,rootdummy,bitmap,kuot_hd,c_kuotoaa1.mdl
c_liz_anims,kh_14_g,bitmap,yuanti3_body1,c_liz_anims.mdl
c_liz_anims,kh_head_g,bitmap,yuanti3_body1,c_liz_anims.mdl
c_man_bruteps,hull,texture1,image,c_man_bruteps.mtr
c_man_crus,light,bitmap,cru_corv_light,c_man_crus.mdl
c_man_davaab,hull,texture1,image,c_man_davaab.mtr
c_man_kyra,hull,texture1,image,c_man_kyrah.mtr
c_mando_teroch,hull,texture1,image,c_mando_teroch.mtr
c_mandocruiser,lights01,bitmap,mancruis_l,c_mandocruiser.mdl
c_medusa_b_anima,bodypelvis_g,bitmap,medusae_tail,c_medusa_b_anima.mdl
c_medusa_b_anima,rootdummy,bitmap,rootdummy,c_medusa_b_anima.mdl
c_medusa_b_anima,tail01,bitmap,medusae_tail,c_medusa_b_anima.mdl
c_medusa_b_anima,tail02,bitmap,medusae_tail,c_medusa_b_anima.mdl
c_medusa_b_anima,tail03,bitmap,medusae_tail,c_medusa_b_anima.mdl
c_medusa_b_anima,tail04,bitmap,medusae_tail,c_medusa_b_anima.mdl
c_medusa_b_anima,tail05,bitmap,medusae_tail,c_medusa_b_anima.mdl
c_medusa_b_anima,tail06,bitmap,medusae_tail,c_medusa_b_anima.mdl
c_medusa_b_anima,tail07,bitmap,medusae_tail,c_medusa_b_anima.mdl
c_medusa_b_anima,tail08,bitmap,medusae_tail,c_medusa_b_anima.mdl
c_medusa_b_anima,tail09,bitmap,medusae_tail,c_medusa_b_anima.mdl
c_medusa_b_anima,tail10,bitmap,medusae_tail,c_medusa_b_anima.mdl
c_medusa_b_anima,tail11,bitmap,medusae_tail,c_medusa_b_anima.mdl
c_medusa_b_anima,tail12,bitmap,medusae_tail,c_medusa_b_anima.mdl
c_medusa_b_animb,bodypelvis_g,bitmap,medusae_tail,c_medusa_b_animb.mdl
c_medusa_b_animb,head_g,bitmap,pmh0_head001g,c_medusa_b_animb.mdl
c_medusa_b_animb,rootdummy,bitmap,rootdummy,c_medusa_b_animb.mdl
c_medusa_b_animb,tail01,bitmap,medusae_tail,c_medusa_b_animb.mdl
c_medusa_b_animb,tail02,bitmap,medusae_tail,c_medusa_b_animb.mdl
c_medusa_b_animb,tail03,bitmap,medusae_tail,c_medusa_b_animb.mdl
c_medusa_b_animb,tail04,bitmap,medusae_tail,c_medusa_b_animb.mdl
c_medusa_b_animb,tail05,bitmap,medusae_tail,c_medusa_b_animb.mdl
c_medusa_b_animb,tail06,bitmap,medusae_tail,c_medusa_b_animb.mdl
c_medusa_b_animb,tail07,bitmap,medusae_tail,c_medusa_b_animb.mdl
c_medusa_b_animb,tail08,bitmap,medusae_tail,c_medusa_b_animb.mdl
c_medusa_b_animb,tail09,bitmap,medusae_tail,c_medusa_b_animb.mdl
c_medusa_b_animb,tail10,bitmap,medusae_tail,c_medusa_b_animb.mdl
c_medusa_b_animb,tail11,bitmap,medusae_tail,c_medusa_b_animb.mdl
c_medusa_b_animb,tail12,bitmap,medusae_tail,c_medusa_b_animb.mdl
c_medusa_b_animc,bodypelvis_g,bitmap,medusae_tail,c_medusa_b_animc.mdl
c_medusa_b_animc,tail01,bitmap,medusae_tail,c_medusa_b_animc.mdl
c_medusa_b_animc,tail02,bitmap,medusae_tail,c_medusa_b_animc.mdl
c_medusa_b_animc,tail03,bitmap,medusae_tail,c_medusa_b_animc.mdl
c_medusa_b_animc,tail04,bitmap,medusae_tail,c_medusa_b_animc.mdl
c_medusa_b_animc,tail05,bitmap,medusae_tail,c_medusa_b_animc.mdl
c_medusa_b_animc,tail06,bitmap,medusae_tail,c_medusa_b_animc.mdl
c_medusa_b_animc,tail07,bitmap,medusae_tail,c_medusa_b_animc.mdl
c_medusa_b_animc,tail08,bitmap,medusae_tail,c_medusa_b_animc.mdl
c_medusa_b_animc,tail09,bitmap,medusae_tail,c_medusa_b_animc.mdl
c_medusa_b_animc,tail10,bitmap,medusae_tail,c_medusa_b_animc.mdl
c_medusa_b_animc,tail11,bitmap,medusae_tail,c_medusa_b_animc.mdl
c_medusa_b_animc,tail12,bitmap,medusae_tail,c_medusa_b_animc.mdl
c_medusa_b_animd,bodypelvis_g,bitmap,medusae_tail,c_medusa_b_animd.mdl
c_medusa_b_animd,head_g,bitmap,medusae_head,c_medusa_b_animd.mdl
c_medusa_b_animd,lbicep_g,bitmap,medusae_biceps,c_medusa_b_animd.mdl
c_medusa_b_animd,lforearm_g,bitmap,medusae_forearms,c_medusa_b_animd.mdl
c_medusa_b_animd,lhand_g,bitmap,medusae_hands,c_medusa_b_animd.mdl
c_medusa_b_animd,neck_g,bitmap,medusae_neck,c_medusa_b_animd.mdl
c_medusa_b_animd,rbicep_g,bitmap,medusae_biceps,c_medusa_b_animd.mdl
c_medusa_b_animd,rforearm_g,bitmap,medusae_forearms,c_medusa_b_animd.mdl
c_medusa_b_animd,rhand_g,bitmap,medusae_hands,c_medusa_b_animd.mdl
c_medusa_b_animd,snakehead,bitmap,medusae_head,c_medusa_b_animd.mdl
c_medusa_b_animd,tail01,bitmap,medusae_tail,c_medusa_b_animd.mdl
c_medusa_b_animd,tail02,bitmap,medusae_tail,c_medusa_b_animd.mdl
c_medusa_b_animd,tail03,bitmap,medusae_tail,c_medusa_b_animd.mdl
c_medusa_b_animd,tail04,bitmap,medusae_tail,c_medusa_b_animd.mdl
c_medusa_b_animd,tail05,bitmap,medusae_tail,c_medusa_b_animd.mdl
c_medusa_b_animd,tail06,bitmap,medusae_tail,c_medusa_b_animd.mdl
c_medusa_b_animd,tail07,bitmap,medusae_tail,c_medusa_b_animd.mdl
c_medusa_b_animd,tail08,bitmap,medusae_tail,c_medusa_b_animd.mdl
c_medusa_b_animd,tail09,bitmap,medusae_tail,c_medusa_b_animd.mdl
c_medusa_b_animd,tail10,bitmap,medusae_tail,c_medusa_b_animd.mdl
c_medusa_b_animd,tail11,bitmap,medusae_tail,c_medusa_b_animd.mdl
c_medusa_b_animd,tail12,bitmap,medusae_tail,c_medusa_b_animd.mdl
c_medusa_b_animd,torso_g,bitmap,medusae_chest,c_medusa_b_animd.mdl
c_minery8,box01,texture1,image,c_minery8.mtr
c_n_dragonfly,wasp_eyeleft,bitmap,eye,c_n_dragonfly.mdl
c_n_dragonfly,wasp_eyeleft01,bitmap,eye,c_n_dragonfly.mdl
c_n_quarter,hull,texture1,image,c_n_quarter.mtr
c_nebula,door_08,bitmap,wall_neb,c_nebula.mdl
c_nebula,door_ext_06,bitmap,wall_neb,c_nebula.mdl
c_nebula,door_ext_08,bitmap,wall_neb,c_nebula.mdl
c_nebula,door_int_06,bitmap,wall_neb,c_nebula.mdl
c_nebula,door_int_08,bitmap,wall_neb,c_nebula.mdl
c_nebula,door_sup_06,bitmap,light_neb,c_nebula.mdl
c_nebula,door_sup_08,bitmap,light_neb,c_nebula.mdl
c_nebula,ground_06,bitmap,sol_frig,c_nebula.mdl
c_nebula,ground_08,bitmap,sol_frig,c_nebula.mdl
c_neutral_yv929,hull,texture1,image,c_neutral_yv929.mtr
c_qbalrog,Demon_Baseneck,bitmap,c_qbalrog,c_qbalrog.mdl
c_qbalrog,Demon_Lbicep,bitmap,c_qbalrog,c_qbalrog.mdl
c_qbalrog,Demon_Lfoearm,bitmap,c_qbalrog,c_qbalrog.mdl
c_qbalrog,Demon_Lfoot,bitmap,c_qbalrog_misc,c_qbalrog.mdl
c_qbalrog,Demon_Lhand,bitmap,c_qbalrog,c_qbalrog.mdl
c_qbalrog,Demon_Llowercalf,bitmap,c_qbalrog,c_qbalrog.mdl
c_qbalrog,Demon_Lthigh,bitmap,c_qbalrog,c_qbalrog.mdl
c_qbalrog,Demon_Luppercalf,bitmap,c_qbalrog,c_qbalrog.mdl
c_qbalrog,Demon_Pelvis,bitmap,c_qbalrog,c_qbalrog.mdl
c_qbalrog,Demon_Rbicep,bitmap,c_qbalrog,c_qbalrog.mdl
c_qbalrog,Demon_Rfoearm,bitmap,c_qbalrog,c_qbalrog.mdl
c_qbalrog,Demon_Rfoot,bitmap,c_qbalrog_misc,c_qbalrog.mdl
c_qbalrog,Demon_Rhand,bitmap,c_qbalrog,c_qbalrog.mdl
c_qbalrog,Demon_Rlowercalf,bitmap,c_qbalrog,c_qbalrog.mdl
c_qbalrog,Demon_Rthigh,bitmap,c_qbalrog,c_qbalrog.mdl
c_qbalrog,Demon_Ruppercalf,bitmap,c_qbalrog,c_qbalrog.mdl
c_qbalrog,Devil_torso_g,bitmap,c_qbalrog_main,c_qbalrog.mdl
c_qbalrog,Left_Eye,emitter,c_balrog_lefteye,c_qbalrog.mdl
c_qbalrog,Lwing,bitmap,c_qbalrog_wing,c_qbalrog.mdl
c_qbalrog,Right_Eye,emitter,c_balrog_rghteye,c_qbalrog.mdl
c_qbalrog,Rwing,bitmap,c_qbalrog_wing,c_qbalrog.mdl
c_qbalrog,demon_ltoe,bitmap,c_qbalrog_misc,c_qbalrog.mdl
c_qbalrog,demon_rtoe,bitmap,c_qbalrog_misc,c_qbalrog.mdl
c_qbalrog,tail,bitmap,c_qbalrog_wing,c_qbalrog.mdl
c_redbat,mesh0,bitmap,ffdtex0,c_redbat.mdl
c_rep_astrans,hull,texture1,image,c_rep_astrans1.mtr
c_rep_astrans,wing-top,texture1,image,c_rep_astrans2.mtr
c_rep_astrans,wing_bottom,texture1,image,c_rep_astrans3.mtr
c_rep_chela,cylinder01,texture1,image,c_rep_chela.mtr
c_rep_gunship,box01,texture1,image,c_rep_gunship.mtr
c_rep_inter,hull,texture1,image,c_rep_levi.mtr
c_rep_quarter,hull,texture1,image,c_rep_quarter.mtr
c_rep_zenith,hull,bitmap,c_rep_zenithh,c_rep_zenith.mdl
c_sith_harrow,hull,texture1,image,c_sith_harh.mtr
c_sith_quarter,hull,texture1,image,c_sith_quarter.mtr
c_sithfighter,lights,bitmap,sith_fighter_l,c_sithfighter.mdl
c_spacefactory,industrialbase,texture0,stadtls1_128,c_sftex9.mtr
c_spacefactory,industrialbase,texture0,stadtls2_128,c_sftex10.mtr
c_spacefactory,industrialbase,texture0,stadtls2_128,c_sftex11.mtr
c_spacefactory,industrialbase,texture0,stadtls2_128,c_sftex12.mtr
c_starflier,starflier,bitmap,c_starfliert.009,c_starflier.mdl
c_trandotr,hull_bottom,texture1,image,c_trandotr1.mtr
c_trandotr,hull_top,texture1,image,c_trandotr2.mtr
c_trolloclion1,beard1,bitmap,c_trollocl_hair,c_trolloclion1.mdl
c_trolloclion1,mane,bitmap,c_trollocl_hair,c_trolloclion1.mdl
c_trolloclion1,sideburns,bitmap,c_trollocl_hair,c_trolloclion1.mdl
c_trollocwolf1,beard1,bitmap,c_trollocl_hair,c_trollocwolf1.mdl
c_trollocwolf1,mane,bitmap,c_trollocl_hair,c_trollocwolf1.mdl
c_trollocwolf1,sideburns,bitmap,c_trollocl_hair,c_trollocwolf1.mdl
c_turret02,handconjure,emitter,fx_flare08,c_turret02.mdl
c_turret02,headconjure,emitter,fx_flare08,c_turret02.mdl
c_turret03,handconjure,emitter,fx_flare08,c_turret03.mdl
c_turret03,headconjure,emitter,fx_flare08,c_turret03.mdl
c_xsfreig,hull,texture1,image,c_xsfreig.mtr
c_yz2500,hull,texture1,image,c_yz2500.mtr
c_zombieash03,fire01,emitter,fxpa_cinder01,c_zombieash03.mdl
c_zombieash03,fire02,emitter,fxpa_cinder01,c_zombieash03.mdl
c_zombieash03,fire03,emitter,fxpa_cinder01,c_zombieash03.mdl
c_zombieash03,fire04,emitter,fxpa_cinder01,c_zombieash03.mdl
c_zombieash03,fire05,emitter,fxpa_cinder01,c_zombieash03.mdl
c_zombieash03,fire06,emitter,fxpa_cinder01,c_zombieash03.mdl
c_zombieash03,fire07,emitter,fxpa_cinder01,c_zombieash03.mdl
c_zombieash03,fire08,emitter,fxpa_cinder01,c_zombieash03.mdl
c_zombieash03,fire09,emitter,fxpa_cinder01,c_zombieash03.mdl
c_zombieash03,fire10,emitter,fxpa_cinder01,c_zombieash03.mdl
c_zombieash03,fire11,emitter,fxpa_cinder01,c_zombieash03.mdl
c_zoomer,hull,texture1,image,c_zoomer.mtr
computer_station,chunkywood25,emitter,fxpa_cloud02,computer_station.mdl
computer_station,chunkywood26,emitter,fxpa_cloud02,computer_station.mdl
container01_plc,chunkywood108,emitter,fxpa_cloud02,container01_plc.mdl
container01_plc,chunkywood109,emitter,fxpa_cloud02,container01_plc.mdl
container02_plc,chunkywood108,emitter,fxpa_cloud02,container02_plc.mdl
container02_plc,chunkywood109,emitter,fxpa_cloud02,container02_plc.mdl
cor01_b01_01,groups00552,bitmap,mmc01_black,cor01_b01_01.mdl
cplt_ex_penguin,omenemitter01,emitter,fxpa_feather,cplt_ex_penguin.mdl
cqhouse15,plane124,bitmap,transparent,cqhouse15.mdl
cqhouse15,plane127,bitmap,transparent,cqhouse15.mdl
cqhouse15,plane149,bitmap,transparent,cqhouse15.mdl
cqhouse15,plane171,bitmap,transparent,cqhouse15.mdl
cqhouse16,plane124,bitmap,transparent,cqhouse16.mdl
cqhouse16,plane127,bitmap,transparent,cqhouse16.mdl
cqhouse16,plane149,bitmap,transparent,cqhouse16.mdl
cqhouse16,plane154,bitmap,transparent,cqhouse16.mdl
cqhouse16,plane163,bitmap,transparent,cqhouse16.mdl
cqhouse16,plane168,bitmap,transparent,cqhouse16.mdl
ctpskyda_006,cylinder01,bitmap,ctpskyda_006,ctpskyda_006.mdl
ctpskyda_006,cylinder04,bitmap,ctpskyda_006,ctpskyda_006.mdl
db_w_win_light,AuroraEmitter03,emitter,db_w_lightshaft1,db_w_win_light.mdl
db_w_win_light_n,AuroraEmitter03,emitter,db_w_lightshaft1,db_w_win_light_n.mdl
dgt05_s13_01,e11_02_drframe.004,bitmap,doorframe_sml,dgt05_s13_01.mdl
dow01_a01_01,bouchon,bitmap,mtl,dow01_a01_01.mdl
dye_001,cylinder31,bitmap,dye,dye_001.mdl
dye_002,cylinder31,bitmap,dye,dye_002.mdl
firefly_gaspump,object07,bitmap,firefly_gaspump1,firefly_gaspump.mdl
freighter,box14,bitmap,outriderhullbump,freighter.mdl
freighter,box17,bitmap,outriderhullbump,freighter.mdl
freighter,box18,bitmap,outriderhullbump,freighter.mdl
freighter,box23,bitmap,outriderhullbump,freighter.mdl
freighter,part120,bitmap,material,freighter.mdl
freighter,part121,bitmap,outriderexaust,freighter.mdl
freightersm,box14,bitmap,outriderhullbump,freightersm.mdl
freightersm,box17,bitmap,outriderhullbump,freightersm.mdl
freightersm,box18,bitmap,outriderhullbump,freightersm.mdl
freightersm,box23,bitmap,outriderhullbump,freightersm.mdl
freightersm,part120,bitmap,material,freightersm.mdl
freightersm,part121,bitmap,outriderexaust,freightersm.mdl
helm_001,helm_001g,bitmap,helm_0_he_f16795,helm_001.mdl
helm_037,bits,texture1,helm_037_n,helm_037.mtr
helm_037,bits,texture2,helm_037_s,helm_037.mtr
helm_037,helm,texture1,helm_037_n,helm_037.mtr
helm_037,helm,texture2,helm_037_s,helm_037.mtr
helm_187,mesh_0015.rip.008,texture1,helm_187_n,helm_187.mtr
hp_brontous,dragon_chest,bitmap,hp_brontous_bod,hp_brontous.mdl
hp_brontous,dragon_head,bitmap,hp_brontous_hed,hp_brontous.mdl
hp_brontous,dragon_hips,bitmap,hp_brontous_hed,hp_brontous.mdl
hp_brontous,dragon_jaw,bitmap,hp_brontous_hed,hp_brontous.mdl
hp_brontous,dragon_lbackbotleg,bitmap,hp_brontous_bod,hp_brontous.mdl
hp_brontous,dragon_lbackclawa,bitmap,hp_brontous_bod,hp_brontous.mdl
hp_brontous,dragon_lbackclawb,bitmap,hp_brontous_bod,hp_brontous.mdl
hp_brontous,dragon_lbacklowerleg,bitmap,hp_brontous_hed,hp_brontous.mdl
hp_brontous,dragon_lbackpaw,bitmap,hp_brontous_bod,hp_brontous.mdl
hp_brontous,dragon_lbackupperleg,bitmap,hp_brontous_bod,hp_brontous.mdl
hp_brontous,dragon_lfrontclawa,bitmap,hp_brontous_bod,hp_brontous.mdl
hp_brontous,dragon_lfrontclawb,bitmap,hp_brontous_bod,hp_brontous.mdl
hp_brontous,dragon_lfrontforearm,bitmap,hp_brontous_hed,hp_brontous.mdl
hp_brontous,dragon_lfrontpaw,bitmap,hp_brontous_bod,hp_brontous.mdl
hp_brontous,dragon_lfrontupperleg,bitmap,hp_brontous_bod,hp_brontous.mdl
hp_brontous,dragon_midnecka,bitmap,hp_brontous_bod,hp_brontous.mdl
hp_brontous,dragon_midneckb,bitmap,hp_brontous_bod,hp_brontous.mdl
hp_brontous,dragon_rbackbotleg,bitmap,hp_brontous_bod,hp_brontous.mdl
hp_brontous,dragon_rbackclawa,bitmap,hp_brontous_bod,hp_brontous.mdl
hp_brontous,dragon_rbackclawb,bitmap,hp_brontous_bod,hp_brontous.mdl
hp_brontous,dragon_rbacklowerleg,bitmap,hp_brontous_hed,hp_brontous.mdl
hp_brontous,dragon_rbackpaw,bitmap,hp_brontous_bod,hp_brontous.mdl
hp_brontous,dragon_rbackupperleg,bitmap,hp_brontous_bod,hp_brontous.mdl
hp_brontous,dragon_rfrontclawa,bitmap,hp_brontous_bod,hp_brontous.mdl
hp_brontous,dragon_rfrontclawb,bitmap,hp_brontous_bod,hp_brontous.mdl
hp_brontous,dragon_rfrontforearm,bitmap,hp_brontous_hed,hp_brontous.mdl
hp_brontous,dragon_rfrontpaw,bitmap,hp_brontous_bod,hp_brontous.mdl
hp_brontous,dragon_rfrontupperleg,bitmap,hp_brontous_bod,hp_brontous.mdl
hp_brontous,dragon_tailbase,bitmap,hp_brontous_hed,hp_brontous.mdl
hp_brontous,dragon_tailpiecea,bitmap,hp_brontous_hed,hp_brontous.mdl
hp_brontous,dragon_tailpieceb,bitmap,hp_brontous_hed,hp_brontous.mdl
hp_brontous,dragon_tailpiecec,bitmap,hp_brontous_hed,hp_brontous.mdl
hp_brontous,dragon_tailpieced,bitmap,hp_brontous_hed,hp_brontous.mdl
hp_brontous,dragon_tailpiecee,bitmap,hp_brontous_hed,hp_brontous.mdl
hp_brontous,dragon_tailpiecef,bitmap,hp_brontous_hed,hp_brontous.mdl
hp_brontous,dragon_tailpieceg,bitmap,hp_brontous_hed,hp_brontous.mdl
hp_brontous,dragon_tailpieceh,bitmap,hp_brontous_hed,hp_brontous.mdl
hp_brontous,dragon_topnecka,bitmap,hp_brontous_bod,hp_brontous.mdl
hp_brontous,dragon_topneckb,bitmap,hp_brontous_bod,hp_brontous.mdl
hp_brontous,dragon_topneckc,bitmap,hp_brontous_bod,hp_brontous.mdl
hyx_toad,frog_leye,bitmap,hyx_frogeye,hyx_toad.mdl
hyx_toad,frog_reye,bitmap,hyx_frogeye,hyx_toad.mdl
jedi_anim,head_g,bitmap,2,jedi_anim.mdl
jedi_anim,lbicep_g,bitmap,2,jedi_anim.mdl
jedi_anim,lfoot_g,bitmap,2,jedi_anim.mdl
jedi_anim,lshin_g,bitmap,2,jedi_anim.mdl
jedi_anim,lthigh_g,bitmap,2,jedi_anim.mdl
jedi_anim,neck_g,bitmap,2,jedi_anim.mdl
jedi_anim,rbicep_g,bitmap,2,jedi_anim.mdl
jedi_anim,rfoot_g,bitmap,2,jedi_anim.mdl
jedi_anim,rootdummy,bitmap,rootdummy,jedi_anim.mdl
jedi_anim,rshin_g,bitmap,2,jedi_anim.mdl
jedi_anim,rthigh_g,bitmap,2,jedi_anim.mdl
jedi_anim,torso_g,bitmap,2,jedi_anim.mdl
jswp_ywingb,m_pied01,bitmap,all_fly_xwing,jswp_ywingb.mdl
jswp_ywingb,m_pied02,bitmap,all_fly_xwing,jswp_ywingb.mdl
jswp_ywingb,m_piedavt,bitmap,all_fly_xwing,jswp_ywingb.mdl
jukebox,jboxcab,bitmap,cherrylth,jukebox.mdl
jz_font_01,object129,bitmap,07,jz_font_01.mdl
jz_font_01,object130,bitmap,07,jz_font_01.mdl
jz_font_01,object131,bitmap,07,jz_font_01.mdl
jz_font_01,object133,bitmap,07,jz_font_01.mdl
jz_font_01,object134,bitmap,07,jz_font_01.mdl
jz_font_01,object135,bitmap,07,jz_font_01.mdl
jz_font_01,object136,bitmap,07,jz_font_01.mdl
jz_font_01,object55,bitmap,07,jz_font_01.mdl
jz_font_01,object58,bitmap,07,jz_font_01.mdl
jz_font_01,object59,bitmap,07,jz_font_01.mdl
jz_font_01,object61,bitmap,07,jz_font_01.mdl
jz_font_01,object62,bitmap,07,jz_font_01.mdl
jz_font_01,object63,bitmap,07,jz_font_01.mdl
jz_font_01,object64,bitmap,07,jz_font_01.mdl
jz_font_01,object65,bitmap,07,jz_font_01.mdl
jz_font_01,object76,bitmap,07,jz_font_01.mdl
jz_font_01,object77,bitmap,07,jz_font_01.mdl
jz_font_01,object80,bitmap,07,jz_font_01.mdl
jz_font_01,socle_bouteille,bitmap,07,jz_font_01.mdl
jz_hvrsld01,object06,bitmap,jz_texture36,jz_hvrsld01.mdl
jz_hvrsld02,object06,bitmap,jz_texture36,jz_hvrsld02.mdl
jz_jard01,ChunkyWood29,emitter,fxpa_cloud02,jz_jard01.mdl
jz_jard01,ChunkyWood30,emitter,fxpa_cloud02,jz_jard01.mdl
jz_jard02,chunkywood29,emitter,fxpa_cloud02,jz_jard02.mdl
jz_jard02,chunkywood30,emitter,fxpa_cloud02,jz_jard02.mdl
jz_lightwallbi01,lampe,bitmap,02,jz_lightwallbi01.mdl
jz_lightwallbi01,lampe01,bitmap,02,jz_lightwallbi01.mdl
jz_lightwallbi02,lampe,bitmap,02,jz_lightwallbi02.mdl
jz_lightwallbi02,lampe01,bitmap,02,jz_lightwallbi02.mdl
jz_lightwallbi03,lampe,bitmap,02,jz_lightwallbi03.mdl
jz_lightwallbi03,lampe01,bitmap,02,jz_lightwallbi03.mdl
jz_oscar01,box03,bitmap,jz_metalmat02,jz_oscar01.mdl
jz_polelight01,lampe,bitmap,02,jz_polelight01.mdl
jz_polelight02,lampe,bitmap,02,jz_polelight02.mdl
jz_polelight03,lampe,bitmap,02,jz_polelight03.mdl
jz_polelightbi01,lampe,bitmap,02,jz_polelightbi01.mdl
jz_polelightbi01,lampe01,bitmap,02,jz_polelightbi01.mdl
jz_polelightbi02,lampe,bitmap,02,jz_polelightbi02.mdl
jz_polelightbi02,lampe01,bitmap,02,jz_polelightbi02.mdl
jz_polelightbi03,lampe,bitmap,02,jz_polelightbi03.mdl
jz_polelightbi03,lampe01,bitmap,02,jz_polelightbi03.mdl
jz_polelightxl01,lampe,bitmap,02,jz_polelightxl01.mdl
jz_polelightxl02,lampe,bitmap,02,jz_polelightxl02.mdl
jz_polelightxl03,lampe,bitmap,02,jz_polelightxl03.mdl
jz_recpdesk01,chamfercyl01,bitmap,standard_2,jz_recpdesk01.mdl
jz_recpdesk01,chamfercyl02,bitmap,standard_2,jz_recpdesk01.mdl
jz_recpdesk01,chamfercyl03,bitmap,standard_2,jz_recpdesk01.mdl
jz_recpdesk01,chamfercyl04,bitmap,standard_2,jz_recpdesk01.mdl
jz_recpdesk01,chamfercyl05,bitmap,standard_2,jz_recpdesk01.mdl
jz_recpdesk01,chamfercyl06,bitmap,standard_2,jz_recpdesk01.mdl
jz_recpdesk01,cylinder01,bitmap,standard_2,jz_recpdesk01.mdl
jz_recpdesk01,cylinder05,bitmap,standard_2,jz_recpdesk01.mdl
jz_recpdesk01,cylinder06,bitmap,standard_2,jz_recpdesk01.mdl
jz_recpdesk01,cylinder07,bitmap,standard_2,jz_recpdesk01.mdl
jz_recpdesk01,cylinder08,bitmap,standard_2,jz_recpdesk01.mdl
jz_recpdesk01,cylinder09,bitmap,standard_2,jz_recpdesk01.mdl
jz_recpdesk01,rectangle03,bitmap,standard_1,jz_recpdesk01.mdl
jz_recpdesk01,rectangle04,bitmap,standard_2,jz_recpdesk01.mdl
jz_recpdesk01,rectangle05,bitmap,standard_3,jz_recpdesk01.mdl
jz_recpdesk01,rectangle18,bitmap,standard_2,jz_recpdesk01.mdl
jz_tractor02,m_basep,bitmap,_jz_tractorp01,jz_tractor02.mdl
lok_d_blksmk,auroraemitter01,emitter,lok_smoke44a,lok_d_blksmk.mdl
lok_d_blksmk,auroraemitter02,emitter,lok_smoke44a,lok_d_blksmk.mdl
mb012_c08_01,plane42,bitmap,replace_tex,mb012_c08_01.mdl
mdrn_street_lamp,strt_lamp_glass_mesh,bitmap,strt_lamp_glass,mdrn_street_lamp.mdl
mod01_o01_06,push1cyl,bitmap,push1cyl,mod01_o01_06.mdl
mousedroid,tore01,bitmap,matériau,mousedroid.mdl
mousedroid,tore02,bitmap,matériau,mousedroid.mdl
mousedroid,tore03,bitmap,matériau,mousedroid.mdl
mousedroid,tore04,bitmap,matériau,mousedroid.mdl
pack_penguin,omenemitter01,emitter,fxpa_feather,pack_penguin.mdl
pcl_ssign,backofsign,bitmap,tme_glass01,pcl_ssign.mdl
pcl_ssign,box02,bitmap,tme_metal01,pcl_ssign.mdl
pcs02,red01,bitmap,purple,pcs02.mdl
pfd0_bicepl270,torso_l_shoulder,bitmap,pmh0_bicepr277.0,pfd0_bicepl270.mdl
pfd0_chest271,chest_jacket04_bfn_archetype,texture1,pfh0_chest271_n,pfh0_chest271.mtr
pfd0_chest271,chest_jacket04_bfn_archetype,texture2,pfh0_chest271_s,pfh0_chest271.mtr
pfd0_chest303,bfn_dominique_a01,texture1,pfh0_chest303_n,pfh0_chest303.mtr
pfd0_chest303,bfn_dominique_a01,texture2,pfh0_chest303_s,pfh0_chest303.mtr
pfd0_footl054,pfd0_footl054,bitmap,foot,pfd0_footl054.mdl
pfd0_footr054,pfd0_footr054,bitmap,foot,pfd0_footr054.mdl
pfd0_forel018,mp3variasuit_vsuit2.040,bitmap,material.657,pfd0_forel018.mdl
pfd0_forer018,mp3variasuit_vsuit2.038,bitmap,material.655,pfd0_forer018.mdl
pfd0_handl013,regroup12,bitmap,hand2,pfd0_handl013.mdl
pfd0_handl255,regroup12,bitmap,hand2,pfd0_handl255.mdl
pfd0_handr013,regroup12,bitmap,hand2,pfd0_handr013.mdl
pfd0_legl265,leg_invisible_bmn_light_sm_mtx2,texture2,pfh0_legl265_s,pfh0_legL265.mtr
pfd0_legr265,leg_invisible_bmn_light_sm_mtx2,texture2,pfh0_legr265_s,pfh0_legR265.mtr
pfd0_neck199,hero_poncho_rig_clean,texture2,f_brahmin_s,pfh0_n_ne_33d419.mtr
pfd0_neck199,pfh0_neck001g,texture2,f_brahmin_s,pfh0_n_ne_33d419.mtr
pfd0_pelvis266,leg_invisible_bmn_light_sm_mtx2,texture2,pfh0_pelvis266_s,pfh0_pelvis266.mtr
pfd0_robe260,default,texture1,pmh0_robe260_n,pmh0_robe260.mtr
pfd0_robe260,default,texture2,pmh0_robe260_s,pmh0_robe260.mtr
pfd0_robe260,hoverchair,texture1,pmh0_robe260_n,hoverchair.mtr
pfd0_robe260,hoverchair,texture2,pmh0_robe260_s,hoverchair.mtr
pfd0_shor255,2,bitmap,models/weapons2/,pfd0_shor255.mdl
pfd211,rg_default,texture1,pmh0_robe260_n,pmh0_robe260.mtr
pfd211,rg_default,texture2,pmh0_robe260_s,pmh0_robe260.mtr
pfd211,rg_hoverchair,texture1,pmh0_robe260_n,hoverchair.mtr
pfd211,rg_hoverchair,texture2,pmh0_robe260_s,hoverchair.mtr
pfe0_bicepl270,torso_l_shoulder,bitmap,pmh0_bicepr277.0,pfe0_bicepl270.mdl
pfe0_chest271,chest_jacket04_bfn_archetype,texture1,pfh0_chest271_n,pfh0_chest271.mtr
pfe0_chest271,chest_jacket04_bfn_archetype,texture2,pfh0_chest271_s,pfh0_chest271.mtr
pfe0_chest303,bfn_dominique_a01,texture1,pfh0_chest303_n,pfh0_chest303.mtr
pfe0_chest303,bfn_dominique_a01,texture2,pfh0_chest303_s,pfh0_chest303.mtr
pfe0_footl054,pfe0_footl054,bitmap,foot,pfe0_footl054.mdl
pfe0_footr054,pfe0_footr054,bitmap,foot,pfe0_footr054.mdl
pfe0_forel018,mp3variasuit_vsuit2.040,bitmap,material.657,pfe0_forel018.mdl
pfe0_forer018,mp3variasuit_vsuit2.038,bitmap,material.655,pfe0_forer018.mdl
pfe0_handl013,regroup12,bitmap,hand2,pfe0_handl013.mdl
pfe0_handl255,regroup12,bitmap,hand2,pfe0_handl255.mdl
pfe0_handr013,regroup12,bitmap,hand2,pfe0_handr013.mdl
pfe0_legl265,leg_invisible_bmn_light_sm_mtx2,texture2,pfh0_legl265_s,pfh0_legL265.mtr
pfe0_legr265,leg_invisible_bmn_light_sm_mtx2,texture2,pfh0_legr265_s,pfh0_legR265.mtr
pfe0_neck199,pfe0_neck199,texture2,f_brahmin_s,pfh0_n_ne_33d419.mtr
pfe0_neck199,pfh0_neck001g,texture2,f_brahmin_s,pfh0_n_ne_33d419.mtr
pfe0_pelvis162,pfh0_pelvis1117g,bitmap,pfh0_pelvis1117,pfe0_pelvis162.mdl
pfe0_pelvis266,leg_invisible_bmn_light_sm_mtx2,texture2,pfh0_pelvis266_s,pfh0_pelvis266.mtr
pfe0_robe260,hoverchair,texture1,pmh0_robe260_n,hoverchair.mtr
pfe0_robe260,hoverchair,texture2,pmh0_robe260_s,hoverchair.mtr
pfe0_shinl209,25_jakarro_1_0_0,bitmap,pfe0_shinl209,pfe0_shinL209.mdl
pfe0_shor255,2,bitmap,models/weapons2/,pfe0_shor255.mdl
pfe211,rg_hoverchair,texture1,pmh0_robe260_n,hoverchair.mtr
pfe211,rg_hoverchair,texture2,pmh0_robe260_s,hoverchair.mtr
pfev_robe172,pelvis_g,bitmap,pelvis_g,pfev_robe172.mdl
pfh0_bicepl270,torso_l_shoulder,bitmap,pmh0_bicepr277.0,pfh0_bicepL270.mdl
pfh0_chest271,chest_jacket04_bfn_archetype,texture1,pfh0_chest271_n,pfh0_chest271.mtr
pfh0_chest271,chest_jacket04_bfn_archetype,texture2,pfh0_chest271_s,pfh0_chest271.mtr
pfh0_chest303,bfn_dominique_a01,texture1,pfh0_chest303_n,pfh0_chest303.mtr
pfh0_chest303,bfn_dominique_a01,texture2,pfh0_chest303_s,pfh0_chest303.mtr
pfh0_footl054,pfh0_footl054,bitmap,foot,pfh0_footl054.mdl
pfh0_footr054,pfh0_footr054,bitmap,foot,pfh0_footr054.mdl
pfh0_forel018,mp3variasuit_vsuit2.040,bitmap,material.657,pfh0_foreL018.mdl
pfh0_forer018,mp3variasuit_vsuit2.038,bitmap,material.655,pfh0_foreR018.mdl
pfh0_handl013,regroup12,bitmap,hand2,pfh0_handl013.mdl
pfh0_handl255,regroup12,bitmap,hand2,pfh0_handl255.mdl
pfh0_handr013,regroup12,bitmap,hand2,pfh0_handr013.mdl
pfh0_head252,24_eye_0.2_0_0,texture1,pfh0_head252_n,pfh0_head252.mtr
pfh0_head252,24_eye_0.2_0_0,texture2,pfh0_head252_s,pfh0_head252.mtr
pfh0_head252,24_head_0.1_0_0,texture1,pfh0_head252_n,pfh0_head252.mtr
pfh0_head252,24_head_0.1_0_0,texture2,pfh0_head252_s,pfh0_head252.mtr
pfh0_head252,25_+cloak.hair_0.2_0_0,texture1,pfh0_head252_n,pfh0_head252.mtr
pfh0_head252,25_+cloak.hair_0.2_0_0,texture2,pfh0_head252_s,pfh0_head252.mtr
pfh0_head253,24_eye_0.2_0_0,texture1,pfh0_head252_n,pfh0_head253.mtr
pfh0_head253,24_eye_0.2_0_0,texture2,pfh0_head252_s,pfh0_head253.mtr
pfh0_head253,24_head_0.1_0_0,texture1,pfh0_head252_n,pfh0_head253.mtr
pfh0_head253,24_head_0.1_0_0,texture2,pfh0_head252_s,pfh0_head253.mtr
pfh0_head253,25_+cloak.hair_0.2_0_0,texture1,pfh0_head252_n,pfh0_head253.mtr
pfh0_head253,25_+cloak.hair_0.2_0_0,texture2,pfh0_head252_s,pfh0_head253.mtr
pfh0_head254,24_face_1_0_0,texture1,pfh0_head254_n,pfh0_head254.mtr
pfh0_head254,24_face_1_0_0,texture2,pfh0_head254_s,pfh0_head254.mtr
pfh0_head254,27_eye_0.2_0_0,texture1,pfh0_head254_n,pfh0_head254.mtr
pfh0_head254,27_eye_0.2_0_0,texture2,pfh0_head254_s,pfh0_head254.mtr
pfh0_head254,27_hair_0.1_0_0,texture1,pfh0_head254_n,pfh0_head254.mtr
pfh0_head254,27_hair_0.1_0_0,texture2,pfh0_head254_s,pfh0_head254.mtr
pfh0_head255,24_acc_1_0_0,texture1,pfh0_head255_n,pfh0_head255.mtr
pfh0_head255,24_acc_1_0_0,texture2,pfh0_head255_s,pfh0_head255.mtr
pfh0_head255,24_head_1_0_0,texture1,pfh0_head255_n,pfh0_head255.mtr
pfh0_head255,24_head_1_0_0,texture2,pfh0_head255_s,pfh0_head255.mtr
pfh0_head255,27_eye_0.2_0_0,texture1,pfh0_head255_n,pfh0_head255.mtr
pfh0_head255,27_eye_0.2_0_0,texture2,pfh0_head255_s,pfh0_head255.mtr
pfh0_head256,24_head_1_0_0,texture1,pfh0_head256_n,pfh0_head256.mtr
pfh0_head256,24_head_1_0_0,texture2,pfh0_head256_s,pfh0_head256.mtr
pfh0_head256,27_eye_0.2_0_0,texture1,pfh0_head256_n,pfh0_head256.mtr
pfh0_head256,27_eye_0.2_0_0,texture2,pfh0_head256_s,pfh0_head256.mtr
pfh0_head256,27_hair_0.1_0_0,texture1,pfh0_head256_n,pfh0_head256.mtr
pfh0_head256,27_hair_0.1_0_0,texture2,pfh0_head256_s,pfh0_head256.mtr
pfh0_head259,6_eyes-mesh,texture1,pfh0_head259_n,pfh0_head259.mtr
pfh0_head259,mesh1,texture1,pfh0_head259_n,maris_horns.mtr
pfh0_head259,mesh1,texture1,pfh0_head259_n,pfh0_head259.mtr
pfh0_head259,mesh2,texture1,pfh0_head259_n,pfh0_head259.mtr
pfh0_head260,24_crown_1_0_0,texture1,pfh0_head260_n,pfh0_head260.mtr
pfh0_head260,24_crown_1_0_0,texture2,pfh0_head260_s,pfh0_head260.mtr
pfh0_head260,24_face_1_0_0,texture1,pfh0_head260_n,pfh0_head260.mtr
pfh0_head260,24_face_1_0_0,texture2,pfh0_head260_s,pfh0_head260.mtr
pfh0_head260,27_eye_0.2_0_0,texture1,pfh0_head260_n,pfh0_head260.mtr
pfh0_head260,27_eye_0.2_0_0,texture2,pfh0_head260_s,pfh0_head260.mtr
pfh0_head261,24_head_0.1_0_0,texture1,pfh0_head261_n,pfh0_head261.mtr
pfh0_head261,24_head_0.1_0_0,texture2,pfh0_head261_s,pfh0_head261.mtr
pfh0_head261,24_headband_0.2_0_0,texture1,pfh0_head261_n,pfh0_head261.mtr
pfh0_head261,24_headband_0.2_0_0,texture2,pfh0_head261_s,pfh0_head261.mtr
pfh0_head270,38_material26(1)_0.25_0_0,texture1,pfh0_head270_n,mira_head.mtr
pfh0_head270,38_material26(1)_0.25_0_0,texture1,pfh0_head270_n,pfh0_head270.mtr
pfh0_head270,38_material26(1)_0.25_0_0,texture2,pfh0_head270_s,mira_head.mtr
pfh0_head270,38_material26(1)_0.25_0_0,texture2,pfh0_head270_s,pfh0_head270.mtr
pfh0_head270,38_material26(1)_0.25_0_0,texture5,mira_head_i,mira_head.mtr
pfh0_head270,38_material26_1_0_0,texture1,pfh0_head270_n,mira_head.mtr
pfh0_head270,38_material26_1_0_0,texture1,pfh0_head270_n,pfh0_head270.mtr
pfh0_head270,38_material26_1_0_0,texture2,pfh0_head270_s,mira_head.mtr
pfh0_head270,38_material26_1_0_0,texture2,pfh0_head270_s,pfh0_head270.mtr
pfh0_head270,38_material26_1_0_0,texture5,mira_head_i,mira_head.mtr
pfh0_head270,zarya,texture1,pfh0_head270_n,pfh0_head270.mtr
pfh0_head270,zarya,texture2,pfh0_head270_s,pfh0_head270.mtr
pfh0_head271,24_hair_0.2_0_0,texture1,pfh0_head271_n,pfh0_head271.mtr
pfh0_head271,24_hair_0.2_0_0,texture2,pfh0_head271_s,pfh0_head271.mtr
pfh0_head271,browslashes,texture1,pfh0_head271_n,pfh0_head271.mtr
pfh0_head271,browslashes,texture2,pfh0_head271_s,pfh0_head271.mtr
pfh0_head271,eye,texture1,pfh0_head271_n,pfh0_head271.mtr
pfh0_head271,eye,texture2,pfh0_head271_s,pfh0_head271.mtr
pfh0_head271,head,texture1,pfh0_head271_n,pfh0_head271.mtr
pfh0_head271,head,texture2,pfh0_head271_s,pfh0_head271.mtr
pfh0_legl265,leg_invisible_bmn_light_sm_mtx2,texture2,pfh0_legl265_s,pfh0_legL265.mtr
pfh0_legr265,leg_invisible_bmn_light_sm_mtx2,texture2,pfh0_legr265_s,pfh0_legR265.mtr
pfh0_neck199,hero_poncho_rig_clean,texture2,f_brahmin_s,pfh0_neck199.mtr
pfh0_neck299,pfh0_neck001g,bitmap,pfh0_neck299,pfh0_neck299.mdl
pfh0_neck299,valerian_mesh,bitmap,pfh0_neck299,pfh0_neck299.mdl
pfh0_neck299,valerian_mesh,bitmap,pfh0_neck300.001,pfh0_neck299.mdl
pfh0_neck300,pfh0_neck001g,bitmap,pfh0_neck300,pfh0_neck300.mdl
pfh0_neck300,valerian_mesh,bitmap,pfh0_neck300,pfh0_neck300.mdl
pfh0_pelvis266,leg_invisible_bmn_light_sm_mtx2,texture2,pfh0_pelvis266_s,pfh0_pelvis266.mtr
pfh0_robe211,Surcoat,bitmap,pfh0_robe211,pfh0_robe211.mdl
pfh0_robe212,Surcoat,bitmap,pfh0_robe212,pfh0_robe212.mdl
pfh0_robe213,Surcoat,bitmap,pfh0_robe213,pfh0_robe213.mdl
pfh0_robe260,default,texture1,pmh0_robe260_n,pmh0_robe260.mtr
pfh0_robe260,default,texture2,pmh0_robe260_s,pmh0_robe260.mtr
pfh0_robe260,hoverchair,texture1,pmh0_robe260_n,hoverchair.mtr
pfh0_robe260,hoverchair,texture2,pmh0_robe260_s,hoverchair.mtr
pfh0_sholl185,pfh0_shol185g,bitmap,pfh0_sholl185,pfh0_sholl185.mdl
pfh0_shor255,2,bitmap,models/weapons2/,pfh0_shoR255.mdl
pfh211,rg_default,texture1,pmh0_robe260_n,pmh0_robe260.mtr
pfh211,rg_default,texture2,pmh0_robe260_s,pmh0_robe260.mtr
pfh211,rg_hoverchair,texture1,pmh0_robe260_n,hoverchair.mtr
pfh211,rg_hoverchair,texture2,pmh0_robe260_s,hoverchair.mtr
pfh22_robe211,Surcoat,bitmap,pfh22_robe211,pfh22_robe211.mdl
pfh22_robe212,Surcoat,bitmap,pfh22_robe212,pfh22_robe212.mdl
pfh22_robe213,Surcoat,bitmap,pfh22_robe213,pfh22_robe213.mdl
pfhv_robe172,pelvis_g,bitmap,pelvis_g,pfhv_robe172.mdl
pfo0_chest271,chest_jacket04_bfn_archetype,texture1,pfh0_chest271_n,pfh0_chest271.mtr
pfo0_chest271,chest_jacket04_bfn_archetype,texture2,pfh0_chest271_s,pfh0_chest271.mtr
pfo0_footl054,pfo0_footl054,bitmap,foot,pfo0_footl054.mdl
pfo0_footr054,pfo0_footr054,bitmap,foot,pfo0_footr054.mdl
pfo0_forel018,mp3variasuit_vsuit2.046,bitmap,material,pfo0_foreL018.mdl
pfo0_forer018,mp3variasuit_vsuit2.043,bitmap,material,pfo0_forer018.mdl
pfo0_handl013,regroup12,bitmap,hand2,pfo0_handl013.mdl
pfo0_handl255,regroup12,bitmap,hand2,pfo0_handl255.mdl
pfo0_handr013,regroup12,bitmap,hand2,pfo0_handr013.mdl
pfo0_legl265,leg_invisible_bmn_light_sm_mtx2,texture2,pfh0_legl265_s,pfh0_legL265.mtr
pfo0_legr265,leg_invisible_bmn_light_sm_mtx2,texture2,pfh0_legr265_s,pfh0_legR265.mtr
pfo0_neck199,hero_poncho_rig_clean,texture2,f_brahmin_s,pfh0_n_ne_33d419.mtr
pfo0_pelvis162,pfh0_pelvis1117g,bitmap,pfh0_pelvis1117,pfo0_pelvis162.mdl
pfo0_pelvis266,leg_invisible_bmn_light_sm_mtx2,texture2,pfh0_pelvis266_s,pfh0_pelvis266.mtr
pfo0_robe260,hoverchair,texture1,pmh0_robe260_n,hoverchair.mtr
pfo0_robe260,hoverchair,texture2,pmh0_robe260_s,hoverchair.mtr
pfo0_shinr200,pfo0_shinr075g,bitmap,pfo0_shinr075,pfo0_shinr200.mdl
pfo0_shor255,2,bitmap,models/weapons2/,pfo0_shor255.mdl
pfo211,rg_hoverchair,texture1,pmh0_robe260_n,hoverchair.mtr
pfo211,rg_hoverchair,texture2,pmh0_robe260_s,hoverchair.mtr
pfov_robe172,pelvis_g,bitmap,pelvis_g,pfov_robe172.mdl
pfz0_bicepl223,hunter_droid,texture1,pmz0_bicepl223_n,pfz0_bicepL223.mtr
pfz0_bicepl225,mch.me2.loki.mesh,texture3,pmz0_bicepl225_r,pfz0_bicepL225.mtr
pfz0_bicepl226,enforcer_droid,texture1,pmz0_bicepl226_n,pfz0_bicepL226.mtr
pfz0_bicepr223,hunter_droid,texture1,pmz0_bicepr223_n,pfz0_bicepR223.mtr
pfz0_bicepr225,mch.me2.loki.mesh,texture3,pmz0_bicepr225_r,pfz0_bicepR225.mtr
pfz0_bicepr226,enforcer_droid,texture1,pmz0_bicepr226_n,pfz0_bicepR226.mtr
pfz0_chest225,mesh0,texture1,pmz0_chest225_n,pfz0_chest225.mtr
pfz0_chest227,mch.me2.loki.mesh,texture3,pmz0_chest227_r,pfz0_chest227.mtr
pfz0_chest228,enforcer_droid,texture1,pmz0_chest228_n,pfz0_chest228.mtr
pfz0_footl019,hunter_droid,texture1,pmz0_footl019_n,pfz0_footL019.mtr
pfz0_footl021,mch.me2.loki.mesh,texture3,pmz0_footl021_r,pfz0_footL021.mtr
pfz0_footl022,enforcer_droid,texture1,pmz0_footl022_n,pfz0_footL022.mtr
pfz0_footr019,hunter_droid,texture1,pmz0_footr019_n,pfz0_footR019.mtr
pfz0_footr021,mch.me2.loki.mesh,texture3,pmz0_footr021_r,pfz0_footR021.mtr
pfz0_footr022,enforcer_droid,texture1,pmz0_footr022_n,pfz0_footR022.mtr
pfz0_forel224,hunter_droid,texture1,pmz0_forel224_n,pfz0_foreL224.mtr
pfz0_forel226,mch.me2.loki.mesh,texture3,pmz0_forel226_r,pfz0_foreL226.mtr
pfz0_forel227,enforcer_droid,texture1,pmz0_forel227_n,pfz0_foreL227.mtr
pfz0_forer224,hunter_droid,texture1,pmz0_forer224_n,pfz0_foreR224.mtr
pfz0_forer226,mch.me2.loki.mesh,texture3,pmz0_forer226_r,pfz0_foreR226.mtr
pfz0_forer227,enforcer_droid,texture1,pmz0_forer227_n,pfz0_foreR227.mtr
pfz0_handl223,hunter_droid,texture1,pmz0_handl223_n,pfz0_handL223.mtr
pfz0_handl225,mch.me2.loki.mesh,texture3,pmz0_handl225_r,pfz0_handL225.mtr
pfz0_handl226,enforcer_droid,texture1,pmz0_handl226_n,pfz0_handL226.mtr
pfz0_handr223,hunter_droid,texture1,pmz0_handr223_n,pfz0_handR223.mtr
pfz0_handr225,mch.me2.loki.mesh,texture3,pmz0_handr225_r,pfz0_handR225.mtr
pfz0_handr226,enforcer_droid,texture1,pmz0_handr226_n,pfz0_handR226.mtr
pfz0_head033,mesh0,texture1,pmz0_head033_n,pfz0_head033.mtr
pfz0_head036,enforcer_droid,texture1,pmz0_head036_n,pfz0_head036.mtr
pfz0_legl019,hunter_droid,texture1,pmz0_legl019_n,pfz0_legL019.mtr
pfz0_legl021,mch.me2.loki.mesh,texture3,pmz0_legl021_r,pfz0_legL021.mtr
pfz0_legl022,enforcer_droid,texture1,pmz0_legl022_n,pfz0_legL022.mtr
pfz0_legr019,hunter_droid,texture1,pmz0_legr019_n,pfz0_legR019.mtr
pfz0_legr021,mch.me2.loki.mesh,texture3,pmz0_legr021_r,pfz0_legR021.mtr
pfz0_legr022,enforcer_droid,texture1,pmz0_legr022_n,pfz0_legR022.mtr
pfz0_pelvis019,hunter_droid,texture1,pmz0_pelvis019_n,pfz0_pelvis019.mtr
pfz0_pelvis023,enforcer_droid,texture1,pmz0_pelvis023_n,pfz0_pelvis023.mtr
pfz0_shinl019,hunter_droid,texture1,pmz0_shinl019_n,pfz0_shinL019.mtr
pfz0_shinl021,mch.me2.loki.mesh,texture3,pmz0_shinl021_r,pfz0_shinL021.mtr
pfz0_shinl022,enforcer_droid,texture1,pmz0_shinl022_n,pfz0_shinL022.mtr
pfz0_shinr019,hunter_droid,texture1,pmz0_shinr019_n,pfz0_shinR019.mtr
pfz0_shinr021,mch.me2.loki.mesh,texture3,pmz0_shinr021_r,pfz0_shinR021.mtr
pfz0_shinr022,enforcer_droid,texture1,pmz0_shinr022_n,pfz0_shinR022.mtr
phod_swbase,phod_swbaseb,bitmap,phod_swbase2,phod_swbase.mdl
pkt_m09x08,object04,bitmap,lmi_lite01,pkt_m09x08.mdl
plc_freighter,box14,bitmap,outriderhullbump,plc_freighter.mdl
plc_freighter,box17,bitmap,outriderhullbump,plc_freighter.mdl
plc_freighter,box18,bitmap,outriderhullbump,plc_freighter.mdl
plc_freighter,box23,bitmap,outriderhullbump,plc_freighter.mdl
plc_freighter,part120,bitmap,material,plc_freighter.mdl
plc_freighter,part121,bitmap,outriderexaust,plc_freighter.mdl
plc_hvrslede,box50,bitmap,plc_swpengin,plc_hvrslede.mdl
plc_hvrslede,cylinder54,bitmap,plc_swpengin,plc_hvrslede.mdl
plc_mf100,Object1369,bitmap,alpha_u,plc_mf100.mdl
plc_mf101,Object1369,bitmap,alpha_v,plc_mf101.mdl
plc_mf102,Object1369,bitmap,alpha_w,plc_mf102.mdl
plc_mf103,Object1369,bitmap,alpha_x,plc_mf103.mdl
plc_mf104,Object1369,bitmap,alpha_y,plc_mf104.mdl
plc_mf105,Object1369,bitmap,alpha_z,plc_mf105.mdl
plc_mf106,Object1369,bitmap,rune_a,plc_mf106.mdl
plc_mf107,Object1369,bitmap,rune_b,plc_mf107.mdl
plc_mf108,Object1369,bitmap,rune_c,plc_mf108.mdl
plc_mf109,Object1369,bitmap,rune_d,plc_mf109.mdl
plc_mf110,Object1369,bitmap,rune_e,plc_mf110.mdl
plc_mf111,Object1369,bitmap,rune_f,plc_mf111.mdl
plc_mf112,Object1369,bitmap,rune_g,plc_mf112.mdl
plc_mf113,Object1369,bitmap,rune_h,plc_mf113.mdl
plc_mf114,Object1369,bitmap,rune_i,plc_mf114.mdl
plc_mf115,Object1369,bitmap,rune_j,plc_mf115.mdl
plc_mf116,Object1369,bitmap,rune_k,plc_mf116.mdl
plc_mf117,Object1369,bitmap,rune_l,plc_mf117.mdl
plc_mf118,Object1369,bitmap,rune_m,plc_mf118.mdl
plc_mf119,Object1369,bitmap,rune_n,plc_mf119.mdl
plc_mf120,Object1369,bitmap,rune_o,plc_mf120.mdl
plc_mf121,Object1369,bitmap,rune_p,plc_mf121.mdl
plc_mf122,Object1369,bitmap,rune_r,plc_mf122.mdl
plc_mf123,Object1369,bitmap,rune_s,plc_mf123.mdl
plc_mf124,Object1369,bitmap,rune_t,plc_mf124.mdl
plc_mf125,Object1369,bitmap,rune_uv,plc_mf125.mdl
plc_mf126,Object1369,bitmap,rune_w,plc_mf126.mdl
plc_mf127,Object1369,bitmap,rune_x,plc_mf127.mdl
plc_mf128,Object1369,bitmap,rune_y,plc_mf128.mdl
plc_mf129,Object1369,bitmap,rune_z,plc_mf129.mdl
plc_mf130,Object1369,bitmap,rune_ea,plc_mf130.mdl
plc_mf131,Object1369,bitmap,rune_ee,plc_mf131.mdl
plc_mf132,Object1369,bitmap,rune_ng,plc_mf132.mdl
plc_mf133,Object1369,bitmap,rune_st,plc_mf133.mdl
plc_mf134,Object1369,bitmap,rune_th,plc_mf134.mdl
plc_mf135,Object1369,bitmap,alpha_1,plc_mf135.mdl
plc_mf136,Object1369,bitmap,alpha_2,plc_mf136.mdl
plc_mf137,Object1369,bitmap,alpha_3,plc_mf137.mdl
plc_mf138,Object1369,bitmap,alpha_4,plc_mf138.mdl
plc_mf139,Object1369,bitmap,alpha_5,plc_mf139.mdl
plc_mf140,Object1369,bitmap,alpha_6,plc_mf140.mdl
plc_mf141,Object1369,bitmap,alpha_7,plc_mf141.mdl
plc_mf142,Object1369,bitmap,alpha_8,plc_mf142.mdl
plc_mf143,Object1369,bitmap,alpha_9,plc_mf143.mdl
plc_mf144,Object1369,bitmap,alpha_0,plc_mf144.mdl
plc_mf145,Object1369,bitmap,alpha_and,plc_mf145.mdl
plc_mf146,Object1369,bitmap,alpha_asterisk,plc_mf146.mdl
plc_mf147,Object1369,bitmap,alpha_at,plc_mf147.mdl
plc_mf148,Object1369,bitmap,alpha_comma,plc_mf148.mdl
plc_mf149,Object1369,bitmap,alpha_dbldot,plc_mf149.mdl
plc_mf150,Object1369,bitmap,alpha_dot,plc_mf150.mdl
plc_mf151,Object1369,bitmap,alpha_dotcomma,plc_mf151.mdl
plc_mf152,Object1369,bitmap,alpha_equal,plc_mf152.mdl
plc_mf153,Object1369,bitmap,alpha_excl,plc_mf153.mdl
plc_mf154,Object1369,bitmap,alpha_grthan,plc_mf154.mdl
plc_mf155,Object1369,bitmap,alpha_lbracket,plc_mf155.mdl
plc_mf156,Object1369,bitmap,alpha_lessthan,plc_mf156.mdl
plc_mf157,Object1369,bitmap,alpha_minus,plc_mf157.mdl
plc_mf158,Object1369,bitmap,alpha_percent,plc_mf158.mdl
plc_mf159,Object1369,bitmap,alpha_plus,plc_mf159.mdl
plc_mf160,Object1369,bitmap,alpha_qst,plc_mf160.mdl
plc_mf161,Object1369,bitmap,alpha_rbracket,plc_mf161.mdl
plc_mf162,Object1369,bitmap,alpha_slashback,plc_mf162.mdl
plc_mf163,Object1369,bitmap,alpha_slashforw,plc_mf163.mdl
plc_mf80,Object1369,bitmap,alpha_a,plc_mf80.mdl
plc_mf81,Object1369,bitmap,alpha_b,plc_mf81.mdl
plc_mf82,Object1369,bitmap,alpha_c,plc_mf82.mdl
plc_mf83,Object1369,bitmap,alpha_d,plc_mf83.mdl
plc_mf84,Object1369,bitmap,alpha_e,plc_mf84.mdl
plc_mf85,Object1369,bitmap,alpha_f,plc_mf85.mdl
plc_mf86,Object1369,bitmap,alpha_g,plc_mf86.mdl
plc_mf87,Object1369,bitmap,alpha_h,plc_mf87.mdl
plc_mf88,Object1369,bitmap,alpha_i,plc_mf88.mdl
plc_mf89,Object1369,bitmap,alpha_j,plc_mf89.mdl
plc_mf90,Object1369,bitmap,alpha_k,plc_mf90.mdl
plc_mf91,Object1369,bitmap,alpha_l,plc_mf91.mdl
plc_mf92,Object1369,bitmap,alpha_m,plc_mf92.mdl
plc_mf93,Object1369,bitmap,alpha_n,plc_mf93.mdl
plc_mf94,Object1369,bitmap,alpha_o,plc_mf94.mdl
plc_mf95,Object1369,bitmap,alpha_p,plc_mf95.mdl
plc_mf96,Object1369,bitmap,alpha_q,plc_mf96.mdl
plc_mf97,Object1369,bitmap,alpha_r,plc_mf97.mdl
plc_mf98,Object1369,bitmap,alpha_s,plc_mf98.mdl
plc_mf99,Object1369,bitmap,alpha_t,plc_mf99.mdl
plc_planet19,planet_core,bitmap,w_planet_gas_sil,plc_planet19.mdl
plc_sdcrwlr,moteur02,bitmap,mtl,plc_sdcrwlr.mdl
plc_sdcrwlr,moteur1,bitmap,mtl,plc_sdcrwlr.mdl
plc_slight,box01,bitmap,tme_metal01,plc_slight.mdl
plc_slight,cylinder01,bitmap,tme_stone01,plc_slight.mdl
plc_swpbike1,dfghtr685590,bitmap,plc_spdrwin01,plc_swpbike1.mdl
plc_wrmc2,branch,bitmap,swp_tree,plc_wrmc2.mdl
plc_wrmc2,branch03,bitmap,swp_tree,plc_wrmc2.mdl
plc_wrmc2,branch2,bitmap,swp_tree,plc_wrmc2.mdl
plc_wrmc2,node0,bitmap,swp_tree,plc_wrmc2.mdl
plc_wrmc2,object02,bitmap,swp_tree,plc_wrmc2.mdl
plc_wrmc2,object03,bitmap,swp_tree,plc_wrmc2.mdl
plc_xwing,windows,bitmap,blueglass,plc_xwing.mdl
plc_xwing,windows01,bitmap,blueglass,plc_xwing.mdl
plc_xwingsm,windows,bitmap,blueglass,plc_xwingsm.mdl
plc_xwingsm,windows01,bitmap,blueglass,plc_xwingsm.mdl
plx_tbskp,chunkywood108,emitter,fxpa_cloud02,plx_tbskp.mdl
plx_tbskp,chunkywood109,emitter,fxpa_cloud02,plx_tbskp.mdl
pma0_handl110,pma0_handl110g,texture1,pmh0_handl110_n,pmh0_handL110.mtr
pma0_handl110,pma0_handl110g,texture2,pmh0_handl110_s,pmh0_handL110.mtr
pma0_handr110,pma0_handr110g,texture1,pmh0_handr110_n,pmh0_handR110.mtr
pma0_handr110,pma0_handr110g,texture2,pmh0_handr110_s,pmh0_handR110.mtr
pma2_handl110,pma2_handl110g,texture1,pmh0_handl110_n,pmh0_handL110.mtr
pma2_handl110,pma2_handl110g,texture2,pmh0_handl110_s,pmh0_handL110.mtr
pma2_handr110,pma2_handr110g,texture1,pmh0_handr110_n,pmh0_handR110.mtr
pma2_handr110,pma2_handr110g,texture2,pmh0_handr110_s,pmh0_handR110.mtr
pmd0_bicepl185,Object01,bitmap,##0x7f6bfe28!bod,pmd0_bicepl185.mdl
pmd0_chest271,chest_jacket04_bmn_light_ge_mtx,texture1,pmh0_chest271_n,pmh0_chest271.mtr
pmd0_chest271,chest_jacket04_bmn_light_ge_mtx,texture2,pmh0_chest271_s,pmh0_chest271.mtr
pmd0_forel018,mp3variasuit_vsuit2.029,bitmap,material.641,pmd0_forel018.mdl
pmd0_forer018,mp3variasuit_vsuit2.027,bitmap,material.639,pmd0_forer018.mdl
pmd0_handl013,regroup16,bitmap,hand2,pmd0_handl013.mdl
pmd0_handl255,regroup16,bitmap,hand2,pmd0_handl255.mdl
pmd0_handr013,regroup16,bitmap,hand2,pmd0_handr013.mdl
pmd0_legl265,leg_invisible_bmn_light_sm_mtx2,texture2,pmh0_legl265_s,pmh0_legL265.mtr
pmd0_legr265,leg_invisible_bmn_light_sm_mtx2,texture2,pmh0_legr265_s,pmh0_l_rt_5fbea7.mtr
pmd0_neck199,hero_poncho_rig_clean,texture2,f_brahmin_s,pmh0_n_ne_9f6d4e.mtr
pmd0_neck199,pmh0_neck001g,texture2,f_brahmin_s,pmh0_n_ne_9f6d4e.mtr
pmd0_neck299,pmh0_neck001g,bitmap,pmd0_neck299,pmd0_neck299.mdl
pmd0_neck299,valerian_mesh,bitmap,pmd0_neck299,pmd0_neck299.mdl
pmd0_neck300,pmh0_neck001g,bitmap,pmd0_neck300,pmd0_neck300.mdl
pmd0_neck300,valerian_mesh,bitmap,pmd0_neck300,pmd0_neck300.mdl
pmd0_pelvis266,leg_invisible_bmn_light_sm_mtx2,texture2,pmh0_pelvis266_s,pmh0_pelvis266.mtr
pmd0_robe260,hoverchair,texture1,pmh0_robe260_n,hoverchair.mtr
pmd0_robe260,hoverchair,texture2,pmh0_robe260_s,hoverchair.mtr
pmd0_shor002,mesh_0006.rip.025,bitmap,material.076,pmd0_shor002.mdl
pmd211,rg_hoverchair,texture1,pmh0_robe260_n,hoverchair.mtr
pmd211,rg_hoverchair,texture2,pmh0_robe260_s,hoverchair.mtr
pmd2_handl110,pmd2_handl110g,texture1,pmh0_handl110_n,pmh0_handL110.mtr
pmd2_handl110,pmd2_handl110g,texture2,pmh0_handl110_s,pmh0_handL110.mtr
pmd2_handr110,pmd2_handr110g,texture1,pmh0_handr110_n,pmh0_handR110.mtr
pmd2_handr110,pmd2_handr110g,texture2,pmh0_handr110_s,pmh0_handR110.mtr
pmd_hand01,hand04,bitmap,tx_evilmetl02,pmd_hand01.mdl
pmd_hand02,hand03,bitmap,tx_evilmetl02,pmd_hand02.mdl
pme0_chest271,chest_jacket04_bmn_light_ge_mtx,texture1,pmh0_chest271_n,pmh0_chest271.mtr
pme0_chest271,chest_jacket04_bmn_light_ge_mtx,texture2,pmh0_chest271_s,pmh0_chest271.mtr
pme0_footl209,25_jakarro_1_0_0,bitmap,pme0_footl209,pme0_footL209.mdl
pme0_footr209,25_jakarro_1_0_0,bitmap,pme0_footr209,pme0_footR209.mdl
pme0_forel018,mp3variasuit_vsuit2.029,bitmap,material.641,pme0_forel018.mdl
pme0_forer018,mp3variasuit_vsuit2.027,bitmap,material.639,pme0_forer018.mdl
pme0_forer209,25_jakarro_1_0_0,bitmap,pme0_forer209,pme0_foreR209.mdl
pme0_handl013,regroup16,bitmap,hand2,pme0_handl013.mdl
pme0_handl110,pme0_handl110g,texture1,pmh0_handl110_n,pmh0_handL110.mtr
pme0_handl110,pme0_handl110g,texture2,pmh0_handl110_s,pmh0_handL110.mtr
pme0_handl255,regroup16,bitmap,hand2,pme0_handl255.mdl
pme0_handr013,regroup16,bitmap,hand2,pme0_handr013.mdl
pme0_handr110,pme0_handr110g,texture1,pmh0_handr110_n,pmh0_handR110.mtr
pme0_handr110,pme0_handr110g,texture2,pmh0_handr110_s,pmh0_handR110.mtr
pme0_handr209,25_jakarro_1_0_0,bitmap,pme0_handr209,pme0_handR209.mdl
pme0_legl265,leg_invisible_bmn_light_sm_mtx2,texture2,pmh0_legl265_s,pmh0_legL265.mtr
pme0_legr209,25_jakarro_1_0_0,bitmap,pme0_legr209,pme0_legR209.mdl
pme0_legr265,leg_invisible_bmn_light_sm_mtx2,texture2,pmh0_legr265_s,pmh0_l_rt_5fbea7.mtr
pme0_neck199,hero_poncho_rig_clean,texture2,f_brahmin_s,pmh0_n_ne_9f6d4e.mtr
pme0_neck199,pmh0_neck001g,texture2,f_brahmin_s,pmh0_n_ne_9f6d4e.mtr
pme0_pelvis266,leg_invisible_bmn_light_sm_mtx2,texture2,pmh0_pelvis266_s,pmh0_pelvis266.mtr
pme0_robe260,hoverchair,texture1,pmh0_robe260_n,hoverchair.mtr
pme0_robe260,hoverchair,texture2,pmh0_robe260_s,hoverchair.mtr
pme0_shinr209,25_jakarro_1_0_0,bitmap,pme0_shinr209,pme0_shinR209.mdl
pme0_shor002,mesh_0006.rip.025,bitmap,material.076,pme0_shor002.mdl
pme211,rg_hoverchair,texture1,pmh0_robe260_n,hoverchair.mtr
pme211,rg_hoverchair,texture2,pmh0_robe260_s,hoverchair.mtr
pme2_handl110,pme2_handl110g,texture1,pmh0_handl110_n,pmh0_handL110.mtr
pme2_handl110,pme2_handl110g,texture2,pmh0_handl110_s,pmh0_handL110.mtr
pme2_handr110,pme2_handr110g,texture1,pmh0_handr110_n,pmh0_handR110.mtr
pme2_handr110,pme2_handr110g,texture2,pmh0_handr110_s,pmh0_handR110.mtr
pmg0_handl110,pmg0_handl110g,texture1,pmh0_handl110_n,pmh0_handL110.mtr
pmg0_handl110,pmg0_handl110g,texture2,pmh0_handl110_s,pmh0_handL110.mtr
pmg0_handr110,pmg0_handr110g,texture1,pmh0_handr110_n,pmh0_handR110.mtr
pmg0_handr110,pmg0_handr110g,texture2,pmh0_handr110_s,pmh0_handR110.mtr
pmg2_handl110,pmg2_handl110g,texture1,pmh0_handl110_n,pmh0_handL110.mtr
pmg2_handl110,pmg2_handl110g,texture2,pmh0_handl110_s,pmh0_handL110.mtr
pmg2_handr110,pmg2_handr110g,texture1,pmh0_handr110_n,pmh0_handR110.mtr
pmg2_handr110,pmg2_handr110g,texture2,pmh0_handr110_s,pmh0_handR110.mtr
pmh0_belt121,mesh_0010.rip.009,bitmap,material.069,pmh0_belt121.mdl
pmh0_belt121,mesh_0015.rip.011,bitmap,material.070,pmh0_belt121.mdl
pmh0_belt121,mesh_0016.rip.006,bitmap,material.070,pmh0_belt121.mdl
pmh0_belt121,mesh_0017.rip.005,bitmap,material.070,pmh0_belt121.mdl
pmh0_chest130,pmh0_chest130g,texture1,pmh0_chest130_n,pmh0_chest130.mtr
pmh0_chest271,chest_jacket04_bmn_light_ge_mtx,texture1,pmh0_chest271_n,pmh0_chest271.mtr
pmh0_chest271,chest_jacket04_bmn_light_ge_mtx,texture2,pmh0_chest271_s,pmh0_chest271.mtr
pmh0_forel018,mp3variasuit_vsuit2.029,bitmap,material.641,pmh0_foreL018.mdl
pmh0_forer018,mp3variasuit_vsuit2.027,bitmap,material.639,pmh0_foreR018.mdl
pmh0_handl013,regroup16,bitmap,hand2,pmh0_handl013.mdl
pmh0_handl110,pmh0_handl110g,texture1,pmh0_handl110_n,pmh0_handL110.mtr
pmh0_handl110,pmh0_handl110g,texture2,pmh0_handl110_s,pmh0_handL110.mtr
pmh0_handl255,regroup16,bitmap,hand2,pmh0_handl255.mdl
pmh0_handr011,mesh_0006.rip.017,bitmap,material.292,pmh0_handR011.mdl
pmh0_handr011,mesh_0007.rip.022,bitmap,material.291,pmh0_handR011.mdl
pmh0_handr013,regroup16,bitmap,hand2,pmh0_handr013.mdl
pmh0_handr046,pmh0_handr46,bitmap,kdhand,pmh0_handR046.mdl
pmh0_handr110,pmh0_handr110g,texture1,pmh0_handr110_n,pmh0_handR110.mtr
pmh0_handr110,pmh0_handr110g,texture2,pmh0_handr110_s,pmh0_handR110.mtr
pmh0_head266,horns_zab1,texture0,horns_zab1,horns_zab1.mtr
pmh0_head284,rahmkotaout,texture1,pmh0_head284_n,pmh0_head284.mtr
pmh0_head284,rahmkotaout,texture2,pmh0_head284_s,pmh0_head284.mtr
pmh0_head289,sm_firstofficer_1,texture2,pmh0_head289_s,pmh0_head289.mtr
pmh0_legl265,leg_invisible_bmn_light_sm_mtx2,texture2,pmh0_legl265_s,pmh0_legL265.mtr
pmh0_legr265,leg_invisible_bmn_light_sm_mtx2,texture2,pmh0_legr265_s,pmh0_l_rt_5fbea7.mtr
pmh0_neck199,hero_poncho_rig_clean,texture2,f_brahmin_s,pmh0_neck199.mtr
pmh0_neck199,pmh0_neck001g,texture2,f_brahmin_s,pmh0_neck199.mtr
pmh0_neck299,pmh0_neck001g,bitmap,pmh0_neck299,pmh0_neck299.mdl
pmh0_neck299,valerian_mesh,bitmap,pmh0_neck299,pmh0_neck299.mdl
pmh0_neck300,pmh0_neck001g,bitmap,pmh0_neck300,pmh0_neck300.mdl
pmh0_neck300,valerian_mesh,bitmap,pmh0_neck300,pmh0_neck300.mdl
pmh0_pelvis266,leg_invisible_bmn_light_sm_mtx2,texture2,pmh0_pelvis266_s,pmh0_pelvis266.mtr
pmh0_robe260,default,texture1,pmh0_robe260_n,pmh0_robe260.mtr
pmh0_robe260,default,texture2,pmh0_robe260_s,pmh0_robe260.mtr
pmh0_robe260,hoverchair,texture1,pmh0_robe260_n,hoverchair.mtr
pmh0_robe260,hoverchair,texture2,pmh0_robe260_s,hoverchair.mtr
pmh0_shor002,mesh_0006.rip.025,bitmap,material.076,pmh0_shoR002.mdl
pmh0_torso017,mesh_0011.rip.007,bitmap,material.254,pmh0_torso017.mdl
pmh0_torso017,mesh_0012.rip.005,bitmap,material.254,pmh0_torso017.mdl
pmh211,rg_default,texture1,pmh0_robe260_n,pmh0_robe260.mtr
pmh211,rg_default,texture2,pmh0_robe260_s,pmh0_robe260.mtr
pmh211,rg_hoverchair,texture1,pmh0_robe260_n,hoverchair.mtr
pmh211,rg_hoverchair,texture2,pmh0_robe260_s,hoverchair.mtr
pmh2_handl110,pmh2_handl110g,texture1,pmh0_handl110_n,pmh0_handL110.mtr
pmh2_handl110,pmh2_handl110g,texture2,pmh0_handl110_s,pmh0_handL110.mtr
pmh2_handr110,pmh2_handr110g,texture1,pmh0_handr110_n,pmh0_handR110.mtr
pmh2_handr110,pmh2_handr110g,texture2,pmh0_handr110_s,pmh0_handR110.mtr
pmo0_bicepl003,pmo0_bicepl003g,bitmap,pmo0_bicepl003,pmo0_bicepl003.mdl
pmo0_bicepr003,pmo0_bicepr003g,bitmap,pmo0_bicepr003,pmo0_bicepr003.mdl
pmo0_chest271,chest_jacket04_bmn_light_ge_mtx,texture1,pmh0_chest271_n,pmh0_chest271.mtr
pmo0_chest271,chest_jacket04_bmn_light_ge_mtx,texture2,pmh0_chest271_s,pmh0_chest271.mtr
pmo0_footl003,pmo0_footl003g,bitmap,pmo0_footl003,pmo0_footl003.mdl
pmo0_footr003,pmo0_footr003g,bitmap,pmo0_footr003,pmo0_footr003.mdl
pmo0_forel003,pmo0_forel003g,bitmap,pmo0_forel003,pmo0_forel003.mdl
pmo0_forel018,mp3variasuit_vsuit2.029,bitmap,material.641,pmo0_forel018.mdl
pmo0_forer003,pmo0_forer003g,bitmap,pmo0_forer003,pmo0_forer003.mdl
pmo0_forer018,mp3variasuit_vsuit2.027,bitmap,material.639,pmo0_forer018.mdl
pmo0_handl013,regroup16,bitmap,hand2,pmo0_handl013.mdl
pmo0_handl110,pmo0_handl110g,texture1,pmh0_handl110_n,pmh0_handL110.mtr
pmo0_handl110,pmo0_handl110g,texture2,pmh0_handl110_s,pmh0_handL110.mtr
pmo0_handl255,regroup16,bitmap,hand2,pmo0_handl255.mdl
pmo0_handr013,regroup16,bitmap,hand2,pmo0_handr013.mdl
pmo0_handr110,pmo0_handr110g,texture1,pmh0_handr110_n,pmh0_handR110.mtr
pmo0_handr110,pmo0_handr110g,texture2,pmh0_handr110_s,pmh0_handR110.mtr
pmo0_legl003,pmo0_legl003g,bitmap,pmo0_legl003,pmo0_legl003.mdl
pmo0_legl265,leg_invisible_bmn_light_sm_mtx2,texture2,pmh0_legl265_s,pmh0_legL265.mtr
pmo0_legr003,pmo0_legr003g,bitmap,pmo0_legr003,pmo0_legr003.mdl
pmo0_legr265,leg_invisible_bmn_light_sm_mtx2,texture2,pmh0_legr265_s,pmh0_l_rt_5fbea7.mtr
pmo0_neck199,hero_poncho_rig_clean,texture2,f_brahmin_s,pmh0_n_ne_9f6d4e.mtr
pmo0_neck299,pmh0_neck001g,bitmap,pmo0_neck299,pmo0_neck299.mdl
pmo0_neck299,valerian_mesh,bitmap,pmo0_neck299,pmo0_neck299.mdl
pmo0_neck300,pmh0_neck001g,bitmap,pmo0_neck300,pmo0_neck300.mdl
pmo0_neck300,valerian_mesh,bitmap,pmo0_neck300,pmo0_neck300.mdl
pmo0_pelvis003,pmo0_pelvis003g,bitmap,pmo0_pelvis003,pmo0_pelvis003.mdl
pmo0_pelvis266,leg_invisible_bmn_light_sm_mtx2,texture2,pmh0_pelvis266_s,pmh0_pelvis266.mtr
pmo0_robe260,hoverchair,texture1,pmh0_robe260_n,hoverchair.mtr
pmo0_robe260,hoverchair,texture2,pmh0_robe260_s,hoverchair.mtr
pmo0_shinl003,pmo0_shinl001g,bitmap,pmo0_shinl001,pmo0_shinl003.mdl
pmo0_shinr003,pmo0_shinr003g,bitmap,pmo0_shinr003,pmo0_shinr003.mdl
pmo0_shor002,mesh_0006.rip.025,bitmap,material.076,pmo0_shor002.mdl
pmo211,rg_hoverchair,texture1,pmh0_robe260_n,hoverchair.mtr
pmo211,rg_hoverchair,texture2,pmh0_robe260_s,hoverchair.mtr
pmo2_handl110,pmo2_handl110g,texture1,pmh0_handl110_n,pmh0_handL110.mtr
pmo2_handl110,pmo2_handl110g,texture2,pmh0_handl110_s,pmh0_handL110.mtr
pmo2_handr110,pmo2_handr110g,texture1,pmh0_handr110_n,pmh0_handR110.mtr
pmo2_handr110,pmo2_handr110g,texture2,pmh0_handr110_s,pmh0_handR110.mtr
pmz0_bicepl223,hunter_droid,texture1,pmz0_bicepl223_n,pmz0_bicepL223.mtr
pmz0_bicepl225,mch.me2.loki.mesh,texture3,pmz0_bicepl225_r,pmz0_bicepL225.mtr
pmz0_bicepl226,enforcer_droid,texture1,pmz0_bicepl226_n,pmz0_bicepL226.mtr
pmz0_bicepr223,hunter_droid,texture1,pmz0_bicepr223_n,pmz0_bicepR223.mtr
pmz0_bicepr225,mch.me2.loki.mesh,texture3,pmz0_bicepr225_r,pmz0_bicepR225.mtr
pmz0_bicepr226,enforcer_droid,texture1,pmz0_bicepr226_n,pmz0_bicepR226.mtr
pmz0_chest225,mesh0,texture1,pmz0_chest225_n,pmz0_chest225.mtr
pmz0_chest227,mch.me2.loki.mesh,texture2,pmz0_chest227_s,pmz0_chest227.mtr
pmz0_chest227,mch.me2.loki.mesh,texture3,pmz0_chest227_r,pmz0_chest227.mtr
pmz0_chest228,enforcer_droid,texture1,pmz0_chest228_n,pmz0_chest228.mtr
pmz0_footl019,hunter_droid,texture1,pmz0_footl019_n,pmz0_footL019.mtr
pmz0_footl021,mch.me2.loki.mesh,texture3,pmz0_footl021_r,pmz0_footL021.mtr
pmz0_footl022,enforcer_droid,texture1,pmz0_footl022_n,pmz0_footL022.mtr
pmz0_footr019,hunter_droid,texture1,pmz0_footr019_n,pmz0_footR019.mtr
pmz0_footr021,mch.me2.loki.mesh,texture3,pmz0_footr021_r,pmz0_footR021.mtr
pmz0_footr022,enforcer_droid,texture1,pmz0_footr022_n,pmz0_footR022.mtr
pmz0_forel224,hunter_droid,texture1,pmz0_forel224_n,pmz0_foreL224.mtr
pmz0_forel226,mch.me2.loki.mesh,texture3,pmz0_forel226_r,pmz0_foreL226.mtr
pmz0_forel227,enforcer_droid,texture1,pmz0_forel227_n,pmz0_foreL227.mtr
pmz0_forer224,hunter_droid,texture1,pmz0_forer224_n,pmz0_foreR224.mtr
pmz0_forer226,mch.me2.loki.mesh,texture3,pmz0_forer226_r,pmz0_foreR226.mtr
pmz0_forer227,enforcer_droid,texture1,pmz0_forer227_n,pmz0_foreR227.mtr
pmz0_handl223,hunter_droid,texture1,pmz0_handl223_n,pmz0_handL223.mtr
pmz0_handl225,mch.me2.loki.mesh,texture3,pmz0_handl225_r,pmz0_handL225.mtr
pmz0_handl226,enforcer_droid,texture1,pmz0_handl226_n,pmz0_handL226.mtr
pmz0_handr223,hunter_droid,texture1,pmz0_handr223_n,pmz0_handR223.mtr
pmz0_handr225,mch.me2.loki.mesh,texture3,pmz0_handr225_r,pmz0_handR225.mtr
pmz0_handr226,enforcer_droid,texture1,pmz0_handr226_n,pmz0_handR226.mtr
pmz0_head033,mesh0,texture1,pmz0_head033_n,pmz0_head033.mtr
pmz0_head036,enforcer_droid,texture1,pmz0_head036_n,pmz0_head036.mtr
pmz0_legl019,hunter_droid,texture1,pmz0_legl019_n,pmz0_legL019.mtr
pmz0_legl021,mch.me2.loki.mesh,texture3,pmz0_legl021_r,pmz0_legL021.mtr
pmz0_legl022,enforcer_droid,texture1,pmz0_legl022_n,pmz0_legL022.mtr
pmz0_legr019,hunter_droid,texture1,pmz0_legr019_n,pmz0_legR019.mtr
pmz0_legr021,mch.me2.loki.mesh,texture3,pmz0_legr021_r,pmz0_legR021.mtr
pmz0_legr022,enforcer_droid,texture1,pmz0_legr022_n,pmz0_legR022.mtr
pmz0_pelvis019,hunter_droid,texture1,pmz0_pelvis019_n,pmz0_pelvis019.mtr
pmz0_pelvis022,mch.me2.loki.mesh,texture3,pmz0_pelvis022_r,pmz0_pelvis022.mtr
pmz0_pelvis023,enforcer_droid,texture1,pmz0_pelvis023_n,pmz0_pelvis023.mtr
pmz0_shinl019,hunter_droid,texture1,pmz0_shinl019_n,pmz0_shinL019.mtr
pmz0_shinl021,mch.me2.loki.mesh,texture3,pmz0_shinl021_r,pmz0_shinL021.mtr
pmz0_shinl022,enforcer_droid,texture1,pmz0_shinl022_n,pmz0_shinL022.mtr
pmz0_shinr019,hunter_droid,texture1,pmz0_shinr019_n,pmz0_shinR019.mtr
pmz0_shinr021,mch.me2.loki.mesh,texture3,pmz0_shinr021_r,pmz0_shinR021.mtr
pmz0_shinr022,enforcer_droid,texture1,pmz0_shinr022_n,pmz0_shinR022.mtr
powersuit,head_g,bitmap,pmh0_head001g,powersuit.mdl
prc_earthquake,grndcrack,bitmap,grndcrack,prc_earthquake.mdl
psi_psycrush,hand,bitmap,mtl,psi_psycrush.mdl
psi_psycrush,index01,bitmap,mtl,psi_psycrush.mdl
psi_psycrush,mid01,bitmap,mtl,psi_psycrush.mdl
psi_psycrush,mid02,bitmap,mtl,psi_psycrush.mdl
psi_psycrush,pinky01,bitmap,mtl,psi_psycrush.mdl
psi_psycrush,pinky02,bitmap,mtl,psi_psycrush.mdl
psi_psycrush,ring01,bitmap,mtl,psi_psycrush.mdl
psi_psycrush,ring02,bitmap,mtl,psi_psycrush.mdl
psi_psycrush,ring03,bitmap,mtl,psi_psycrush.mdl
psi_psycrush,thumb01,bitmap,mtl,psi_psycrush.mdl
psi_psycrush,thumb02,bitmap,mtl,psi_psycrush.mdl
qc_drganim,dragon_bodyspikea01,bitmap,qc_drganim_bod,qc_drganim.mdl
qc_drganim,dragon_bodyspikea02,bitmap,qc_drganim_bod,qc_drganim.mdl
qc_drganim,dragon_bodyspikea03,bitmap,qc_drganim_bod,qc_drganim.mdl
qc_drganim,dragon_bodyspikea04,bitmap,qc_drganim_bod,qc_drganim.mdl
qc_drganim,dragon_bodyspikea05,bitmap,qc_drganim_bod,qc_drganim.mdl
qc_drganim,dragon_bodyspikea06,bitmap,qc_drganim_bod,qc_drganim.mdl
qc_drganim,dragon_bodyspikea07,bitmap,qc_drganim_bod,qc_drganim.mdl
qc_drganim,dragon_bodyspikea08,bitmap,qc_drganim_bod,qc_drganim.mdl
qc_drganim,dragon_bodyspikea10,bitmap,qc_drganim_bod,qc_drganim.mdl
qc_drganim,dragon_bodyspikea11,bitmap,qc_drganim_bod,qc_drganim.mdl
qc_drganim,dragon_bodyspikea13,bitmap,qc_drganim_bod,qc_drganim.mdl
qc_drganim,dragon_bodyspikea14,bitmap,qc_drganim_bod,qc_drganim.mdl
qc_drganim,dragon_bodyspikea15,bitmap,qc_drganim_bod,qc_drganim.mdl
qc_drganim,dragon_bodyspikea16,bitmap,qc_drganim_bod,qc_drganim.mdl
qc_drganim,dragon_bodyspikea17,bitmap,qc_drganim_bod,qc_drganim.mdl
qc_drganim,dragon_bodyspikea18,bitmap,qc_drganim_bod,qc_drganim.mdl
qc_drganim,dragon_bodyspikea19,bitmap,qc_drganim_bod,qc_drganim.mdl
qc_drganim,dragon_bodyspikea20,bitmap,qc_drganim_bod,qc_drganim.mdl
qc_drganim,dragon_bodyspikea21,bitmap,qc_drganim_bod,qc_drganim.mdl
qc_drganim,dragon_bodyspikea22,bitmap,qc_drganim_bod,qc_drganim.mdl
qc_drganim,dragon_bodyspikea23,bitmap,qc_drganim_bod,qc_drganim.mdl
qc_drganim,dragon_chest001,bitmap,qc_drganim_bod,qc_drganim.mdl
qc_drganim,dragon_head,bitmap,qc_drganim_hed,qc_drganim.mdl
qc_drganim,dragon_jaw,bitmap,qc_drganim_hed,qc_drganim.mdl
qc_drganim,dragon_lbackbotleg,bitmap,qc_drganim_bod,qc_drganim.mdl
qc_drganim,dragon_lbackclawa,bitmap,qc_drganim_bod,qc_drganim.mdl
qc_drganim,dragon_lbackclawb,bitmap,qc_drganim_bod,qc_drganim.mdl
qc_drganim,dragon_lbacklowerleg,bitmap,qc_drganim_hed,qc_drganim.mdl
qc_drganim,dragon_lbackpaw,bitmap,qc_drganim_bod,qc_drganim.mdl
qc_drganim,dragon_lbackupperleg,bitmap,qc_drganim_bod,qc_drganim.mdl
qc_drganim,dragon_lfrontclawa,bitmap,qc_drganim_bod,qc_drganim.mdl
qc_drganim,dragon_lfrontclawb,bitmap,qc_drganim_bod,qc_drganim.mdl
qc_drganim,dragon_lwing,bitmap,qc_drganim_wing,qc_drganim.mdl
qc_drganim,dragon_rbackbotleg,bitmap,qc_drganim_bod,qc_drganim.mdl
qc_drganim,dragon_rbackclawa,bitmap,qc_drganim_bod,qc_drganim.mdl
qc_drganim,dragon_rbackclawb,bitmap,qc_drganim_bod,qc_drganim.mdl
qc_drganim,dragon_rbacklowerleg,bitmap,qc_drganim_hed,qc_drganim.mdl
qc_drganim,dragon_rbackpaw,bitmap,qc_drganim_bod,qc_drganim.mdl
qc_drganim,dragon_rbackupperleg,bitmap,qc_drganim_bod,qc_drganim.mdl
qc_drganim,dragon_rfrontclawa,bitmap,qc_drganim_bod,qc_drganim.mdl
qc_drganim,dragon_rfrontclawb,bitmap,qc_drganim_bod,qc_drganim.mdl
qc_drganim,dragon_rfrontforearm,bitmap,qc_drganim_hed,qc_drganim.mdl
qc_drganim,dragon_rfrontpaw,bitmap,qc_drganim_bod,qc_drganim.mdl
qc_drganim,dragon_rfrontupperleg,bitmap,qc_drganim_bod,qc_drganim.mdl
qc_drganim,dragon_rwing,bitmap,qc_drganim_wing,qc_drganim.mdl
qc_drganim,fin01,bitmap,qc_drganim_wing,qc_drganim.mdl
qc_drganim,fin02,bitmap,qc_drganim_wing,qc_drganim.mdl
qc_drganim,fin03,bitmap,qc_drganim_wing,qc_drganim.mdl
qc_drganim,fin04,bitmap,qc_drganim_wing,qc_drganim.mdl
qc_drganim,fin05,bitmap,qc_drganim_wing,qc_drganim.mdl
qc_drganim,fin06,bitmap,qc_drganim_wing,qc_drganim.mdl
qc_drganim,object001,bitmap,qc_drganim_bod,qc_drganim.mdl
qc_tigerdire,teethupper,bitmap,cm_beholder,qc_tigerdire.mdl
qc_tigerdire,teethupper001,bitmap,cm_beholder,qc_tigerdire.mdl
qc_werebase,head_g,bitmap,qc_werew_gray,qc_werebase.mdl
qc_werebase,jaw_g,bitmap,qc_werew_gray,qc_werebase.mdl
qc_werebase,lbicep_g,bitmap,qc_werew_gray,qc_werebase.mdl
qc_werebase,lfoot_g,bitmap,qc_werew_gray,qc_werebase.mdl
qc_werebase,lforearm_g,bitmap,qc_werew_gray,qc_werebase.mdl
qc_werebase,lhand_g,bitmap,qc_werew_gray,qc_werebase.mdl
qc_werebase,lshin_g,bitmap,qc_werew_gray,qc_werebase.mdl
qc_werebase,lthigh_g,bitmap,qc_werew_gray,qc_werebase.mdl
qc_werebase,neck_g,bitmap,qc_werew_gray,qc_werebase.mdl
qc_werebase,pelvis_g,bitmap,qc_werew_gray,qc_werebase.mdl
qc_werebase,rbicep_g,bitmap,qc_werew_gray,qc_werebase.mdl
qc_werebase,rfoot_g,bitmap,qc_werew_gray,qc_werebase.mdl
qc_werebase,rforearm_g,bitmap,qc_werew_gray,qc_werebase.mdl
qc_werebase,rhand_g,bitmap,qc_werew_gray,qc_werebase.mdl
qc_werebase,rshin_g,bitmap,qc_werew_gray,qc_werebase.mdl
qc_werebase,rthigh_g,bitmap,qc_werew_gray,qc_werebase.mdl
qc_werebase,torso_g,bitmap,qc_werew_torso,qc_werebase.mdl
rusted_tank,chunkywood01,emitter,fxpa_cloud02,rusted_tank.mdl
rusted_tank,chunkywood02,emitter,fxpa_cloud02,rusted_tank.mdl
rusted_tank,chunkywood244,emitter,fxpa_cloud02,rusted_tank.mdl
rusted_tank,chunkywood245,emitter,fxpa_cloud02,rusted_tank.mdl
rusted_tank,chunkywood247,emitter,fxpa_cloud02,rusted_tank.mdl
rusted_tank,chunkywood249,emitter,fxpa_cloud02,rusted_tank.mdl
sglass_01,object01,bitmap,wooz_tex_48,sglass_01.mdl
sglass_02,object01,bitmap,wooz_tex_48,sglass_02.mdl
sglass_03,object01,bitmap,wooz_tex_48,sglass_03.mdl
sglass_04,object01,bitmap,wooz_tex_48,sglass_04.mdl
sglass_05,object01,bitmap,wooz_tex_48,sglass_05.mdl
sglass_06,object01,bitmap,wooz_tex_48,sglass_06.mdl
sglass_07,object01,bitmap,wooz_tex_48,sglass_07.mdl
sglass_08,object01,bitmap,wooz_tex_48,sglass_08.mdl
shp_globe74,hologlobe,bitmap,hoth,shp_globe74.mdl
shp_globe75,hologlobe,bitmap,hoth,shp_globe75.mdl
shp_globe76,hologlobe,bitmap,hoth,shp_globe76.mdl
shp_globe77,hologlobe,bitmap,endor,shp_globe77.mdl
shp_globe78,hologlobe,bitmap,endor,shp_globe78.mdl
shp_globe79,hologlobe,bitmap,endor,shp_globe79.mdl
smp_gate,plane01,bitmap,gate,smp_gate.mdl
smp_gate,plane02,bitmap,gate,smp_gate.mdl
speed_ba,head_g,bitmap,pmh0_head001g,speed_ba.mdl
speed_ba,rootdummy,bitmap,material,speed_ba.mdl
swc_billboard10,mesh2,bitmap,frn_all_painting,swc_billboard10.mdl
swc_billboard11,mesh2,bitmap,frn_all_painting,swc_billboard11.mdl
swc_billboard12,mesh2,bitmap,frn_all_painting,swc_billboard12.mdl
swc_billboard13,mesh2,bitmap,frn_all_painting,swc_billboard13.mdl
swc_billboard14,mesh2,bitmap,frn_all_painting,swc_billboard14.mdl
swc_billboard15,mesh2,bitmap,frn_all_painting,swc_billboard15.mdl
swc_billboard5,mesh2,bitmap,frn_all_painting,swc_billboard5.mdl
swc_billboard6,mesh2,bitmap,frn_all_painting,swc_billboard6.mdl
swc_billboard7,mesh2,bitmap,frn_all_painting,swc_billboard7.mdl
swc_billboard8,mesh2,bitmap,frn_all_painting,swc_billboard8.mdl
swc_billboard9,mesh2,bitmap,frn_all_painting,swc_billboard9.mdl
swc_flag_17,Mesh0,bitmap,d_swflag02,swc_flag_17.mdl
swc_lt_nab01,mesh2,bitmap,thed_lights_b_ae,swc_lt_nab01.mdl
swc_mine_chem1,mesh7,bitmap,ins_all_glass_bl,swc_mine_chem1.mdl
swc_painting20,mesh2,bitmap,frn_all_painting,swc_painting20.mdl
swc_painting21,mesh2,bitmap,frn_all_painting,swc_painting21.mdl
swc_painting22,mesh2,bitmap,frn_all_painting,swc_painting22.mdl
swc_painting23,mesh2,bitmap,frn_all_painting,swc_painting23.mdl
swc_painting24,mesh2,bitmap,frn_all_painting,swc_painting24.mdl
swc_painting25,mesh2,bitmap,frn_all_painting,swc_painting25.mdl
swc_painting26,mesh2,bitmap,frn_all_painting,swc_painting26.mdl
swc_painting27,mesh2,bitmap,frn_all_painting,swc_painting27.mdl
swc_painting28,mesh2,bitmap,frn_all_painting,swc_painting28.mdl
swc_painting29,mesh2,bitmap,frn_all_painting,swc_painting29.mdl
swc_painting30,mesh2,bitmap,frn_all_painting,swc_painting30.mdl
swc_painting31,mesh2,bitmap,frn_all_painting,swc_painting31.mdl
swc_painting32,mesh2,bitmap,frn_all_painting,swc_painting32.mdl
swc_painting33,mesh2,bitmap,frn_all_painting,swc_painting33.mdl
swc_painting34,mesh2,bitmap,frn_all_painting,swc_painting34.mdl
swc_painting35,mesh2,bitmap,frn_all_painting,swc_painting35.mdl
swc_painting36,mesh2,bitmap,frn_all_painting,swc_painting36.mdl
swc_painting37,mesh2,bitmap,frn_all_painting,swc_painting37.mdl
swc_painting38,mesh2,bitmap,frn_all_painting,swc_painting38.mdl
swc_painting39,mesh2,bitmap,frn_all_painting,swc_painting39.mdl
swc_painting40,mesh2,bitmap,frn_all_painting,swc_painting40.mdl
swc_painting41,mesh2,bitmap,frn_all_painting,swc_painting41.mdl
swc_painting42,mesh2,bitmap,frn_all_painting,swc_painting42.mdl
swc_painting43,mesh2,bitmap,frn_all_painting,swc_painting43.mdl
swc_painting44,mesh2,bitmap,frn_all_painting,swc_painting44.mdl
swc_painting45,mesh2,bitmap,frn_all_painting,swc_painting45.mdl
swc_painting46,mesh2,bitmap,frn_all_painting,swc_painting46.mdl
swc_painting47,mesh2,bitmap,frn_all_painting,swc_painting47.mdl
swc_painting48,mesh2,bitmap,frn_all_painting,swc_painting48.mdl
swc_painting49,mesh2,bitmap,frn_all_painting,swc_painting49.mdl
swc_painting50,mesh2,bitmap,frn_all_painting,swc_painting50.mdl
swc_painting51,mesh2,bitmap,frn_all_painting,swc_painting51.mdl
swc_painting85,mesh2,bitmap,frn_all_painting,swc_painting85.mdl
t1doora4,chunkywood13,emitter,fxpa_cloud02,t1doora4.mdl
t1doora4,chunkywood14,emitter,fxpa_cloud02,t1doora4.mdl
tail_speederbike,pasted__speederbike11,bitmap,speeder2,tail_speederbike.mdl
tail_speederbike,speederbike,bitmap,speeder2,tail_speederbike.mdl
tail_speederbike,speederbike1,bitmap,speeder2,tail_speederbike.mdl
tail_speederbike,speederbike11,bitmap,speeder2,tail_speederbike.mdl
tail_speederbike,speederbike13,bitmap,speeder2,tail_speederbike.mdl
tail_speederbike,speederbike14,bitmap,speeder2,tail_speederbike.mdl
tail_speederbike,speederbike15,bitmap,speeder2,tail_speederbike.mdl
tail_speederbike,speederbike19,bitmap,speeder2,tail_speederbike.mdl
tail_speederbike,speederbike2,bitmap,speeder2,tail_speederbike.mdl
tail_speederbike,speederbike20,bitmap,speeder2,tail_speederbike.mdl
tail_speederbike,speederbike23,bitmap,speeder2,tail_speederbike.mdl
tail_speederbike,speederbike24,bitmap,speeder2,tail_speederbike.mdl
tail_speederbike,speederbike26,bitmap,speeder2,tail_speederbike.mdl
tail_speederbike,speederbike28,bitmap,speeder2,tail_speederbike.mdl
tail_speederbike,speederbike3,bitmap,speeder2,tail_speederbike.mdl
tail_speederbike,speederbike4,bitmap,speeder2,tail_speederbike.mdl
tail_speederbike,speederbike6,bitmap,speeder2,tail_speederbike.mdl
tail_speederbike,speederbike9,bitmap,speeder2,tail_speederbike.mdl
tail_swoopbike,brakes,bitmap,speeder2,tail_swoopbike.mdl
tail_swoopbike,wind,bitmap,plc_spdrwin01,tail_swoopbike.mdl
tfb01_b01_01,box321,bitmap,tfb01_biobk,tfb01_b01_01.mdl
tfb01_b01_01,box453,bitmap,tfb01_biobk,tfb01_b01_01.mdl
tfb01_b01_01,plane323,bitmap,tfb01_hrdwdnc,tfb01_b01_01.mdl
tfb01_b01_02,plane334,bitmap,tfb01_hrdwdnc,tfb01_b01_02.mdl
tfb01_b01_03,mesh1474,bitmap,tfb01_wood_light,tfb01_b01_03.mdl
tfb01_b01_03,mesh1475,bitmap,tfb01_wood_light,tfb01_b01_03.mdl
tfb01_b01_03,plane338,bitmap,tfb01_hrdwdnc,tfb01_b01_03.mdl
tfb01_b02_01,plane324,bitmap,tfb01_hrdwdnc,tfb01_b02_01.mdl
tfb01_b02_02,box486,bitmap,tfb01_biobk,tfb01_b02_02.mdl
tfb01_b02_02,plane335,bitmap,tfb01_hrdwdnc,tfb01_b02_02.mdl
tfb01_b02_03,omenemitter18,emitter,fxpa_candle01,tfb01_b02_03.mdl
tfb01_b02_03,omenemitter19,emitter,fxpa_candle01,tfb01_b02_03.mdl
tfb01_b02_03,omenemitter20,emitter,fxpa_candle01,tfb01_b02_03.mdl
tfb01_b02_03,omenemitter21,emitter,fxpa_candle01,tfb01_b02_03.mdl
tfb01_b02_03,plane399,bitmap,tfb01_hrdwdnc,tfb01_b02_03.mdl
tfb01_b03_01,plane325,bitmap,tfb01_hrdwdnc,tfb01_b03_01.mdl
tfb01_b03_02,plane400,bitmap,tfb01_hrdwdnc,tfb01_b03_02.mdl
tfb01_b04_01,line48,bitmap,tfb01_hrdwdnc,tfb01_b04_01.mdl
tfb01_b04_01,plane326,bitmap,tfb01_hrdwdnc,tfb01_b04_01.mdl
tfb01_b04_02,plane337,bitmap,tfb01_hrdwdnc,tfb01_b04_02.mdl
tfb01_b06_01,mesh913,bitmap,tfb01_floortran1,tfb01_b06_01.mdl
tfb01_b06_01,plane05,bitmap,tfb01_hrdwdnc,tfb01_b06_01.mdl
tfb01_b06_02,mesh945,bitmap,tfb01_floortran1,tfb01_b06_02.mdl
tfb01_b06_02,plane282,bitmap,tfb01_hrdwdnc,tfb01_b06_02.mdl
tfb01_b07_01,mesh912,bitmap,tfb01_floortran1,tfb01_b07_01.mdl
tfb01_b07_01,plane06,bitmap,tfb01_hrdwdnc,tfb01_b07_01.mdl
tfb01_b08_01,mesh926,bitmap,tfb01_floortran1,tfb01_b08_01.mdl
tfb01_b08_01,plane363,bitmap,tfb01_hrdwdnc,tfb01_b08_01.mdl
tfb01_b08_02,mesh03,bitmap,tfb01_floortran1,tfb01_b08_02.mdl
tfb01_b08_02,mesh181,bitmap,tfb01_hrdwdnc,tfb01_b08_02.mdl
tfb01_b09_02,mesh956,bitmap,tfb01_floortran1,tfb01_b09_02.mdl
tfb01_b09_02,mesh961,bitmap,tfb01_hrdwdnc,tfb01_b09_02.mdl
tfb01_b13_02,plane349,bitmap,tfb01_hrdwdnc,tfb01_b13_02.mdl
tfb01_b13_03,plane350,bitmap,tfb01_hrdwdnc,tfb01_b13_03.mdl
tfb01_b15_02,plane351,bitmap,tfb01_hrdwdnc,tfb01_b15_02.mdl
tfb01_b16_02,plane352,bitmap,tfb01_hrdwdnc,tfb01_b16_02.mdl
tfb01_c01_01,box1429,bitmap,tfb01_hrdwdnc,tfb01_c01_01.mdl
tfb01_c01_01,mesh833,bitmap,tfb01_hrdwdnc,tfb01_c01_01.mdl
tfb01_c01_01,tdmesh867,bitmap,tfb01_hrdwdnc,tfb01_c01_01.mdl
tfb01_c03_01,box131,bitmap,tfb01_hrdwdnc,tfb01_c03_01.mdl
tfb01_c03_01,mesh1744,bitmap,tfb01_hrdwdnc,tfb01_c03_01.mdl
tfb01_c03_01,mesh812,bitmap,tfb01_hrdwdnc,tfb01_c03_01.mdl
tfb01_c03_01,tdmesh873,bitmap,tfb01_hrdwdnc,tfb01_c03_01.mdl
tfb01_c04_01,tdmesh875,bitmap,tfb01_hrdwdnc,tfb01_c04_01.mdl
tfb01_c06_01,tdmesh361,bitmap,tfb01_hrdwdnc,tfb01_c06_01.mdl
tfb01_c07_01,omenemitter17,emitter,fxpa_candle01,tfb01_c07_01.mdl
tfb01_c07_01,tdmesh363,bitmap,tfb01_hrdwdnc,tfb01_c07_01.mdl
tfb01_c15_01,mesh1051,bitmap,tfb01_floortran1,tfb01_c15_01.mdl
tfb01_c15_01,plane110,bitmap,tfb01_hrdwdnc,tfb01_c15_01.mdl
tfb01_c16_01,mesh1065,bitmap,tfb01_floortran1,tfb01_c16_01.mdl
tfb01_c16_01,plane373,bitmap,tfb01_hrdwdnc,tfb01_c16_01.mdl
tfb01_h18_01,tdmesh573,bitmap,tfb01_rinn,tfb01_h18_01.mdl
tfb01_l18_01,tdmesh549,bitmap,tfb01_rshp,tfb01_l18_01.mdl
thf02_z03_01,railtop01,bitmap,thf01_wood01,thf02_z03_01.mdl
tid01_d09_01,obj01,bitmap,tid01_pipe,tid01_d09_01.mdl
tid01_d09_01,obj11,bitmap,tid01_pipe,tid01_d09_01.mdl
tmx_door_01,sam,bitmap,standardmaterial,tmx_door_01.mdl
tpad_498,plane,bitmap,white,tpad_498.mdl
tqq01_b01_01,box321,bitmap,tqq01_biobk,tqq01_b01_01.mdl
tqq01_b01_01,box453,bitmap,tqq01_biobk,tqq01_b01_01.mdl
tqq01_b01_01,plane323,bitmap,tqq01_hrdwdnc,tqq01_b01_01.mdl
tqq01_b01_02,plane334,bitmap,tqq01_hrdwdnc,tqq01_b01_02.mdl
tqq01_b01_03,mesh1474,bitmap,tqq01_wood_light,tqq01_b01_03.mdl
tqq01_b01_03,mesh1475,bitmap,tqq01_wood_light,tqq01_b01_03.mdl
tqq01_b01_03,plane338,bitmap,tqq01_hrdwdnc,tqq01_b01_03.mdl
tqq01_b02_01,plane324,bitmap,tqq01_hrdwdnc,tqq01_b02_01.mdl
tqq01_b02_02,box486,bitmap,tqq01_biobk,tqq01_b02_02.mdl
tqq01_b02_02,plane335,bitmap,tqq01_hrdwdnc,tqq01_b02_02.mdl
tqq01_b02_03,omenemitter18,emitter,fxpa_candle01,tqq01_b02_03.mdl
tqq01_b02_03,omenemitter19,emitter,fxpa_candle01,tqq01_b02_03.mdl
tqq01_b02_03,omenemitter20,emitter,fxpa_candle01,tqq01_b02_03.mdl
tqq01_b02_03,omenemitter21,emitter,fxpa_candle01,tqq01_b02_03.mdl
tqq01_b02_03,plane399,bitmap,tqq01_hrdwdnc,tqq01_b02_03.mdl
tqq01_b03_01,plane325,bitmap,tqq01_hrdwdnc,tqq01_b03_01.mdl
tqq01_b03_02,plane400,bitmap,tqq01_hrdwdnc,tqq01_b03_02.mdl
tqq01_b04_01,line48,bitmap,tqq01_hrdwdnc,tqq01_b04_01.mdl
tqq01_b04_01,plane326,bitmap,tqq01_hrdwdnc,tqq01_b04_01.mdl
tqq01_b04_02,plane337,bitmap,tqq01_hrdwdnc,tqq01_b04_02.mdl
tqq01_b06_01,mesh913,bitmap,tqq01_floortran1,tqq01_b06_01.mdl
tqq01_b06_01,plane05,bitmap,tqq01_hrdwdnc,tqq01_b06_01.mdl
tqq01_b06_02,mesh945,bitmap,tqq01_floortran1,tqq01_b06_02.mdl
tqq01_b06_02,plane282,bitmap,tqq01_hrdwdnc,tqq01_b06_02.mdl
tqq01_b07_01,mesh912,bitmap,tqq01_floortran1,tqq01_b07_01.mdl
tqq01_b07_01,plane06,bitmap,tqq01_hrdwdnc,tqq01_b07_01.mdl
tqq01_b08_01,mesh926,bitmap,tqq01_floortran1,tqq01_b08_01.mdl
tqq01_b08_01,plane363,bitmap,tqq01_hrdwdnc,tqq01_b08_01.mdl
tqq01_b08_02,mesh03,bitmap,tqq01_floortran1,tqq01_b08_02.mdl
tqq01_b08_02,mesh181,bitmap,tqq01_hrdwdnc,tqq01_b08_02.mdl
tqq01_b09_02,mesh956,bitmap,tqq01_floortran1,tqq01_b09_02.mdl
tqq01_b09_02,mesh961,bitmap,tqq01_hrdwdnc,tqq01_b09_02.mdl
tqq01_b13_02,plane349,bitmap,tqq01_hrdwdnc,tqq01_b13_02.mdl
tqq01_b13_03,plane350,bitmap,tqq01_hrdwdnc,tqq01_b13_03.mdl
tqq01_b15_02,plane351,bitmap,tqq01_hrdwdnc,tqq01_b15_02.mdl
tqq01_b16_02,plane352,bitmap,tqq01_hrdwdnc,tqq01_b16_02.mdl
tqq01_c01_01,box1429,bitmap,tqq01_hrdwdnc,tqq01_c01_01.mdl
tqq01_c01_01,mesh833,bitmap,tqq01_hrdwdnc,tqq01_c01_01.mdl
tqq01_c01_01,tdmesh867,bitmap,tqq01_hrdwdnc,tqq01_c01_01.mdl
tqq01_c03_01,box131,bitmap,tqq01_hrdwdnc,tqq01_c03_01.mdl
tqq01_c03_01,mesh1744,bitmap,tqq01_hrdwdnc,tqq01_c03_01.mdl
tqq01_c03_01,mesh812,bitmap,tqq01_hrdwdnc,tqq01_c03_01.mdl
tqq01_c03_01,tdmesh873,bitmap,tqq01_hrdwdnc,tqq01_c03_01.mdl
tqq01_c04_01,tdmesh875,bitmap,tqq01_hrdwdnc,tqq01_c04_01.mdl
tqq01_c06_01,tdmesh361,bitmap,tqq01_hrdwdnc,tqq01_c06_01.mdl
tqq01_c07_01,omenemitter17,emitter,fxpa_candle01,tqq01_c07_01.mdl
tqq01_c07_01,tdmesh363,bitmap,tqq01_hrdwdnc,tqq01_c07_01.mdl
tqq01_c15_01,mesh1051,bitmap,tqq01_floortran1,tqq01_c15_01.mdl
tqq01_c15_01,plane110,bitmap,tqq01_hrdwdnc,tqq01_c15_01.mdl
tqq01_c16_01,mesh1065,bitmap,tqq01_floortran1,tqq01_c16_01.mdl
tqq01_c16_01,plane373,bitmap,tqq01_hrdwdnc,tqq01_c16_01.mdl
tqq01_h18_01,tdmesh573,bitmap,tqq01_rinn,tqq01_h18_01.mdl
tqq01_l18_01,tdmesh549,bitmap,tqq01_rshp,tqq01_l18_01.mdl
ttd01_o16_01,mkt_23,texture1,ttd01_barel_n,ttd01_barel.mtr
ttd01_o16_01,mkt_23,texture2,ttd01_barel_s,ttd01_barel.mtr
ttd01_o16_01,mkt_63,texture1,ttd01_barel_n,ttd01_barel.mtr
ttd01_o16_01,mkt_63,texture2,ttd01_barel_s,ttd01_barel.mtr
ttd01_p16_01,mkt_17,texture1,ttd01_barel_n,ttd01_barel.mtr
ttd01_p16_01,mkt_17,texture2,ttd01_barel_s,ttd01_barel.mtr
ttd01_p16_01,mkt_60,texture1,ttd01_barel_n,ttd01_barel.mtr
ttd01_p16_01,mkt_60,texture2,ttd01_barel_s,ttd01_barel.mtr
ttd_udoor_01,box112,texture1,ttd01_barel_n,ttd01_barel.mtr
ttd_udoor_01,box112,texture2,ttd01_barel_s,ttd01_barel.mtr
ttd_udoor_01,box116,texture1,ttd01_barel_n,ttd01_barel.mtr
ttd_udoor_01,box116,texture2,ttd01_barel_s,ttd01_barel.mtr
twl01_f00_01,ground_edge,bitmap,twl01_bog02,twl01_f00_01.mdl
twl01_f01_01,ground_edge,bitmap,twl01_bog02,twl01_f01_01.mdl
twl01_f01_02,ground_edge,bitmap,twl01_bog02,twl01_f01_02.mdl
twl01_f02_01,ground_ege,bitmap,twl01_bog02,twl01_f02_01.mdl
vco_canaries,auroraemitter01,emitter,birds,vco_canaries.mdl
vco_sp_symbl_hp,auroraemitter01,emitter,symbol_hope,vco_sp_symbl_hp.mdl
vco_vortex,omenemitter01,emitter,vortex_ripple,vco_vortex.mdl
vfx_marker,arrow,lightmap,map__19_normal_b,vfx_marker.mdl
vid_vortex,auroraemitter01,emitter,vortex_ripple,vid_vortex.mdl
vim_magweapon,object02,bitmap,gold1_tex,vim_magweapon.mdl
vim_magweapon,object05,bitmap,gold1_tex,vim_magweapon.mdl
vim_magweapon,object06,bitmap,handle_tex,vim_magweapon.mdl
vmr01_f05_04,mesh13,bitmap,vmr01_chess02,vmr01_f05_04.mdl
vmr01_f05_04,mesh17,bitmap,vmr01_chess02,vmr01_f05_04.mdl
vmr01_f05_04,mesh18,bitmap,vmr01_chess02,vmr01_f05_04.mdl
vmr01_f05_04,mesh19,bitmap,vmr01_chess02,vmr01_f05_04.mdl
vmr01_f05_04,mesh24,bitmap,vmr01_chess02,vmr01_f05_04.mdl
vmr01_f05_04,mesh25,bitmap,vmr01_chess02,vmr01_f05_04.mdl
vmr01_f05_04,mesh26,bitmap,vmr01_chess02,vmr01_f05_04.mdl
vmr01_f05_04,mesh27,bitmap,vmr01_chess02,vmr01_f05_04.mdl
vmr01_f05_04,mesh28,bitmap,vmr01_chess02,vmr01_f05_04.mdl
vmr01_f05_04,mesh29,bitmap,vmr01_chess02,vmr01_f05_04.mdl
vmr01_f05_04,mesh30,bitmap,vmr01_chess02,vmr01_f05_04.mdl
vmr01_f05_04,mesh31,bitmap,vmr01_chess02,vmr01_f05_04.mdl
vmr01_f05_04,mesh32,bitmap,vmr01_chess02,vmr01_f05_04.mdl
vmr01_f05_04,mesh33,bitmap,vmr01_chess02,vmr01_f05_04.mdl
vmr01_f05_04,mesh34,bitmap,vmr01_chess02,vmr01_f05_04.mdl
vmr01_f05_04,mesh35,bitmap,vmr01_chess02,vmr01_f05_04.mdl
vmr01_f05_04,plane01,bitmap,vmr01_dais02,vmr01_f05_04.mdl
vmr01_f05_04,plane03,bitmap,vmr01_dais02,vmr01_f05_04.mdl
vmr01_f05_04,plane04,bitmap,vmr01_dais02,vmr01_f05_04.mdl
vmr01_f05_04,plane05,bitmap,vmr01_dais02,vmr01_f05_04.mdl
vmr01_f05_04,plane06,bitmap,vmr01_dais02,vmr01_f05_04.mdl
vmr01_f05_04,plane07,bitmap,vmr01_dais02,vmr01_f05_04.mdl
vmr01_f05_04,plane08,bitmap,vmr01_dais02,vmr01_f05_04.mdl
vmr01_f05_04,plane09,bitmap,vmr01_dais02,vmr01_f05_04.mdl
vmr01_f05_04,plane10,bitmap,vmr01_dais02,vmr01_f05_04.mdl
vmr01_f05_04,plane11,bitmap,vmr01_dais02,vmr01_f05_04.mdl
vmr01_f05_04,plane12,bitmap,vmr01_dais02,vmr01_f05_04.mdl
vmr01_f05_04,plane13,bitmap,vmr01_dais02,vmr01_f05_04.mdl
vmr01_f05_04,plane14,bitmap,vmr01_dais02,vmr01_f05_04.mdl
vmr01_f05_04,plane15,bitmap,vmr01_dais02,vmr01_f05_04.mdl
vmr01_f05_04,plane16,bitmap,vmr01_dais02,vmr01_f05_04.mdl
vmr01_f05_04,plane17,bitmap,vmr01_dais02,vmr01_f05_04.mdl
vmr_gdoor01,sam,bitmap,standardmaterial,vmr_gdoor01.mdl
vmr_gdoor02,sam,bitmap,standardmaterial,vmr_gdoor02.mdl
vos_boltgun,bgscannontip,bitmap,01,vos_boltgun.mdl
vos_scifigun27,line05,bitmap,rsw,vos_scifigun27.mdl
vpr_fireball,flame01,emitter,fxpa_magic029,vpr_fireball.mdl
vpr_fireball,spark,emitter,fxpa_magic029,vpr_fireball.mdl
wblcl_m_111,cylinder01,bitmap,rollingpin,wblcl_m_111.mdl
wblcl_m_111,cylinder02,bitmap,rollingpin,wblcl_m_111.mdl
wblcl_m_111,cylinder03,bitmap,rollingpin,wblcl_m_111.mdl
wbwsh_m_221,line05,bitmap,rsw,wbwsh_m_221.mdl
wbwsh_m_222,line05,bitmap,rsw,wbwsh_m_222.mdl
wbwsh_m_251,line05,bitmap,rsw,wbwsh_m_251.mdl
wbwsh_m_252,line05,bitmap,rsw,wbwsh_m_252.mdl
wbwsl_113,lense_front,bitmap,lens,wbwsl_113.mdl
wbwsl_113,lense_rear,bitmap,lens,wbwsl_113.mdl
wbwsl_123,Line05,bitmap,rsw,wbwsl_123.mdl
wbwsl_m_071,box06,bitmap,box06,wbwsl_m_071.mdl
wbwsl_m_071,cylinder02,bitmap,cylinder02,wbwsl_m_071.mdl
wbwsl_m_211,linsen,bitmap,soff_lens,wbwsl_m_211.mdl
wbwsl_m_212,linsen,bitmap,soff_lens,wbwsl_m_212.mdl
wbwxh_m_022,silencer,bitmap,mg-silencer,wbwxh_m_022.mdl
wbwxh_m_074,linsen,bitmap,soff_lens,wbwxh_m_074.mdl
wbwxh_m_083,hbframe,bitmap,dgmetal,wbwxh_m_083.mdl
wbwxh_m_151,magazinebt,bitmap,sprmagb,wbwxh_m_151.mdl
wbwxl_m_025,bgscannontip,bitmap,01,wbwxl_m_025.mdl
wbwxl_m_026,cannontip,bitmap,01,wbwxl_m_026.mdl
wbwxl_m_072,linsen,bitmap,soff_lens,wbwxl_m_072.mdl
wbwxl_m_141,lense_front,bitmap,lens,wbwxl_m_141.mdl
wbwxl_m_141,lense_rear,bitmap,lens,wbwxl_m_141.mdl
wbwxl_m_203,basicrifle,bitmap,material.007,wbwxl_m_203.mdl
wclfr_m_021,red01,bitmap,purple,wclfr_m_021.mdl
wclfr_m_061,red01,bitmap,purple,wclfr_m_061.mdl
wclfr_m_071,purple,bitmap,purple,wclfr_m_071.mdl
wdbma_t_051,geosphere01,bitmap,white,wdbma_t_051.mdl
wdbma_t_052,geosphere01,bitmap,white,wdbma_t_052.mdl
wdbma_t_053,geosphere01,bitmap,white,wdbma_t_053.mdl
wdbma_t_054,geosphere01,bitmap,white,wdbma_t_054.mdl
wfaps_b_011,g_wfaps_b_011a,bitmap,w_pistol_tex,wfaps_b_011.mdl
wfaps_b_011,g_wfaps_b_011b,bitmap,w_pistol_tex,wfaps_b_011.mdl
wfaps_m_011,g_wfaps_m_011a,bitmap,w_pistol_tex,wfaps_m_011.mdl
wfaps_m_011,g_wfaps_m_011b,bitmap,w_pistol_tex,wfaps_m_011.mdl
wfaps_m_011,g_wfaps_m_011c,bitmap,w_pistol_tex,wfaps_m_011.mdl
wfaps_m_031,g_wfaps_m_031a,bitmap,w_m51_tex01,wfaps_m_031.mdl
wfaps_m_031,g_wfaps_m_031b,bitmap,w_m51_tex02,wfaps_m_031.mdl
wfaps_m_031,g_wfaps_m_031c,bitmap,w_m51_tex03,wfaps_m_031.mdl
wfaps_t_011,g_wfaps_t_011,bitmap,w_pistol_tex,wfaps_t_011.mdl
wmkbs_b_016,wmkbs_b_062,bitmap,ladle,wmkbs_b_016.mdl
wmkbs_b_016,wmkbs_m_064,bitmap,ladle,wmkbs_b_016.mdl
wmkbs_b_016,wmkbs_t_062,bitmap,ladle,wmkbs_b_016.mdl
wmkbs_b_062,wmkbs_b_062,bitmap,ladle,wmkbs_b_062.mdl
wmkbs_m_062,wmkbs_m_064,bitmap,ladle,wmkbs_m_062.mdl
wmkbs_t_062,wmkbs_t_062,bitmap,ladle,wmkbs_t_062.mdl
wplss_t_111,bottom_shaft,bitmap,ad_wd_black,wplss_t_111.mdl
wsf01_a01_07,piano06_07,bitmap,window_glass_2,wsf01_a01_07.mdl
wsf01_a01_07,piano11_07,bitmap,window_glass_2,wsf01_a01_07.mdl
wsf01_j01_01,node02_5,bitmap,wms01_2cliifeda2,wsf01_j01_01.mdl
wsf01_l09_03,object368,bitmap,metal-ring_02,wsf01_l09_03.mdl
wsf01_l12_01,plant_16,bitmap,wsf01_leaf01,wsf01_l12_01.mdl
wsf01_l12_01,plant_17,bitmap,wsf01_leaf01,wsf01_l12_01.mdl
wsf01_l12_02,plant_16,bitmap,wsf01_leaf01,wsf01_l12_02.mdl
wsf01_l12_02,plant_17,bitmap,wsf01_leaf01,wsf01_l12_02.mdl
wsf01_l29_03,object368,bitmap,metal-ring_02,wsf01_l29_03.mdl
wsf01_v86_07,sand,bitmap,black_raw,wsf01_v86_07.mdl
wsf01_v86_08,sand,bitmap,black_raw,wsf01_v86_08.mdl
wsf02_a01_07,piano06_07,bitmap,window_glass_2,wsf02_a01_07.mdl
wsf02_a01_07,piano11_07,bitmap,window_glass_2,wsf02_a01_07.mdl
wsf03_a01_07,piano06_07,bitmap,window_glass_2,wsf03_a01_07.mdl
wsf03_a01_07,piano11_07,bitmap,window_glass_2,wsf03_a01_07.mdl
wsf03_s01_07,plane04,bitmap,wsf03_tent2,wsf03_s01_07.mdl
wsf03_s01_07,plane08,bitmap,wsf03_tent2,wsf03_s01_07.mdl
wsf04_e06_06,node02,bitmap,wms01_1_wood,wsf04_e06_06.mdl
wsf04_e26_06,node02,bitmap,wms01_1_wood,wsf04_e26_06.mdl
wsf04_e36_06,node02,bitmap,wms01_1_wood,wsf04_e36_06.mdl
wsf07_z01_01,rock,bitmap,mountain,wsf07_z01_01.mdl
wsf07_z02_01,rock,bitmap,mountain2,wsf07_z02_01.mdl
wsf07_z03_01,rock,bitmap,mountain2,wsf07_z03_01.mdl
wsf07_z04_01,rock,bitmap,mountain2,wsf07_z04_01.mdl
wsf08_w83_01x,plane164,bitmap,bmblack1,wsf08_w83_01x.mdl
wsf10_j04_01,plc_mc_grave05_w,bitmap,nowalk,wsf10_j04_01.mdl
wsf10_j04_02,plc_mc_grave05_w,bitmap,nowalk,wsf10_j04_02.mdl
wsf10_j24_01,plc_mc_grave05_w,bitmap,nowalk,wsf10_j24_01.mdl
wsf10_j24_02,plc_mc_grave05_w,bitmap,nowalk,wsf10_j24_02.mdl
wsf10_k01_01,water,bitmap,tmss1_water01,wsf10_k01_01.mdl
wsf10_l01_24,node10,bitmap,wm01_barkac,wsf10_l01_24.mdl
wsf10_l01_25,fenster_oben,bitmap,tw010_glas02,wsf10_l01_25.mdl
wsf10_l01_25,mesh55,bitmap,road_2d,wsf10_l01_25.mdl
wsf10_l01_25,schwarz_eckturm,bitmap,tw010_black,wsf10_l01_25.mdl
wsf10_l01_28,piano06,bitmap,window_glass_2,wsf10_l01_28.mdl
wsf10_l01_29,fenster_oben,bitmap,tw010_glas02,wsf10_l01_29.mdl
wsf10_l01_29,schwarz_eckturm,bitmap,tw010_black,wsf10_l01_29.mdl
wsf10_l01_30,fenster_oben,bitmap,tw010_glas02,wsf10_l01_30.mdl
wsf10_l01_30,mauer_oben_oben,bitmap,tw010_mauer02,wsf10_l01_30.mdl
wsf10_l01_30,mauer_oben_oben02,bitmap,tw010_mauer02,wsf10_l01_30.mdl
wsf10_l01_30,schwarz_eckturm,bitmap,tw010_black,wsf10_l01_30.mdl
wsf10_l01_30,traeger,bitmap,tw010_mauer02d,wsf10_l01_30.mdl
wsf10_l01_31,piano06,bitmap,window_glass_2,wsf10_l01_31.mdl
wsf10_l01_32,fenster_oben,bitmap,tw010_glas02,wsf10_l01_32.mdl
wsf10_l01_32,mauer_oben_oben,bitmap,tw010_mauer02,wsf10_l01_32.mdl
wsf10_l01_32,mauer_oben_oben02,bitmap,tw010_mauer02,wsf10_l01_32.mdl
wsf10_l01_32,schwarz_eckturm,bitmap,tw010_black,wsf10_l01_32.mdl
wsf10_l01_32,traeger,bitmap,tw010_mauer02d,wsf10_l01_32.mdl
wsf10_l01_33,fenster_oben,bitmap,tw010_glas02,wsf10_l01_33.mdl
wsf10_l01_33,mauer_oben_oben,bitmap,tw010_mauer02,wsf10_l01_33.mdl
wsf10_l01_33,mauer_oben_oben02,bitmap,tw010_mauer02,wsf10_l01_33.mdl
wsf10_l01_33,schwarz_eckturm,bitmap,tw010_black,wsf10_l01_33.mdl
wsf10_l01_33,traeger,bitmap,tw010_mauer02d,wsf10_l01_33.mdl
wsf10_l11_01,mesh55,bitmap,road_2d,wsf10_l11_01.mdl
wsf10_l11_01,node0,bitmap,ls_wal_04x04-a_r,wsf10_l11_01.mdl
wsf10_l11_01,node1,bitmap,black_raw,wsf10_l11_01.mdl
wsf10_l11_01,node11,bitmap,sfwm_wd01,wsf10_l11_01.mdl
wsf10_l11_01,node2,bitmap,ls_wal_04x04-a_r,wsf10_l11_01.mdl
wsf10_l11_01,node2_1,bitmap,ls_wal_trim-01_r,wsf10_l11_01.mdl
wsf10_l11_01,node3,bitmap,ls_flr_04x04-h_r,wsf10_l11_01.mdl
wsf10_l11_01,node3_1,bitmap,ls_flr_04x04-a_r,wsf10_l11_01.mdl
wsf10_l11_01,node4,bitmap,pxiwjngeonarch-0,wsf10_l11_01.mdl
wsf10_l11_01,node5,bitmap,pxizgass-brick-0,wsf10_l11_01.mdl
wsf10_l11_01,node6,bitmap,ls_wal_trim-01_r,wsf10_l11_01.mdl
wsf10_l11_01,node6_1,bitmap,hqm_flr_04x04-a_,wsf10_l11_01.mdl
wsf10_l11_01,node7,bitmap,ls_flr_04x04-a_r,wsf10_l11_01.mdl
wsf10_l11_01,object1988,bitmap,sfwm_wd01,wsf10_l11_01.mdl
wsf10_l21_24,node10,bitmap,wm01_barkac,wsf10_l21_24.mdl
wsf10_l21_25,fenster_oben,bitmap,tw010_glas02,wsf10_l21_25.mdl
wsf10_l21_25,mesh55,bitmap,road_2d,wsf10_l21_25.mdl
wsf10_l21_25,schwarz_eckturm,bitmap,tw010_black,wsf10_l21_25.mdl
wsf10_l21_28,piano06,bitmap,window_glass_2,wsf10_l21_28.mdl
wsf10_l21_29,fenster_oben,bitmap,tw010_glas02,wsf10_l21_29.mdl
wsf10_l21_29,schwarz_eckturm,bitmap,tw010_black,wsf10_l21_29.mdl
wsf10_l21_30,fenster_oben,bitmap,tw010_glas02,wsf10_l21_30.mdl
wsf10_l21_30,mauer_oben_oben,bitmap,tw010_mauer02,wsf10_l21_30.mdl
wsf10_l21_30,mauer_oben_oben02,bitmap,tw010_mauer02,wsf10_l21_30.mdl
wsf10_l21_30,schwarz_eckturm,bitmap,tw010_black,wsf10_l21_30.mdl
wsf10_l21_30,traeger,bitmap,tw010_mauer02d,wsf10_l21_30.mdl
wsf10_l31_29,fenster_oben,bitmap,tw010_glas02,wsf10_l31_29.mdl
wsf10_l31_29,schwarz_eckturm,bitmap,tw010_black,wsf10_l31_29.mdl
wsf10_u02_04x,w_ground,bitmap,black_raw,wsf10_u02_04x.mdl
wsf10_z11_12,object333,bitmap,wsf15_black,wsf10_z11_12.mdl
wsf10_z11_12,object671,bitmap,wsf15_black,wsf10_z11_12.mdl
wsf10_z11_13,object333,bitmap,wsf15_black,wsf10_z11_13.mdl
wsf10_z11_13,object671,bitmap,wsf15_black,wsf10_z11_13.mdl
wsf10_z11_15,object333,bitmap,wsf15_black,wsf10_z11_15.mdl
wsf10_z11_15,object671,bitmap,wsf15_black,wsf10_z11_15.mdl
wsf10_z11_16,object333,bitmap,wsf15_black,wsf10_z11_16.mdl
wsf10_z11_16,object671,bitmap,wsf15_black,wsf10_z11_16.mdl
wsf10_z11_17,object333,bitmap,wsf15_black,wsf10_z11_17.mdl
wsf10_z11_17,object671,bitmap,wsf15_black,wsf10_z11_17.mdl
wsf11_n47_01,node02,bitmap,wms01_1_wood,wsf11_n47_01.mdl
wsf11_n47_04,node02,bitmap,wms01_1_wood,wsf11_n47_04.mdl
wsf11_p01_03,rail_03,bitmap,wut01_wood6,wsf11_p01_03.mdl
wsf11_p01_04,object27_04,bitmap,wut01_wood6,wsf11_p01_04.mdl
wsf11_p01_05,floor2_05,bitmap,wut01_wood7,wsf11_p01_05.mdl
wsf11_p01_05,floor_05,bitmap,wut01_wood7,wsf11_p01_05.mdl
wsf11_p01_06,floor2_06,bitmap,wut01_wood7,wsf11_p01_06.mdl
wsf11_p01_06,floor_06,bitmap,wut01_wood7,wsf11_p01_06.mdl
wsf11_w24_05,sphere01_05,bitmap,wut01_tiderck,wsf11_w24_05.mdl
wsf13_l09_03,object368,bitmap,metal-ring_02,wsf13_l09_03.mdl
wsf13_l12_01,plant_16,bitmap,wsf01_leaf01,wsf13_l12_01.mdl
wsf13_l12_01,plant_17,bitmap,wsf01_leaf01,wsf13_l12_01.mdl
wsf13_l12_02,plant_16,bitmap,wsf01_leaf01,wsf13_l12_02.mdl
wsf13_l12_02,plant_17,bitmap,wsf01_leaf01,wsf13_l12_02.mdl
wsf14_j01_04,fenster_glas,bitmap,tw010_glas02,wsf14_j01_04.mdl
wsf14_j01_06,fenster_glas,bitmap,tw010_glas02,wsf14_j01_06.mdl
wsf14_j01_07,fenster_glas,bitmap,tw010_glas02,wsf14_j01_07.mdl
wsf14_j01_09,fenster_glas,bitmap,tw010_glas02,wsf14_j01_09.mdl
wsf14_j01_10,fenster_glas,bitmap,tw010_glas02,wsf14_j01_10.mdl
wsf14_j01_12,fenster_glas,bitmap,tw010_glas02,wsf14_j01_12.mdl
wsf14_j01_14,fenster_glas,bitmap,tw010_glas02,wsf14_j01_14.mdl
wsf15_j01_02,object673,bitmap,wsf15_black,wsf15_j01_02.mdl
wsf15_j02_02,object333,bitmap,wsf15_black,wsf15_j02_02.mdl
wsf15_j02_02,object671,bitmap,wsf15_black,wsf15_j02_02.mdl
wsf18_l09_03,object368,bitmap,metal-ring_02,wsf18_l09_03.mdl
wsf18_l12_01,plant_16,bitmap,wsf01_leaf01,wsf18_l12_01.mdl
wsf18_l12_01,plant_17,bitmap,wsf01_leaf01,wsf18_l12_01.mdl
wsf18_l12_02,plant_16,bitmap,wsf01_leaf01,wsf18_l12_02.mdl
wsf18_l12_02,plant_17,bitmap,wsf01_leaf01,wsf18_l12_02.mdl
wsf19_a04_02,plane02,bitmap,mountain2,wsf19_a04_02.mdl
wsf19_a04_02,tsh01_a01_01_gr_0_0_0_0,bitmap,mountain2,wsf19_a04_02.mdl
wsf21_l12_01,plant_16,bitmap,wsf01_leaf01,wsf21_l12_01.mdl
wsf21_l12_01,plant_17,bitmap,wsf01_leaf01,wsf21_l12_01.mdl
wsf21_l12_02,plant_16,bitmap,wsf01_leaf01,wsf21_l12_02.mdl
wsf21_l12_02,plant_17,bitmap,wsf01_leaf01,wsf21_l12_02.mdl
wsf23_l12_01,plant_16,bitmap,wsf01_leaf01,wsf23_l12_01.mdl
wsf23_l12_01,plant_17,bitmap,wsf01_leaf01,wsf23_l12_01.mdl
wsf23_l12_02,plant_16,bitmap,wsf01_leaf01,wsf23_l12_02.mdl
wsf23_l12_02,plant_17,bitmap,wsf01_leaf01,wsf23_l12_02.mdl
wsf30_j04_01,plc_mc_grave05_w,bitmap,nowalk,wsf30_j04_01.mdl
wsf30_j04_02,plc_mc_grave05_w,bitmap,nowalk,wsf30_j04_02.mdl
wsf30_l01_24,node10,bitmap,wm01_barkac,wsf30_l01_24.mdl
wsf30_l01_25,fenster_oben,bitmap,tw010_glas02,wsf30_l01_25.mdl
wsf30_l01_25,mesh55,bitmap,road_2d,wsf30_l01_25.mdl
wsf30_l01_25,schwarz_eckturm,bitmap,tw010_black,wsf30_l01_25.mdl
wsf30_l01_28,piano06,bitmap,window_glass_2,wsf30_l01_28.mdl
wsf30_l21_29,fenster_oben,bitmap,tw010_glas02,wsf30_l21_29.mdl
wsf30_l21_29,schwarz_eckturm,bitmap,tw010_black,wsf30_l21_29.mdl
wsf30_l21_30,fenster_oben,bitmap,tw010_glas02,wsf30_l21_30.mdl
wsf30_l21_30,mauer_oben_oben,bitmap,tw010_mauer02,wsf30_l21_30.mdl
wsf30_l21_30,mauer_oben_oben02,bitmap,tw010_mauer02,wsf30_l21_30.mdl
wsf30_l21_30,schwarz_eckturm,bitmap,tw010_black,wsf30_l21_30.mdl
wsf30_l21_30,traeger,bitmap,tw010_mauer02d,wsf30_l21_30.mdl
wsf33_l12_01,plant_16,bitmap,wsf01_leaf01,wsf33_l12_01.mdl
wsf33_l12_01,plant_17,bitmap,wsf01_leaf01,wsf33_l12_01.mdl
wsf33_l12_02,plant_16,bitmap,wsf01_leaf01,wsf33_l12_02.mdl
wsf33_l12_02,plant_17,bitmap,wsf01_leaf01,wsf33_l12_02.mdl
wsf41_d02_01,object333,bitmap,wsf15_black,wsf41_d02_01.mdl
wsf41_d02_01,object671,bitmap,wsf15_black,wsf41_d02_01.mdl
wsf41_j01_01,terrain01,bitmap,wsf_cobbletrail0,wsf41_j01_01.mdl
wsf_a47_01,a15_111,bitmap,mountain,wsf_a47_01.mdl
wsf_a88_01,plane700,bitmap,mountain,wsf_a88_01.mdl
wsf_a89_01,line1464,bitmap,mountain,wsf_a89_01.mdl
wsf_a89_01,line1466,bitmap,mountain,wsf_a89_01.mdl
wsf_a89_01,object519,bitmap,mountain,wsf_a89_01.mdl
wsf_a89_01,plane695,bitmap,mountain,wsf_a89_01.mdl
wsf_a89_01,plane696,bitmap,gravel,wsf_a89_01.mdl
wsf_a90_01,line1475,bitmap,bm_stonewall,wsf_a90_01.mdl
wsf_a90_01,line1476,bitmap,tdr1_wallplain,wsf_a90_01.mdl
wsf_a90_01,plane697,bitmap,mountain,wsf_a90_01.mdl
wsf_a92_01,line1489,bitmap,mountain,wsf_a92_01.mdl
wsf_a92_01,line1490,bitmap,mountain3,wsf_a92_01.mdl
wsf_a92_01,mesh1798,bitmap,mountain,wsf_a92_01.mdl
wsf_a92_01,plane704,bitmap,mountain,wsf_a92_01.mdl
wsf_a92_01,plane705,bitmap,tmss1_water01,wsf_a92_01.mdl
wsf_a93_01,mesh88,bitmap,mountain3,wsf_a93_01.mdl
wsf_a93_01,plane01,bitmap,mountain,wsf_a93_01.mdl
wsf_a93_01,plane95,bitmap,tmss1_water01,wsf_a93_01.mdl
wswglsbr_b_041,w_saber3,bitmap,anakin2saber2,wswglsbr_b_041.mdl
wswglsbr_b_061,w_saber3,bitmap,anakin2saber2,wswglsbr_b_061.mdl
wswgs_m_105,cbhilthole,bitmap,01,wswgs_m_105.mdl
wswgs_t_061,Object10,bitmap,runes01,wswgs_t_061.mdl
wswls_m_105,cbhilthole,bitmap,01,wswls_m_105.mdl
wswls_m_106,cbhilthole,bitmap,01,wswls_m_106.mdl
wswlsbr_b_061,w_saber3,bitmap,anakin2saber2,wswlsbr_b_061.mdl
wswrp_t_029,polysurface6,bitmap,dep_tigersharkra,wswrp_t_029.mdl
xwing,windows,bitmap,blueglass,xwing.mdl
xwing,windows01,bitmap,blueglass,xwing.mdl
xwingsm,windows,bitmap,blueglass,xwingsm.mdl
xwingsm,windows01,bitmap,blueglass,xwingsm.mdl
zcn01_c43_01,box05,bitmap,mesh64,zcn01_c43_01.mdl
zcn01_c43_01,box456,bitmap,mesh64,zcn01_c43_01.mdl
zcn01_c44_01,plane02,bitmap,mesh157,zcn01_c44_01.mdl
zcn01_c44_07,plane02,bitmap,mesh157,zcn01_c44_07.mdl
zcp_banshee,rootdummy,bitmap,rootdummy,zcp_banshee.mdl
zcp_duck,omenemitter01,emitter,fxpa_feather,zcp_duck.mdl
zcp_goose,omenemitter01,emitter,fxpa_feather,zcp_goose.mdl
zcp_pegasus_l,tail_01_g01,bitmap,whitehrse_tail,zcp_pegasus_l.mdl
zcp_pegasus_l,tail_02_g,bitmap,whitehrse_tail,zcp_pegasus_l.mdl
zcp_pegasus_l,tail_03_g,bitmap,whitehrse_tail,zcp_pegasus_l.mdl
zcp_turkey,omenemitter01,emitter,fxpa_feather,zcp_turkey.mdl
zdc03_z20_01,mesh2564,bitmap,tzs01_wall9f,zdc03_z20_01.mdl
zdc03_z20_01,object1475,bitmap,tzs01_wall9f,zdc03_z20_01.mdl
zdc03_z20_01,object1476,bitmap,tzs01_wall9l,zdc03_z20_01.mdl
zdc03_z20_01,object1477,bitmap,tzs01_grad_l,zdc03_z20_01.mdl
zdc03_z20_01,object451,bitmap,tzs01_floor1,zdc03_z20_01.mdl
zdm02_u01_01,yoopey04,bitmap,zdm02_gold,zdm02_u01_01.mdl
zdm02_u01_01,yoopey04_1,bitmap,zdm02_gold,zdm02_u01_01.mdl
zdm02_u01_01,yoopey04_10,bitmap,zdm02_gold,zdm02_u01_01.mdl
zdm02_u01_01,yoopey04_11,bitmap,zdm02_gold,zdm02_u01_01.mdl
zdm02_u01_01,yoopey04_12,bitmap,zdm02_gold,zdm02_u01_01.mdl
zdm02_u01_01,yoopey04_13,bitmap,zdm02_gold,zdm02_u01_01.mdl
zdm02_u01_01,yoopey04_14,bitmap,zdm02_gold,zdm02_u01_01.mdl
zdm02_u01_01,yoopey04_2,bitmap,zdm02_gold,zdm02_u01_01.mdl
zdm02_u01_01,yoopey04_3,bitmap,zdm02_gold,zdm02_u01_01.mdl
zdm02_u01_01,yoopey04_4,bitmap,zdm02_gold,zdm02_u01_01.mdl
zdm02_u01_01,yoopey04_5,bitmap,zdm02_gold,zdm02_u01_01.mdl
zdm02_u01_01,yoopey04_6,bitmap,zdm02_gold,zdm02_u01_01.mdl
zdm02_u01_01,yoopey04_7,bitmap,zdm02_gold,zdm02_u01_01.mdl
zdm02_u01_01,yoopey04_8,bitmap,zdm02_gold,zdm02_u01_01.mdl
zdm02_u01_01,yoopey04_9,bitmap,zdm02_gold,zdm02_u01_01.mdl
zdm02_u01_01,yoopey68,bitmap,zdm02_gold,zdm02_u01_01.mdl
zdm02_u02_01,yoopey18,bitmap,zdm02_gold,zdm02_u02_01.mdl
zdm02_u02_01,yoopey18_1,bitmap,zdm02_gold,zdm02_u02_01.mdl
zdm02_u02_01,yoopey19,bitmap,zdm02_gold,zdm02_u02_01.mdl
zdm02_u02_01,yoopey19_1,bitmap,zdm02_gold,zdm02_u02_01.mdl
zdm02_u02_01,yoopey19_10,bitmap,zdm02_gold,zdm02_u02_01.mdl
zdm02_u02_01,yoopey19_11,bitmap,zdm02_gold,zdm02_u02_01.mdl
zdm02_u02_01,yoopey19_12,bitmap,zdm02_gold,zdm02_u02_01.mdl
zdm02_u02_01,yoopey19_13,bitmap,zdm02_gold,zdm02_u02_01.mdl
zdm02_u02_01,yoopey19_14,bitmap,zdm02_gold,zdm02_u02_01.mdl
zdm02_u02_01,yoopey19_15,bitmap,zdm02_gold,zdm02_u02_01.mdl
zdm02_u02_01,yoopey19_2,bitmap,zdm02_gold,zdm02_u02_01.mdl
zdm02_u02_01,yoopey19_3,bitmap,zdm02_gold,zdm02_u02_01.mdl
zdm02_u02_01,yoopey19_4,bitmap,zdm02_gold,zdm02_u02_01.mdl
zdm02_u02_01,yoopey19_5,bitmap,zdm02_gold,zdm02_u02_01.mdl
zdm02_u02_01,yoopey19_6,bitmap,zdm02_gold,zdm02_u02_01.mdl
zdm02_u02_01,yoopey19_7,bitmap,zdm02_gold,zdm02_u02_01.mdl
zdm02_u02_01,yoopey19_7_1,bitmap,zdm02_gold,zdm02_u02_01.mdl
zdm02_u02_01,yoopey19_7_2,bitmap,zdm02_gold,zdm02_u02_01.mdl
zdm02_u02_01,yoopey19_8,bitmap,zdm02_gold,zdm02_u02_01.mdl
zdm02_u02_01,yoopey19_9,bitmap,zdm02_gold,zdm02_u02_01.mdl
zdm02_u02_01,yoopey24,bitmap,zdm02_gold,zdm02_u02_01.mdl
zdm02_v01_01,yoopey08,bitmap,zdm02_gold,zdm02_v01_01.mdl
zdm02_v01_01,yoopey08_1,bitmap,zdm02_gold,zdm02_v01_01.mdl
zdm02_v01_01,yoopey08_10,bitmap,zdm02_gold,zdm02_v01_01.mdl
zdm02_v01_01,yoopey08_2,bitmap,zdm02_gold,zdm02_v01_01.mdl
zdm02_v01_01,yoopey08_3,bitmap,zdm02_gold,zdm02_v01_01.mdl
zdm02_v01_01,yoopey08_4,bitmap,zdm02_gold,zdm02_v01_01.mdl
zdm02_v01_01,yoopey08_5,bitmap,zdm02_gold,zdm02_v01_01.mdl
zdm02_v01_01,yoopey08_6,bitmap,zdm02_gold,zdm02_v01_01.mdl
zdm02_v01_01,yoopey08_7,bitmap,zdm02_gold,zdm02_v01_01.mdl
zdm02_v01_01,yoopey08_8,bitmap,zdm02_gold,zdm02_v01_01.mdl
zdm02_v01_01,yoopey08_9,bitmap,zdm02_gold,zdm02_v01_01.mdl
zdm02_v01_01,yoopey09,bitmap,zdm02_gold,zdm02_v01_01.mdl
zdm02_v02_01,yoopey13,bitmap,zdm02_gold,zdm02_v02_01.mdl
zdm02_v02_01,yoopey13_1,bitmap,zdm02_gold,zdm02_v02_01.mdl
zdm02_v02_01,yoopey13_10,bitmap,zdm02_gold,zdm02_v02_01.mdl
zdm02_v02_01,yoopey13_11,bitmap,zdm02_gold,zdm02_v02_01.mdl
zdm02_v02_01,yoopey13_12,bitmap,zdm02_gold,zdm02_v02_01.mdl
zdm02_v02_01,yoopey13_13,bitmap,zdm02_gold,zdm02_v02_01.mdl
zdm02_v02_01,yoopey13_2,bitmap,zdm02_gold,zdm02_v02_01.mdl
zdm02_v02_01,yoopey13_3,bitmap,zdm02_gold,zdm02_v02_01.mdl
zdm02_v02_01,yoopey13_4,bitmap,zdm02_gold,zdm02_v02_01.mdl
zdm02_v02_01,yoopey13_5,bitmap,zdm02_gold,zdm02_v02_01.mdl
zdm02_v02_01,yoopey13_6,bitmap,zdm02_gold,zdm02_v02_01.mdl
zdm02_v02_01,yoopey13_7,bitmap,zdm02_gold,zdm02_v02_01.mdl
zdm02_v02_01,yoopey13_8,bitmap,zdm02_gold,zdm02_v02_01.mdl
zdm02_v02_01,yoopey13_9,bitmap,zdm02_gold,zdm02_v02_01.mdl
zdm02_v02_01,yoopey14,bitmap,zdm02_gold,zdm02_v02_01.mdl
zdm03_u01_01,yoopey04,bitmap,zdm03_gold,zdm03_u01_01.mdl
zdm03_u01_01,yoopey04_1,bitmap,zdm03_gold,zdm03_u01_01.mdl
zdm03_u01_01,yoopey04_10,bitmap,zdm03_gold,zdm03_u01_01.mdl
zdm03_u01_01,yoopey04_11,bitmap,zdm03_gold,zdm03_u01_01.mdl
zdm03_u01_01,yoopey04_12,bitmap,zdm03_gold,zdm03_u01_01.mdl
zdm03_u01_01,yoopey04_13,bitmap,zdm03_gold,zdm03_u01_01.mdl
zdm03_u01_01,yoopey04_14,bitmap,zdm03_gold,zdm03_u01_01.mdl
zdm03_u01_01,yoopey04_2,bitmap,zdm03_gold,zdm03_u01_01.mdl
zdm03_u01_01,yoopey04_3,bitmap,zdm03_gold,zdm03_u01_01.mdl
zdm03_u01_01,yoopey04_4,bitmap,zdm03_gold,zdm03_u01_01.mdl
zdm03_u01_01,yoopey04_5,bitmap,zdm03_gold,zdm03_u01_01.mdl
zdm03_u01_01,yoopey04_6,bitmap,zdm03_gold,zdm03_u01_01.mdl
zdm03_u01_01,yoopey04_7,bitmap,zdm03_gold,zdm03_u01_01.mdl
zdm03_u01_01,yoopey04_8,bitmap,zdm03_gold,zdm03_u01_01.mdl
zdm03_u01_01,yoopey04_9,bitmap,zdm03_gold,zdm03_u01_01.mdl
zdm03_u01_01,yoopey68,bitmap,zdm03_gold,zdm03_u01_01.mdl
zdm03_u02_01,yoopey18,bitmap,zdm03_gold,zdm03_u02_01.mdl
zdm03_u02_01,yoopey18_1,bitmap,zdm03_gold,zdm03_u02_01.mdl
zdm03_u02_01,yoopey19,bitmap,zdm03_gold,zdm03_u02_01.mdl
zdm03_u02_01,yoopey19_1,bitmap,zdm03_gold,zdm03_u02_01.mdl
zdm03_u02_01,yoopey19_10,bitmap,zdm03_gold,zdm03_u02_01.mdl
zdm03_u02_01,yoopey19_11,bitmap,zdm03_gold,zdm03_u02_01.mdl
zdm03_u02_01,yoopey19_12,bitmap,zdm03_gold,zdm03_u02_01.mdl
zdm03_u02_01,yoopey19_13,bitmap,zdm03_gold,zdm03_u02_01.mdl
zdm03_u02_01,yoopey19_14,bitmap,zdm03_gold,zdm03_u02_01.mdl
zdm03_u02_01,yoopey19_15,bitmap,zdm03_gold,zdm03_u02_01.mdl
zdm03_u02_01,yoopey19_2,bitmap,zdm03_gold,zdm03_u02_01.mdl
zdm03_u02_01,yoopey19_3,bitmap,zdm03_gold,zdm03_u02_01.mdl
zdm03_u02_01,yoopey19_4,bitmap,zdm03_gold,zdm03_u02_01.mdl
zdm03_u02_01,yoopey19_5,bitmap,zdm03_gold,zdm03_u02_01.mdl
zdm03_u02_01,yoopey19_6,bitmap,zdm03_gold,zdm03_u02_01.mdl
zdm03_u02_01,yoopey19_7,bitmap,zdm03_gold,zdm03_u02_01.mdl
zdm03_u02_01,yoopey19_7_1,bitmap,zdm03_gold,zdm03_u02_01.mdl
zdm03_u02_01,yoopey19_7_2,bitmap,zdm03_gold,zdm03_u02_01.mdl
zdm03_u02_01,yoopey19_8,bitmap,zdm03_gold,zdm03_u02_01.mdl
zdm03_u02_01,yoopey19_9,bitmap,zdm03_gold,zdm03_u02_01.mdl
zdm03_u02_01,yoopey24,bitmap,zdm03_gold,zdm03_u02_01.mdl
zdm03_v01_01,yoopey08,bitmap,zdm03_gold,zdm03_v01_01.mdl
zdm03_v01_01,yoopey08_1,bitmap,zdm03_gold,zdm03_v01_01.mdl
zdm03_v01_01,yoopey08_10,bitmap,zdm03_gold,zdm03_v01_01.mdl
zdm03_v01_01,yoopey08_2,bitmap,zdm03_gold,zdm03_v01_01.mdl
zdm03_v01_01,yoopey08_3,bitmap,zdm03_gold,zdm03_v01_01.mdl
zdm03_v01_01,yoopey08_4,bitmap,zdm03_gold,zdm03_v01_01.mdl
zdm03_v01_01,yoopey08_5,bitmap,zdm03_gold,zdm03_v01_01.mdl
zdm03_v01_01,yoopey08_6,bitmap,zdm03_gold,zdm03_v01_01.mdl
zdm03_v01_01,yoopey08_7,bitmap,zdm03_gold,zdm03_v01_01.mdl
zdm03_v01_01,yoopey08_8,bitmap,zdm03_gold,zdm03_v01_01.mdl
zdm03_v01_01,yoopey08_9,bitmap,zdm03_gold,zdm03_v01_01.mdl
zdm03_v01_01,yoopey09,bitmap,zdm03_gold,zdm03_v01_01.mdl
zdm03_v02_01,yoopey13,bitmap,zdm03_gold,zdm03_v02_01.mdl
zdm03_v02_01,yoopey13_1,bitmap,zdm03_gold,zdm03_v02_01.mdl
zdm03_v02_01,yoopey13_10,bitmap,zdm03_gold,zdm03_v02_01.mdl
zdm03_v02_01,yoopey13_11,bitmap,zdm03_gold,zdm03_v02_01.mdl
zdm03_v02_01,yoopey13_12,bitmap,zdm03_gold,zdm03_v02_01.mdl
zdm03_v02_01,yoopey13_13,bitmap,zdm03_gold,zdm03_v02_01.mdl
zdm03_v02_01,yoopey13_2,bitmap,zdm03_gold,zdm03_v02_01.mdl
zdm03_v02_01,yoopey13_3,bitmap,zdm03_gold,zdm03_v02_01.mdl
zdm03_v02_01,yoopey13_4,bitmap,zdm03_gold,zdm03_v02_01.mdl
zdm03_v02_01,yoopey13_5,bitmap,zdm03_gold,zdm03_v02_01.mdl
zdm03_v02_01,yoopey13_6,bitmap,zdm03_gold,zdm03_v02_01.mdl
zdm03_v02_01,yoopey13_7,bitmap,zdm03_gold,zdm03_v02_01.mdl
zdm03_v02_01,yoopey13_8,bitmap,zdm03_gold,zdm03_v02_01.mdl
zdm03_v02_01,yoopey13_9,bitmap,zdm03_gold,zdm03_v02_01.mdl
zdm03_v02_01,yoopey14,bitmap,zdm03_gold,zdm03_v02_01.mdl
zin01_b14_01,object08,bitmap,tdm01_gold,zin01_b14_01.mdl
zin01_b14_02,object08,bitmap,tdm01_gold,zin01_b14_02.mdl
zin01_b14_03,object08,bitmap,tdm01_gold,zin01_b14_03.mdl
zkw01_a31_03,ngon17,bitmap,zkw02_black,zkw01_a31_03.mdl
zkw01_a32_04,ngon26,bitmap,zkw02_black,zkw01_a32_04.mdl
zkw01_a34_03,ngon18,bitmap,zkw02_black,zkw01_a34_03.mdl
zkw01_a35_03,ngon15,bitmap,zkw02_black,zkw01_a35_03.mdl
zkw01_a35_03,ngon16,bitmap,zkw02_black,zkw01_a35_03.mdl
zlc_03d,chunkywood110,emitter,fxpa_cloud02,zlc_03d.mdl
zlc_03d,chunkywood156,emitter,fxpa_cloud02,zlc_03d.mdl
zlc_04d,chunkywood29,emitter,fxpa_cloud02,zlc_04d.mdl
zlc_04d,chunkywood30,emitter,fxpa_cloud02,zlc_04d.mdl
zlc_05d,chunkywood110,emitter,fxpa_cloud02,zlc_05d.mdl
zlc_05d,chunkywood156,emitter,fxpa_cloud02,zlc_05d.mdl
zlc_06d,chunkywood29,emitter,fxpa_cloud02,zlc_06d.mdl
zlc_06d,chunkywood30,emitter,fxpa_cloud02,zlc_06d.mdl
zlc_18l,lokbigrock,emitter,fxpa_cloud02,zlc_18l.mdl
zlc_18l,loksmallrock,emitter,fxpa_cloud02,zlc_18l.mdl
zlc_18l,nwnemitter02,emitter,fxpa_cloud02,zlc_18l.mdl
zlc_a64,chunkywood03,emitter,fxpa_cloud02,zlc_a64.mdl
zlc_a64,chunkywood04,emitter,fxpa_cloud02,zlc_a64.mdl
zlc_c93,chunkywood213,emitter,fxpa_cloud02,zlc_c93.mdl
zlc_c93,chunkywood214,emitter,fxpa_cloud02,zlc_c93.mdl
zlc_cep,chunkywood106,emitter,fxpa_cloud02,zlc_cep.mdl
zlc_cep,chunkywood107,emitter,fxpa_cloud02,zlc_cep.mdl
zlc_d24,chunkywood90,emitter,fxpa_cloud02,zlc_d24.mdl
zlc_d24,chunkywood91,emitter,fxpa_cloud02,zlc_d24.mdl
zlc_d49,chunkywood03,emitter,fxpa_cloud02,zlc_d49.mdl
zlc_d49,chunkywood04,emitter,fxpa_cloud02,zlc_d49.mdl
zlc_f01,chunkywood74,emitter,fxpa_cloud02,zlc_f01.mdl
zlc_f01,chunkywood75,emitter,fxpa_cloud02,zlc_f01.mdl
zlc_f02,chunkywood74,emitter,fxpa_cloud02,zlc_f02.mdl
zlc_f02,chunkywood75,emitter,fxpa_cloud02,zlc_f02.mdl
zlc_f03,chunkywood74,emitter,fxpa_cloud02,zlc_f03.mdl
zlc_f03,chunkywood75,emitter,fxpa_cloud02,zlc_f03.mdl
zlc_f04,chunkywood74,emitter,fxpa_cloud02,zlc_f04.mdl
zlc_f04,chunkywood75,emitter,fxpa_cloud02,zlc_f04.mdl
zlc_f05,chunkywood74,emitter,fxpa_cloud02,zlc_f05.mdl
zlc_f05,chunkywood75,emitter,fxpa_cloud02,zlc_f05.mdl
zlc_f06,chunkywood74,emitter,fxpa_cloud02,zlc_f06.mdl
zlc_f06,chunkywood75,emitter,fxpa_cloud02,zlc_f06.mdl
zlc_f07,chunkywood74,emitter,fxpa_cloud02,zlc_f07.mdl
zlc_f07,chunkywood75,emitter,fxpa_cloud02,zlc_f07.mdl
zlc_f08,chunkywood74,emitter,fxpa_cloud02,zlc_f08.mdl
zlc_f08,chunkywood75,emitter,fxpa_cloud02,zlc_f08.mdl
zlc_fky_b37,chunkywood244,emitter,fxpa_cloud02,zlc_fky_b37.mdl
zlc_fky_b37,chunkywood245,emitter,fxpa_cloud02,zlc_fky_b37.mdl
zlc_fky_b38,chunkywood244,emitter,fxpa_cloud02,zlc_fky_b38.mdl
zlc_fky_b38,chunkywood245,emitter,fxpa_cloud02,zlc_fky_b38.mdl
zlc_fky_b42,chunkywood244,emitter,fxpa_cloud02,zlc_fky_b42.mdl
zlc_fky_b42,chunkywood245,emitter,fxpa_cloud02,zlc_fky_b42.mdl
zlc_fky_b43,chunkywood244,emitter,fxpa_cloud02,zlc_fky_b43.mdl
zlc_fky_b43,chunkywood245,emitter,fxpa_cloud02,zlc_fky_b43.mdl
zlc_fky_m96,chunkywood143,emitter,fxpa_cloud02,zlc_fky_m96.mdl
zlc_fky_m96,chunkywood144,emitter,fxpa_cloud02,zlc_fky_m96.mdl
zlc_flr_uwalk_td,uwalk_g,bitmap,white,zlc_flr_uwalk_td.mdl
zlc_flr_uwalk_th,uwalk_g,bitmap,white,zlc_flr_uwalk_th.mdl
zlc_flr_uwalk_tq,uwalk_g,bitmap,white,zlc_flr_uwalk_tq.mdl
zlc_flr_uwalk_x1,uwalk_g,bitmap,white,zlc_flr_uwalk_x1.mdl
zlc_flr_uwalk_xd,uwalk_g,bitmap,white,zlc_flr_uwalk_xd.mdl
zlc_flr_uwalk_xg,uwalk_g,bitmap,white,zlc_flr_uwalk_xg.mdl
zlc_flr_uwalk_xh,uwalk_g,bitmap,white,zlc_flr_uwalk_xh.mdl
zlc_flr_uwalk_xi,uwalk_g,bitmap,white,zlc_flr_uwalk_xi.mdl
zlc_flr_uwalk_xq,uwalk_g,bitmap,white,zlc_flr_uwalk_xq.mdl
zlc_flr_uwalk_xs,uwalk_g,bitmap,white,zlc_flr_uwalk_xs.mdl
zlc_flr_uwalk_xt,uwalk_g,bitmap,white,zlc_flr_uwalk_xt.mdl
zlc_g61,chunkywood88,emitter,fxpa_cloud02,zlc_g61.mdl
zlc_g61,chunkywood89,emitter,fxpa_cloud02,zlc_g61.mdl
zlc_k21,chunkywood170,emitter,fxpa_cloud02,zlc_k21.mdl
zlc_k21,chunkywood171,emitter,fxpa_cloud02,zlc_k21.mdl
zlc_k22,chunkywood174,emitter,fxpa_cloud02,zlc_k22.mdl
zlc_k22,chunkywood175,emitter,fxpa_cloud02,zlc_k22.mdl
zlc_k25,chunkywood174,emitter,fxpa_cloud02,zlc_k25.mdl
zlc_k25,chunkywood175,emitter,fxpa_cloud02,zlc_k25.mdl
zlc_l46,chunkywood143,emitter,fxpa_cloud02,zlc_l46.mdl
zlc_mck_brock01,rockformationbase,bitmap,mtl,zlc_mck_brock01.mdl
zlc_n01,chunkywood145,emitter,fxpa_cloud02,zlc_n01.mdl
zlc_n01,chunkywood146,emitter,fxpa_cloud02,zlc_n01.mdl
zlc_n10,chunkywood86,emitter,fxpa_cloud02,zlc_n10.mdl
zlc_n10,chunkywood87,emitter,fxpa_cloud02,zlc_n10.mdl
zlc_o20,chunkywood02,emitter,fxpa_cloud02,zlc_o20.mdl
zlc_o20,chunkywood1,emitter,fxpa_cloud02,zlc_o20.mdl
zlc_o25,chunkywood02,emitter,fxpa_cloud02,zlc_o25.mdl
zlc_o25,chunkywood1,emitter,fxpa_cloud02,zlc_o25.mdl
zlc_o26,chunkywood09,emitter,fxpa_cloud02,zlc_o26.mdl
zlc_o26,chunkywood10,emitter,fxpa_cloud02,zlc_o26.mdl
zlc_o27,chunkywood07,emitter,fxpa_cloud02,zlc_o27.mdl
zlc_o27,chunkywood08,emitter,fxpa_cloud02,zlc_o27.mdl
zlc_o30,chunkywood07,emitter,fxpa_cloud02,zlc_o30.mdl
zlc_o30,chunkywood08,emitter,fxpa_cloud02,zlc_o30.mdl
zlc_o51,chunkywood25,emitter,fxpa_cloud02,zlc_o51.mdl
zlc_o51,chunkywood26,emitter,fxpa_cloud02,zlc_o51.mdl
zlc_r10,chunkywood227,emitter,fxpa_cloud02,zlc_r10.mdl
zlc_r10,chunkywood228,emitter,fxpa_cloud02,zlc_r10.mdl
zlc_r50,chunkywood133,emitter,fxpa_cloud02,zlc_r50.mdl
zlc_r68,chunkywood118,emitter,fxpa_cloud02,zlc_r68.mdl
zlc_r68,chunkywood119,emitter,fxpa_cloud02,zlc_r68.mdl
zlc_r68,chunkywood120,emitter,fxpa_cloud02,zlc_r68.mdl
zlc_r72,chunkywood133,emitter,fxpa_cloud02,zlc_r72.mdl
zlc_r78,chunkywood133,emitter,fxpa_cloud02,zlc_r78.mdl
zlc_r81,chunkywood133,emitter,fxpa_cloud02,zlc_r81.mdl
zlc_r83,chunkywood118,emitter,fxpa_cloud02,zlc_r83.mdl
zlc_r83,chunkywood119,emitter,fxpa_cloud02,zlc_r83.mdl
zlc_r84,chunkywood118,emitter,fxpa_cloud02,zlc_r84.mdl
zlc_r84,chunkywood119,emitter,fxpa_cloud02,zlc_r84.mdl
zlc_r85,chunkywood118,emitter,fxpa_cloud02,zlc_r85.mdl
zlc_r85,chunkywood119,emitter,fxpa_cloud02,zlc_r85.mdl
zlc_r86,chunkywood118,emitter,fxpa_cloud02,zlc_r86.mdl
zlc_r86,chunkywood119,emitter,fxpa_cloud02,zlc_r86.mdl
zlc_s86,chunkywood244,emitter,fxpa_cloud02,zlc_s86.mdl
zlc_s86,chunkywood245,emitter,fxpa_cloud02,zlc_s86.mdl
zlc_wall_invis_l,back,bitmap,white,zlc_wall_invis_l.mdl
zlc_wall_invis_m,back,bitmap,white,zlc_wall_invis_m.mdl
zlc_wall_invis_s,back,bitmap,white,zlc_wall_invis_s.mdl
zlc_wall_invis_t,back,bitmap,white,zlc_wall_invis_t.mdl
zlc_wall_invis_x,back,bitmap,white,zlc_wall_invis_x.mdl
zlc_wall_invis_y,back,bitmap,white,zlc_wall_invis_y.mdl
zlc_x92,chunkywood74,emitter,fxpa_cloud02,zlc_x92.mdl
zlc_x92,chunkywood75,emitter,fxpa_cloud02,zlc_x92.mdl
zsf01_a01_01,object06,bitmap,zsf01_stonespdr,zsf01_a01_01.mdl
ztf01_b06_01,line1544,bitmap,ttf01_black00,ztf01_b06_01.mdl
ztf01_b06_01,object654,bitmap,ttf01_black00,ztf01_b06_01.mdl
ztf01_b07_01,line1548,bitmap,ttf01_black00,ztf01_b07_01.mdl
ztf01_b07_01,object656,bitmap,ttf01_black00,ztf01_b07_01.mdl
ztf01_b08_01,line1556,bitmap,ttf01_black00,ztf01_b08_01.mdl
ztf01_b08_01,object657,bitmap,ttf01_black00,ztf01_b08_01.mdl
ztf01_b09_01,line1331,bitmap,ttf01_black00,ztf01_b09_01.mdl
ztf01_b09_01,object658,bitmap,ttf01_black00,ztf01_b09_01.mdl
ztf01_b10_01,object566,bitmap,ttf01_black00,ztf01_b10_01.mdl
ztf01_b10_01,object659,bitmap,ttf01_black00,ztf01_b10_01.mdl
ztf01_b11_01,line1551,bitmap,ttf01_black00,ztf01_b11_01.mdl
ztf01_b11_01,object660,bitmap,ttf01_black00,ztf01_b11_01.mdl
ztf01_c13_01,line434,bitmap,ttf01_black00,ztf01_c13_01.mdl
ztf01_c13_01,object661,bitmap,ttf01_black00,ztf01_c13_01.mdl
ztf01_c14_01,line432,bitmap,ttf01_black00,ztf01_c14_01.mdl
ztf01_c14_01,object662,bitmap,ttf01_black00,ztf01_c14_01.mdl
ztf01_c15_01,line431,bitmap,ttf01_black00,ztf01_c15_01.mdl
ztf01_c15_01,object663,bitmap,ttf01_black00,ztf01_c15_01.mdl
ztf01_c16_01,line398,bitmap,ttf01_black00,ztf01_c16_01.mdl
ztf01_c16_01,object664,bitmap,ttf01_black00,ztf01_c16_01.mdl
ztf01_c36_01,sphere01,bitmap,ztall_sphere,ztf01_c36_01.mdl
ztf01_d01_01,object56,bitmap,ttf01_black00,ztf01_d01_01.mdl
ztf01_d01_01,object561,bitmap,ttf01_black00,ztf01_d01_01.mdl
ztf01_d01_02,object562,bitmap,ttf01_black00,ztf01_d01_02.mdl
ztf01_d01_02,object640,bitmap,ttf01_black00,ztf01_d01_02.mdl
ztf01_d02_01,line1537,bitmap,ttf01_black00,ztf01_d02_01.mdl
ztf01_d02_01,object623,bitmap,ttf01_black00,ztf01_d02_01.mdl
ztf01_d02_02,mesh286,bitmap,ttf01_black00,ztf01_d02_02.mdl
ztf01_d02_02,object641,bitmap,ttf01_black00,ztf01_d02_02.mdl
ztf01_d03_01,object563,bitmap,ttf01_black00,ztf01_d03_01.mdl
ztf01_d03_01,object632,bitmap,ttf01_black00,ztf01_d03_01.mdl
ztf01_d03_02,mesh287,bitmap,ttf01_black00,ztf01_d03_02.mdl
ztf01_d03_02,object642,bitmap,ttf01_black00,ztf01_d03_02.mdl
ztf01_d04_01,line1538,bitmap,ttf01_black00,ztf01_d04_01.mdl
ztf01_d04_01,object633,bitmap,ttf01_black00,ztf01_d04_01.mdl
ztf01_d04_02,line1324,bitmap,ttf01_black00,ztf01_d04_02.mdl
ztf01_d04_02,object643,bitmap,ttf01_black00,ztf01_d04_02.mdl
ztf01_d20_01,object418,bitmap,ttf01_black00,ztf01_d20_01.mdl
ztf01_d20_01,object655,bitmap,ttf01_black00,ztf01_d20_01.mdl
ztf01_g15_01,line715,bitmap,ttf01_black00,ztf01_g15_01.mdl
ztf01_g15_01,object568,bitmap,ttf01_black00,ztf01_g15_01.mdl
ztf01_g15_01,object650,bitmap,ttf01_black00,ztf01_g15_01.mdl
ztf01_k17_01,object494,bitmap,ttf01_black00,ztf01_k17_01.mdl
ztf01_k17_01,object698,bitmap,ttf01_black00,ztf01_k17_01.mdl
ztf01_z03_01,object344,bitmap,ttf01_black00,ztf01_z03_01.mdl
ztf01_z03_01,object713,bitmap,ttf01_black00,ztf01_z03_01.mdl
ztf01_z08_01,line1674,bitmap,ttf01_black00,ztf01_z08_01.mdl
ztf01_z08_01,object710,bitmap,ttf01_black00,ztf01_z08_01.mdl
ztf01_z10_01,object712,bitmap,ttf01_black00,ztf01_z10_01.mdl
ztf01_z10_01,object88,bitmap,ttf01_black00,ztf01_z10_01.mdl
