file,sha256,bytes,fallback,fallback_sha256
po_40k_m01_h.tga,a2e687f3a778207c1dfee71e9a4fa8535f83120952a36870824b1ec4e848e2d9,98322,po_40k_m01_l.tga,a2e687f3a778207c1dfee71e9a4fa8535f83120952a36870824b1ec4e848e2d9
po_40k_m02_h.tga,0f54e9c0e0b366d3a2fd9d76cae84639273e3aeb6986a1aa543572026cf33bcd,98322,po_40k_m02_l.tga,0f54e9c0e0b366d3a2fd9d76cae84639273e3aeb6986a1aa543572026cf33bcd
po_40k_m03_h.tga,c829d622d78b88628b01ff148f5cd26e3738e618fa2fa7b7f9a2ba8bd1d83c0b,98322,po_40k_m03_l.tga,c829d622d78b88628b01ff148f5cd26e3738e618fa2fa7b7f9a2ba8bd1d83c0b
po_40k_m04_h.tga,7b4f907c414777c99e5c750c34e691f7e46c3fffcc80b17a18e91c84c9b58e68,98322,po_40k_m04_l.tga,7b4f907c414777c99e5c750c34e691f7e46c3fffcc80b17a18e91c84c9b58e68
po_40k_m05_h.tga,14db17b68acfdf4d45e83ba972562e5336981c027d0076f7809ead2faf43990f,98322,po_40k_m05_l.tga,14db17b68acfdf4d45e83ba972562e5336981c027d0076f7809ead2faf43990f
po_40k_m06_h.tga,ba8d6ac70bdbfa80a56ebd714d3a75399fef55a0f0bb2ce8b4f4068ba76eec2b,98322,po_40k_m06_l.tga,ba8d6ac70bdbfa80a56ebd714d3a75399fef55a0f0bb2ce8b4f4068ba76eec2b
po_40k_m07_h.tga,d143c43edcfa7f79d0074edacd286b74947d810d099195d6a6da4980e0ba3ef1,98322,po_40k_m07_l.tga,d143c43edcfa7f79d0074edacd286b74947d810d099195d6a6da4980e0ba3ef1
po_40k_m08_h.tga,dcfe8c4b9d34037f0b97398ceca5f924b1b1fed6b6e9698ec1c61ddf34076728,98322,po_40k_m08_l.tga,dcfe8c4b9d34037f0b97398ceca5f924b1b1fed6b6e9698ec1c61ddf34076728
po_40k_m09_h.tga,c5c7c0e4d9276b48920906fd408eeda198c5ff174d61fb3344685dc7640c1ad2,98322,po_40k_m09_l.tga,c5c7c0e4d9276b48920906fd408eeda198c5ff174d61fb3344685dc7640c1ad2
po_40k_m10_h.tga,105e54c7647675a32f3579308d8662571d16faf5ee7d7fc8c4afe87e60b45607,98322,po_40k_m10_l.tga,105e54c7647675a32f3579308d8662571d16faf5ee7d7fc8c4afe87e60b45607
po_40k_m11_h.tga,3d9d1de94e3fd3e6924be8c7608e62ea598cbd31e63a6a5fe1b7673765192256,98322,po_40k_m11_l.tga,3d9d1de94e3fd3e6924be8c7608e62ea598cbd31e63a6a5fe1b7673765192256
po_40k_m12_h.tga,197b16a5612ec82c18c2827877e989090ad97be1d2c082b00ba783d5afd6cbc4,98322,po_40k_m12_l.tga,197b16a5612ec82c18c2827877e989090ad97be1d2c082b00ba783d5afd6cbc4
po_40k_m13_h.tga,ea286c96441d65770832e9cadcfc3c3021f8f1daad4a84dd1f969066172014df,98322,po_40k_m13_l.tga,ea286c96441d65770832e9cadcfc3c3021f8f1daad4a84dd1f969066172014df
po_40k_m14_h.tga,2a289d6442c8164929fa17aa66caa4362e50b0ef9def0ac55eb8fcb386057c11,98322,po_40k_m14_l.tga,2a289d6442c8164929fa17aa66caa4362e50b0ef9def0ac55eb8fcb386057c11
po_40k_m15_h.tga,fb1a2433ddc3cd77cd5001958cd95747ca2ad5f2151639baf5fe4fa7259f5a0b,98322,po_40k_m15_l.tga,fb1a2433ddc3cd77cd5001958cd95747ca2ad5f2151639baf5fe4fa7259f5a0b
po_40k_m16_h.tga,2465d1a6bb404f8286e1c7f7bc8b6e5fad491095f9f1ec582e60831f2ae20739,98322,po_40k_m16_l.tga,2465d1a6bb404f8286e1c7f7bc8b6e5fad491095f9f1ec582e60831f2ae20739
po_40k_m17_h.tga,6b202f4b5b82575da76c2181a88a7a574d3e228d5543715823e0680cf495ff34,98322,po_40k_m17_l.tga,6b202f4b5b82575da76c2181a88a7a574d3e228d5543715823e0680cf495ff34
po_40k_m18_h.tga,200fcc0dfe4324a5a204c5fc0981a74ce161f45551f0e3669f10956f474df8c4,98322,po_40k_m18_l.tga,200fcc0dfe4324a5a204c5fc0981a74ce161f45551f0e3669f10956f474df8c4
po_40k_m19_h.tga,5d09743c5890af37701a797df77174111ca4f8a42a7b1d02f788172556be9374,98322,po_40k_m19_l.tga,5d09743c5890af37701a797df77174111ca4f8a42a7b1d02f788172556be9374
po_40k_m20_h.tga,6ec97d956e99251c3ddbb5a80eca76cf74a508732a94c1c4f97234c489f7b6bd,98322,po_40k_m20_l.tga,6ec97d956e99251c3ddbb5a80eca76cf74a508732a94c1c4f97234c489f7b6bd
po_40k_m21_h.tga,3c2afb748b396e92adbb807ef96c1a68380103413fdd39b0c5b0628667a58c25,98322,po_40k_m21_l.tga,3c2afb748b396e92adbb807ef96c1a68380103413fdd39b0c5b0628667a58c25
po_40k_m22_h.tga,382779fe778c2ed29a0084a709b460c2502b3d8d20a0007360f93fb6a8fe9a77,98322,po_40k_m22_l.tga,382779fe778c2ed29a0084a709b460c2502b3d8d20a0007360f93fb6a8fe9a77
po_40k_m23_h.tga,18be9d16109052b91d939e1eb94e58aff92bd20496919085999ee88c80a23597,98322,po_40k_m23_l.tga,18be9d16109052b91d939e1eb94e58aff92bd20496919085999ee88c80a23597
po_aberr501_h.tga,08f848d4ef7f14dac45270237987d627504bde7854875bdf70d313fd7f37bc4c,393234,po_aberr501_l.tga,f61bbf44f7bfbba7e5f5a5dfe751d32a80e831c8e814255c7b06391014dc6425
po_aberr502_h.tga,260a7afb6f9b0cfae8941c7dcd28d5612a8689ad5a7fde3c1fe77b8b2bae61d2,393234,po_aberr502_l.tga,2211e13833244ad05de1a1ac69bac7307cc16add497427b7718837606ea08879
po_aberr503_h.tga,a533ff047555e0de89b55bc4056095b0a1e86504368d06f2ebf004630bfbd6d4,393234,po_aberr503_l.tga,a290ff58867d3b7b701b7f8c9ccc00c07d8c90e0be382940fb8df6ba8610bcf0
po_allosaurus_h.tga,7a42982c0b9949b580f07109fbcb392505e02f13b66d0fffc6e22137f81f483e,98322,po_allosaurus_l.tga,9897cbb21786928a2c945ef50d5b75e7ec7f971c8151e820f3ca0f43b690d5e3
po_altheah.tga,958d23ad5b1236bc58368a005d895e497e1d48b120039025f08a58eb7792a31d,393234,po_altheal.tga,2cc41002672fd95ee0b27c9973baac5b6d934bdf17310dfc7ad0abf874bb25d0
po_amnbrt_h.tga,2c15f09188ca632401e7adb136ac0286037d4f654a7e2189a8a914f274d5944e,98322,po_amnbrt_l.tga,2c15f09188ca632401e7adb136ac0286037d4f654a7e2189a8a914f274d5944e
po_amngnt_h.tga,2373595c1ecbfecf2e27e407c3007879f394b1329b9e18ccfab510897ae5d2d2,98322,po_amngnt_l.tga,2373595c1ecbfecf2e27e407c3007879f394b1329b9e18ccfab510897ae5d2d2
po_amnshd_h.tga,f995c8d0b41349dba644acc1864ce03d2f590974b4b0cfb0b110761a9289cc0e,98322,po_amnshd_l.tga,f995c8d0b41349dba644acc1864ce03d2f590974b4b0cfb0b110761a9289cc0e
po_amnsut_h.tga,dd5f09fe9f032fbff077603eefff8266b85b468d2876429bdc0e1f8f20128feb,98322,po_amnsut_l.tga,dd5f09fe9f032fbff077603eefff8266b85b468d2876429bdc0e1f8f20128feb
po_annis_h.tga,bd50ad90c949ff908b00b37edd22d91fd97e9b4fb10c284570c7239c673244e4,393234,po_annis_l.tga,5317c69a64d4aa0fb29ed13ab09461e2f263a1b91635f2e8c7ae21713fba3fad
po_armand_h.tga,8977a62877e64ad3b3deb65e33b71ea3c99ae594f2ca090f2480dbba4509bddf,393234,po_armand_l.tga,bc85605de9ec756d0e70a21e54fc7fc04799ed2877368e3682e99ff189b4dc55
po_baeldemon_h.tga,d2c06e45950cf575f2e0a0ffc25faba8b2d5c1e2c600176c79975c9b4f912f26,393234,po_baeldemon_l.tga,ed4337a46d70664d8f46c6e0102213d804166dc7605741a8536a4d0b98ed827f
po_bayhrse_h.tga,eb63d5362a7e89518380e412ef456cb16d682651e6b6e7bd885c59a85a11e89f,393234,po_bayhrse_l.tga,d465f38d72e951c11df97408c3e6f314017abb32c6a2eb1c24ea5c1c74f7971c
po_bhchill_h.tga,6d1202a7c8008d7a3200cb8eba1b0b37a5991d5d401079e2388497ab125702f5,98322,po_bhchill_l.tga,6d1202a7c8008d7a3200cb8eba1b0b37a5991d5d401079e2388497ab125702f5
po_bhunter_h.tga,a0ebe912cb357e8661444b8e4786c4a6d1949769eb94b3733fa90546ee9bcfd7,98322,po_bhunter_l.tga,a0ebe912cb357e8661444b8e4786c4a6d1949769eb94b3733fa90546ee9bcfd7
po_bithm1_h.tga,86f429ed2e6d6bcbaac37f9afcead19c3c2298d4a627e83439d2235cc32eb755,393260,po_bithm1_l.tga,c08fd1f72485ab098773040a2f2bddbe5c765a6694d7b1f48f76c26734e8034a
po_blackwater_h.tga,a25daf5261fbfd7ef4e3dfca677ea6e872da422d2df53a263396e39924cd691e,98322,po_blackwater_l.tga,a25daf5261fbfd7ef4e3dfca677ea6e872da422d2df53a263396e39924cd691e
po_blkhorse_h.tga,14e7a1cf780cf9e0e8c5e3fb72bb32cf050ae1298af2992f5bbb74046d7119f6,393234,po_blkhorse_l.tga,d770470d5d4229b33d0eff26a0ed58b887ec749f86250add656b5d2c500c5277
po_bo_1_h.tga,97b580d0bab4c8ca334c3dc580abcc1b4bf57c35adb56266b16b78d07d257b34,98322,po_bo_1_l.tga,97b580d0bab4c8ca334c3dc580abcc1b4bf57c35adb56266b16b78d07d257b34
po_butler01_h.tga,84776324b01eb70acb102bee129928c18c3bf7a8568fbb6766c6695da633b055,98322,po_butler01_l.tga,84776324b01eb70acb102bee129928c18c3bf7a8568fbb6766c6695da633b055
po_car-blue_h.tga,9a6e4662089d2a9926b777f95a50c6a5c8b41abcd4cf804080c33fd1180b168a,98322,po_car-blue_l.tga,9a6e4662089d2a9926b777f95a50c6a5c8b41abcd4cf804080c33fd1180b168a
po_car-red_h.tga,30567b080c110667173506e909a9c060cba82d67ea642961e7d744a9252e8aa1,98322,po_car-red_l.tga,30567b080c110667173506e909a9c060cba82d67ea642961e7d744a9252e8aa1
po_carnape_h.tga,fdca3cec35081d31445784ffa7b9fc91272cca105186ca190b7d3ae793d02f7b,393234,po_carnape_l.tga,3ee33a18ac7e6fb0bd4bb64f699d394bb648e7759e7bc16c9dca9d20e92f0f41
po_cath_f_1h.tga,b4f19bf7136f769d7065a81afb19294054d0f07eec621b4c598378f70942dda7,393234,po_cath_f_1l.tga,dd128b3b4328d955b3bdf496d256ae7fbcb4a040c1e763a6c934183ff6ff5759
po_cath_f_2h.tga,fa9a9c96a077d7b3ec1a4a201d346693b565c6a0dd1292f375f3bb84d95ddf69,393234,po_cath_f_2l.tga,faf5920c2f239fa8476308c32d1fdaef7bd784265429cba7fe0fedf2602d7b49
po_cath_f_3h.tga,bacb638b485eda6bd05b34799cb43baeed543ce3fae15609c2ff211379f9edd4,393234,po_cath_f_3l.tga,ae2b302d44b19fbd2a87aed5f44cfdeb4c86296c72f04619ce0d4b1731dac59e
po_cath_f_4h.tga,2d7aed60b5887e6200a7823610c4a7624ba29829854fea23c2d22fb6b28610e6,393234,po_cath_f_4l.tga,dabd39d41ea387be0f53f1eac0bcb973dccaa61454adf5ded1a6aea1578573a1
po_cath_f_5h.tga,b7e6fa946318fba04ae57190f7468e9cc60424d73cc264f53432a84abcfbbf18,393234,po_cath_f_5l.tga,b483899061c391e1af841aec7fe3e1b092f8ad90e16e2c47a598ee9478eed1c1
po_cath_f_6h.tga,c61740a1d6f8b202c386951f25fd09c109d717980beb8be824e17d7f7266274f,393234,po_cath_f_6l.tga,9b01e544d42b6ecb51279c3b7ea8803f8973e8848a7e86fddc869e0581b0a0e8
po_cath_f_7h.tga,5399f151f21fcaabb651c7eb7ea07e5adba752819612a2df9fa338f520e9413e,393234,po_cath_f_7l.tga,f77ce52d7c4aa6c436e9e1ddf0625b8c28096cac191a2be11570ec1e15ac4695
po_cath_f_8h.tga,b0ecd99aa407cc3503af4e4bf3ee9951cfec5f8ded5614f3d6e8f26643bb1864,393234,po_cath_f_8l.tga,ea3283a802543d5f8dcd0481a8f87a88f7dc2dfa76ecdad4589564c4ceeb03c2
po_cath_m_1h.tga,2d17e0af3b9274fbc112a810ee25e98fb6820cdfd1b15e5f39613e8725de9a6e,393234,po_cath_m_1l.tga,daa146e6c851991a71d56649a15f0f746e8e51f658a4787e26b26caae4a9a9e3
po_cath_m_2h.tga,e40ef5dc139e70b4909495f919b59f70908647d661a9a88d593ffd3c4d5f02f6,393234,po_cath_m_2l.tga,bd6d657dac2ae322784776afef7041cb51e392f05fbe27ee5931c6239117fe79
po_cath_m_3h.tga,6cd0545f3f898c4be4fab44624401d5731b8df5da73795b10d7240dea9986540,393234,po_cath_m_3l.tga,572cb86326b26e0784a12ed205f7e2096c9ede28bd73344cceaa3e588689e75d
po_cath_m_4h.tga,44db93bf5d6a44627204f25314917ace8283f541790707e81dbb8ec14759f71f,393234,po_cath_m_4l.tga,f37bab3770b6170c111e777cc033fe1acbb0aa36c77e11c48309aa00de1ca1a4
po_celestial_h.tga,6ebaf41c929c024d0c879954214ab90bf1aab6142123c0ddab971c3cb1e2c223,393234,po_celestial_l.tga,76d7596718da5d893cf80bb27375ea02a9f4e35159e85af4edd3cb5fe07f16ad
po_cerberus_h.tga,123f352b78fac96bd80d3ed544ecc180606707eda489d7b4a554062ad18272c3,98322,po_cerberus_l.tga,123f352b78fac96bd80d3ed544ecc180606707eda489d7b4a554062ad18272c3
po_chimera_h.tga,7d1266fd20dbca6f4acece97d92cf8734ff9d50188dc9246690c39a8c1a59b7c,393234,po_chimera_l.tga,cd1ee619622cbb09a79f9cc54b2db00781dc2150fd54d2218456084dbd9ac71a
po_chiss10h.tga,1d2aa866a3318f844f2b6ba233fcfbd165ee5132da4085eb16d5afb91bec70dd,98322,po_chiss10l.tga,1d2aa866a3318f844f2b6ba233fcfbd165ee5132da4085eb16d5afb91bec70dd
po_chiss11h.tga,a82c870fe9b59164443c48a77ee1f778dfc475a1099078a3c25eb309d6e68a69,98322,po_chiss11l.tga,a82c870fe9b59164443c48a77ee1f778dfc475a1099078a3c25eb309d6e68a69
po_chiss12h.tga,c8397bbc7a453a23000e1242e7f41da12571b7b42775ce45b3ab9405f95caca3,98322,po_chiss12l.tga,c8397bbc7a453a23000e1242e7f41da12571b7b42775ce45b3ab9405f95caca3
po_chiss13h.tga,7f973780baef4f51e610bd27c8696336e41c44ea482ea0a16c77e7240193d0be,98322,po_chiss13l.tga,7f973780baef4f51e610bd27c8696336e41c44ea482ea0a16c77e7240193d0be
po_chiss14h.tga,3edf418e5eebb0c6262a997b040babe6a711f6a9fb7ddb9d0040f0c6ae9635a2,98322,po_chiss14l.tga,3edf418e5eebb0c6262a997b040babe6a711f6a9fb7ddb9d0040f0c6ae9635a2
po_chiss16h.tga,6a90261597edf61119d9bc1e74d6ed7445fdfd6107a43c0d4d9a2e40527a419c,98322,po_chiss16l.tga,6a90261597edf61119d9bc1e74d6ed7445fdfd6107a43c0d4d9a2e40527a419c
po_chiss17h.tga,b760f74321ff46dad774da3fa7daaca2520b8eb791cea62acd9b68f7dc7f1982,98322,po_chiss17l.tga,b760f74321ff46dad774da3fa7daaca2520b8eb791cea62acd9b68f7dc7f1982
po_chiss18h.tga,329d4c850543ff30828bd9c57e66c69aeaea780da579a3ac0e180db0f2be2c46,98322,po_chiss18l.tga,329d4c850543ff30828bd9c57e66c69aeaea780da579a3ac0e180db0f2be2c46
po_chiss19h.tga,cf0bb12c3c4a305241ee5043f1b5d9586edf5e95eb77b04e1d988aff80f27800,98322,po_chiss19l.tga,cf0bb12c3c4a305241ee5043f1b5d9586edf5e95eb77b04e1d988aff80f27800
po_chiss20h.tga,81d2a55afe13dcc2bc0956d184815012f60e661e823816487773bb1ce0f954c3,98322,po_chiss20l.tga,81d2a55afe13dcc2bc0956d184815012f60e661e823816487773bb1ce0f954c3
po_chiss21h.tga,ac797bcf490334f673e8e5e4f2fb290334101cdd89b206177e458ebb764fe7a9,98322,po_chiss21l.tga,ac797bcf490334f673e8e5e4f2fb290334101cdd89b206177e458ebb764fe7a9
po_chiss22h.tga,5bc6de6af62a0597edfaa0ef9d7d93d41690ce0edb41e0607883f3ef0ddb5aec,98322,po_chiss22l.tga,5bc6de6af62a0597edfaa0ef9d7d93d41690ce0edb41e0607883f3ef0ddb5aec
po_chiss23h.tga,cd7d566977e3664c8102262cc4eef7fac1082e3a246188dca579673ae7ee1541,98322,po_chiss23l.tga,cd7d566977e3664c8102262cc4eef7fac1082e3a246188dca579673ae7ee1541
po_chiss2h.tga,c5e1fa44159eeb65ee66d5efe8f6872427e8abaac0ea9f12ec751d2f7db1d811,98322,po_chiss2l.tga,c5e1fa44159eeb65ee66d5efe8f6872427e8abaac0ea9f12ec751d2f7db1d811
po_chiss3h.tga,8db57b8fbee6cd786127a26547a17027be56a581d731acc01e6b66ddfee0dcf6,98322,po_chiss3l.tga,8db57b8fbee6cd786127a26547a17027be56a581d731acc01e6b66ddfee0dcf6
po_chiss4h.tga,e2a40836bb322eaad5f0d81e8d9e3c729f5e293802fd5d6dbf5490493365221d,98322,po_chiss4l.tga,e2a40836bb322eaad5f0d81e8d9e3c729f5e293802fd5d6dbf5490493365221d
po_chiss5h.tga,d365e786b09a0f9d1e9d141b27b942be5ad9cc404102638f7d32b0d2b072b444,98322,po_chiss5l.tga,d365e786b09a0f9d1e9d141b27b942be5ad9cc404102638f7d32b0d2b072b444
po_chiss6h.tga,880d30966aed899819a16205285cd54a1fb3d6c6aed696a6aa35af0eb44b5c32,98322,po_chiss6l.tga,880d30966aed899819a16205285cd54a1fb3d6c6aed696a6aa35af0eb44b5c32
po_chiss7h.tga,77b32bb26dcb22ada904e5a09d1a84f062faf753ab1f108428b74487d3c70a6b,98322,po_chiss7l.tga,77b32bb26dcb22ada904e5a09d1a84f062faf753ab1f108428b74487d3c70a6b
po_chiss8h.tga,6ed575b0c4c57b34a8dc4988ae58ad3c4ca1c6fb2007dae96d04f8a52f8aca7d,98322,po_chiss8l.tga,6ed575b0c4c57b34a8dc4988ae58ad3c4ca1c6fb2007dae96d04f8a52f8aca7d
po_chiss9h.tga,4e9aab5d7eefecf0d2c0434db77dc3999f8e0c86924363d515a46ea74fec5375,98322,po_chiss9l.tga,4e9aab5d7eefecf0d2c0434db77dc3999f8e0c86924363d515a46ea74fec5375
po_corellianbh_h.tga,9f18c35a7d1afd34a3f0454fc1016cc40f22f3a588ea6d4affac2c164ef41b46,98322,po_corellianbh_l.tga,9f18c35a7d1afd34a3f0454fc1016cc40f22f3a588ea6d4affac2c164ef41b46
po_cotzom_h.tga,ae9318c949a21e9cfb22278821ee520b54fd1b2d3f27b79f5eb17f733ec384d9,98322,po_cotzom_l.tga,ae9318c949a21e9cfb22278821ee520b54fd1b2d3f27b79f5eb17f733ec384d9
po_crodlu_h.tga,8ec37fb36493906ea694f60eb2b850c099fa0cb58c6fadc3d5752477a51f6dc0,98322,po_crodlu_l.tga,8ec37fb36493906ea694f60eb2b850c099fa0cb58c6fadc3d5752477a51f6dc0
po_csbsk_h.tga,58ede0ae26d02f7acfbf9a222214a07c516d7f47cb28a06c14c4c09db6e83202,98322,po_csbsk_l.tga,58ede0ae26d02f7acfbf9a222214a07c516d7f47cb28a06c14c4c09db6e83202
po_cslinger_h.tga,15ba4d9907a3064a3271749497bf237a650572a99cbffe19c884c225f15e3505,98322,po_cslinger_l.tga,15ba4d9907a3064a3271749497bf237a650572a99cbffe19c884c225f15e3505
po_csold_h.tga,26b0450f7f565da0e44e739432e411d384b774227487c1a2eadd61961ebc77a0,98322,po_csold_l.tga,26b0450f7f565da0e44e739432e411d384b774227487c1a2eadd61961ebc77a0
po_cswar_h.tga,d1bfcb3bad451995bf43ec304c945062f5e4a993856e5bf8e543d373ae9d0c85,98322,po_cswar_l.tga,d1bfcb3bad451995bf43ec304c945062f5e4a993856e5bf8e543d373ae9d0c85
po_cthnn_h.tga,0c47a2eef72482ef7f4708a92bd6a352a6804d053f901be6d5c48f784db400f5,98322,po_cthnn_l.tga,0c47a2eef72482ef7f4708a92bd6a352a6804d053f901be6d5c48f784db400f5
po_c_aboleth_h.tga,d8b31a096c8fe93103cf1c71c40016836ccf5dd8488d25408b621be8cd2d7956,393234,po_c_aboleth_l.tga,a6ce1ca7a0b1e032656857feebe31032eb154ad27e72f4b8ea34f292f12b6730
po_dabuus_h.tga,c3a26581a1b4784ef2763f68ad2c2becf6e4af0aaeb72d4dd8dcc135b29d4731,393234,po_dabuus_l.tga,6cc1857ed8f1fb8dc18ffbbbfe7b5bf08b2c57ed5ea58ae67384a4f4839a9e2a
po_dagmilitia_h.tga,8a67e7aa028a8c3317dc9711a6e60e7be1469a7d6f36d851b63c00b3d5cc1b60,393234,po_dagmilitia_l.tga,97ebeee89b89a6fbf743bcfb1c8f9ff4fbc824ea135c514f664258b48fe7f88f
po_dao02_h.tga,cf3b4671e6d1556c02068e3185dbe43e02681058c3003c07e4f067db8b874098,393234,po_dao02_l.tga,e4127a75628807ce69cbb8938755a6e410ae0b7c198f368df3994de4fffeaaea
po_dcamel_h.tga,d61db66d6fec3880f976d00016f8b5fbd664c442ecf22fdf6d8800c358ad2024,393234,po_dcamel_l.tga,23f38720cd7eed9e79caf4476f4d09cca7f99170d7452dffd774008a125a0ca2
po_dcurtain001_h.tga,8715238d45f5613d2e00d251d8603e9a4d84b306563c8db36535fbfd3d3e840c,393234,po_dcurtain001_l.tga,5e9dbd7e3fd9aeec73c2d6c2c6904a12baee129c87e4c478b867a1e053d26b52
po_dea_ele_h.tga,90313ff606cad86705114a8a96ddc2d38e7a664f60b90f1ad025928de85d04ed,393234,po_dea_ele_l.tga,fa4339ee38331854d15a15a77aa698c03fe1a2c6212850650a086419cbd486b6
po_dgolem01_h.tga,e3584235ac401eab7e3eef48c95c6025019c8a6ae4020135762000305adb4c80,393234,po_dgolem01_l.tga,20afee055d8c7328ab62c970a01e6d86479cc6bb613ecd69e97dcf520b60358e
po_dgolem02_h.tga,ceb4bb1372cda039d7531dc45a0212799c2e6380ed42431605766d20eb65518c,393234,po_dgolem02_l.tga,1590303acfc8c35e959ad0935c12420aa379c922a5710e504d9db1485b9e4833
po_diver01_h.tga,12f55341bcc2a5e030eb23d9d5704f41373fc9c7a58768604d87303238cb9e60,98322,po_diver01_l.tga,12f55341bcc2a5e030eb23d9d5704f41373fc9c7a58768604d87303238cb9e60
po_diver02_h.tga,7e9e783e591200adad2fe6ffdf53a0e9c854ab81d554cb21518d0f61b5346cc8,98322,po_diver02_l.tga,7e9e783e591200adad2fe6ffdf53a0e9c854ab81d554cb21518d0f61b5346cc8
po_diver03_h.tga,375fcacbbca3ee695dc020717af0e43d4f07f0ca01494379623c715611cdec83,98322,po_diver03_l.tga,375fcacbbca3ee695dc020717af0e43d4f07f0ca01494379623c715611cdec83
po_djinni01_h.tga,0746da0fc77f12c0610ccb236e66615ef151af9377a641be29130bd6f9988de8,390162,po_djinni01_l.tga,dd054e5abb65d7ec1c88cb60c08dd95799e4f7f43576b8403b36dca61559cc45
po_dlaogre_h.tga,c1341a054569b4fec7804a718637cebcaab48f642ddee846ab8a00b59ecfd664,393234,po_dlaogre_l.tga,5faef19a486037d5e3f7c8db316b72e740aa4cf49c5f461213b5851f6c0d39b3
po_dmvrock2_h.tga,60c40160e8d7e792972af76276815609c046f349de9c0ef997b826c8d57c7b52,393234,po_dmvrock2_l.tga,2e16f0ce4d8f3ef3a61f228f380c94749780d815208964c5015d80c3299d57ef
po_drgrust_h.tga,a434bec5feeb40deed45751aa498d8b0d9473a118ccaef28ab7c507659183545,393234,po_drgrust_l.tga,4152f9475b5de11885283e43e8d60af6535b0af01f52abb58fd7c9b1b52f5e63
po_droF10_H.tga,15ac12cb21f03907b3feccaf448fca06554d34846eb9245cabb029dd699bb57d,393260,po_droF10_L.tga,8ddf1baee24f6d828a65c59cbdfab96bae489d36d80e58b544964b4ea4fec79e
po_droF1_H.tga,763d2d662c1051e9497a92acf06fb16d1e3df066e14bce61264fb694202f0d8c,393260,po_droF1_L.tga,4e8c97e30b80b565f4b7694f0b4c422785a66775f9bb1593561b4a99d130d638
po_droF2_H.tga,f87024d1fea23dbc6c3b3d7b785e8471c5b69f7f66a8553f5797835111921b05,393260,po_droF2_L.tga,c57f88e3c9031cc78e9d5ec043a180e7ba1bd12ef2502a233340623b5eb6aeb3
po_droF3_H.tga,45bc02ae8c3cb8edf00cd4983a4f5931d85011465147169e0f7fa1243afd08b7,393260,po_droF3_L.tga,9424a09de105ff8b80fb27509a39b4dc665f900eaea39a8fd99c3db5b256f36e
po_droF4_H.tga,18051115f296541e8de9e5f5f14879540fae4b676d19dbf9123484f898a14e00,393260,po_droF4_L.tga,15411c3625a51c2a46d123eb9792e6c45d2831c486db2546bec554e62e8bd2b8
po_droF5_H.tga,85e294375f833560e27a57c9aa93ab8bc4e470ccc1d3cda72c724d4c04b95839,393260,po_droF5_L.tga,8254e6b814ce46a5b825ad28c2aa191df8f67a6f54fafb5e2389262dd3ff5f53
po_droF6_H.tga,346af13945d9b6a80e7e2acbb3494f8dcf4cbb7c9b1a90834fd85f2453e2dd2d,393260,po_droF6_L.tga,e97ab1b4ad80a54700ae4851300a2420e94ebff65c9297ea76a36478dd7b672b
po_droF7_H.tga,23ca27586ebc2e0cefa66c9a43ddb2a52ef60853259a1dbaecf1b53076ff7128,393260,po_droF7_L.tga,db501518086fb872debcdb2d7d5de72d9927a1218a23d72155fe877379422d30
po_droF8_H.tga,ffa25fe0afa995b41352b5f610e2b2e93c8af2026522fe20c43819a39d4d8520,393260,po_droF8_L.tga,8cbd6a7f38004a1530b036746ba426aef4d44cbe3da8be84ce9f10eee6101930
po_droF9_H.tga,74c0a26c2d0064cf630a9cf4d6e201090426f634a130a92871adcbff477eddce,393260,po_droF9_L.tga,2f0d8c68c707675c63aa1777ca2dab91cee0c8c422c95fff0fcad69aeb2e9fe9
po_droM10_H.tga,763d2d662c1051e9497a92acf06fb16d1e3df066e14bce61264fb694202f0d8c,393260,po_droM10_L.tga,4e8c97e30b80b565f4b7694f0b4c422785a66775f9bb1593561b4a99d130d638
po_droM1_H.tga,18051115f296541e8de9e5f5f14879540fae4b676d19dbf9123484f898a14e00,393260,po_droM1_L.tga,15411c3625a51c2a46d123eb9792e6c45d2831c486db2546bec554e62e8bd2b8
po_droM2_H.tga,85e294375f833560e27a57c9aa93ab8bc4e470ccc1d3cda72c724d4c04b95839,393260,po_droM2_L.tga,8254e6b814ce46a5b825ad28c2aa191df8f67a6f54fafb5e2389262dd3ff5f53
po_droM3_H.tga,346af13945d9b6a80e7e2acbb3494f8dcf4cbb7c9b1a90834fd85f2453e2dd2d,393260,po_droM3_L.tga,e97ab1b4ad80a54700ae4851300a2420e94ebff65c9297ea76a36478dd7b672b
po_droM4_H.tga,23ca27586ebc2e0cefa66c9a43ddb2a52ef60853259a1dbaecf1b53076ff7128,393260,po_droM4_L.tga,db501518086fb872debcdb2d7d5de72d9927a1218a23d72155fe877379422d30
po_droM5_H.tga,ffa25fe0afa995b41352b5f610e2b2e93c8af2026522fe20c43819a39d4d8520,393260,po_droM5_L.tga,8cbd6a7f38004a1530b036746ba426aef4d44cbe3da8be84ce9f10eee6101930
po_droM6_H.tga,74c0a26c2d0064cf630a9cf4d6e201090426f634a130a92871adcbff477eddce,393260,po_droM6_L.tga,2f0d8c68c707675c63aa1777ca2dab91cee0c8c422c95fff0fcad69aeb2e9fe9
po_droM7_H.tga,15ac12cb21f03907b3feccaf448fca06554d34846eb9245cabb029dd699bb57d,393260,po_droM7_L.tga,8ddf1baee24f6d828a65c59cbdfab96bae489d36d80e58b544964b4ea4fec79e
po_droM8_H.tga,45bc02ae8c3cb8edf00cd4983a4f5931d85011465147169e0f7fa1243afd08b7,393260,po_droM8_L.tga,9424a09de105ff8b80fb27509a39b4dc665f900eaea39a8fd99c3db5b256f36e
po_droM9_H.tga,f87024d1fea23dbc6c3b3d7b785e8471c5b69f7f66a8553f5797835111921b05,393260,po_droM9_L.tga,c57f88e3c9031cc78e9d5ec043a180e7ba1bd12ef2502a233340623b5eb6aeb3
po_dslinger_h.tga,0194e6b501389f916260b4a90bb54602e7af0657d36dff94560c1434ff611fb1,98322,po_dslinger_l.tga,0194e6b501389f916260b4a90bb54602e7af0657d36dff94560c1434ff611fb1
po_dtyrant_h.tga,f4bd8d1d1420bba56a8dd0bb4439476530055e69b910668a17433747222b1ee4,393234,po_dtyrant_l.tga,7665b258b7f455b5bea3015c4b7e02fb181a3922158411777979addb1c11d3ea
po_durosf1_h.tga,ff7dbe0240983f82da7f1656d11ac2a7e75459b102a4016bdd2fd77adc1e126a,393260,po_durosf1_l.tga,24f0b7dd42ebabbf9a6158658bfa8bcb37920b3be0722d8ff2109c913c85a5b7
po_durosm1_h.tga,0c83e7724aedc473997d491fd87e1a58f3661f62cc33977954325ac78d132332,393260,po_durosm1_l.tga,79547f99ca605bc20936d1fe55069af309e1ac4193d0eb3ec551385e87840d89
po_dustie_h.tga,d351fa453cb2754650f9dc4e3109614058a27bc23352a10fe3acd96f0428d2d8,393234,po_dustie_l.tga,6f9618870b9216741b4df505bb3dc345fb7af8d181dcb179b5f55106b8aa56bc
po_dusty_f_h.tga,107cce18b37d4a2d8e740e0483cca7524fdfd018444c803c94513046e6c0a30a,393234,po_dusty_f_l.tga,40ce6c064d0b6a5c01a94341f945a81138991bc0e8f7440d056ec694fc66ec43
po_dw_m_501_h.tga,32a3dfe5acfc617c75680a8b83229f596262f8901ba27238cd62c4c35564f3d5,393234,po_dw_m_501_l.tga,a2255b60a43c344263261e9a3b07b5382df20415b44e64dc345f5be9e9f8966c
po_dw_m_502_h.tga,45e423c4e0e12ff5466095ca325c863ebfd19da8843dbd782adf6561015bd17d,393234,po_dw_m_502_l.tga,63c49047fbc08fc8f561b2ebf8ad0fe3b6f9f684350982fc42c65722f24e499a
po_dw_m_503_h.tga,af54fa9ddbaee90fc44e55c9e97dd3c8e0e28d4fd99fd577118a24b3699cdda7,393234,po_dw_m_503_l.tga,a21808967e71b760867f6c5227fe90ad486d290552fd9f1bd8ae5f135f8cbf29
po_dw_m_504_h.tga,4ce422e10d580593777fb0c70db3a287ba18ed35c9bc0a4d0b996f2aa6525d9b,393234,po_dw_m_504_l.tga,c9716d7da44ce4d8985d252b3314d40bc914333976704155c0befb740fd0cb44
po_echanigirl2h.tga,9713b2bec0f41293a9dcd0a79a7a7506bcab649335abba31f4e920e00e52ada0,393234,po_echanigirl2l.tga,e652922eb7daab1a7289d959765579ec3cd34f9a68ce99966c4c1e084822d47b
po_echanigirl3h.tga,17413b979b05f98192b70983d129ecab326f4157befbda8e1920845ed5fb154f,393234,po_echanigirl3l.tga,946b33cbc74a7bd42d53b12220351eb3527a2ed1c04b9f7bd398cef93a01e09a
po_echanimale2h.tga,ee1f4f8e5d9b2fc278e41cc572e77c829118412de3b8a0aa5ec3f655b261ab20,393234,po_echanimale2l.tga,95440a9d64076bd6676781722139f5087cdc33030ac72a1cbdd35ef62a405e98
po_echanimale3h.tga,33e3af554d1bf8bc0dfcc941493101fa66071ca07973328c768d86273943e8e7,393234,po_echanimale3l.tga,3d2ed33aef1e96df5b7ae6c4ccb5856c580ba8747f50fcffd9ce1826adcf2a0b
po_echanimaleh.tga,02e7fa615eaffe2c3f3596a65c1bf70db178aa4eaaf523ff6d363bccf252c90c,393234,po_echanimalel.tga,131a3746458126c02586d7d6c70c273321036084fafb1b52197a2643293865d8
po_el_f_501_h.tga,9df9f164b5940fc2f42a1de4b5e15424c59a8542bc4bf801e52ef755693d27e1,393234,po_el_f_501_l.tga,6d9e0cd9f15aa6dc5be9bd0b2731704c5c99dc8d57c40cc1eb61feae14b9cd1d
po_el_f_502_h.tga,2e98eb4a81810dd7b4c7a1f92b428a4ea266c5bc07bcb3e6acaeef6101fcd7cc,393234,po_el_f_502_l.tga,a806f5b3f57358ee89a3942ac99fd14cdfb4c155840535c72b40bd289c50ae31
po_el_f_503_h.tga,ccd69d14b2dd02fc2bbb11b14c071a570e72d893316e09fa5dff9b66d8173d37,393234,po_el_f_503_l.tga,cb03241aacd3d738d9d80dd2fc4c40ef96a62c63457812b476aedf4eea2d59cf
po_el_f_504_h.tga,b33d4766a87b043783895470e66cb1b0970f6c835b3473bc3afa8fd4721afced,393234,po_el_f_504_l.tga,2ed27b0afec1370e1b2e8885e716e80f28326fc6adc5cbed7e65de0518db6ce8
po_el_f_505_h.tga,f56dda72267cfdca784f7bc8326bb202b9257d5dbf84f05a7b53a807dd2dfe3a,393234,po_el_f_505_l.tga,0f98b54e024e3fa3f722fc24cb09bef466dc1f4acf4ec66310008536e0fd3a25
po_el_f_506_h.tga,6e290969c3dcd7df86ec28ec49e7d1a9460825fe7d72030cd24f50f05a28d5f5,393234,po_el_f_506_l.tga,13bf501279f854e7439eeb6a484e61e7273b50b57b928da14c20cdb249b404e7
po_el_f_507_h.tga,9c4dbae23f110a4076b349e6c217c260ae76a5c0e85f41e391dc1abbe6d7512e,393234,po_el_f_507_l.tga,71aebcf3348040a45029280a04334c752b619ef0f096f3b17b6c5d651512477f
po_el_f_508_h.tga,c98a696ee49b93b11d5e986c604b2f4f1228d033898664f89f8fe89e998f5066,393234,po_el_f_508_l.tga,43db3211580e268c309094159526d48bfab1591e8a452abea5e8baddce5b368f
po_el_f_509_h.tga,36404f2604f29e373fdd8fc5c7a9ba751b85c2d2cd55d446d89fd04e385f3be0,393234,po_el_f_509_l.tga,0764deadfc020e2807d347b1d90d3f835be2999d52674f51d43224ba35321460
po_el_f_510_h.tga,5f6276bb21aa8c28a91dc67e6c5d890a0c3db8e5eb1b7385867d2d99da91bbcb,393234,po_el_f_510_l.tga,dc5a752c7dda911471f2b011ff590aa5d46c1c5a0e8515fae5d3f928eee36cf2
po_el_f_511_h.tga,ef453f84f311977e534db67fcc5dcb1638aec452e72951864db504a2d7457628,393234,po_el_f_511_l.tga,2a6e21041bb2648d7f56532a9e9c48cc815162a20835f57391db7b776cbc6efd
po_el_f_512_h.tga,0eaa9b3bae63590c91959119d727fdadf6b1f1875ff536849ac9ed61826b0998,393234,po_el_f_512_l.tga,69360048bd049c8cbd5a8049cb0f332cc2abeeb18478608c11637610815e653a
po_el_f_513_h.tga,f9575ad311c3dce6e05b5a5b1d1b5e8c5abab3e176a4356b94bdbfa515fa9d1b,393234,po_el_f_513_l.tga,0123d618e1af0dbb7ae3add7bcc659d1c1e770a1ae182d5d8281ac4a96155ab6
po_el_f_514_h.tga,029dd1724be3ef3e4096b63bb50072cfb3e0a41fb2f99059b4ed5c245517cbe3,393234,po_el_f_514_l.tga,ed13c85e7a7bfec65df8073b7a1c0eab45d3a07db7762f182295b40086be9943
po_el_f_515_h.tga,dff7dcc21ea1a8b8569c411ad6c05aef949e67d652ded598e6ee5abe35aa6510,393234,po_el_f_515_l.tga,85ca0f435ba5b9e2358278bebee4eef37de2552e189e4be0c0db4049d1b97ace
po_el_f_516_h.tga,f3326422842e7b6d8cd52ed2899dd1fbf6f5de4ac3c432784a9ec1d2b788fa99,393234,po_el_f_516_l.tga,d1cc299c0482b7e251a8552f1c85a8fc1db51c6641145b49b0767a56d7178dba
po_el_f_517_h.tga,5939fe8e07450ecd49cdcb353d24c24ba41ecb8cf8d0e34d881717d0cc712f61,393234,po_el_f_517_l.tga,6e9765575f8ed4d1d1fd56cd1c441fe4b5bb2f197d2cb0e764273219af314db2
po_el_f_518_h.tga,88235f2068d2d0a054b5dd72fa4345ebaf5f716b3501bd9bb73a18956005b972,393234,po_el_f_518_l.tga,d7c0cc9171efa7d51ec7d8a06c6e3613e431867c46f7d04cdc73ff5cf97111e1
po_el_f_519_h.tga,6e48b0f1fe5af765728aef888df3993b12fb022b797117c9ee5e2475b454a2b9,393234,po_el_f_519_l.tga,186d4d8e01d5757db58214db9ce233cb137d64360bf33926b3ba03ed7bab1d0a
po_el_m_501_h.tga,a1fbef3ee9eb94803bc1499c446e295819f892f2d3f04af590b24e092ff43fa8,393234,po_el_m_501_l.tga,f2f2ec0efec6af44fdc2bae14d6e8d1417b1a567458dfad6f32a81a695761e55
po_el_m_502_h.tga,fa808194be3c89d75b324ee07d0fa6f56f2fed9c6efb4339efa7611d3d94ccbc,393234,po_el_m_502_l.tga,12b44cad2044fde1ab0afdd9881fc17fa57954ddf8b75bceb5bc3dd226285a92
po_el_m_503_h.tga,c203af6b7e8cc552c33b2467c8f7ca5063f05476aae4a1e1c26a5849aadf70db,393234,po_el_m_503_l.tga,3b9fd3066b360d7cf737e6332d8c439dbe268a45e4fb7c33d1bb03c1fae74af6
po_el_m_504_h.tga,684ac7c53fb587de35887e73d3f8f587ac866436cae80f5eb4394427e3f8da91,393234,po_el_m_504_l.tga,e7d7ab790cb377d18a7058ca03bc6389ecef07956fc12324f9c020163524cc50
po_el_m_505_h.tga,4fb131960aa0afd83a68b32315e5ec3af7044a27b1a81d305ca5fc96accd0659,393234,po_el_m_505_l.tga,73abe474a2f08d12fd9940a9746d9f61bd60521fea992b0802bc16fd61aec596
po_el_m_506_h.tga,7a58b59debb426f4a2e430bc9b5937a01c2ce9ba843e976007bca18e80cba3c3,393234,po_el_m_506_l.tga,7c2cc48012efe2f54a670dcc2cc25b1bd3d769b2bc462bc23ea8eb0cc3404f72
po_el_m_508_h.tga,e5fae2d51bda095037fce2d73ecc3482398608de64af8cf619722634f52ffdf2,393234,po_el_m_508_l.tga,f12671ee4e939881d92aa9725e817cc515c04f3663e62cf650f16ba185c62431
po_el_m_509_h.tga,51df3e8fdf5ee378b2c435bc55c737f8b7dab896469bff182d26ae2a6378cfe4,393234,po_el_m_509_l.tga,214e58519e1d249c6ecfe3ecf90efccb8b9935fda67a5e37762f30ea45c9d8f5
po_el_m_510_h.tga,4c669b53995c87476f63d0c23faf85894fdeb5b1c24efdb4f46dbf567ea25949,393234,po_el_m_510_l.tga,b4b1a413c8cf7938e7d4f66c05e943cf097619c44c6b0f305098e9861cb01a1f
po_emale4h.tga,7ccc80b4711ac99e57d11333e2eebf2eaa6104b9883d8caf94a56f53a0b0521e,393234,po_emale4l.tga,411733e6c93e1e81fb0d8042f9708c58a79a8c438e06799181ad8ce0c192fc10
po_empressh.tga,0e054b1c061dde3a7a2df245b1570a7448cf066f5edc7d29fed2662c82c40dd3,393234,po_empressl.tga,34cda373bedf527f28c80f629f746e536d495a366c99f5f3f822032528531a06
po_ewokf1_h.tga,8b5e8aceaf000d2d901a53b0c197188baeb6b50ce4931c5cf2974b457df720f0,393234,po_ewokf1_l.tga,12d448ab41ee056148b6b08b52039d342c5a102c3a04027a5fe07b76b7e36286
po_ewokF2_h.tga,592a5fc15480e13f7204698934f23cac0d65bb0fbc0f6449b9e36da2533e1941,393234,po_ewokF2_l.tga,c785ffe0ef7a8deb51503fa7acf80825a57569db9247b67dfbf6ab413d58fc69
po_ewokF3_h.tga,71bbd07e08a7f7118f6c0aa0d144fa282c76e46dd242d9983c2db10c5a5db9d6,393234,po_ewokF3_l.tga,59705348a4eea87e2879261883f5845d5cb9125386fc1b56883f190818a05ea1
po_ewokF4_h.tga,b569fed46218599cef1849d6137583994dce2acfe845cf8a749eb8b2924b2092,393234,po_ewokF4_l.tga,735d3c79fa251a00d50a583d7599af6a0a79c8a7708f7165a3e29896ce45c83c
po_ewokF5_h.tga,7373d76ebd13ae0664d97d1166bafbb8690ea31771f6d035abc52881ae1c14bb,393234,po_ewokF5_l.tga,e5cb9a85c53fa0eb9fb55abd120722a4e2d173f4c2d4a13e4b97bfb999dd31be
po_ewokF6_h.tga,ab2ae1843d6ede584b21fcd1f1854c2c4752e08d01fe477e1fad859ca6ed28c6,393234,po_ewokF6_l.tga,ee3668dff15f4e6848e7ec2b9cad0f84100da88272c64835ce0a26e6aaa7c141
po_ewokF7_h.tga,1fb8050bbb269633683a2747e66a26db94a0d93b3f5ffbd586259b80592e5261,393234,po_ewokF7_l.tga,8ba1373861e7b70f114c6b95837cf37efec8055c6387db9c0ad8181ae83bf4dc
po_ewokf8_h.tga,f255ace66e37c72892f8f75f67a280ca6f8d59488bdd324eea73a8c5594fe7b4,393234,po_ewokf8_l.tga,0e78fa844e20f5592d9eee9f46e54f87811c95f4098ea261fb451941314ec413
po_ewokM1_h.tga,557dcea3ea9978a9c7f816c0e5138fa5e57d3cfa531047c71052dac9fa7b9086,393234,po_ewokM1_l.tga,0b088ba4e23a997ad86b8387b6de593d6ddf622f6d5841db6d7ad2448210b4c5
po_ewokM2_h.tga,dc1ea537e8830b1b99971441da78c2ae3854bf910a79fd9820a3d74a9dced6d0,393234,po_ewokM2_l.tga,e27bc13de65f7ab4c876d8e12a525322804ee257e7e35f85d560320f5fd555ae
po_ewokM3_h.tga,3b992acabbfe6c3dfb8c025e43f6906429cd386364688ceff65849bd473a4ff5,393234,po_ewokM3_l.tga,7e251a1708de204a36eb4642336317464df8dd674d44061e19dd64fd69f263a1
po_ewokM4_h.tga,2e516c10b7053596656b6e4ad57c7e6c0ca224eff7b196009144bc72f10bdd14,393234,po_ewokM4_l.tga,0e00552fce6cf3107defba26c9ec2e2809ab17ff14a53d6bee7da8832cdac336
po_ewokM5_h.tga,6f747593fce52e82f8e68e81b508b47fdd121439168858d25d3e9a238cc45c38,393234,po_ewokM5_l.tga,c4bc4a65f04339d15e0704a3742c67c35588a67998d13032f860f6bbf0b0ade4
po_ewokM6_h.tga,fd947678aca27003a7ca52b51287a28540d11ee3b578f50c0774c30f0043ba20,393234,po_ewokM6_l.tga,bb90278141445baaef5c22fdf8434cb3f9525a807065e1a9bf4dce24abf20aeb
po_ewokM7_h.tga,1245a129ad48ee9781c109a15a79c4222320a51b8e967030d22718cbab060521,393234,po_ewokM7_l.tga,f015018b3f60a6c750f72ec9e667effd0e8989430b5cbb02749b30efb88d4109
po_ewokM8_h.tga,c6faa7f331e94f52eb26559a090287215dcfca84ba410ee9095b0babd0419d0b,393234,po_ewokM8_l.tga,9da0c1176c14b7110a6d97f833cd12778a66622360bd32a62d94f292da0bc911
po_fell_h.tga,72e6bd97432672d17ebbf79e141c70bc4fd628d83a267124658b2da16706e91f,393234,po_fell_l.tga,08fcb491e9a50b80edbe2166314496dd386758b7f8f28267b43ee8f54724714b
po_fginger_h.tga,86580da9643255e2d952ea520116ea68e5d82dfa5bc5df66646c9b84ad5d477e,393234,po_fginger_l.tga,676df267a8d7254ae0de0535f220d3cecdd151f04c49312d70b52f265556d53e
po_fgnollene_h.tga,91879cab99638e01480afe590f079c7c95975e6a0fc51f0d46d13468acfaca12,393234,po_fgnollene_l.tga,87086e2ea4dc071d32e9e3d2be1aaf6b89c17fe8d1a5895d74115e4f1fadc9b9
po_fjedi_h.tga,eb48282af79677236f55b13a2b8f464d93ad1f99daa9180e664a587793a15038,98322,po_fjedi_l.tga,eb48282af79677236f55b13a2b8f464d93ad1f99daa9180e664a587793a15038
po_flo_ele_h.tga,fbd5f6975c787e61d0437a78b4ed73b98ce9e8ae881ad8a837daa9c60b30a3b0,393234,po_flo_ele_l.tga,49ccc7169400492b79fea27147aa79be93cbdea0a4039e87446349d9046e91b4
po_fsilverm_h.tga,92002f02a7df5fffbb5b0cf4f9e32da37e8898fe0af5da189a7a44a710504344,393234,po_fsilverm_l.tga,e349dd46da9a87c1205398958e809f0a7643d4b264dd8411861e567786dc1953
po_fzabrak_h.tga,47b63309a63fbdaea97dc0061049bb26c44fcdb58021706f5bbbe89106112b6d,98322,po_fzabrak_l.tga,47b63309a63fbdaea97dc0061049bb26c44fcdb58021706f5bbbe89106112b6d
po_g-bm_h.tga,f2ca210d29a64ed59fc128ab44cc40ac62c6c893bfa6557d93c3bea5f0515932,98322,po_g-bm_l.tga,f2ca210d29a64ed59fc128ab44cc40ac62c6c893bfa6557d93c3bea5f0515932
po_gamom1_h.tga,47364205adb71468aceb7414ca222f07a4f0fe0be4131501f2c43ace900cc822,393260,po_gamom1_l.tga,4114d635363d49547ccd0e66ba33ecb39d122ea06b56fea6ba32ea6fd35e8027
po_ginger_h.tga,4f7ec3b30355a997c4a5f93afcd00e4a707b2d9cd9b8a1168081ffd256fdbbf9,393234,po_ginger_l.tga,60841d9a9e2f05e22dd6ca6269667ecc7bbf5c5f07a3549c9a1fd595e384fa89
po_gith_h.tga,407d2611d563d4f5e49bfa64657ca7f8d175488bddf3f018e4c566ca0596ea96,98322,po_gith_l.tga,407d2611d563d4f5e49bfa64657ca7f8d175488bddf3f018e4c566ca0596ea96
po_glabrezu_h.tga,a0c4a4ce3c0e1eb0fee7ba9ae8bb7eb696fe710e8c03b41878e8718c28709e5c,393234,po_glabrezu_l.tga,4ab61a7a30ad763bf23c8023464d1adbed0e08bd85436169c778ff1566e90dbf
po_glamis_h.tga,9c00ac8d56a1cb63b33a94de2416caa3b7c2820e0c77bda5e0e47bc02eda84dd,393234,po_glamis_l.tga,9cb2159bbbf7c8e801e9150c70c9ac6c64661c3d535737a00c839f38e9fb4d1e
po_gldhdragon_h.tga,e172ee6bb48f40aab4b82b1f379c8c174dc7b947648f3127a5e9901d484b14c1,393234,po_gldhdragon_l.tga,df1745c0cd864f842afe675714798810762d4127c99ccf63e19bc35d630e258d
po_gntfireadp_h.tga,76a4d9d803a2633061ab590506d0c57a86d5a2fa811454ecb89dce50ef10aa74,393234,po_gntfireadp_l.tga,9ed041853985854f7ac67d9eebc03993010230b4e9504cb46a18111cc16fec90
po_gntfireclr_h.tga,0bb778c53f2ab3c3b262847459f50326874d5b5a3210d3ee9dd6ac9e3fe526f7,393234,po_gntfireclr_l.tga,18d1d3e1454f9e783d5a038c618c462265709d338a0549c43978e99e77296bff
po_gntfirekng_h.tga,cbb975a4f708af78fa984d0d60c79a3bf60024686cffdae0d3aaf3eab795d9f7,393234,po_gntfirekng_l.tga,21c2f94227a438ec048e2aeb3f59a430b0a0ae3663579e826145034a564701f3
po_gntfiresor_h.tga,7233ce2c3e3f54e6586c3ce9826d6b2af1c75294be4e4878c980be861a67fd3a,393234,po_gntfiresor_l.tga,136e797645176dbb821f8335b2c486099e4ff092281b908606d503a3468b4c77
po_gntfirewar_h.tga,1ec9b0b52510fcdb705d3eff7dbe3e9d04bca5472b0295ae205ec993e9e2b730,393234,po_gntfirewar_l.tga,4ab4bd1f2b6f215006295566ef705ed0a04cdf996b890dffbd0b9a8e6ad655a6
po_gntfrostadp_h.tga,7cb8010912a9c9c3b3fad822cd95a351f05b2421c818285afefdb253eee2de5d,393234,po_gntfrostadp_l.tga,83820edadba6d8222d0073b1bc27d8cfbf1f411fb3e0f4133d7fe3e9c984e55a
po_gntfrostclr_h.tga,a63aa992429acad2424fb888e782038edc03d1e4958a6107ebb7a4b8252d0a1c,393234,po_gntfrostclr_l.tga,a31869b98a4b2b9dc90b9a9eb377c42087931cfe9610f8fb93e33f91814b59db
po_gntfrostjrl_h.tga,f2d7a532aff3b65eabb73e14a83d3265de36817f1cd508774058a3b09b9e87b6,393234,po_gntfrostjrl_l.tga,f99012bb74a7ddb4907696e752fe575a75fe055cb880dbdd427a11a081df7628
po_gntfrostsor_h.tga,0a0a00340d5fac4691aa77599c728e3b73ba1175a00f425356ec705c0e594912,393234,po_gntfrostsor_l.tga,40584234a3ad1d5119b4271f29fe427376bd569a8703a22beef2de79a67c9522
po_gntfrostwar_h.tga,cf21cab18a5fedea11f1d94aff0af3d8f2302e4f3cf9e061d6b9e0a3dc631b07,393234,po_gntfrostwar_l.tga,b458d35c3fe82cba930358f3570a43002d4fe50627b5ea99e9d6b12b76808031
po_gnthillchf_h.tga,080298bb3533083c94a73333e52e9f92a5d482687b4db3faf1b65090fe68f731,393234,po_gnthillchf_l.tga,15f70f73f0d2f1b429fc5d18dad40fff43674420fb61b2eb1332a7ff8be4988d
po_gnthillwar_h.tga,86a68ef8d9ef2116d8d6e3a4a27327e7b4698286db00c0891dc3c487961ea729,393234,po_gnthillwar_l.tga,8a1a20c523de74996eb086ffe88757766c4c63aa136b8f32cd72b14f132a4a42
po_gntmountadp_h.tga,e6956ecfceecdac3ec775edf1cf8d93a5fbb68add311025951bc6953da449323,393234,po_gntmountadp_l.tga,5e8a205bf12b0767cfb15c7962b9b1d3fdefd084ddea2c2b1aeaa762e30cf508
po_gntmountclr_h.tga,dc63c2b42508fb7728148dc05852941eb6fe205629a84b1d888cd263ebee24c0,393234,po_gntmountclr_l.tga,51c15b09b91e4769567c1351cf4a9f015df1d475024252860b14bad01dbab661
po_gntmountsor_h.tga,8a10ce32f535479cb64bd76142c4528e090d25a537eeb4c5e03894d90f7d8494,393234,po_gntmountsor_l.tga,83109cecd4b4bbbe21a55253c209f15843f7dccda44c064a9362d1543245dda7
po_gntmountwar_h.tga,b6457f2569a4751a9d1c612a70f7406579ab075781694594c8951ccc873345f9,393234,po_gntmountwar_l.tga,a52183a3e422ae1ac7d0fbdeeabdd367ee3f49bcaad227603f13bb6c94658e8c
po_gntstoneeld_h.tga,b2275a60169f59b7b58becee8aa892ae769752857cd4028ce09a923657380f2d,393234,po_gntstoneeld_l.tga,dd79543f9fb57751aee2f2608def598b93a12c403be42fa0797c6b3edcfdecb0
po_gntstonesor_h.tga,c8d3ce69bc1d4f699376a9fc6741402174eeba70683b5ffb948d40a02d6c2d89,393234,po_gntstonesor_l.tga,fae87e50c00cb0c4f2f0307d719fa525ab226e459aad31375088b0cadf9dcd9c
po_gntstonewar_h.tga,bc67428b06c12fcc72917db450e4d3103785f69b928fed63ce8dc5eaec5e6c1d,393234,po_gntstonewar_l.tga,f978ffe3b6a969df8dc0e03ffc97a96593d601e8053c229f62be1c806391f4ec
po_gn_f_501_h.tga,8c247363a5ff6edd49b70dc5c838c92cc0a9f33d4114eb4b769366d1d0001ad2,393234,po_gn_f_501_l.tga,4fb31dddf865cee6d51ab2cf4c97e59dc1d33cb60ba667dbcc2de65e8dc8b5cd
po_gn_m_501_h.tga,785a45e52c851036cfa5fca70cec5486edcefbde4910a47f78c198ff31646037,393234,po_gn_m_501_l.tga,278e6886376bffce252e97785052f0cab615c356df9df038906f53d1d1d1d760
po_gn_m_502_h.tga,55d35d1832a245e2012d66b099d84a0ac363980faf93369cb2fcfe47649100c3,393234,po_gn_m_502_l.tga,d89d8b2889a5d2b7e6e01c4f31acfb5a0b68951654d2ffba316e3859c642f680
po_gn_m_503_h.tga,6a27fbfb3f6ef84659daf804e57f3a7db2aec3e661d4091a2b6a5c02e1f0cfd0,393234,po_gn_m_503_l.tga,9a9f4b192a4bd32010ba52384c2b8b75079352802c0a74396e21347314194be4
po_golblrk_h.tga,da58e3615716de8891886d2075a9ba00098d259bebcd308aeaa8ccc7ade7059a,393234,po_golblrk_l.tga,d1b6bb2ad63209dc052bb1d05179abdb784f0fd5a565318ac63b73312ed99851
po_golmit1_h.tga,7c7cd3176e7b746af5f0224615af53a8d36e842cd42f4824338ee58a4d47c8a6,393234,po_golmit1_l.tga,142bae5af47a4625cd123ac03d906ff8531dfa8aaf2829a696606edf9e40ca09
po_golmit4_h.tga,f27c39b5bab3d468ff9f5f1363ded8d62acba644313f37f4e43127ad7c65970f,393234,po_golmit4_l.tga,b7b30e40928150d70eb1330f1cec81587d3fbfcf29206b0db61cbd7681d76a20
po_golmit5_h.tga,e74940a030cf6b31aef0ee5ea0fd6ccd159d5547b7dacaef684c25939f4a31ae,393234,po_golmit5_l.tga,8748409e7f4f1de1de29775074bc221ca185b102abbd796d362f31bc72353aef
po_granf1_h.tga,096227bc3cea792434cc5b322497a829caadfc27fb8291d1c1feb49924f08aec,393260,po_granf1_l.tga,be9e82c66387d740eaa6e6e2384293b62229990d4c1ddfe191a68fe7e4a263dd
po_granm1_h.tga,2d71c19976cf10d36613058e24501b74b9c3a2dd16a5908b21a2541020dce70e,393260,po_granm1_l.tga,e1cbdd0063139a876a147fc144ec93c1532901b124fa9bb26227d3ff9cffe04a
po_grick_h.tga,37f51e5e1bb9fd703e6f93c82462c74a666025d27f2fb6b9202a659a762971e2,98322,po_grick_l.tga,37f51e5e1bb9fd703e6f93c82462c74a666025d27f2fb6b9202a659a762971e2
po_griffonmerc_h.tga,59b2f1b803546f3e1d9827b0d0ac899a8fc8bd50e9e80137684c4f47acee418f,393234,po_griffonmerc_l.tga,5a59736abe3f05ec88af81f6632d310f181d9637e508e1036d9b377ef13080a1
po_grnhag_h.tga,fbe5c6f90beb0e2c3cc272fb8b5f29d81953403fc3b5ef49695f3c8f9408465b,393234,po_grnhag_l.tga,bde9237648d06867caab3205288d43e6d1734507a53ad5dd5700ef933c2039fa
po_grue_air_h.tga,26924a9ab8ca9b44fb50d7e701339dc38136f386697abf0b55147df1b371f76e,393234,po_grue_air_l.tga,deea84095e1f93cba8e4b45b77a117025eb5468bb86184c768e81651523ebd57
po_grue_fire_h.tga,d6b3b7a83f303d567bc283030a881e57833f4515f66c70f855e131fbbd018fec,393234,po_grue_fire_l.tga,76a33e3304c4a2b8c17dbbe510a53c9cdb6e8c5d7bc4db7735947d0e8f05c32b
po_g_wasp2_h.tga,20ae1bbe2527feabdcb803bb00126994d1612c40e691535e4493cba26cf5903d,98322,po_g_wasp2_l.tga,20ae1bbe2527feabdcb803bb00126994d1612c40e691535e4493cba26cf5903d
po_ha_f_501_h.tga,7e988f737635edd7ea2006c503cad24efb03a52d5c0acba186dcc97bb95fbba5,393234,po_ha_f_501_l.tga,8181ae1ef4aaee00261b8d13dd1c6f27d385b8e0f2e6a57095bcea73b7125598
po_ha_f_502_h.tga,2fe34d4b1ec3563c2e323a1f2eec66d0befecc0c5257d797337298c133e3cbf7,393234,po_ha_f_502_l.tga,27dfd633668da4293a7213ba0c5b44850f4d37e5a4438e7ef07f193162085992
po_ha_f_503_h.tga,e45a13bc2f265866bfa42791b7bba677727f92bd51b92859595ef0d5349485a1,393234,po_ha_f_503_l.tga,ddbc54bf380fd57b333294c774b5f7815ac784071f5a05c495927ba0a7aaa6c0
po_ha_m_501_h.tga,a824adbfef224afed1136ebd1ea01eeeb829ad43b8da30fedced812f324abfeb,393234,po_ha_m_501_l.tga,a8fd3fded94510f6c598095ceec64d432c8014d3cea93cf3669fec8ce530cf2b
po_ha_m_502_h.tga,bf4db6b78a6ba897ccb59bb63f42fdf264251d3590b13d319878a2bc50a11210,393234,po_ha_m_502_l.tga,8074bc6e293e8fd41d9501fe5daa75e6a4b734ec622550b82009954c0e0c3d24
po_ha_m_503_h.tga,f44de34ef0dd6c0e6605f27c861d58ce336d5c198abe664027ebbe30b226d5c8,393234,po_ha_m_503_l.tga,af0fec6417775ca55f4fe1bb4ff6578ee29b00a3d818ba5658141dcae5a5f8e4
po_horse1o1_h.tga,31ccca723ae822341fe69b46fbef25e3f928da2a18333c66d1ca6b2330c72136,393234,po_horse1o1_l.tga,5121062fc3278228cd16398515e1f9beb31147d81308a7cd7963b4ebe2de12f9
po_horse1o2_h.tga,43e1c48c49ced7b87b6ff98fdea322f267f6ff0c3568703e382bc86b849ead36,393234,po_horse1o2_l.tga,3834755ff32a94a52e0177e3d8123086d00b4d4093f841ae98da4e2895c19d7d
po_howinm_h.tga,72a851b03cc87b7166da5bfa6f3a2a3bd0710a98d677605ae40a9c1650473aef,393234,po_howinm_l.tga,f3842856fd8b1eb987db78ebb050f33a5b72336ed0132f4e972413e0c61f4b9e
po_hunter_h.tga,47f2679a37b94608381a9a87ed78a71c8affab4d37ffdd54ccff30ce9e06b496,98322,po_hunter_l.tga,47f2679a37b94608381a9a87ed78a71c8affab4d37ffdd54ccff30ce9e06b496
po_hu_f_501_h.tga,5077e6d9d85fa60a5aa7725c9a98fde038c488b7884c5f277e8c10891ffb2a8d,393234,po_hu_f_501_l.tga,5a83dd264854e4bc64e86de0f791586c35d53551aaea160eaadf38a18e7fde0e
po_hu_f_502_h.tga,927a4461e55802ed7ac29e34f01275092c9a635a06e8f15988570ecc21cbec91,393234,po_hu_f_502_l.tga,e6eb61cadd7f6a432229b59aaaced3e88c338b2e185f87f170666cb7b45fad5f
po_hu_f_503_h.tga,8d5d3515efd69b7ebdb4bbbbe52b2058147325aad5b3626d4ac6a58c952c6f9b,393234,po_hu_f_503_l.tga,83de81fd5a757b194d9acfd23925faed081adeee189f9fd132608aa57500be7f
po_hu_f_504_h.tga,4338ed9b1b358c311a19d2a45530eba53c47833bf5fdf52dea90f806b0168f39,393234,po_hu_f_504_l.tga,1eb7308a3affcb6f254b63b3e7ee3fa1dd444091773db22dd9a93caf9f2caaf6
po_hu_f_505_h.tga,234d142f7448098a102a696512146463dd6f46a3a59a9ef5a10f340e6746aa07,393234,po_hu_f_505_l.tga,36fa4fa20ea72b3e06cdb0b51b3726e18e528df0eb89e236b508e844066fd1e5
po_hu_f_506_h.tga,1c5fb1e34a12183bfb4c4d5c5b365b57bf85508d9171aaf320b48c35e8d770ba,393234,po_hu_f_506_l.tga,fd3e28d5550e5906635262c39a068fd28f5e71db65f43f12de81676efaf89891
po_hu_f_507_h.tga,9a15fb7e063e125b5a499661426f56c75e13ea4ffdca11b7e2bf9d9c3a79330a,393234,po_hu_f_507_l.tga,62b4743a5aba7212fc0753c4f8d215e52c88a4a3190d2bef246a87a4fcf06c9a
po_hu_f_508_h.tga,bc3fbeca5d6cd1982d74ae4e9fcad1803c664db3656a153190c6c3f654b2c4dd,393234,po_hu_f_508_l.tga,dacccab5c725854f3857122398728aa0d1e6ca6f0b2a9b95a0ef53a1dfd9bcb5
po_hu_f_509_h.tga,f4728de6cd0c7acd03ea38118dd9d8abf57b7ef40679fdac6be4a6353b51fada,393234,po_hu_f_509_l.tga,295032546f9d30a1c6fc70151b8245b625c859d57bd39552046560a5714146da
po_hu_f_510_h.tga,09ee872988860060db38fd86e9687566f4eb9eac03bbd8fbf6f5b82cd7963d3b,393234,po_hu_f_510_l.tga,6f80063c361ba6d3d5d41406b7890163acf2ad40f1f7f26107168c9ca9e1e80f
po_hu_f_511_h.tga,de35c7fe989b37c1f25c000ae2a1261b8a7f1cacc9bb9bed9755ba71bc25caf9,393234,po_hu_f_511_l.tga,85b90b8b0c556e42dd6b326223a2e9362447e92bbaa63ed3de6cc2df800af200
po_hu_f_512_h.tga,a223c4f3df8b559eb9eae68031b236208a46091b397663d76ea1437c061973d1,393234,po_hu_f_512_l.tga,07c2e43fbdff36f14d4221217648157c506c96667aa4784287826ecebeb236c4
po_hu_f_513_h.tga,55da0c96e5452c797fc7390ce5956a075adde67ed829a0133bf5630b003a2c12,393234,po_hu_f_513_l.tga,8980a3d305c7200f148968e44660d5320b60de8ffc45064d2afed9ae8ffb2111
po_hu_f_514_h.tga,4d485fc12c68e916edc16b8463c60add21874c6f96ff7b9e462d1248fdbf87eb,393234,po_hu_f_514_l.tga,75fc91461a9b619ee1925dae5c329bdc2478437146fa4aab76ee223c340e487b
po_hu_f_515_h.tga,36e8e2b9a3d89c7f7d317875059d16f3ec7cc60c7df4cdfd3afa371812a716d1,393234,po_hu_f_515_l.tga,edef65942c3b1334c6410cac329808ed0206dda2f077efd57435efa20d29de25
po_hu_f_516_h.tga,b10da336d02e75368fdd0ad647d2fcbcc46ea2fb74ec6838ac392a7279953a90,393234,po_hu_f_516_l.tga,9360d481ce829f38ba61ce93c90a8d0fcb0051b66f02fbd9a0f75f30553c4309
po_hu_f_517_h.tga,47ff629dd768d28421e8aa12d4297beb4c5344cb44eeee22bb5981fd4d6269d1,393234,po_hu_f_517_l.tga,b7850994ceff3c4b6ef3be2e09a4e7f32ba50b957822e5d05537e26510cd8534
po_hu_f_518_h.tga,569aab49f597c7396f663ff3cde0208243e4a64470100ba0c87b9c292f8556d4,393234,po_hu_f_518_l.tga,67cb1518a6bdd5cc7ac8ee50b04f328efdc9658adb224f7978198a30e1ff53c2
po_hu_f_519_h.tga,8f11631b5eeb93022c45c19345bbb81d9585bc56113c689e05f088d857710edc,393234,po_hu_f_519_l.tga,f0334d53fcdddecf04b0f818894645de112ea12c33347e2a0ce0a6a190dc806a
po_hu_f_520_h.tga,c73a2002654e4f84ee19f86747866f1f0556a521eebb87fbe79d6635cf5e369b,393234,po_hu_f_520_l.tga,4e8d723925e571c13e3dcfb4b3a0decd135a5c24c54ae5c159f33f97529c165d
po_hu_f_521_h.tga,3a6ebfa9daba4d922f2c36f50fd6345487061f213fe2da2e27d6e06a6d3ebe3f,393234,po_hu_f_521_l.tga,e5db5f56599058ee91a7902c837b79295555980bff108af631ea9024f0e40c46
po_hu_f_522_h.tga,d161d860088a041a9b11e965db976fe1cddbd971c82955139396361efd44d0b6,393234,po_hu_f_522_l.tga,5ecd36a1687fa1cd8841620d167918e5fcd98878df904f9216169443385bd7bb
po_hu_f_523_h.tga,c7e3c3bb9dd640a7d0ac402d03aee010cee4cce6b0fa48079264cb43ea6ca0cf,393234,po_hu_f_523_l.tga,dc7f6319887c1193ef8ada6ee39dccdf455601d8cbda84189980a080a79c4dc1
po_hu_f_524_h.tga,0baec9354563f8f69d8d6631416c98717639c13bfd482c13286c130b24c301fe,393234,po_hu_f_524_l.tga,6d92611cbbcdebbda462aa1f9628d85427bfa95c2b9ff53d65a41bfcc43b8803
po_hu_f_525_h.tga,363466b1392e8ea374d7fd358ac145b071baeb60454015bb1784f376383c351c,393234,po_hu_f_525_l.tga,d5e87bf8b3a6cd2d745810bb734c6df838de0549d8a0918975da2055dac8a5f1
po_hu_f_526_h.tga,f88e669bcd921324d7861c2dcbf754f69cb3dce7d4a767a4a40c565d8f80ec96,393234,po_hu_f_526_l.tga,0744ecf201589dc7f99fde738abb7a1adbb89eb44c1fe6aa41b5dfd0e6929823
po_hu_f_527_h.tga,532f5d658a4de1429400fac335a9055f0222bd3d9434092f32c7064a045a5b31,393234,po_hu_f_527_l.tga,de5102f7e0d6f2ce6448e9473291edd40af91b917e0cdca596507f0404bfaa3c
po_hu_f_528_h.tga,92f1d0a810465fd9572bb235ec026c481261cbdb6b0a4907cf4f906e4e769b3b,393234,po_hu_f_528_l.tga,cdfd48b3867637cce2e192d44d8aded8d830c5a29058c3bd6adfb852090d37f5
po_hu_f_529_h.tga,45374fe3bfdccc84548e34889d2ba69f19504ee06301ad504d62ef02545525a3,393234,po_hu_f_529_l.tga,b613bdbd475fc01872297994e8a16e377151cff1f3d29cf0f4e0852555767fca
po_hu_f_m01_h.tga,3457bedd31e568694feac879bcee03b49a92e3c3bdf2601cf22e93c257ed7fc5,98322,po_hu_f_m01_l.tga,3457bedd31e568694feac879bcee03b49a92e3c3bdf2601cf22e93c257ed7fc5
po_hu_f_m02_h.tga,b04a2e9cb1856e1967f437e54ac9800b3e559abfbb70e9a3a4bf2adb26197fe2,98322,po_hu_f_m02_l.tga,b04a2e9cb1856e1967f437e54ac9800b3e559abfbb70e9a3a4bf2adb26197fe2
po_hu_f_m03_h.tga,2f3745403d22294955caa4a51680af8f095615ed6c8cbe4c3a50d3f699a0c893,98322,po_hu_f_m03_l.tga,2f3745403d22294955caa4a51680af8f095615ed6c8cbe4c3a50d3f699a0c893
po_hu_f_m04_h.tga,c776fbde8dfd2c864bf837984b684cd0ceb78ebe2c54d0ca0a20657379759651,98322,po_hu_f_m04_l.tga,c776fbde8dfd2c864bf837984b684cd0ceb78ebe2c54d0ca0a20657379759651
po_hu_f_m05_h.tga,08e0da80cd873a4fd3da490b484d42512a3974e9dd7cd9d7310f85a9ebd321ef,98322,po_hu_f_m05_l.tga,08e0da80cd873a4fd3da490b484d42512a3974e9dd7cd9d7310f85a9ebd321ef
po_hu_f_m06_h.tga,683e03385b99276471ba50ac2e63451cff9060797b34e908fafd0e218b1bfb9f,98322,po_hu_f_m06_l.tga,683e03385b99276471ba50ac2e63451cff9060797b34e908fafd0e218b1bfb9f
po_hu_f_m07_h.tga,f2a397166ced85c13119ff36af57d685c6539977a79917359a558ccba2e041df,98322,po_hu_f_m07_l.tga,f2a397166ced85c13119ff36af57d685c6539977a79917359a558ccba2e041df
po_hu_f_m08_h.tga,e8530f4659c818bd35efa4034fc23bf4f8861438a5e1a61a3063526dcea69151,98322,po_hu_f_m08_l.tga,e8530f4659c818bd35efa4034fc23bf4f8861438a5e1a61a3063526dcea69151
po_hu_f_m09_h.tga,09b19c1295d8ca6af14a6ca618334ad5b3f73a06cfad9e80dc88f2f346b6be4a,98322,po_hu_f_m09_l.tga,09b19c1295d8ca6af14a6ca618334ad5b3f73a06cfad9e80dc88f2f346b6be4a
po_hu_f_m10_h.tga,c1eb2dbef0b0fd8a6c2afa750461c97a3603c06abfa122fb1d64ad801d08f1d3,98322,po_hu_f_m10_l.tga,c1eb2dbef0b0fd8a6c2afa750461c97a3603c06abfa122fb1d64ad801d08f1d3
po_hu_f_m11_h.tga,db657248a17ea4937ee45ad86ebb10d0b4f4c346881ba2a72f5d8ddffc7e2a8b,98322,po_hu_f_m11_l.tga,db657248a17ea4937ee45ad86ebb10d0b4f4c346881ba2a72f5d8ddffc7e2a8b
po_hu_f_m12_h.tga,26bb4688b8217bf4c4dceaabb0762792cb9b9cc12e5027f3c832b3dd52c2f58e,98322,po_hu_f_m12_l.tga,26bb4688b8217bf4c4dceaabb0762792cb9b9cc12e5027f3c832b3dd52c2f58e
po_hu_f_m13_h.tga,92dad0759a1fe66e1194a9789591f5a202cdf1f67db094b6938f002080b37546,98322,po_hu_f_m13_l.tga,92dad0759a1fe66e1194a9789591f5a202cdf1f67db094b6938f002080b37546
po_hu_f_m14_h.tga,3628d3c90a92267823bacc6f0a6af5326748d925491b1ba14ef5c9114d2e05cc,98322,po_hu_f_m14_l.tga,3628d3c90a92267823bacc6f0a6af5326748d925491b1ba14ef5c9114d2e05cc
po_hu_f_m15_h.tga,5a1694d9239ca5904d4966cf196626fe0ade3d604d84e00f8fac2dcef4ae5a1c,98322,po_hu_f_m15_l.tga,5a1694d9239ca5904d4966cf196626fe0ade3d604d84e00f8fac2dcef4ae5a1c
po_hu_f_m16_h.tga,7a8b8a5713253194209cd09dfe1af57cb47eb94f4359d468791270796b7a949e,98322,po_hu_f_m16_l.tga,7a8b8a5713253194209cd09dfe1af57cb47eb94f4359d468791270796b7a949e
po_hu_f_m17_h.tga,5b7d5b13e2ef5d5b5f6f0f7970b2c143eb0df0a0da15e0a03eb1e566fbf48579,98322,po_hu_f_m17_l.tga,5b7d5b13e2ef5d5b5f6f0f7970b2c143eb0df0a0da15e0a03eb1e566fbf48579
po_hu_f_m18_h.tga,d03d09aaf535183f6aee098fdeb79882343e56d939427878b7cd717bd182201f,98322,po_hu_f_m18_l.tga,d03d09aaf535183f6aee098fdeb79882343e56d939427878b7cd717bd182201f
po_hu_f_m19_h.tga,9cbfda02b9e7104b44742c0e304c9e4a6faa4e5f2bbd6281be5af98f6a47c1f5,98322,po_hu_f_m19_l.tga,9cbfda02b9e7104b44742c0e304c9e4a6faa4e5f2bbd6281be5af98f6a47c1f5
po_hu_f_m20_h.tga,6370cbb97863c0dddf42f043d00dbede0f4201f2d99162f077285043a31ec6f7,98322,po_hu_f_m20_l.tga,6370cbb97863c0dddf42f043d00dbede0f4201f2d99162f077285043a31ec6f7
po_hu_f_m21_h.tga,1c5306b60e82e0ebb677d6f2cf444e63e915194c04215f5539baab440ac9fd9c,98322,po_hu_f_m21_l.tga,1c5306b60e82e0ebb677d6f2cf444e63e915194c04215f5539baab440ac9fd9c
po_hu_f_m22_h.tga,5d05413ca474c8c3010746f01cac8e1e10aa82ca559ec9ddebbf0f10db1ffbc4,98322,po_hu_f_m22_l.tga,5d05413ca474c8c3010746f01cac8e1e10aa82ca559ec9ddebbf0f10db1ffbc4
po_hu_f_m23_h.tga,f27897372dc2387c3df2f53c95d95eb80b2481bd90d47ab4f62ac2193cb2ce76,98322,po_hu_f_m23_l.tga,f27897372dc2387c3df2f53c95d95eb80b2481bd90d47ab4f62ac2193cb2ce76
po_hu_f_m24_h.tga,cba8766d50c8f134500df35980a96d081215835ad58aaef3fe3c3bcca903e95e,98322,po_hu_f_m24_l.tga,cba8766d50c8f134500df35980a96d081215835ad58aaef3fe3c3bcca903e95e
po_hu_f_m25_h.tga,922ef88c3da9522ace8f11aae7d59d5d3735a410a09295f0e9eb11667405a44e,98322,po_hu_f_m25_l.tga,922ef88c3da9522ace8f11aae7d59d5d3735a410a09295f0e9eb11667405a44e
po_hu_f_m26_h.tga,1701af0c567702114ad33199238071970adf5efc7a50ba7d5845d18804c70602,98322,po_hu_f_m26_l.tga,1701af0c567702114ad33199238071970adf5efc7a50ba7d5845d18804c70602
po_hu_f_sf02_h.tga,9700fab583cbb6201a9f88c6e1a4aab6994385684f2f6c7ab4e708b55695e419,98322,po_hu_f_sf02_l.tga,9700fab583cbb6201a9f88c6e1a4aab6994385684f2f6c7ab4e708b55695e419
po_hu_f_sf101_h.tga,9015c9b2a3e52b744961230df2ec86fec37839da781722b643895799551a6bd5,98322,po_hu_f_sf101_l.tga,9015c9b2a3e52b744961230df2ec86fec37839da781722b643895799551a6bd5
po_hu_f_sf102_h.tga,b1581cea8b9f74114a79f52fedbe6af02b1f06421b89a46f3f855a11d37f2708,98322,po_hu_f_sf102_l.tga,b1581cea8b9f74114a79f52fedbe6af02b1f06421b89a46f3f855a11d37f2708
po_hu_f_sf104_h.tga,d5260163c32a03a3acb8da21e802c6bce621b9fdb5248faf10fd46c0e2e78431,98322,po_hu_f_sf104_l.tga,d5260163c32a03a3acb8da21e802c6bce621b9fdb5248faf10fd46c0e2e78431
po_hu_f_sf105_h.tga,0cc43022476e048e673904f618e4053ae1cd59cc33b8abef6352cbdad41d7e7e,98322,po_hu_f_sf105_l.tga,0cc43022476e048e673904f618e4053ae1cd59cc33b8abef6352cbdad41d7e7e
po_hu_f_sf106_h.tga,eea6b01f36d724d361ac9a150e456c53b549374049ff53befd708f2a9d1a7f81,98322,po_hu_f_sf106_l.tga,eea6b01f36d724d361ac9a150e456c53b549374049ff53befd708f2a9d1a7f81
po_hu_f_sf107_h.tga,6152b571b4ca9b25b12bd548c5cdae5318ea172abbf70c3142851e86337bc2f6,98322,po_hu_f_sf107_l.tga,6152b571b4ca9b25b12bd548c5cdae5318ea172abbf70c3142851e86337bc2f6
po_hu_f_sf108_h.tga,9ff094cdae408eaeb922936ba56a19b064a69b559947ebb2b1c32ed39f0fa31d,98322,po_hu_f_sf108_l.tga,9ff094cdae408eaeb922936ba56a19b064a69b559947ebb2b1c32ed39f0fa31d
po_hu_f_sf109_h.tga,5776b4546d756841372f58eff9ba6e518cc8fada92a3316574fce87a25afddfb,98322,po_hu_f_sf109_l.tga,5776b4546d756841372f58eff9ba6e518cc8fada92a3316574fce87a25afddfb
po_hu_f_sf110_h.tga,e29010a7c2efa782cf944d43d883a5152f8203ba1bfc0fc5a2f38a2b1a50fe02,98322,po_hu_f_sf110_l.tga,e29010a7c2efa782cf944d43d883a5152f8203ba1bfc0fc5a2f38a2b1a50fe02
po_hu_f_sf111_h.tga,a31866426358645a26cb4ba8a3e2f929cedaa544a5198234e33daf4c312db50c,98322,po_hu_f_sf111_l.tga,a31866426358645a26cb4ba8a3e2f929cedaa544a5198234e33daf4c312db50c
po_hu_f_sf112_h.tga,ef39a3375d0a2ed92eb8b46698180a675d983375b344c50169d1809d667772d2,98322,po_hu_f_sf112_l.tga,ef39a3375d0a2ed92eb8b46698180a675d983375b344c50169d1809d667772d2
po_hu_f_sf115_h.tga,748feec3bb40aaec4b8707b489af011007fec3c9fd067fa46cf5b7151cb68dbb,98322,po_hu_f_sf115_l.tga,748feec3bb40aaec4b8707b489af011007fec3c9fd067fa46cf5b7151cb68dbb
po_hu_f_sf116_h.tga,49f3ba7dc45540c2c905631a986b61742ee121eefa0f8974987c772cd2400c64,98322,po_hu_f_sf116_l.tga,49f3ba7dc45540c2c905631a986b61742ee121eefa0f8974987c772cd2400c64
po_hu_f_sf117_h.tga,117a77153095cb2af2c910a207415e513cda6fbe2eea675a8b0a1d1e45297290,98322,po_hu_f_sf117_l.tga,117a77153095cb2af2c910a207415e513cda6fbe2eea675a8b0a1d1e45297290
po_hu_f_sf119_h.tga,7a88a1df64bf3a7d13efbe0df88b551843ba419233b23e456a1ffe836779d44b,98322,po_hu_f_sf119_l.tga,7a88a1df64bf3a7d13efbe0df88b551843ba419233b23e456a1ffe836779d44b
po_hu_f_sf120_h.tga,68390fe737ebe237bc586c0ef8d83465994f3da10182413b1c8d58ff86a8e3ef,98322,po_hu_f_sf120_l.tga,68390fe737ebe237bc586c0ef8d83465994f3da10182413b1c8d58ff86a8e3ef
po_hu_f_sf121_h.tga,2254160b4562fffdc8f94d24a51f8f31d2dd7d2eb3ac9e6db7b97d7e4d5804b1,98322,po_hu_f_sf121_l.tga,2254160b4562fffdc8f94d24a51f8f31d2dd7d2eb3ac9e6db7b97d7e4d5804b1
po_hu_f_sf125_h.tga,158d8a2d84b89c7dd1e47397508d9deea2f7d96e7c4e83853f63315c10cb1a7b,98322,po_hu_f_sf125_l.tga,158d8a2d84b89c7dd1e47397508d9deea2f7d96e7c4e83853f63315c10cb1a7b
po_hu_f_sf126_h.tga,ef58ac017ed5884625d778c830d448587b95ea0add8544cd9916315a347a1e04,98322,po_hu_f_sf126_l.tga,ef58ac017ed5884625d778c830d448587b95ea0add8544cd9916315a347a1e04
po_hu_f_sf127_h.tga,dae88e5e7fbc661c3c0b4b05784f27a7ae785c52a85434999a0ec4e40a4081d2,98322,po_hu_f_sf127_l.tga,dae88e5e7fbc661c3c0b4b05784f27a7ae785c52a85434999a0ec4e40a4081d2
po_hu_f_sf128_h.tga,64319efd7b2590070b77f7c0400bf2a865e665b19297a9811520be47ad5dca60,98322,po_hu_f_sf128_l.tga,64319efd7b2590070b77f7c0400bf2a865e665b19297a9811520be47ad5dca60
po_hu_f_sf12_h.tga,87af9563d4eabd30d2ebca8afa7ed783e11b6c671ca100837ac0cbf767b9f431,98322,po_hu_f_sf12_l.tga,87af9563d4eabd30d2ebca8afa7ed783e11b6c671ca100837ac0cbf767b9f431
po_hu_f_sf131_h.tga,dcc699a2727bcb88edc967995c3fc42c06138abb1776c0efe60e4edce7b8edfe,98322,po_hu_f_sf131_l.tga,dcc699a2727bcb88edc967995c3fc42c06138abb1776c0efe60e4edce7b8edfe
po_hu_f_sf15_h.tga,12d271aa0238a4346864bac8284d17941c5a57eb57951672d1ff7c8389a1b054,98322,po_hu_f_sf15_l.tga,12d271aa0238a4346864bac8284d17941c5a57eb57951672d1ff7c8389a1b054
po_hu_f_sf25_h.tga,912ce666b58c36a8030accd28223ccf448998d597a0516a6097f2753f86617dc,98322,po_hu_f_sf25_l.tga,912ce666b58c36a8030accd28223ccf448998d597a0516a6097f2753f86617dc
po_hu_f_sf26_h.tga,ce7c502dc13c8287eecd666f348752ee93d7a5a65c31104d2a23844d4dc95b24,98322,po_hu_f_sf26_l.tga,ce7c502dc13c8287eecd666f348752ee93d7a5a65c31104d2a23844d4dc95b24
po_hu_f_sf28_h.tga,22f0b42679424cf3d81b1cbf987ab75257a94e1491aa1341bc09fabc066bec42,98322,po_hu_f_sf28_l.tga,22f0b42679424cf3d81b1cbf987ab75257a94e1491aa1341bc09fabc066bec42
po_hu_f_sf30_h.tga,b65f0bd47da2bfe4eba69ba9c02db7aaaf37d3799040c26eb5197a44e060f4cd,98322,po_hu_f_sf30_l.tga,b65f0bd47da2bfe4eba69ba9c02db7aaaf37d3799040c26eb5197a44e060f4cd
po_hu_f_sf31_h.tga,ce1202d7b8b9ff9a0fbf66f63537424d0d36ec353b1eb99a1f08bef07f55f014,98322,po_hu_f_sf31_l.tga,ce1202d7b8b9ff9a0fbf66f63537424d0d36ec353b1eb99a1f08bef07f55f014
po_hu_f_sf32_h.tga,bf2585ab41852495fec743a97f74638cc89a32309a612846be61faa30a7be64f,98322,po_hu_f_sf32_l.tga,bf2585ab41852495fec743a97f74638cc89a32309a612846be61faa30a7be64f
po_hu_f_sf38_h.tga,cfbb9806951048dea6d2024de5928e0e5c8b6f58f04bdb89e43a7311f2c77803,98322,po_hu_f_sf38_l.tga,cfbb9806951048dea6d2024de5928e0e5c8b6f58f04bdb89e43a7311f2c77803
po_hu_f_sf44_h.tga,de000910a07210eeb37d3fe22bccb0eb346ea7e51adec99370e19835ad66f7df,98322,po_hu_f_sf44_l.tga,de000910a07210eeb37d3fe22bccb0eb346ea7e51adec99370e19835ad66f7df
po_hu_f_sf45_h.tga,a7cbc775787d7adb749a2f4f6c71c15d9c4b5420887fba74cd39c8c3dcca9b40,98322,po_hu_f_sf45_l.tga,a7cbc775787d7adb749a2f4f6c71c15d9c4b5420887fba74cd39c8c3dcca9b40
po_hu_f_sf46_h.tga,0de48c2398967a0d740a15ddd0ab808746898e4435e6d97fb01e9cb8caac79a6,98322,po_hu_f_sf46_l.tga,0de48c2398967a0d740a15ddd0ab808746898e4435e6d97fb01e9cb8caac79a6
po_hu_f_sf51_h.tga,2f611ee62bd648292faa7100fa6bae4417587e8affb04eb224f13ae86973131f,98322,po_hu_f_sf51_l.tga,2f611ee62bd648292faa7100fa6bae4417587e8affb04eb224f13ae86973131f
po_hu_f_sf67_h.tga,ea67fadd5e8caffe207d3ea401f5d2304b05885bb9057ab8a96c1b037909a6ee,98322,po_hu_f_sf67_l.tga,ea67fadd5e8caffe207d3ea401f5d2304b05885bb9057ab8a96c1b037909a6ee
po_hu_f_sf68_h.tga,a73792e3f64dabb8d22453a1e8fc3e3c056b151fa8629bb8552e025b4a79deff,98322,po_hu_f_sf68_l.tga,a73792e3f64dabb8d22453a1e8fc3e3c056b151fa8629bb8552e025b4a79deff
po_hu_f_sf69_h.tga,b4d71055d5dfb96e07696671edac353d748605db8b6ec6fa4b3e99d92f5ef821,98322,po_hu_f_sf69_l.tga,b4d71055d5dfb96e07696671edac353d748605db8b6ec6fa4b3e99d92f5ef821
po_hu_f_sf70_h.tga,25f788744cdab2b0c7ed0d83f2e0428999c447a3a28976d19fc5c09d89442b94,98322,po_hu_f_sf70_l.tga,25f788744cdab2b0c7ed0d83f2e0428999c447a3a28976d19fc5c09d89442b94
po_hu_f_sf71_h.tga,79efb6dee739ff1cee7e12541e3db0a4e74acedbd997cbaec0106afb662f6ce5,98322,po_hu_f_sf71_l.tga,79efb6dee739ff1cee7e12541e3db0a4e74acedbd997cbaec0106afb662f6ce5
po_hu_f_sf72_h.tga,1f3168ea0691bc50dc224e5f91dab03e73e25bed31e71d77d44e1a6643b86486,98322,po_hu_f_sf72_l.tga,1f3168ea0691bc50dc224e5f91dab03e73e25bed31e71d77d44e1a6643b86486
po_hu_f_sf76_h.tga,76d22e7cda72849e88f7b36b7a30705dfb07533200a50f341fae63e8710d9095,98322,po_hu_f_sf76_l.tga,76d22e7cda72849e88f7b36b7a30705dfb07533200a50f341fae63e8710d9095
po_hu_f_sf77_h.tga,6fae9d3edf24df4cd37adfbb2cd66e22d8ef75afcce2ceaae5377f64326edc09,98322,po_hu_f_sf77_l.tga,6fae9d3edf24df4cd37adfbb2cd66e22d8ef75afcce2ceaae5377f64326edc09
po_hu_f_sf78_h.tga,433988815ea7708000c9d08977117739ee30ee3cfd5d1c7a4963607ea0d0beca,98322,po_hu_f_sf78_l.tga,433988815ea7708000c9d08977117739ee30ee3cfd5d1c7a4963607ea0d0beca
po_hu_f_sf79_h.tga,8a83aa01afe4a3edd338f045723dd216cad565a8393c7c1113a99811ddbbdcd4,98322,po_hu_f_sf79_l.tga,8a83aa01afe4a3edd338f045723dd216cad565a8393c7c1113a99811ddbbdcd4
po_hu_f_sf81_h.tga,f3d3066b909eed0ed38194ca0a60d50f28403acca87a1a246cedca12fb742c30,98322,po_hu_f_sf81_l.tga,f3d3066b909eed0ed38194ca0a60d50f28403acca87a1a246cedca12fb742c30
po_hu_f_sf82_h.tga,8f97cfe62cf9929830f8a8daefc4768069f2ea7a63eb302e26f7ddb10364d66e,98322,po_hu_f_sf82_l.tga,8f97cfe62cf9929830f8a8daefc4768069f2ea7a63eb302e26f7ddb10364d66e
po_hu_f_sf83_h.tga,b0d614dafdca6c578770b6448bf3a17caac3c5ccc7e053edaf333131dba2a6b8,98322,po_hu_f_sf83_l.tga,b0d614dafdca6c578770b6448bf3a17caac3c5ccc7e053edaf333131dba2a6b8
po_hu_f_sf84_h.tga,578067937d83534d15fc5d1faf34c3967c4e87df2473e341aa4b78943446b157,98322,po_hu_f_sf84_l.tga,578067937d83534d15fc5d1faf34c3967c4e87df2473e341aa4b78943446b157
po_hu_f_sf85_h.tga,761799dd43ac1a63a0d3b1fb91af1dee01f2d121c7b202e9df353ed05382b945,98322,po_hu_f_sf85_l.tga,761799dd43ac1a63a0d3b1fb91af1dee01f2d121c7b202e9df353ed05382b945
po_hu_f_sf86_h.tga,854de73642c6af7a121fe00ab2cc304be213c1257d8e327cce00232789ced7cc,98322,po_hu_f_sf86_l.tga,854de73642c6af7a121fe00ab2cc304be213c1257d8e327cce00232789ced7cc
po_hu_f_sf87_h.tga,16b68465e908202a3e688eca4eebc3f39820fd17170a047dd408a316ebcca3ed,98322,po_hu_f_sf87_l.tga,16b68465e908202a3e688eca4eebc3f39820fd17170a047dd408a316ebcca3ed
po_hu_f_sf88_h.tga,c48ba295341236bc11851c245521aa397f85a6f89972810d339cb8bd3bce174c,98322,po_hu_f_sf88_l.tga,c48ba295341236bc11851c245521aa397f85a6f89972810d339cb8bd3bce174c
po_hu_f_sf90_h.tga,db492ca7985dab9370cd483bc924432378babc11cc9590f313f9e52f2d7a28d5,98322,po_hu_f_sf90_l.tga,db492ca7985dab9370cd483bc924432378babc11cc9590f313f9e52f2d7a28d5
po_hu_f_sf91_h.tga,069aeb8ec5e9d05e39088c5178fcc8a3e634dd286af9b4bffc89f6cdfe5f0d49,98322,po_hu_f_sf91_l.tga,069aeb8ec5e9d05e39088c5178fcc8a3e634dd286af9b4bffc89f6cdfe5f0d49
po_hu_f_sf92_h.tga,83b8712c6b936151ab5ff5adc617496f1b23a3814e6b1990508d96d700ecbb7a,98322,po_hu_f_sf92_l.tga,83b8712c6b936151ab5ff5adc617496f1b23a3814e6b1990508d96d700ecbb7a
po_hu_f_sf93_h.tga,ab4beb21df47cb161e9cf43973092e964572412645201982f684d50ac64262b5,98322,po_hu_f_sf93_l.tga,ab4beb21df47cb161e9cf43973092e964572412645201982f684d50ac64262b5
po_hu_f_sf95_h.tga,c7091c8e9e8575f8f4e6532297964e933de494a60d7857805896dd8c9b92275b,98322,po_hu_f_sf95_l.tga,c7091c8e9e8575f8f4e6532297964e933de494a60d7857805896dd8c9b92275b
po_hu_f_sf96_h.tga,374301774aa496cd2adffe77803bde1a29fbee9cc23d0983068c9c8ab20fbd54,98322,po_hu_f_sf96_l.tga,374301774aa496cd2adffe77803bde1a29fbee9cc23d0983068c9c8ab20fbd54
po_hu_f_sf97_h.tga,7aaa573a7ff5b9ca5d37048e170a93090fc5b7f4aace54d66c065ac14dca060d,98322,po_hu_f_sf97_l.tga,7aaa573a7ff5b9ca5d37048e170a93090fc5b7f4aace54d66c065ac14dca060d
po_hu_f_sf98_h.tga,9056f34726e877f1bab52b3b1690e543ff568308d8db8e5dc7447953581ad3cb,98322,po_hu_f_sf98_l.tga,9056f34726e877f1bab52b3b1690e543ff568308d8db8e5dc7447953581ad3cb
po_hu_f_sf99_h.tga,8f82ee3d21e609c8f2da481451a0987c00cd2bd85fab9bffb7f12e6c0f1f738d,98322,po_hu_f_sf99_l.tga,8f82ee3d21e609c8f2da481451a0987c00cd2bd85fab9bffb7f12e6c0f1f738d
po_hu_m_501_h.tga,7bf178ee03404039bcbda5627b1acd2fa51fb5ab53454bd2efffbf87745cda69,393234,po_hu_m_501_l.tga,b3ec73068229bacef7ec9bac246f39fa3da0ec16b34836b2eed294717cb276f8
po_hu_m_502_h.tga,38afd753f05b5580eb2a530ebb5188cce24330749593c81e85fb9417b7d3163f,393234,po_hu_m_502_l.tga,1cabca2dea26e0234b2989e296fe98bc227be3483b3d3cc5e4f344085fde4c79
po_hu_m_503_h.tga,2b0f2f974dc3a857e12173fbc5c313e66aab88e47d38514ad3e256775be2f896,393234,po_hu_m_503_l.tga,ba8fc9cf004cd853d18e73350cbc0f60609b3a50bd2d7e1886568477d8526129
po_hu_m_504_h.tga,00c22a128173c9b9a6b2cfd858ba9b618a77a39edc20c63c0732c3ab6cae9702,393234,po_hu_m_504_l.tga,ed44ea161ea3bda410f71264c95e0d7825308ce4b32c103e7c8d5dbdee4b9257
po_hu_m_505_h.tga,504417f2c4979b442d33ae262d4b3da4357a841f9222e79e996b4f02b91d42a3,393234,po_hu_m_505_l.tga,ae38bc6a5fbf02f10a332514be74d0c5cc376ff8370814be778dd7274cb66697
po_hu_m_506_h.tga,c9e414c5f3138d4aecaff6c090b0256bdf6a03ef960816dcf9d226d446628c9c,393234,po_hu_m_506_l.tga,d7addad040680e1b86787ca4c105327fdea74b281fe44a4f227e7d72f629cb1f
po_hu_m_507_h.tga,7ca83df0945227b830e06b6c61592bb81ef079fb7cba435afe668622083eca26,393234,po_hu_m_507_l.tga,bd90cc25580873219571311826d049d44c39ec989ea18572407f0b32590f1832
po_hu_m_508_h.tga,4db20f732a90fa90992e0700d4dfb821113b10c2f4067c8f619975eef3ad6273,393234,po_hu_m_508_l.tga,2088e70b3b1ac5b82ac35a8fb7bc3faf8961a405b0d49ad46bfe2365d0164147
po_hu_m_509_h.tga,5a41461118995e68b69b99a8172bcee717e9d375d09aa8fda861b4fef282080c,393234,po_hu_m_509_l.tga,d086f705597ff2fedce651149209792c0aa697b102dabd571b8654f02fd38dfb
po_hu_m_510_h.tga,95065d5136411c521799310f6fe20a4c7c6455fcac605dd3e944bb69ee181981,393234,po_hu_m_510_l.tga,54134c8f188c865110d040beb0545bc13f644f3371d87c619b79eec6908ac760
po_hu_m_511_h.tga,64a2bd14c9c80cebb45ce65724a54266191b956ee71c9e8329beed8cc4de7ad4,393234,po_hu_m_511_l.tga,5c88bd87b906e483e99afbbf1f99cb31e4ab0e0d5df4073473fb885b7817cedb
po_hu_m_512_h.tga,b7b78ed41ffd086fda579300ab728ca71906334e2a0383530a9702da3faa69c1,393234,po_hu_m_512_l.tga,8eebcebda7930985335f08321e2169fdab9cba8a04b08b15408db773089ada1c
po_hu_m_513_h.tga,69469cdfde87b09fed5d4ff30246a036347d8ce9e0a5c8a8f4cae89c853bbb8e,393234,po_hu_m_513_l.tga,9edbc86647ca5e36a7fb62e7ea54297efb29c77f7fa30041f28e8779694b7b1a
po_hu_m_514_h.tga,214f01c33ca7273edc3ca08c5aaf522b832ac2aa765c5f55486261f2ed0c5101,393234,po_hu_m_514_l.tga,230c9fa4949ae083ff2f68dca5346c6aaf33878d398aa210abd675d24db7ee7d
po_hu_m_515_h.tga,f7509edd91ef5c8f064a05e3174570659a1dbe749920b0ebf207c7ab789d6b24,393234,po_hu_m_515_l.tga,21753d7e2f91d8f3a7fd5ef2bb557db3d444671f04e79ee4f26dd7b4fd841394
po_hu_m_516_h.tga,03e78af0074a1105104f04e329871cdc2fea4e412f7a423254006f2d63bc3157,393234,po_hu_m_516_l.tga,501b02ac56208caac93b0d2c5a89eca2b8900013c0f8c215492df29f2633fe07
po_hu_m_517_h.tga,42db9ab90d44c1863e704fa01239f449ca0f0a862e0b3bdc91b99154896fd8be,393234,po_hu_m_517_l.tga,4dec6589c136372f1783a50c8264245933a5a720e88f6d20980fd5edd9ecb215
po_hu_m_518_h.tga,73aea0303720a711d2c485af0932c537cffd292414591ed7cb0c164a6698c588,393234,po_hu_m_518_l.tga,af9d32016d510a76a13106c24edf8d58214f80778f43df90151b5fa3b267a209
po_hu_m_519_h.tga,61dd3aee30fd8d9ff78ceb8852df82a8a06fa79e56256b60feafb15ec8a98d22,393234,po_hu_m_519_l.tga,5b977207d17ef1f57e117e88e9142555491d9282c223670c470a5cc6132b6301
po_hu_m_520_h.tga,2bc594d7cc0f155287be5ebd3d15f0a04c234d6fb00c4a95cb54bc9edf6434ba,393234,po_hu_m_520_l.tga,bb598d911468c6c41aa19639d1952a9820880004b8c5dca7bc299457953d9012
po_hu_m_521_h.tga,108a4a6bafb88f44c8d210705ffdf5e732c9d30fd5831efae7cd0abad75258e1,393234,po_hu_m_521_l.tga,fed33766c3a9271c02f898613399ea27d71a6901040b10ca730dda90f1e1e9fd
po_hu_m_522_h.tga,7f73fa343fe48402df97772c53ad001dfabf5abacfa2e873e70e630c98904b5d,393234,po_hu_m_522_l.tga,1a9ecbb91626fc2f5a5b837be40bbdae0cc74fdab40a0b4b7654704a9485f20d
po_hu_m_523_h.tga,1e0fc6521bec436e89179729eb696aedf514620b38032a34398ea129870f1d32,393234,po_hu_m_523_l.tga,10953db403d11ed9e12e13e576a03ffc9223985ab86b6548c35c7b2d98139f96
po_hu_m_524_h.tga,4114a8f2c6ce39b5111601d96449a707a6659db2e5a4514597bc66a1d7a44a32,393234,po_hu_m_524_l.tga,b5852f198bee11a234707febec16747b5eadaea3dc56d043b6c743d696ffcc58
po_hu_m_525_h.tga,67bc4a1da3a8cc980121a2c1a688bcbc139c359f10b8290364e70855349b9e9c,393234,po_hu_m_525_l.tga,61167dc807375716e7354016511bf993d30b37e0dc5e87b56998209b83480735
po_hu_m_526_h.tga,0fe5f9d88739c592f7e14e76e9483de6ffeeaf3b42d06feb0b8e8bd23a8e93d1,393234,po_hu_m_526_l.tga,2606fe77a270ed0412fc966db9b984b1b1051f2e9f53892dcc21aab8b3781d04
po_hu_m_527_h.tga,8d1cde1f5dcb8fc31a25a0b65266312cba3c7122ad83f982325bf1bf695bfd3d,393234,po_hu_m_527_l.tga,0b2a6bdc0fd4c6363a508edbe8228fdbbf5cfe01d7930b670143b1d68092cc19
po_hu_m_528_h.tga,53bb81d9fd423d94040655b5a8cd8168dd6b1a24086b311578f41db6fd68a52d,393234,po_hu_m_528_l.tga,705aab3c43c404a176db7991123079f9c34a887dbf91bf9745630e25ee11a59a
po_hu_m_529_h.tga,7724e4b718be1d7d6afdcc475d815ce1dcbf2a5f5ed1dcd00dff2390f8c8bb44,393234,po_hu_m_529_l.tga,19774adf1452c3a41728d053963abae2d04fecf0b1229c061ce31cc0a4ece2a3
po_hu_m_530_h.tga,af34d4b431d80768fd8a97e92527e6a8db626a2991d7576b2d8d218b67363c79,393234,po_hu_m_530_l.tga,cf85b67a26ebddb10297b3ddcb04c5c836b73678db9acd22c20e7e8add845a5e
po_hu_m_532_h.tga,49db5a52f4fb1491f2408e5276d65bc53959f5305a6fb23b4ee5744597130fd6,393234,po_hu_m_532_l.tga,4a2692f53e2e4d8f1c5e932a1a00fe7a295df9a412ba72da09511e5aed43b618
po_hu_m_533_h.tga,890f6420bd001578679f3a21d6400e5a2423ab59e19823933007823797dfeaea,393234,po_hu_m_533_l.tga,b87bf6b0b4b95af7cd883579e4a7b426034ce50423cde8bd30cdbe9f0b066b07
po_hu_m_m01_h.tga,189cf09323bf94c7961cf74888f0cbf53e8ab16c1568f48120ad73d18846cd15,98322,po_hu_m_m01_l.tga,189cf09323bf94c7961cf74888f0cbf53e8ab16c1568f48120ad73d18846cd15
po_hu_m_m02_h.tga,bd565a3d737176a90236187dea7dcd1329e65bc55a09183c58440646f8ce1341,98322,po_hu_m_m02_l.tga,bd565a3d737176a90236187dea7dcd1329e65bc55a09183c58440646f8ce1341
po_hu_m_m03_h.tga,7f1f59187164e8a274836c28e6926e555237d9e464ee93f30faa1a12a4def549,98322,po_hu_m_m03_l.tga,7f1f59187164e8a274836c28e6926e555237d9e464ee93f30faa1a12a4def549
po_hu_m_m04_h.tga,8b21c2b7f4160cc9c39fe745ecf68485a399fd14d1a7850c260f044a5da7e385,98322,po_hu_m_m04_l.tga,8b21c2b7f4160cc9c39fe745ecf68485a399fd14d1a7850c260f044a5da7e385
po_hu_m_m05_h.tga,37e7fe9d5d22797d3cf7f3a4376843d2ef242aa1da7aee4411e2d7eda9a4626f,98322,po_hu_m_m05_l.tga,37e7fe9d5d22797d3cf7f3a4376843d2ef242aa1da7aee4411e2d7eda9a4626f
po_hu_m_m06_h.tga,15a9256e8f44dbc559302ba5692c352a642e82aa88b1114fff4c2776e13047f7,98322,po_hu_m_m06_l.tga,15a9256e8f44dbc559302ba5692c352a642e82aa88b1114fff4c2776e13047f7
po_hu_m_m07_h.tga,e8a2c7262474b64ab0efb23092387c18b92172b44c1f19a8cfa9d09d97eb1fd5,98322,po_hu_m_m07_l.tga,e8a2c7262474b64ab0efb23092387c18b92172b44c1f19a8cfa9d09d97eb1fd5
po_hu_m_m08_h.tga,f98feba78f7232189bec419c9f08dd762848cd9c952288ee5d4e7864f14cbaf8,98322,po_hu_m_m08_l.tga,f98feba78f7232189bec419c9f08dd762848cd9c952288ee5d4e7864f14cbaf8
po_hu_m_m09_h.tga,4d3928f025f607e3e51087b26622bf58300478668cdaf4652126fa9835d67603,98322,po_hu_m_m09_l.tga,4d3928f025f607e3e51087b26622bf58300478668cdaf4652126fa9835d67603
po_hu_m_m10_h.tga,45ae23afeec2a2728f8ca7f50758014b4482f7dd4548185bbd6cda935580aab4,98322,po_hu_m_m10_l.tga,45ae23afeec2a2728f8ca7f50758014b4482f7dd4548185bbd6cda935580aab4
po_hu_m_m11_h.tga,342ad31aa4077a541709439d55dc35efe3b30ab651d29c7966087e95928772ca,98322,po_hu_m_m11_l.tga,342ad31aa4077a541709439d55dc35efe3b30ab651d29c7966087e95928772ca
po_hu_m_m12_h.tga,23c5b17e469206cb32522f4e125c4c6f5946c317ddbea0dc713b5fc13b1c7b97,98322,po_hu_m_m12_l.tga,23c5b17e469206cb32522f4e125c4c6f5946c317ddbea0dc713b5fc13b1c7b97
po_hu_m_m13_h.tga,67f5d5e31ebb5b8894e311ba89a68ddfc46f45dbc79c3ab6bff69f0a0de560b9,98322,po_hu_m_m13_l.tga,67f5d5e31ebb5b8894e311ba89a68ddfc46f45dbc79c3ab6bff69f0a0de560b9
po_hu_m_m14_h.tga,51dfc25f394363a1c936d9d4dc373676d8b5daf56e557825cf072d38c82205c0,98322,po_hu_m_m14_l.tga,51dfc25f394363a1c936d9d4dc373676d8b5daf56e557825cf072d38c82205c0
po_hu_m_m15_h.tga,8c4fa8182cd83e0bc66701940ea7cc6a4b4be260907474e9195778af7d01a5e8,98322,po_hu_m_m15_l.tga,8c4fa8182cd83e0bc66701940ea7cc6a4b4be260907474e9195778af7d01a5e8
po_hu_m_m16_h.tga,be09dd217df9737ef7bbb5328ad46cc4f3d250eea394b872ca605f08fc0f5044,98322,po_hu_m_m16_l.tga,be09dd217df9737ef7bbb5328ad46cc4f3d250eea394b872ca605f08fc0f5044
po_hu_m_m17_h.tga,4bfdebf27cb0b6c0e5a7e010e6b141ac2f33931c8cdfd3dc228ae8939e53b683,98322,po_hu_m_m17_l.tga,4bfdebf27cb0b6c0e5a7e010e6b141ac2f33931c8cdfd3dc228ae8939e53b683
po_hu_m_m18_h.tga,dc6ff336334c9c6b4c1066d64ef23b51c93cc4ae453fc5c8443e2821481f2052,98322,po_hu_m_m18_l.tga,dc6ff336334c9c6b4c1066d64ef23b51c93cc4ae453fc5c8443e2821481f2052
po_hu_m_m19_h.tga,6579b0736c964c748efbc94d35a8e2f01aac0f9045af3475bd47c61c51171578,98322,po_hu_m_m19_l.tga,6579b0736c964c748efbc94d35a8e2f01aac0f9045af3475bd47c61c51171578
po_hu_m_m20_h.tga,78228a7c565b83fb2de2baea4ec2fd14a8f29e909b529d24af09acae9e61b37f,98322,po_hu_m_m20_l.tga,78228a7c565b83fb2de2baea4ec2fd14a8f29e909b529d24af09acae9e61b37f
po_hu_m_m21_h.tga,8ac4774d73a408005e5ba9b5c4bb4c7b022cab3a389fee315aa191c67f1a1d88,98322,po_hu_m_m21_l.tga,8ac4774d73a408005e5ba9b5c4bb4c7b022cab3a389fee315aa191c67f1a1d88
po_hu_m_m22_h.tga,8427c18aed0b59c578bb179e6761d435569aeb8ceb2b4140602fbad9c778f908,98322,po_hu_m_m22_l.tga,8427c18aed0b59c578bb179e6761d435569aeb8ceb2b4140602fbad9c778f908
po_hu_m_m23_h.tga,a3621e85c6cc7677b0416274fb302787a92c07abdef37f28e5851f25c0e72baa,98322,po_hu_m_m23_l.tga,a3621e85c6cc7677b0416274fb302787a92c07abdef37f28e5851f25c0e72baa
po_hu_m_m24_h.tga,ce84a1c341e08cf68902dd53f88c72ef2f59f78e7a5433e772b0e18db6f1ed9c,98322,po_hu_m_m24_l.tga,ce84a1c341e08cf68902dd53f88c72ef2f59f78e7a5433e772b0e18db6f1ed9c
po_hu_m_m25_h.tga,5dee01d93a060fc918e360312182ada0d7104f348a23e2ec874ebd9dacb2c18a,98322,po_hu_m_m25_l.tga,5dee01d93a060fc918e360312182ada0d7104f348a23e2ec874ebd9dacb2c18a
po_hu_m_m26_h.tga,85b7b0c1501d8548064a66865982910e7b6b8e2a2d525081914906ef9a942364,98322,po_hu_m_m26_l.tga,85b7b0c1501d8548064a66865982910e7b6b8e2a2d525081914906ef9a942364
po_hu_m_sf09_h.tga,569886f993ce891fc27abe89ad59f82a21195f14e26205faee53818db0735322,98322,po_hu_m_sf09_l.tga,569886f993ce891fc27abe89ad59f82a21195f14e26205faee53818db0735322
po_hu_m_sf100_h.tga,7dbd18f94797fc136d5a8d2b5a89b874ed8c6ced53486b963b7b2e6e6ce06295,98322,po_hu_m_sf100_l.tga,7dbd18f94797fc136d5a8d2b5a89b874ed8c6ced53486b963b7b2e6e6ce06295
po_hu_m_sf101_h.tga,b05a4dea7f697224243a26550ae3b679ee00851e3b4657a638aa75848bac05ee,98322,po_hu_m_sf101_l.tga,b05a4dea7f697224243a26550ae3b679ee00851e3b4657a638aa75848bac05ee
po_hu_m_sf102_h.tga,8836f1a3d3f47272c731ffeebbbd0de9cd911a68fb6b1dbd6141dcc1e701d8fb,98322,po_hu_m_sf102_l.tga,8836f1a3d3f47272c731ffeebbbd0de9cd911a68fb6b1dbd6141dcc1e701d8fb
po_hu_m_sf103_h.tga,91fd19b9f7b2e67cb463a05d640b7eaf638d6e058155b657dbff49d11e8ca2db,98322,po_hu_m_sf103_l.tga,91fd19b9f7b2e67cb463a05d640b7eaf638d6e058155b657dbff49d11e8ca2db
po_hu_m_sf104_h.tga,e141eb336ff96fa6d09eae3b5a434a04a5e6efdf44256d8b423cf510d209c659,98322,po_hu_m_sf104_l.tga,e141eb336ff96fa6d09eae3b5a434a04a5e6efdf44256d8b423cf510d209c659
po_hu_m_sf105_h.tga,0b9d6fbd1a469c4b3b3097760082aa15d4a1a20ac67b04bcdf5407b229a7a512,98322,po_hu_m_sf105_l.tga,0b9d6fbd1a469c4b3b3097760082aa15d4a1a20ac67b04bcdf5407b229a7a512
po_hu_m_sf107_h.tga,782abe776c78749982b371589310c4865b1c228744e3f2798c95a76a9149aeea,98322,po_hu_m_sf107_l.tga,782abe776c78749982b371589310c4865b1c228744e3f2798c95a76a9149aeea
po_hu_m_sf109_h.tga,407cd19572ab5161c45beac30efcff7f417bccf772f71b0547750bdcabd0b734,98322,po_hu_m_sf109_l.tga,407cd19572ab5161c45beac30efcff7f417bccf772f71b0547750bdcabd0b734
po_hu_m_sf110_h.tga,37532a79fbeb7a5d4df82c0b19149a9e236789e0f6f94e773b24b3a129baa081,98322,po_hu_m_sf110_l.tga,37532a79fbeb7a5d4df82c0b19149a9e236789e0f6f94e773b24b3a129baa081
po_hu_m_sf111_h.tga,1cd0236afcb0ed38b3f5718e5255d375214103522f179b99c9a5e7736ee0ea36,98322,po_hu_m_sf111_l.tga,1cd0236afcb0ed38b3f5718e5255d375214103522f179b99c9a5e7736ee0ea36
po_hu_m_sf113_h.tga,8227f4b84408a7a6aa339f9529024893fdf4407f7b47e3a57f78298ce6f4f73e,98322,po_hu_m_sf113_l.tga,8227f4b84408a7a6aa339f9529024893fdf4407f7b47e3a57f78298ce6f4f73e
po_hu_m_sf11_h.tga,7c2186b42686017ea7b4e5fd29583756ef589c201e679c6faf1fdc5df05d60cd,98322,po_hu_m_sf11_l.tga,7c2186b42686017ea7b4e5fd29583756ef589c201e679c6faf1fdc5df05d60cd
po_hu_m_sf12_h.tga,f251f7a37e81883285b57f0af27724bfd47a4afbd8f1e94baaf2ccf52b2ddd35,98322,po_hu_m_sf12_l.tga,f251f7a37e81883285b57f0af27724bfd47a4afbd8f1e94baaf2ccf52b2ddd35
po_hu_m_sf13_h.tga,f9a77fc60d71b320e5d8468da1e57f4cd21436d3741f301f5bddbe738245293f,98322,po_hu_m_sf13_l.tga,f9a77fc60d71b320e5d8468da1e57f4cd21436d3741f301f5bddbe738245293f
po_hu_m_sf44_h.tga,3017d50348143d9e4acbcfa7b387e2cd1a73f517fd76742bba764f82d97bbc6e,98322,po_hu_m_sf44_l.tga,3017d50348143d9e4acbcfa7b387e2cd1a73f517fd76742bba764f82d97bbc6e
po_hu_m_sf45_h.tga,edd2cccfc15cb08cf3af3508809dffe58ca922cc64f2917120399d032ca8d1e6,98322,po_hu_m_sf45_l.tga,edd2cccfc15cb08cf3af3508809dffe58ca922cc64f2917120399d032ca8d1e6
po_hu_m_sf49_h.tga,4a6ef48201b4e971e07fc49087f3b1b6ad294db3657c2dbddb8ee9ed82d77064,98322,po_hu_m_sf49_l.tga,4a6ef48201b4e971e07fc49087f3b1b6ad294db3657c2dbddb8ee9ed82d77064
po_hu_m_sf51_h.tga,13821eb0aed9f1dc3dc215f7fb05bb0f530cac2ee8b0d5b34ea52762bbcd7952,98322,po_hu_m_sf51_l.tga,13821eb0aed9f1dc3dc215f7fb05bb0f530cac2ee8b0d5b34ea52762bbcd7952
po_hu_m_sf52_h.tga,f9933bb95354ef56d6efbd29ef7f9422df0d9285f6985c0555510a463557c022,98322,po_hu_m_sf52_l.tga,f9933bb95354ef56d6efbd29ef7f9422df0d9285f6985c0555510a463557c022
po_hu_m_sf53_h.tga,0d09f5ffd6672ea7ac9565c29f49137bbd006c64d57821fdb7b6ca56dcd21399,98322,po_hu_m_sf53_l.tga,0d09f5ffd6672ea7ac9565c29f49137bbd006c64d57821fdb7b6ca56dcd21399
po_hu_m_sf54_h.tga,4502f497c5ec34e06cd2d543ace6ce33493c27df3e9033bb2a14757df9c161ae,98322,po_hu_m_sf54_l.tga,4502f497c5ec34e06cd2d543ace6ce33493c27df3e9033bb2a14757df9c161ae
po_hu_m_sf55_h.tga,cf9c4fe7d927ce3565def169c454470e854aa54622edeba2c07e02723699973e,98322,po_hu_m_sf55_l.tga,cf9c4fe7d927ce3565def169c454470e854aa54622edeba2c07e02723699973e
po_hu_m_sf56_h.tga,72c14e2084cb554006565a8f111b4e191afcc681a6a4cca13e7b8e2345d52ab6,98322,po_hu_m_sf56_l.tga,72c14e2084cb554006565a8f111b4e191afcc681a6a4cca13e7b8e2345d52ab6
po_hu_m_sf57_h.tga,530932e40d49a7f1e122cdf0db8712e7cd346631d3ac1b7cafefbd43e711486f,98322,po_hu_m_sf57_l.tga,530932e40d49a7f1e122cdf0db8712e7cd346631d3ac1b7cafefbd43e711486f
po_hu_m_sf58_h.tga,2eadc436558ac2d64363b90f318134cb2bf396b0e07cdc05770a71e75e2dcdf8,98322,po_hu_m_sf58_l.tga,2eadc436558ac2d64363b90f318134cb2bf396b0e07cdc05770a71e75e2dcdf8
po_hu_m_sf59_h.tga,cc429e573b9d26e6438568e8da6c02be8332aef0c06c20e019f15407bdfca2f0,98322,po_hu_m_sf59_l.tga,cc429e573b9d26e6438568e8da6c02be8332aef0c06c20e019f15407bdfca2f0
po_hu_m_sf60_h.tga,ef6eb131b75033f0fb84ac27e3c0df1af5661c8be0448d6806d54c7f73f0e82a,98322,po_hu_m_sf60_l.tga,ef6eb131b75033f0fb84ac27e3c0df1af5661c8be0448d6806d54c7f73f0e82a
po_hu_m_sf65_h.tga,8a2c49c09770997c81ecc327ef900093471315d40bd804c3fe0162317754602c,98322,po_hu_m_sf65_l.tga,8a2c49c09770997c81ecc327ef900093471315d40bd804c3fe0162317754602c
po_hu_m_sf66_h.tga,acde6cf0110e4c9c7eb5d77dfa1a07eaa27bb086d30812f937fa8de7072b18ab,98322,po_hu_m_sf66_l.tga,acde6cf0110e4c9c7eb5d77dfa1a07eaa27bb086d30812f937fa8de7072b18ab
po_hu_m_sf67_h.tga,072b3a230c4ab0641f53287b99497a6e86041d16a9352178282f424ba400a1e3,98322,po_hu_m_sf67_l.tga,072b3a230c4ab0641f53287b99497a6e86041d16a9352178282f424ba400a1e3
po_hu_m_sf70_h.tga,a57f56ed30aab039b0f3893d4217a2467ec13176db2da7b7e4f2d8fb980efa1a,98322,po_hu_m_sf70_l.tga,a57f56ed30aab039b0f3893d4217a2467ec13176db2da7b7e4f2d8fb980efa1a
po_hu_m_sf71_h.tga,bbe923705f28260ad3dc3d91cecf2994c154c190ff48ed76d7d863bcf9c0abac,98322,po_hu_m_sf71_l.tga,bbe923705f28260ad3dc3d91cecf2994c154c190ff48ed76d7d863bcf9c0abac
po_hu_m_sf75_h.tga,de039b57cdcab5833378d3210508ea24734923d3451d386f86da69062b13afe8,98322,po_hu_m_sf75_l.tga,de039b57cdcab5833378d3210508ea24734923d3451d386f86da69062b13afe8
po_hu_m_sf76_h.tga,4715355c50c7077726976a4eb4e2659e03d4cded506afcdcb6a770b8ae25dea3,98322,po_hu_m_sf76_l.tga,4715355c50c7077726976a4eb4e2659e03d4cded506afcdcb6a770b8ae25dea3
po_hu_m_sf77_h.tga,0f8fe3f1deca938c6ee1db5e00cf24a75335fa4207e862c1db79e77e5f4c320c,98322,po_hu_m_sf77_l.tga,0f8fe3f1deca938c6ee1db5e00cf24a75335fa4207e862c1db79e77e5f4c320c
po_hu_m_sf78_h.tga,c1a241ee4410ab3f0d14d4e0fecb526011a344a37ee95f4346394b2f734baa09,98322,po_hu_m_sf78_l.tga,c1a241ee4410ab3f0d14d4e0fecb526011a344a37ee95f4346394b2f734baa09
po_hu_m_sf79_h.tga,e7ee822d8b592ddd5ff6857b586bb81050f1a0224f7e3178f67e40e0607229c1,98322,po_hu_m_sf79_l.tga,e7ee822d8b592ddd5ff6857b586bb81050f1a0224f7e3178f67e40e0607229c1
po_hu_m_sf80_h.tga,4bac00564f48b2ae76a44b4052ec4b990ea685ea09cf471c1457d339a440b792,98322,po_hu_m_sf80_l.tga,4bac00564f48b2ae76a44b4052ec4b990ea685ea09cf471c1457d339a440b792
po_hu_m_sf81_h.tga,0c816d97f2bff49067522689c0652f67746bc944670788fb9419b210042337f9,98322,po_hu_m_sf81_l.tga,0c816d97f2bff49067522689c0652f67746bc944670788fb9419b210042337f9
po_hu_m_sf82_h.tga,bfdf1a6e3d2ead5fb0696e0ff569194382eb8c802851392d7fabd66f6574fdcc,98322,po_hu_m_sf82_l.tga,bfdf1a6e3d2ead5fb0696e0ff569194382eb8c802851392d7fabd66f6574fdcc
po_hu_m_sf83_h.tga,5140c57b46cce536cecf012697d1ed5f40be9074cae6a13f0dc63195f66ffd32,98322,po_hu_m_sf83_l.tga,5140c57b46cce536cecf012697d1ed5f40be9074cae6a13f0dc63195f66ffd32
po_hu_m_sf84_h.tga,d768bebd922c93aa9f5e745b6b71644cea524c296f0bfe686dc82994e4565483,98322,po_hu_m_sf84_l.tga,d768bebd922c93aa9f5e745b6b71644cea524c296f0bfe686dc82994e4565483
po_hu_m_sf85_h.tga,799de9e89fb6ed3c1c99e14d048b8538fdf9ac68a892e0f57e6cbd555587bc9e,98322,po_hu_m_sf85_l.tga,799de9e89fb6ed3c1c99e14d048b8538fdf9ac68a892e0f57e6cbd555587bc9e
po_hu_m_sf86_h.tga,989e50292b45612894b5712e4fe92ac32df2ec29af6b3df85820f3c6354e3372,98322,po_hu_m_sf86_l.tga,989e50292b45612894b5712e4fe92ac32df2ec29af6b3df85820f3c6354e3372
po_hu_m_sf87_h.tga,73ee03fe2298353f22fe789a511167e3cb8829eca266a97595551084c0dffbbe,98322,po_hu_m_sf87_l.tga,73ee03fe2298353f22fe789a511167e3cb8829eca266a97595551084c0dffbbe
po_hu_m_sf88_h.tga,54e3a04f6cd3bc0ceb7510032e847982e2a6882a2542ed4f70a749251386ef61,98322,po_hu_m_sf88_l.tga,54e3a04f6cd3bc0ceb7510032e847982e2a6882a2542ed4f70a749251386ef61
po_hu_m_sf89_h.tga,45976c123b6055bbd7aba24f9681e7e936a28b86ad283d64952784e3520f54bd,98322,po_hu_m_sf89_l.tga,45976c123b6055bbd7aba24f9681e7e936a28b86ad283d64952784e3520f54bd
po_hu_m_sf90_h.tga,0a5a2887c9c5299853161c449a4da9c18d125217776b45699c63677268467b5c,98322,po_hu_m_sf90_l.tga,0a5a2887c9c5299853161c449a4da9c18d125217776b45699c63677268467b5c
po_hu_m_sf91_h.tga,34d42c64cf074158366fd9b701437dc72c21d1dd051358d51feab4a671845219,98322,po_hu_m_sf91_l.tga,34d42c64cf074158366fd9b701437dc72c21d1dd051358d51feab4a671845219
po_hu_m_sf92_h.tga,5537edf720832b5f0a292774879303ca4aa065f41b9149179d30d6c941040dcd,98322,po_hu_m_sf92_l.tga,5537edf720832b5f0a292774879303ca4aa065f41b9149179d30d6c941040dcd
po_hu_m_sf93_h.tga,504189723b5f59a3559f9a4d884c336b4cf05013ac22064a659d1d138d84a6d4,98322,po_hu_m_sf93_l.tga,504189723b5f59a3559f9a4d884c336b4cf05013ac22064a659d1d138d84a6d4
po_hu_m_sf95_h.tga,1da24028061b105e9c175a5f304054dfdf6c84d034b3e226d2c20a171f75bef1,98322,po_hu_m_sf95_l.tga,1da24028061b105e9c175a5f304054dfdf6c84d034b3e226d2c20a171f75bef1
po_hu_m_sf96_h.tga,1d02cf522266a4f00b379c2112d77235ade6dd6795db311975517424bbc4f575,98322,po_hu_m_sf96_l.tga,1d02cf522266a4f00b379c2112d77235ade6dd6795db311975517424bbc4f575
po_hu_m_sf97_h.tga,f470731105b35214e6aad91a1fba8c89487beb973d57d0049fede2fac7eab1c7,98322,po_hu_m_sf97_l.tga,f470731105b35214e6aad91a1fba8c89487beb973d57d0049fede2fac7eab1c7
po_hu_m_sf98_h.tga,fb4332ff471d459de4016af0f0e458270ef2fd382d8ecef48b99307d8e89d864,98322,po_hu_m_sf98_l.tga,fb4332ff471d459de4016af0f0e458270ef2fd382d8ecef48b99307d8e89d864
po_hu_m_sf99_h.tga,27c27de310571b14b28c6d8a2da7bcde03b8de711288d448a28443b1b783b009,98322,po_hu_m_sf99_l.tga,27c27de310571b14b28c6d8a2da7bcde03b8de711288d448a28443b1b783b009
po_hvydroid_h.tga,06c386dac561fe024451fc6747a42cbf1826b0b7b7cd35a5c327cd47d85b65a7,393234,po_hvydroid_l.tga,fcc0f428db93e6a49a00eaac2425235137b99e8b1c7a752593a7f74f179d5cc3
po_ice01_h.tga,49547bde88cff45fa5801ca95c02836561b5de32885576d2eff70ed81b79959a,393234,po_ice01_l.tga,c89601bff3add7312b54ae7d2640108b49b438caf87b0d53463e24d17374c9d0
po_ice_ele_h.tga,0f41502632ab2104e3e71f08e88570a80d2c4e8ecd9b45b8d76945584ae50715,393234,po_ice_ele_l.tga,13c6ba37828278e870820f78f7038f13e08a62bdad4eea73e952a3bb4d2be308
po_ice_h.tga,8079cabc0be67b3480ecfbc954b335fa901510ac81c55c9c81d03771dad3f003,393234,po_ice_l.tga,8ad968c6b13118bddd571abfbac5099b2620485bbcc76bb6807197dcdd37492e
po_irieni_h.tga,075c7c97cb8c5bb16444f8f9ff94dd90575946c78be972624c905ded17121231,393234,po_irieni_l.tga,ccb78931c038635775873ee387aa1eaaf71613078d954949aade3b30df954153
po_jackal_h.tga,323d3014bbe176e2ade1491e8790acb94da72dd0b5732dec6b650dc278fb7c13,393234,po_jackal_l.tga,e84e4d36da35069eb6e3e095df8d3d2584057dc8c0a42ca091e278dc230e2fa9
po_jann01_h.tga,bb57a86af5ec7e263da0df44fa2fa29583174467418932b02625caede6f3124c,393234,po_jann01_l.tga,5f4ebb476f2836c09871b6e617a6004cbaa4681e6fda19dfcf24cb6060e1e707
po_jediwarrior_h.tga,a9699405b3f247601a214864e51dc5cc83670813dfe735dd01cc16882bd0ac68,98322,po_jediwarrior_l.tga,a9699405b3f247601a214864e51dc5cc83670813dfe735dd01cc16882bd0ac68
po_jexplorer_h.tga,a86f689065a0261de92487ff0c16b33697105cb588b1c2d23a8c7f23dba5c699,98322,po_jexplorer_l.tga,a86f689065a0261de92487ff0c16b33697105cb588b1c2d23a8c7f23dba5c699
po_kat_h.tga,ac9d0098dda1e7989dea8fe07a0d74031e1a383bd482bbd6414a3f11d0396738,393234,po_kat_l.tga,4883a3a83b0214cd1ba15d417add421aacd07b082d55ebfb2355cee0b1f38ed1
po_keldorf1_h.tga,889dbbfef54352d19befeee25d58285d0303b3ff750496e1b3f9cf5412bcefc7,393260,po_keldorf1_l.tga,bbf5626454ddd3e084f9ee3b99ee2441d1caa288e9190962b7afa8715a4c05b1
po_keldorm1_h.tga,0dfc917f3a89456d9fc8d4ffd35cd998f1506489abef86a2a64090bc8fb5f1bf,393260,po_keldorm1_l.tga,44f9bb8258c1c6f3680eebd370e7086f411a37b004a72412e8898415fa8ddd9b
po_kelF1_H.tga,7eda628bf0532dc5cb06eb4238e18b7df018131800360557be9db5d194dac647,524332,po_kelF1_L.tga,558142f1a73694f85c21f9295837354f00826fa4fcba9fedee0d1b963df66f10
po_kelF2_H.tga,25958d6e1a30c9d009f236a5e0295fd30debaa07f58a801e79b45f9e5b5b1f9f,524332,po_kelF2_L.tga,b66a9508d8848325c3e7f27bf0cb938ccd6474aaf26a5836df91dcbceddd2032
po_kelF3_H.tga,4d66d3186ab4d18ad8efb2b04a294366a64621f42581d4fd68d67b4cadf3b9a1,524332,po_kelF3_L.tga,302f66cc8ade6d0cc7b28911290f467aed424f9f2c158643253bdd6a00e73d80
po_kelF4_H.tga,1bcf9c881d35483fa2b1451b798cf4778542245fd378b4f3a990cdacad196e01,524332,po_kelF4_L.tga,d3609dda94b3730cd41b78caee75a157a75c722abff06adec26c21fb7456c52d
po_kelF5_H.tga,90199ca8db27447bc7db06a37d79f9b446df7e651ecbd65992f2b467f3ef8966,524332,po_kelF5_L.tga,0d71e8d51cee40854461087459f1fbb96caf71bf99d1f43a4f382ab959330711
po_kelF6_H.tga,a5ffca3aabf0abc252b75cae82231c46f9846e164870d84cfbad772fdf4f7735,524332,po_kelF6_L.tga,a341ef753f458315d6064c4bc9850b6297d0dfa07a3584ad231642698a7adbbb
po_kelF7_H.tga,58a19ccc58e0e09d26d40cad94d220a90bbb0de0f5e3cc16fc79cf7876df3369,524332,po_kelF7_L.tga,88f50b3e7acb7ff72e0a87c8227075f2f626e7fc5192d7aae0ebfbb44e9b7fad
po_kelM1_H.tga,a5ffca3aabf0abc252b75cae82231c46f9846e164870d84cfbad772fdf4f7735,524332,po_kelM1_L.tga,a341ef753f458315d6064c4bc9850b6297d0dfa07a3584ad231642698a7adbbb
po_kelM2_H.tga,90199ca8db27447bc7db06a37d79f9b446df7e651ecbd65992f2b467f3ef8966,524332,po_kelM2_L.tga,0d71e8d51cee40854461087459f1fbb96caf71bf99d1f43a4f382ab959330711
po_kelM3_H.tga,81f5bde842bf4f402eea35f36e0c1b9ae624bd60eb29836da7596efd60c879c3,524332,po_kelM3_L.tga,34f747e9e3d424ba38da21c74a1fb848ec92de237ed525c2e07e66f663736079
po_kelM4_H.tga,fd4a16a09cbbb06bac2bd45a809f931ef3f77c1755d11d9b3d685d8c41c9c44a,524332,po_kelM4_L.tga,9811d19900a75bc640835f04aa70b33c6d4969c415df6bc866bb4b02177d1b8e
po_kelM5_H.tga,afa404c8bc081a20b9c646d50f71a909903a67a271737f08b61e3763d11f74ed,524332,po_kelM5_L.tga,6651ac4e701a7ded2263e8cd61c1052abfec62e44fc11cafb621d429966d4199
po_kelM6_H.tga,180764d144c3f9faa3e447f98a4c8d7822e69d624f5a6c93deeea7279add1e00,524332,po_kelM6_L.tga,99cc03f28ea4094c235b96bf706f20e6b085294d024167cf00f090af7fb56e20
po_kelM7_H.tga,4f7ce4054ea406fa6a8212f238466ee1a7c85551bb1fe3a3d85dc3f80207e30b,524332,po_kelM7_L.tga,cc1d7b018784a55fead556b11f86ee855a5aaf1c310b58bb0b1ff76c8ac4fd29
po_kocracn_h.tga,f6969abd7327d7d512519a7594266c20e2ef0171451020fde66cc4ba7a3337a9,393234,po_kocracn_l.tga,a8978919d5845545e456c8ec9d726b363bdaba96e717ded4bf687e846e71a40b
po_kuotoa_01_h.tga,50478f557954c2ca99fea1503452ded7f1f7970d28dbebb5ec85688de43a5f7b,393234,po_kuotoa_01_l.tga,848990f817762a8f4a74fe1a36f04bcc58d722929277cd179e36c995d5ba6dc6
po_kuotoa_h.tga,e8d1b3ae5f8c8ec05916f48f191898182fcb4127c8b200cad84beedd5502f526,393234,po_kuotoa_l.tga,4028d80e12954a35350fb110fe1902cc527ac5c1c8feff895ca3ec1d808766d7
po_kuotoa_h1_h.tga,dded803d6ff334e36567f329689c5a9c6b271dab91df535260749437f5a6e469,393234,po_kuotoa_h1_l.tga,4113fae2dad20e492ab65cdc480d9c5ab9aff3671c9fa5ff77bbcc4ba49fbc60
po_kuotoa_h2_h.tga,fa6ba47849ca85c9b9bb765e131159ea59191b920023725f145909706546db13,393234,po_kuotoa_h2_l.tga,6e6a44ba6bbbf78800f76d13e511238c9622c0cd37b700200ecfa434108defb3
po_kuotoa_s1_h.tga,d21563b0426d8d4cafdf480a0638d5476095386c237734a173d2910c83ec8ee9,393234,po_kuotoa_s1_l.tga,db6a423634765ad40c0ee199302c2ee5184f7dfa22e9f29f63248077262c42ff
po_kuotoa_s2_h.tga,cf610fbf20fea776cffbe831aa7d172d9c147213f5a21183f360c6468ded4c5a,393234,po_kuotoa_s2_l.tga,f3a2d4b19016ec84abe2cae8d5249215ab746fefe0c40d3e77622c3c20219429
po_kylie_h.tga,997e4894c0f8134d2c228a72e59b1f02002b5b31113d5ad0163e1e6ccb030594,393234,po_kylie_l.tga,ef44f71240aaff2a35bc86b81cb7a3e67d5d04d3dee64bb51fde330a21409ca4
po_leech01_h.tga,38b69cff098b7349344fa86a9d9e533c87918639ce43337dff5f5ea10031c465,393234,po_leech01_l.tga,e4b8ac77513fbd4b39422dd9d47fb1e46a30f0c1b58418031e0b873faf1d5dc0
po_lizfolk_h.tga,2cb8bf8813b0e634e6b2a5d02837430b9d03a88fb014b7358235652d5542481f,393234,po_lizfolk_l.tga,bc6eea0562376597003fa8546cdd30e5eb2613dbf1ae7ad482e70eb38a68e6ae
po_llama_h.tga,75f92a0089dc3f16ab26ddc5debeb09ce1ce31a21a684e414c0d876b838b9a43,393234,po_llama_l.tga,3a4e5c4d8213fccd9351e39ad4524623f4a93024c64a1b1a7fce4800a1518e7a
po_mag_ele_h.tga,847c2a2aa92764f742a624fd017fee2929b47f175a517f6b1cc3481c3de2e4fe,393234,po_mag_ele_l.tga,378bbc087fbf838bed5b69a9f92377eda51bf2213d8af1bb96b5aaa548fede05
po_maleechani6h.tga,676493b26ec0876fee7050333eb73c9ed1e15823f13c8d0aa6c983dc95899088,393234,po_maleechani6l.tga,2cef33694e930d83af5b35057d6036265e57df4137398bfc841c76cd1f057ae7
po_maleficus_h.tga,5535a557735b2abb43df452e82d3058ca75828c59180b87ccac37f871f434454,98322,po_maleficus_l.tga,5535a557735b2abb43df452e82d3058ca75828c59180b87ccac37f871f434454
po_marid04_h.tga,fe5b2a266ae4799371b8ae2458ceb117763c8db9bb49c3ce32630b1582cc1ee6,390162,po_marid04_l.tga,abca1fe4b8c0c3221620027ad4506443fd24fb976590781daa97fad49772f3da
po_martian1953_h.tga,40552ac305940c49a2799bca2faf1ada54c129a12d833a7b145ea882cd7f4d1e,98322,po_martian1953_l.tga,40552ac305940c49a2799bca2faf1ada54c129a12d833a7b145ea882cd7f4d1e
po_mchiss_h.tga,c8427146cf0eb961f0ea7a08c28d2315df0187b9f0c5b736f948f6f57a89c1bb,98322,po_mchiss_l.tga,c8427146cf0eb961f0ea7a08c28d2315df0187b9f0c5b736f948f6f57a89c1bb
po_mezz_h.tga,b80a32838aa1b6342af0bf304a17106a6ee59d6d6b2db2cc8e4ef3e553879e4c,393234,po_mezz_l.tga,39447026659558366f882c0f8fdb2779e339fe499719f10d9f19233582ec20e2
po_mirialanf0_h.tga,37ae143ebdebdab160e2322e5b7cf78aa6123bb59e276936e7040c9c29786d21,393234,po_mirialanf0_l.tga,82b264643600f6e4d4a7414635d822af5043a73635fbc64310315e6c910e49fa
po_mirialanf1_h.tga,e41ef4d97d68197747ac6487e1ef771d84cea278494a0233f9e40b13fe5e856a,393234,po_mirialanf1_l.tga,daeea4ca7dc1790986692b8c84fa5e730f29a4d996487b06eead086378a24764
po_mirialanf2_h.tga,8464d14bceeb28575f98b8977495135e814e6c41983a38a857236b271ae6f263,393234,po_mirialanf2_l.tga,e1786bbd0332e7c957f3908ac2087f06fb5b8ccc7b6f112938408316c68bd01e
po_mirialanf3_h.tga,bf6cc5d4eb5a11c95e7402c81377b844e48a4fdfc8906299d45f4772afc9b252,393234,po_mirialanf3_l.tga,a4ad7c396e7cbe9afb4cc8958a5060a8374a15a43654dff16efe04a4b1b1a356
po_mirialanf4_h.tga,9b9b8d4c97fe9c89384b542905720f1df9fdad143ef399f36448324565900138,393234,po_mirialanf4_l.tga,cacea510726e9ded97e69246c3edb91226afbe5ec23421ba39f2e079ec68c445
po_mirialanf5_h.tga,debdf91e718bc573078c88869f7bc79f449db0c7808c5816490275065f9d4196,393234,po_mirialanf5_l.tga,9cb8511f2198799cd2d93b8d5948ce917cd6c763946d6b0e125688f64061c9b4
po_mirialanf6_h.tga,f9f78dfcf426a0372d928b35f925a62786ad5cb38804378a8e670cdad34403d0,393234,po_mirialanf6_l.tga,d66d1675273abfc73f82dfe3a9c3af9215fc5258a56041ab3afe494e587cb2ee
po_mirialanf7_h.tga,e0e8891fbbc9a7508e4e8a5095097833e85160c2e318cf0b92a76ca54d1c395d,393234,po_mirialanf7_l.tga,c4c7b029f27f085a470a8e3d8a40067dd120e3242277017af5e6913a3b608713
po_mirialanf8_h.tga,09acf3d0206d98a92136ad2e7adf38b6ac2f79e1c989c3bdde8da8879654b41c,393234,po_mirialanf8_l.tga,c86d4ebb0d21dc40a2d10a8cb866720df37455864b6a2c5411aa15e6bae89136
po_mirialanf9_h.tga,7bc9037c0d047f229bd52a02597970c7966a1d77464327ced04d955c85fd3031,393234,po_mirialanf9_l.tga,0baf5baf56d2924e4405520ec3f70d84096fd2e1728a599de2289c50759f239a
po_mirialanm0_h.tga,6d5188c9026c2d0028eaa41ccc52a151e1a068b816c8419e3d0b0a8d42d08f7b,393234,po_mirialanm0_l.tga,a88c7d70d7eed4dd578413f353991b9a8568530e2ff7ad07f257f055fe2a47bc
po_mirialanm1_h.tga,7d057343785734c721d853dcde834e90090a2f33eb84afd2d0bb03707f81cae9,393234,po_mirialanm1_l.tga,d3ab78f8776c53c195498dc780dc01181d16ef3b26f26b5a6c80e87e839c5a7c
po_mirialanm2_h.tga,7096aba0a3c22f569b243a6e547a996bf1b1c85c0f22559689fe277824cc5f8e,393234,po_mirialanm2_l.tga,7b5dd6761793dedca0dc6a0aa4a2d8a77bb8e914062cac8e4061679d981f2524
po_mirialanm3_h.tga,c146c5e9ba29eba8779deeff0175daa0481b43c23e5b49878e7e08b8c9f756ba,393234,po_mirialanm3_l.tga,2154767dca8e4652777b3dbbd627058eba0a77315539c55279f35a264b6e55f7
po_mirialanm4_h.tga,14e726f4e7fad34c4e1318f46e7404d9e5cc530bbc75a00cf9b1cc961d1cc2cc,393234,po_mirialanm4_l.tga,ce59cf974913a2ba68ab485b23b23c9ea3aaab2c0d0a29a364ac76775971578d
po_mirialanm5_h.tga,209ec83934cc11229d6cabb2d4eaf2fc226d437c0b3ae0d0a7022d85707d68d1,393234,po_mirialanm5_l.tga,3f217a078795631db78c5174b6beb730bf31059e87b4d9d9413834d1315287c3
po_mirialanm6_h.tga,a52c768306a5b1e23c16e13c68a16978342d197bd04165af18b9812245dc45cc,393234,po_mirialanm6_l.tga,fa9cf62dbdb0a48cc67957ab23a6cd9f0313b071d419534ddc9301ac35f5a303
po_mirialanm7_h.tga,f193a6d91a8371074b4ea334e63c50235541c0d8b940a36f8b8bae0d81e9d52f,393234,po_mirialanm7_l.tga,f5953708c5aad72611c5ce86d5d170ddc876ef8d2f03fdc8fe5079237886ddff
po_mirialanm8_h.tga,ada8a58ec82593ac85ae54ee4cb4e03590f25d4e65390f1905ff057e009f6d56,393234,po_mirialanm8_l.tga,51dd5bdc4e0e5d36bb84d22ef45fb460b0d3a87145cc1f22abc7df6fedf3bc4f
po_mirialanm9_h.tga,bdbe97f7a702aa44adf07fd99b4d251c9dcd4d312bd474eb592bb8f50a83b8d3,393234,po_mirialanm9_l.tga,a0b6f0decb259652262bd6b20d4fff8709bb6065b650a5eaa2ec0931d6399f14
po_mi_f_01_h.tga,afc806c1fb7839b3287a19290b643d56645e6c8089828854649a8910ab59de7e,98322,po_mi_f_01_l.tga,afc806c1fb7839b3287a19290b643d56645e6c8089828854649a8910ab59de7e
po_mi_f_m01_h.tga,c9dc527ada6998315d9a45f559a81347ed67b89f7ff0517205ca59b98c5f51a9,98322,po_mi_f_m01_l.tga,c9dc527ada6998315d9a45f559a81347ed67b89f7ff0517205ca59b98c5f51a9
po_mi_f_sf03_h.tga,3a8409109aa50fc985bea06c3455400b66058c925930aceb756ae3d8a5d57a76,98322,po_mi_f_sf03_l.tga,3a8409109aa50fc985bea06c3455400b66058c925930aceb756ae3d8a5d57a76
po_mi_f_sf07_h.tga,b56aa21e5ae2435fc17c88f9880ca80b6c5f9f76907ee1a03c1831da3e4e052f,98322,po_mi_f_sf07_l.tga,b56aa21e5ae2435fc17c88f9880ca80b6c5f9f76907ee1a03c1831da3e4e052f
po_mi_f_sf13_h.tga,dc1c974754b3784bc653371244e49745f7852759e186c350359f51841022a6e4,98322,po_mi_f_sf13_l.tga,dc1c974754b3784bc653371244e49745f7852759e186c350359f51841022a6e4
po_mi_gun01_h.tga,ee01f1e73c969e6fb2292ad953a65a8f78697fe17af8de4517b758de4fd09fcd,98322,po_mi_gun01_l.tga,ee01f1e73c969e6fb2292ad953a65a8f78697fe17af8de4517b758de4fd09fcd
po_mi_gun02_h.tga,3d73452dcff5b604a764d03ebfb7b26d9e476ef8da8cb01f8f7d9d88e2d68494,98322,po_mi_gun02_l.tga,3d73452dcff5b604a764d03ebfb7b26d9e476ef8da8cb01f8f7d9d88e2d68494
po_mi_gun03_h.tga,60b0908c7f562666b6dc1f65657da91bb66edfee243f3a255d5ca0183fce1b96,98322,po_mi_gun03_l.tga,60b0908c7f562666b6dc1f65657da91bb66edfee243f3a255d5ca0183fce1b96
po_mi_m_m02_h.tga,aa3bb8fb319c66477f3e73f640c49db3ef429a2639e2275926b8d71dc94ff67b,98322,po_mi_m_m02_l.tga,aa3bb8fb319c66477f3e73f640c49db3ef429a2639e2275926b8d71dc94ff67b
po_mi_m_m03_h.tga,9c84a5475e6c421e31af26a132c55dcb47b403ce11024e71a0779a8c4e9ed7db,98322,po_mi_m_m03_l.tga,9c84a5475e6c421e31af26a132c55dcb47b403ce11024e71a0779a8c4e9ed7db
po_mi_m_sf01_h.tga,40857adc2cc51b05eec463f4e0e191c6789f39983e95915ad1ee8990d9f8d628,98322,po_mi_m_sf01_l.tga,40857adc2cc51b05eec463f4e0e191c6789f39983e95915ad1ee8990d9f8d628
po_mi_m_sf02_h.tga,210f440056b787ab63654327ca4793330a063eec18ab934f58b9b619d2813b19,98322,po_mi_m_sf02_l.tga,210f440056b787ab63654327ca4793330a063eec18ab934f58b9b619d2813b19
po_mi_m_sf04_h.tga,610fa6669fc9d91e06d4ef8c5e1ee89826a221846c51c5524730bdb366718dd1,98322,po_mi_m_sf04_l.tga,610fa6669fc9d91e06d4ef8c5e1ee89826a221846c51c5524730bdb366718dd1
po_mi_m_sf05_h.tga,ccc8948494203062c501b6efd76c872746675383d315b986514f37e86b01d77d,98322,po_mi_m_sf05_l.tga,ccc8948494203062c501b6efd76c872746675383d315b986514f37e86b01d77d
po_mi_m_sf08_h.tga,76176335fcc81382c0676c41596c4c1d339e4cafd10dde16ee754b4809cee7ef,98322,po_mi_m_sf08_l.tga,76176335fcc81382c0676c41596c4c1d339e4cafd10dde16ee754b4809cee7ef
po_mi_m_sf10_h.tga,a1de5dc3a57791aa51f4a6a299bf65ff74798f5887d0e50faa71c6beacd933d8,98322,po_mi_m_sf10_l.tga,a1de5dc3a57791aa51f4a6a299bf65ff74798f5887d0e50faa71c6beacd933d8
po_mi_m_sf11_h.tga,b05237c95408217d94d75d615696673dc740e53be8735f183e24f1133060478d,98322,po_mi_m_sf11_l.tga,b05237c95408217d94d75d615696673dc740e53be8735f183e24f1133060478d
po_mi_m_sf12_h.tga,147d0462f0735403ac731efbf243cdc066a77b7519206ddf9209b9b51ab1f0be,98322,po_mi_m_sf12_l.tga,147d0462f0735403ac731efbf243cdc066a77b7519206ddf9209b9b51ab1f0be
po_mi_m_sf14_h.tga,bbe40c45ecca296f5cd49126c6f40c3e8a92b7930a40676099995747ac8909a5,98322,po_mi_m_sf14_l.tga,bbe40c45ecca296f5cd49126c6f40c3e8a92b7930a40676099995747ac8909a5
po_mi_m_sf16_h.tga,eca46942c18cf9a311bd6d6a39f9ade0c7f2a2fb87c3d7916166e05ec702c0c7,98322,po_mi_m_sf16_l.tga,eca46942c18cf9a311bd6d6a39f9ade0c7f2a2fb87c3d7916166e05ec702c0c7
po_mi_m_sf17_h.tga,0642ced4970f14159192955da2aad722f321e51c64fe9d33040f9cfc68932653,98322,po_mi_m_sf17_l.tga,0642ced4970f14159192955da2aad722f321e51c64fe9d33040f9cfc68932653
po_mi_m_sf20_h.tga,7187c5747b69b9ab80453a29f8adf317e1ebe43d4eea38f878ce0d730b30062a,98322,po_mi_m_sf20_l.tga,7187c5747b69b9ab80453a29f8adf317e1ebe43d4eea38f878ce0d730b30062a
po_mi_m_sf21_h.tga,4aa7e7445e2546661dad68cca7c2d59c57dbc92fe33edcde168f1343fc521a82,98322,po_mi_m_sf21_l.tga,4aa7e7445e2546661dad68cca7c2d59c57dbc92fe33edcde168f1343fc521a82
po_mi_x_m01_h.tga,0cad8f62a49df6084ca227fdcea5bf90e3f33bc3509586b18edbbcfcfacebedf,98322,po_mi_x_m01_l.tga,0cad8f62a49df6084ca227fdcea5bf90e3f33bc3509586b18edbbcfcfacebedf
po_mi_x_m02_h.tga,f51da7b29171bd87c3a1e1035dc6f439d53f8558aae46a6adf35a5d69fdbd7d5,98322,po_mi_x_m02_l.tga,f51da7b29171bd87c3a1e1035dc6f439d53f8558aae46a6adf35a5d69fdbd7d5
po_mi_x_sf06_h.tga,1bb9e882bbaa138b066c508dbe1032273a092776c65139808a9c4c16422ef303,98322,po_mi_x_sf06_l.tga,1bb9e882bbaa138b066c508dbe1032273a092776c65139808a9c4c16422ef303
po_mi_x_sf09_h.tga,095381d06d789a47d1701e2277a7158833854a4d66669cecb93eebfef7f8e409,98322,po_mi_x_sf09_l.tga,095381d06d789a47d1701e2277a7158833854a4d66669cecb93eebfef7f8e409
po_mi_x_sf18_h.tga,251a27d53f5558f442f1d2a73b3222504cc4db9d7475cb591ba147d2933c4e28,98322,po_mi_x_sf18_l.tga,251a27d53f5558f442f1d2a73b3222504cc4db9d7475cb591ba147d2933c4e28
po_mi_x_sf19_h.tga,ff465fde0d7433672938a70afcd1d7616f1f898be0402f5236c5af8f09aed26d,98322,po_mi_x_sf19_l.tga,ff465fde0d7433672938a70afcd1d7616f1f898be0402f5236c5af8f09aed26d
po_mi_x_sf20_h.tga,dd4476605a542256ed7decb0b3cf4143458e65d1f5bfbaba35e5bc02e0ac0b53,98322,po_mi_x_sf20_l.tga,dd4476605a542256ed7decb0b3cf4143458e65d1f5bfbaba35e5bc02e0ac0b53
po_mi_x_sf21_h.tga,897887f483d4849f65ed9c229846238df38277a51363e8b6a4567c4e27db308d,98322,po_mi_x_sf21_l.tga,897887f483d4849f65ed9c229846238df38277a51363e8b6a4567c4e27db308d
po_mi_x_sf23_h.tga,a6084afc6c2acb30b31417af78e92240f248f7486981d53071f7ba4a6823e758,98322,po_mi_x_sf23_l.tga,a6084afc6c2acb30b31417af78e92240f248f7486981d53071f7ba4a6823e758
po_mi_x_sf24_h.tga,f5efea35916e2bbe9c76286dd5a32effff12b5aa277cd723867cff05491e0fc4,98322,po_mi_x_sf24_l.tga,f5efea35916e2bbe9c76286dd5a32effff12b5aa277cd723867cff05491e0fc4
po_mi_x_sf25_h.tga,a7d4c0956913dd6261d9bac816639bc4a9a87d96aed1baf3644ee7c1380f84b9,98322,po_mi_x_sf25_l.tga,a7d4c0956913dd6261d9bac816639bc4a9a87d96aed1baf3644ee7c1380f84b9
po_mi_x_sf26_h.tga,dada787b7474cea778277421cf04ee63838529e6952ccf9f3a2c44baa835f7c1,98322,po_mi_x_sf26_l.tga,dada787b7474cea778277421cf04ee63838529e6952ccf9f3a2c44baa835f7c1
po_mi_x_sf27_h.tga,fab010668cff714b7bc87129a6ff24b41800d0186593e8f3bd65aade937567e3,98322,po_mi_x_sf27_l.tga,fab010668cff714b7bc87129a6ff24b41800d0186593e8f3bd65aade937567e3
po_mi_x_sf28_h.tga,40022b9a39f2bb9afbfbe2cb5785b42944f612fdd73aae2c58389fe7ca4c124b,98322,po_mi_x_sf28_l.tga,40022b9a39f2bb9afbfbe2cb5785b42944f612fdd73aae2c58389fe7ca4c124b
po_mi_x_sf30_h.tga,f7fec524b5126bb2a27381cf420f7942f79f418c8ee2aa8ed850e6eb62ff2e3e,98322,po_mi_x_sf30_l.tga,f7fec524b5126bb2a27381cf420f7942f79f418c8ee2aa8ed850e6eb62ff2e3e
po_mi_x_sf31_h.tga,c76e7d5be1ca3eb33dd26e7636b38a4e2559292dcc21fb77699ed95a9dab93b0,98322,po_mi_x_sf31_l.tga,c76e7d5be1ca3eb33dd26e7636b38a4e2559292dcc21fb77699ed95a9dab93b0
po_mi_x_sf35_h.tga,4aa99a5b0cf72d981a30fcaa907e02f6fa3530739bb10950e3562b6c5b3944a9,98322,po_mi_x_sf35_l.tga,4aa99a5b0cf72d981a30fcaa907e02f6fa3530739bb10950e3562b6c5b3944a9
po_mi_x_sf36_h.tga,4ae5b5375aa575547d542df69720bfafd998538a94ba8c7b1baa21cca97e0e5d,98322,po_mi_x_sf36_l.tga,4ae5b5375aa575547d542df69720bfafd998538a94ba8c7b1baa21cca97e0e5d
po_mi_x_sf37_h.tga,1bc2d1475b88340d5d9e8fae6a55f016fbd34d319e8ce668024340f9142b8d80,98322,po_mi_x_sf37_l.tga,1bc2d1475b88340d5d9e8fae6a55f016fbd34d319e8ce668024340f9142b8d80
po_mi_x_sf38_h.tga,1ff77e5075eb5578103117e02ad42613e171a0122970cba39135cc61a2187862,98322,po_mi_x_sf38_l.tga,1ff77e5075eb5578103117e02ad42613e171a0122970cba39135cc61a2187862
po_mi_x_sf39_h.tga,e3c7c2139aad99a925a617bf2993e81c284a85b143ef8698c6d2e5db422d03a3,98322,po_mi_x_sf39_l.tga,e3c7c2139aad99a925a617bf2993e81c284a85b143ef8698c6d2e5db422d03a3
po_mi_x_sf40_h.tga,0390920f4a6c858f7ffb492e0540c087fea8b6fddfa39b09b2627545aa85e822,98322,po_mi_x_sf40_l.tga,0390920f4a6c858f7ffb492e0540c087fea8b6fddfa39b09b2627545aa85e822
po_mi_x_sf42_h.tga,50e32fa3e8860d28c4b7d2c42370f6de88d2f5d2e1187211652503f00e84887a,98322,po_mi_x_sf42_l.tga,50e32fa3e8860d28c4b7d2c42370f6de88d2f5d2e1187211652503f00e84887a
po_mi_x_sf44_h.tga,adbc0a8aedb0f68f410ac7e0181b6da2c89a157c96892ff4671a9ad98e277754,98322,po_mi_x_sf44_l.tga,adbc0a8aedb0f68f410ac7e0181b6da2c89a157c96892ff4671a9ad98e277754
po_mi_x_sf46_h.tga,df9885ec2e6176b3dd30d2c955e584541d06e97f586ae2ac57de25bb3cfb3e27,98322,po_mi_x_sf46_l.tga,df9885ec2e6176b3dd30d2c955e584541d06e97f586ae2ac57de25bb3cfb3e27
po_mi_x_sh01_h.tga,a6595756abc46012806b7e753b154d37b334625e07281454c9be1dda4033a064,98322,po_mi_x_sh01_l.tga,a6595756abc46012806b7e753b154d37b334625e07281454c9be1dda4033a064
po_mi_x_sh02_h.tga,84683c89af21dadd1cea971d7c7d6f0edadecb731cca5ec1d9416c3e312bc8d8,98322,po_mi_x_sh02_l.tga,84683c89af21dadd1cea971d7c7d6f0edadecb731cca5ec1d9416c3e312bc8d8
po_mi_x_sh03_h.tga,711d08bda76d237e4434599b2c8b4c97f7a3e841fbe601b44e354cfc74c8e0a1,98322,po_mi_x_sh03_l.tga,711d08bda76d237e4434599b2c8b4c97f7a3e841fbe601b44e354cfc74c8e0a1
po_mi_x_sh04_h.tga,60f56236fea510051bd98545503661de646e895651a299a45ba49a4ebedc6a30,98322,po_mi_x_sh04_l.tga,60f56236fea510051bd98545503661de646e895651a299a45ba49a4ebedc6a30
po_mi_x_sh05_h.tga,d5f2993544ef7d01eae6780e7e9c84af4dbb17c281dad66c39c37bd61c3757b7,98322,po_mi_x_sh05_l.tga,d5f2993544ef7d01eae6780e7e9c84af4dbb17c281dad66c39c37bd61c3757b7
po_mi_x_sh06_h.tga,a8647280bb2eb737451e29878dac2b8a97962119342f277f6200eb6526648c2f,98322,po_mi_x_sh06_l.tga,a8647280bb2eb737451e29878dac2b8a97962119342f277f6200eb6526648c2f
po_mi_x_sh07_h.tga,5c86008c5f806a50dd95b4b169cbd70a354fbaa7686ef08794ea00452610a96a,98322,po_mi_x_sh07_l.tga,5c86008c5f806a50dd95b4b169cbd70a354fbaa7686ef08794ea00452610a96a
po_mi_x_sh08_h.tga,6f0619134d6ede5fa828b85a1b5ddaa14ef2256b6de612f630b2a244cf57e98c,98322,po_mi_x_sh08_l.tga,6f0619134d6ede5fa828b85a1b5ddaa14ef2256b6de612f630b2a244cf57e98c
po_mi_x_sh09_h.tga,93219d7aaa8cea1a0db5f3bb112898fa5b7b6682083a465193fe820c767e5137,98322,po_mi_x_sh09_l.tga,93219d7aaa8cea1a0db5f3bb112898fa5b7b6682083a465193fe820c767e5137
po_mi_x_sh10_h.tga,924165b3fa397525a0ad3d1805a0b134efb4706fe01ca2ed845e20bd6e503ae3,98322,po_mi_x_sh10_l.tga,924165b3fa397525a0ad3d1805a0b134efb4706fe01ca2ed845e20bd6e503ae3
po_mi_x_sh11_h.tga,f15a6e5f4c967a705bca67034a1bb5f7d58a85c416926eb66ca8fee162b69eac,98322,po_mi_x_sh11_l.tga,f15a6e5f4c967a705bca67034a1bb5f7d58a85c416926eb66ca8fee162b69eac
po_mi_x_sh12_h.tga,cbf0451cf98902e7c2e7bd37ba5fc53fce3ea910637a8b4d9ff4b52ecd93f502,98322,po_mi_x_sh12_l.tga,cbf0451cf98902e7c2e7bd37ba5fc53fce3ea910637a8b4d9ff4b52ecd93f502
po_mi_x_sh13_h.tga,c544633b466b7ff23b80c43632bccf01b5cb492ed86bd184745581394777f3d1,98322,po_mi_x_sh13_l.tga,c544633b466b7ff23b80c43632bccf01b5cb492ed86bd184745581394777f3d1
po_mi_x_sh14_h.tga,50b2a4486efc27d00d6f247a1cfe1c1c9777e192ca0a98d981652b4cb323b21e,98322,po_mi_x_sh14_l.tga,50b2a4486efc27d00d6f247a1cfe1c1c9777e192ca0a98d981652b4cb323b21e
po_mi_x_sh15_h.tga,e38d796d43d6096624ab8115131cbdec97f3423cfa6df429c361a6b2f7f29e96,98322,po_mi_x_sh15_l.tga,e38d796d43d6096624ab8115131cbdec97f3423cfa6df429c361a6b2f7f29e96
po_mi_x_sh16_h.tga,ec19bc443191fa50cd71842dad556bbcef4040ee7059f9da09ef7876f96e6047,98322,po_mi_x_sh16_l.tga,ec19bc443191fa50cd71842dad556bbcef4040ee7059f9da09ef7876f96e6047
po_mi_x_sh17_h.tga,b81f1ca8915f81dc457fd0eea27b4d3783c90e158899ddec127f6395b26a74d1,98322,po_mi_x_sh17_l.tga,b81f1ca8915f81dc457fd0eea27b4d3783c90e158899ddec127f6395b26a74d1
po_mi_x_sh18_h.tga,f7276de5477ffa6736670b59a0790135f5b41d441d554249e5670b2cbfc0071b,98322,po_mi_x_sh18_l.tga,f7276de5477ffa6736670b59a0790135f5b41d441d554249e5670b2cbfc0071b
po_mi_x_sh19_h.tga,cd0d54eb40e258f63e68e27527f066c95b4c9e344bb76f7bfa297faed8f8e84b,98322,po_mi_x_sh19_l.tga,cd0d54eb40e258f63e68e27527f066c95b4c9e344bb76f7bfa297faed8f8e84b
po_mi_x_sh20_h.tga,b8380cbbaa7207ad7e29c22f6bf9b6f8358251a91d57dc446312d21a2c747cc5,98322,po_mi_x_sh20_l.tga,b8380cbbaa7207ad7e29c22f6bf9b6f8358251a91d57dc446312d21a2c747cc5
po_mi_x_sh21_h.tga,5f38654fed07742e357fba1527ee52b1750b445c27f3216ca2e2b035081397ae,98322,po_mi_x_sh21_l.tga,5f38654fed07742e357fba1527ee52b1750b445c27f3216ca2e2b035081397ae
po_mi_x_sh22_h.tga,fd5107b9567a78a5126110d1b4759d2eb0cbd07210b4b060b0f999fa221c6e9b,98322,po_mi_x_sh22_l.tga,fd5107b9567a78a5126110d1b4759d2eb0cbd07210b4b060b0f999fa221c6e9b
po_mi_x_sh23_h.tga,7a0afb4b73ee4bd104675e685de8544d3a27f437443530578cca6c8173291504,98322,po_mi_x_sh23_l.tga,7a0afb4b73ee4bd104675e685de8544d3a27f437443530578cca6c8173291504
po_mi_x_sh24_h.tga,e500474a130ead811ddcc8f4004c35c9e452f208b7bd6872ca55679b0452dc01,98322,po_mi_x_sh24_l.tga,e500474a130ead811ddcc8f4004c35c9e452f208b7bd6872ca55679b0452dc01
po_mi_x_sh25_h.tga,49197214448c4f75fd2b19bedd838e819ce42ac15796428cb66ac6816e91efe7,98322,po_mi_x_sh25_l.tga,49197214448c4f75fd2b19bedd838e819ce42ac15796428cb66ac6816e91efe7
po_mi_x_sh26_h.tga,4e6cffc6ec5fddcfacc4c4ffee209f66eb221591341d852bf4fb7853911bf030,98322,po_mi_x_sh26_l.tga,4e6cffc6ec5fddcfacc4c4ffee209f66eb221591341d852bf4fb7853911bf030
po_mi_x_sh27_h.tga,7849936e5207bb404aff152e68c2bb0c26b0c6b964b3d3a3ee5b9faa9a4154a9,98322,po_mi_x_sh27_l.tga,7849936e5207bb404aff152e68c2bb0c26b0c6b964b3d3a3ee5b9faa9a4154a9
po_mi_x_sh28_h.tga,33eb82d2815f7fccefe2e3e0a433bcd58872f75819aa049b7e3c5f51406e65e0,98322,po_mi_x_sh28_l.tga,33eb82d2815f7fccefe2e3e0a433bcd58872f75819aa049b7e3c5f51406e65e0
po_mi_x_sh29_h.tga,bec8ba1fd2fc54991e8419499bf90bec40bf15e0163258c619b219a90202be1a,98322,po_mi_x_sh29_l.tga,bec8ba1fd2fc54991e8419499bf90bec40bf15e0163258c619b219a90202be1a
po_mi_x_sh30_h.tga,1172d549117105ecc6777a3c87880935c192ce61621d539b1c15eda7eb276a34,98322,po_mi_x_sh30_l.tga,1172d549117105ecc6777a3c87880935c192ce61621d539b1c15eda7eb276a34
po_mi_x_sh31_h.tga,dfb30014fa9c941d854817713ba7cb1a455cd836fa593cb5ab8a4e8fceae746e,98322,po_mi_x_sh31_l.tga,dfb30014fa9c941d854817713ba7cb1a455cd836fa593cb5ab8a4e8fceae746e
po_mi_x_sh32_h.tga,5e41dd95a4bd22ce76437f9035bed2b181903c4d154ca44388e8b65bfbe1d053,98322,po_mi_x_sh32_l.tga,5e41dd95a4bd22ce76437f9035bed2b181903c4d154ca44388e8b65bfbe1d053
po_mi_x_sh33_h.tga,6414585b4afae266c0138b0ced5709e6c2f0a2bc839caa9fba846f56b088abd5,98322,po_mi_x_sh33_l.tga,6414585b4afae266c0138b0ced5709e6c2f0a2bc839caa9fba846f56b088abd5
po_mi_x_sh34_h.tga,b5bed6bd4a0a9a705541a4bbdc6f73be6544f294ae38f23a1e6c1a512e976ea2,98322,po_mi_x_sh34_l.tga,b5bed6bd4a0a9a705541a4bbdc6f73be6544f294ae38f23a1e6c1a512e976ea2
po_mi_x_ve01_h.tga,45a6bf1f7b634459cd3eda56e4d730738e6378b46e121f163ce8a41a900c5c4f,98322,po_mi_x_ve01_l.tga,45a6bf1f7b634459cd3eda56e4d730738e6378b46e121f163ce8a41a900c5c4f
po_mi_x_ve02_h.tga,eac6bbc9481582f93d9e1ab241bf3231f3ecc8ef53b197000077ad7f60a5fe8e,98322,po_mi_x_ve02_l.tga,eac6bbc9481582f93d9e1ab241bf3231f3ecc8ef53b197000077ad7f60a5fe8e
po_mi_x_ve03_h.tga,910e45033d8fefd67bc2fd36de54550367367719b12f086fec185c9ed515b044,98322,po_mi_x_ve03_l.tga,910e45033d8fefd67bc2fd36de54550367367719b12f086fec185c9ed515b044
po_mi_x_ve04_h.tga,d444e0bc69e473ad159e6e27b2bad876539b3c8d9cbc11e385a734c0773d7190,98322,po_mi_x_ve04_l.tga,d444e0bc69e473ad159e6e27b2bad876539b3c8d9cbc11e385a734c0773d7190
po_mi_x_ve05_h.tga,e56422f694d4c2210df2bf73c4a7e7cbde891cad227d6c291b30e47f43e58a81,98322,po_mi_x_ve05_l.tga,e56422f694d4c2210df2bf73c4a7e7cbde891cad227d6c291b30e47f43e58a81
po_mi_x_ve06_h.tga,6cd0a931d7d685bfb07f69752e63dfbca7d897c964102c78f5ec20612a52df8b,98322,po_mi_x_ve06_l.tga,6cd0a931d7d685bfb07f69752e63dfbca7d897c964102c78f5ec20612a52df8b
po_mi_x_ve07_h.tga,f4b481bb5cd0d6dc5a0c533eecad23f7ce69310bf0717543defb663a6c79d023,98322,po_mi_x_ve07_l.tga,f4b481bb5cd0d6dc5a0c533eecad23f7ce69310bf0717543defb663a6c79d023
po_mi_x_ve08_h.tga,97b966608ec88f529746a7771cf2aaf796060f0ba3e9926b285ab31c9a303a1c,98322,po_mi_x_ve08_l.tga,97b966608ec88f529746a7771cf2aaf796060f0ba3e9926b285ab31c9a303a1c
po_mi_x_ve09_h.tga,a290e53080906cdca12424ceb7268a17bcbb80d311aa3c830cae58a8d386353c,98322,po_mi_x_ve09_l.tga,a290e53080906cdca12424ceb7268a17bcbb80d311aa3c830cae58a8d386353c
po_mm_f_23_h.tga,36c47c10f4e0c836d35f6894d34c00217abaa00943da1857efbdcd9a18e9932f,98322,po_mm_f_23_l.tga,36c47c10f4e0c836d35f6894d34c00217abaa00943da1857efbdcd9a18e9932f
po_mm_f_24_h.tga,46233ad9d1a36ea9f43e33fca6b1e38015f8574f7b42feb5e36cd9d38a0561ed,98322,po_mm_f_24_l.tga,46233ad9d1a36ea9f43e33fca6b1e38015f8574f7b42feb5e36cd9d38a0561ed
po_mm_f_25_h.tga,6f5db548dbf685a7bdfd8479ff0c8b1a5825c166d0aa65db2977cf0d2ccea577,98322,po_mm_f_25_l.tga,6f5db548dbf685a7bdfd8479ff0c8b1a5825c166d0aa65db2977cf0d2ccea577
po_mm_f_26_h.tga,0b8a829e3234852c91c021b675a8a9f10f596267bb0acc57e088a42d31688085,98322,po_mm_f_26_l.tga,0b8a829e3234852c91c021b675a8a9f10f596267bb0acc57e088a42d31688085
po_mm_f_27_h.tga,d18a2fcdc47bc275d879c2a48ca7d2094923f9dea70381d2e86e81c9ad4f9774,98322,po_mm_f_27_l.tga,d18a2fcdc47bc275d879c2a48ca7d2094923f9dea70381d2e86e81c9ad4f9774
po_mm_f_28_h.tga,feb3ca237b249bb4ca7e4c804780c00816a1f01850321864696ea5ad7ecda8ab,98322,po_mm_f_28_l.tga,feb3ca237b249bb4ca7e4c804780c00816a1f01850321864696ea5ad7ecda8ab
po_mm_f_29_h.tga,f8191a96d7685a7baadaa90bc858056913fca5f94b1657f8d4ab2e11b8f71e17,98322,po_mm_f_29_l.tga,f8191a96d7685a7baadaa90bc858056913fca5f94b1657f8d4ab2e11b8f71e17
po_mm_f_30_h.tga,249d6d824b0f17fcce7827a3c445ead1710201047623148946b21fe245f1cdac,98322,po_mm_f_30_l.tga,249d6d824b0f17fcce7827a3c445ead1710201047623148946b21fe245f1cdac
po_mm_f_31_h.tga,90a64c2f14da771b152214a617dbe40ef5daf6fe5bc881e8ead335c6388d4d48,98322,po_mm_f_31_l.tga,90a64c2f14da771b152214a617dbe40ef5daf6fe5bc881e8ead335c6388d4d48
po_mm_f_32_h.tga,341b0f6503333dcc7b806c2cb075a1adf89a1567372e4cb62cdc9f0aa244460f,98322,po_mm_f_32_l.tga,341b0f6503333dcc7b806c2cb075a1adf89a1567372e4cb62cdc9f0aa244460f
po_mm_f_33_h.tga,42123d31026d19b90c2b58cdff072c44e00171c3d9797b03dc77f17c7dba7825,98322,po_mm_f_33_l.tga,42123d31026d19b90c2b58cdff072c44e00171c3d9797b03dc77f17c7dba7825
po_mm_f_34_h.tga,fa25616f05ab05ce53d1077783a6d6cf84b82ad00f497dfdd63fe9d918517437,98322,po_mm_f_34_l.tga,fa25616f05ab05ce53d1077783a6d6cf84b82ad00f497dfdd63fe9d918517437
po_mm_f_35_h.tga,55631638a589dd72ff6b0b73406c2872d2957b360e0832f82b967e0c02fdca58,98322,po_mm_f_35_l.tga,55631638a589dd72ff6b0b73406c2872d2957b360e0832f82b967e0c02fdca58
po_mm_f_36_h.tga,ee2342b8c3e0f4ef6d7ba6cf25b56781f1c34c7b9025fb8eb356dcc4ab52a9b1,98322,po_mm_f_36_l.tga,ee2342b8c3e0f4ef6d7ba6cf25b56781f1c34c7b9025fb8eb356dcc4ab52a9b1
po_mm_m_25_h.tga,e282684690411b19f5750f050e1986c2d7813a153714590e989c122a5d6b7959,98322,po_mm_m_25_l.tga,e282684690411b19f5750f050e1986c2d7813a153714590e989c122a5d6b7959
po_mm_m_26_h.tga,e364cdfebc5735ef7e63e2b76152fb9acca3a0f2e3ea62cb582cbe7327b10b20,98322,po_mm_m_26_l.tga,e364cdfebc5735ef7e63e2b76152fb9acca3a0f2e3ea62cb582cbe7327b10b20
po_mm_m_27_h.tga,db098609bbd17bbafd9bb6a70ae7830cb3d2b35858c7c71895d24be9b198781d,98322,po_mm_m_27_l.tga,db098609bbd17bbafd9bb6a70ae7830cb3d2b35858c7c71895d24be9b198781d
po_mm_m_28_h.tga,ecb70e831bb14b482eacba835a3ac3415b7e9fa5091057a6062efa21d2427242,98322,po_mm_m_28_l.tga,ecb70e831bb14b482eacba835a3ac3415b7e9fa5091057a6062efa21d2427242
po_mm_m_29_h.tga,4512fbff11cf0dfa782b6301d5a1e97ea04482bed90427ef1b99f2cd761b033d,98322,po_mm_m_29_l.tga,4512fbff11cf0dfa782b6301d5a1e97ea04482bed90427ef1b99f2cd761b033d
po_moncal_f10_h.tga,5f016da0c106c049e4f534d6b61099f3ee27c63fc171217aadd172989b47a8f4,393234,po_moncal_f10_l.tga,ae2ce7b5982e176e2b35a0782a60e2d3e9ffcc1952742de560854b28e4ca066a
po_moncal_f11_h.tga,266621a0ff8b852b1a787b40faa0d1ba437368ab3220cf84af4799d4edf65c7f,393234,po_moncal_f11_l.tga,0f394ab106d66fd2f3a7982d85ff002d798146bcc4e157089aa105ac9461c1b0
po_moncal_f1_h.tga,4238f8909eec21576b8ba39cfbdd96f104d8ae2128e1c593377931465efbf52c,393234,po_moncal_f1_l.tga,dff6cb7adb8ece06df254af50b25f71324a71ef4ade63fefd05c1441625e59c4
po_moncal_f2_h.tga,617417929e5905b6768532548e331dff8b0e46a5c8bafa5506142a14e995b893,393234,po_moncal_f2_l.tga,984d68ede50e3a4c66758fb89a389073d0f64df75884230b90e4fcf272d78648
po_moncal_f3_h.tga,f08e67eef3a1819778e819ea5ce43a6c246e9815c315cce770dcbb72cf871bc5,393234,po_moncal_f3_l.tga,9d8d2cbb6e511b1755c678da94c201eeac586bac6210ebeb026d7fcce4fa9119
po_moncal_f4_h.tga,7356b3aa4141284b9cde70f35d247331fce0ff9cbaa333d7de23f00332200f8e,393234,po_moncal_f4_l.tga,98ffd57702d01140db406a9f9e2a103a325d02f84e477d41a734ccc8fc07cc55
po_moncal_f5_h.tga,b8ace01173be76c482b88ce588bd3ae3e5b92fce1f9d6a5152ba3ce743546263,393234,po_moncal_f5_l.tga,110c3c8b4af37827ca2d19d98c5c6bb8428166bf820da3409461888db0bccd8b
po_moncal_f6_h.tga,e63e1fd50c929a474d9b5e28fed4bafe3d0fb9766b7f7dbb01491fab95237dae,393234,po_moncal_f6_l.tga,52773dfe7507d3140836216eb3c92f90783290a006aa693bb2782c9c5e3d89cf
po_moncal_f7_h.tga,99efc80e8b444c5027e157c9415a475ca003dd51066c49c97506d6c92ae81853,393234,po_moncal_f7_l.tga,203a7a5189df8abbf2a742d1d921929f7f80d8bbeabbfae3c65dcd202eca7528
po_moncal_f8_h.tga,a29493806f22a8e262f40663acd0aef0658ecc5cb1110f046c3c3f72667c9840,393234,po_moncal_f8_l.tga,1c8e5634f96ce2bb7f35a94787967029851b0aa58570b226fb5f0c2e317b7c15
po_moncal_f9_h.tga,14611687b21ec61f55b9f62acab1c5c6a62801174d3e7f2931e8536f44eeeb2a,393234,po_moncal_f9_l.tga,4fb05d52c4a5d0107bf7cfea3a179272ca942dadbb72fdf328293d295abb9838
po_moncal_m10_h.tga,e8650da72a7eecce9ac87c37c1d1c8269e647f3d2ac4e29b11701282d9e7d72b,393234,po_moncal_m10_l.tga,07d860446653ad63fdbd7caf50d9a2d616e9d475396138cee8c7650ee82cf78f
po_moncal_m11_h.tga,06f8d92cac572060dd1af0085a18a521670a57bea3dbfc71f348f5f693334df6,393234,po_moncal_m11_l.tga,a8d24f4a6ca81d1db3b64d5d55bdfd538e3c5394a1a9788f8270ec5b39066936
po_moncal_m12_h.tga,bea2585f2facf14ddd85bba1b3cd0fd06078466860ab25f5dcc9dbc8811690ee,393234,po_moncal_m12_l.tga,dceb241b2373af569a3a9a0ec2216099763d22694f97860df8ad6c985c1e0ef8
po_moncal_m13_h.tga,da1a5eb0e7890640fd04c27d19f1b918f2ab6ac8428797bb0505475a8ccb99b9,393234,po_moncal_m13_l.tga,f70afb00f97df3db0926b9b996f27163463deb93eaf6880b08624e267d56317d
po_moncal_m14_h.tga,d6b1684353494acb2e9c27c42c93e92d33d7e1756be49d70cf70615c6140b091,393234,po_moncal_m14_l.tga,24c5550f2fcae61c637d134774e5f61c7349ea2695cb1ad1e02ee7b9b2ef18de
po_moncal_m15_h.tga,37b2e18b0467cf0fe58fd8bffba0808060bd592397ac0ad3c65c15d7066f3fdd,393234,po_moncal_m15_l.tga,12f0c9d178dd81014bc819b28f80333d3de5de0b5fd2a3194d9bbb35b2285bda
po_moncal_m1_h.tga,2edabfaeaa0cb50d568055a93147413a8e29fb9221f60d50649ffde790b00e08,393234,po_moncal_m1_l.tga,253de5ca8bebaf2091b77fdffa940f3b166e0009467d9c34fc99abb42c150a96
po_moncal_m2_h.tga,e5cf46ef1516773da4476b7eb56ebf747d462d7dd72fb455a87d2985f199d793,393234,po_moncal_m2_l.tga,eb588e41e9031068c61af2f12e64d53daea81640ca98ceb8549b59a6855bc0b6
po_moncal_m3_h.tga,70a904e241b891779833ed1f91d081372e84a47a063bd455370adef96016ddc1,393234,po_moncal_m3_l.tga,76a54952b3a7b954b71047d7e54dedc400824f231ad13e5134c5fb04c0fd4ab9
po_moncal_m4_h.tga,eb5e1749ead5abc7aebbf203c2f74b32eff0c79298fee4c11cdb0a1e19f05449,393234,po_moncal_m4_l.tga,846f771ea2ba3f69bdd866a4d4af4785a344d6f7d707671505fa65c3ed918fc0
po_moncal_m5_h.tga,1347808050af9f968a911180b4150d719ba9347330d950e0ed522ca0c1cd95a2,393234,po_moncal_m5_l.tga,4ea84517411de0a70bdee67a4a633e8702442e208af0759aacd85a2641442b21
po_moncal_m6_h.tga,887fcad6daf6298d483b2c0d9f66444fce6c5e24b97e4aba57b11684eccec241,393234,po_moncal_m6_l.tga,4aed3c815706b1b9200f8dd8b1b8b5640dfbd551b6d0903c1e25300ca1633af9
po_moncal_m7_h.tga,c51b77ccfa7fa0ac87c449897513ea49c4dd18a5cd736395f4a0d0e0c9a68cc0,393234,po_moncal_m7_l.tga,4f79c7f2ba7efc50521ebf9ca2930fd9c16ee680d4b46880605fffd6dffdc6b9
po_moncal_m8_h.tga,36788e994ed1df448dd8e85d6a991995259c7b4030ed672436a18a149167f5a6,393234,po_moncal_m8_l.tga,db96b7e414e54b4464d9248fa7fcaa246a00db03f9be0f10ac45aa1207f83082
po_moncal_m9_h.tga,de542d9f8174a38283e210565e46f9faa097c7c532c85809dbd6a6ea6ce9fba1,393234,po_moncal_m9_l.tga,89bea08c9c5bca91ba0d024a0ff31bfda3fdf0f469cb25e11b8827a6e69a5670
po_monkey_h.tga,f463a9a79ef3589e3ea964c1bb1c41efbb506185b495adb8d306d6f3e34b9fcf,393234,po_monkey_l.tga,5dabea7abf2ce1b144eb841fcea800b82d898320c456779a677b1100d41d9113
po_monodrone_h.tga,8a9433d3d845a8666eac3f16ab3783bb66c26facc07fd5bae9ce7c3d25fd1d46,393234,po_monodrone_l.tga,f2d1a93bb9267e3f82e8a18cec42ab696fc34b3bf38f609a8cc366f8a765f45d
po_msilver_h.tga,8b327cc031a93a11bb699d95d73e56d960668acaeae5dae48b796d0d51c3ba90,393234,po_msilver_l.tga,8484fbabc1307deb767a7f7cec448435ca09d30c5bbdc8bffb0a97facbdef842
po_mutdog_h.tga,036464cdbd1037e60fa74602ea71149a7a03a9c6aab6cf7a5b7708894a09013a,98322,po_mutdog_l.tga,036464cdbd1037e60fa74602ea71149a7a03a9c6aab6cf7a5b7708894a09013a
po_mutgator_h.tga,f4f793ad6d7a2c9def528a6a49cda9b61f9543a309c7e872d24517c85d05fa8a,98322,po_mutgator_l.tga,f4f793ad6d7a2c9def528a6a49cda9b61f9543a309c7e872d24517c85d05fa8a
po_nautF10_H.tga,e8b2a2ad0bfe154961d3df7e88f08c9a27e962c39a3ed9856e8e6306ff7f386c,393260,po_nautF10_L.tga,33bbb00b1bd4035adb037b47988359ff934887bcc2cf0f0841d1c8795d6a8ca4
po_nautF11_H.tga,2a0ad9f80ba10d5630d00dd1da4381a2ab0a10a208415ad02d9bd6dc97e947c6,393260,po_nautF11_L.tga,7ab2fe1cee9e6528451a8472bf26108ddcc2cc733e50026ced273f5a41bfa786
po_nautF12_H.tga,45cddbd36365963917a8bbd05226e4408142cf6f861c76f345ee924c008d30e4,393260,po_nautF12_L.tga,888e36969871de58b21e3969865ea828217bcf37215ca26c47d2e168fe0beecb
po_nautF1_H.tga,835bc98d7a9ff5782b4db9a469ee691dab6733589fd490a5d62412af41ed8dcc,393260,po_nautF1_L.tga,be2c0f51ca5add8d7c8f5806133132a3835ca5d2fc3319cfa3eb9d2683257943
po_nautF2_H.tga,1f8e6f22ef5b144a3e4cce3edc82a7ee110dc2aa966b47eba2f0cf517e38eeee,393260,po_nautF2_L.tga,b5931e430ad52eaa6535d53d5984f3864f98155a731038266abfb5f05ec48d6c
po_nautF3_H.tga,60ef441230053a42247ca791666208f10eaf5b3869787a799ad77f1914af610a,393260,po_nautF3_L.tga,49cb820e8a5ec46bd09327d3d244f1317d62226168ff2af9f116c34d68a5cadb
po_nautF4_H.tga,b619a2cc8ed114bc52d902621a4651c2310455a1234eabfa9235c31a1dba4237,393260,po_nautF4_L.tga,f24e09d8fae970ebc13b14fd5080dca9444c07fb3d6808309500b0843850aa70
po_nautF5_H.tga,114d4a5e76b7bcaf44bc6a486dc24140867b1e6f9c835abf090810f950caee0b,393260,po_nautF5_L.tga,ec4eab8f7b8cb5067b669b68da6931431037a7dd762c80b57646163fa95262ae
po_nautF6_H.tga,0d397b9fe45d841ca0f6eeac45aca0d3c440bb04d397da0cd67977b285b132c0,393260,po_nautF6_L.tga,225f4460e06887cb2e07910f273ef820ff484da623159155138d18680e6c1deb
po_nautF7_H.tga,367142a3b70e0ae6f8a8123e5c342a828365501acf0977a60689e28ac8375880,393260,po_nautF7_L.tga,ac56e57a44f9fe515eed8e16095bf53d590ed2945c55dd7a7df0dbbe76f4da1d
po_nautF8_H.tga,3a0c21c773ad490f806bfe3b359a6e940c28da9e5f42d451d5ee22936b3ea5cf,393260,po_nautF8_L.tga,0cd8736be07aa4fce0f8469983c78fc87acd84b7347d1fd08b04308b7818a630
po_nautF9_H.tga,99d66d27df4b5419463b4b58c3afa7ff8c6dffc35b30677e84b234490cbbd9a8,393260,po_nautF9_L.tga,1251f2cadf726b251658b23293489e554979a07b23664946a31c760e58d3f44e
po_nautM10_H.tga,01209d0025951e685b7f504c626d769b2621fe636812fcf239dc0257bd787f5d,393260,po_nautM10_L.tga,7bf4dc583ce58f37325a0589df7a9d476b89a3964b5d56ecb98ff470b3de5e6e
po_nautM1_H.tga,14f42b5351fb2e50b8fb943b889d3a6ba200e3c2fde4dc899e34daee842c3244,393260,po_nautM1_L.tga,20383f21b28d7ea9fac899459b98c91ad38c321f5149b42fbd35ee39f5b0de86
po_nautM2_H.tga,3fe22eb403ae00c64428bd333515602c9156fa50149516f6d216ffdf3f890fe5,393260,po_nautM2_L.tga,788beb0185670da9c0490ccd06b8817b448e741e7faedeca9bc52b24a1443a70
po_nautM3_H.tga,f47ab791d593f82005a3472ebbaa4d1d5eb2c8a8a3eb7f2777587fbbcd3d3bda,393260,po_nautM3_L.tga,69904783fc47186c4c5599428e34f020251d67ffb44ae69b5b6a277cf9b97531
po_nautM4_H.tga,26828fa055fc1261c6baaabf57bd30d7a0ccf3db2278a073234a9b1969f8df24,393260,po_nautM4_L.tga,337a03b9e0874bb48b5d5bcadd8b88f240f3515649e8750c3185fea3f7442ac4
po_nautM5_H.tga,37752dd128aec56d3c328a147756198c5a69ecb381673ceb97c6dcd8105c2184,393260,po_nautM5_L.tga,745e99a5de7fb1c43fcfbd4c8573aafc0a736dc97e70afe1df0adca91e812297
po_nautM6_H.tga,2e425a9032ed1f4ed0170647d6eb9a156cf688dd85eb450a140530533fa1ba78,393260,po_nautM6_L.tga,4676da89e311a14cbe1a7c0e9cf071ba717154a1c5531239c62b6e3f92e0d923
po_nautM7_H.tga,8d5808245eedf9a7edf3dc980e196906bd3a5825cfda2e23cf2d616d806a3b32,393260,po_nautM7_L.tga,1c1a5640e32c001d0dee0317eeef49995b8537c0a5093c4a9a8d3b31ee816991
po_nautM8_H.tga,d8ceda78c4834a062b030b5d5409c8f48fd8d28760f80187259fa3f068799699,393260,po_nautM8_L.tga,c0173e975d4ed8cfb9dd2979516c9f0066ca358626d964119f3e7e23af841dd1
po_nautM9_H.tga,115fb127295f3282fe3b21c0f32aa26ce41a8a322135763f045d31c2e9ecc030,393260,po_nautM9_L.tga,958ca50da42a8deccced3faaa030912778eea3f5fda6782b290e5a4f1e20d229
po_nemesis_h.tga,3b189b1e43a595e602167ec9917af3dcf0514e9ea8d27813f2ed996c2149421a,98322,po_nemesis_l.tga,3b189b1e43a595e602167ec9917af3dcf0514e9ea8d27813f2ed996c2149421a
po_nithag_h.tga,dc74d8c542cdb0a2e30052fcca5067f3908d9603aba6a146f616d7432869ad3b,393234,po_nithag_l.tga,574b0d95c332d47952a9279e2338e3ce9e0b47c16ff2e605669032a8f1653259
po_noriker_h.tga,06b2681173895c9e74f378b3cd46a0342e8362b0b8ff6570f0c54f937387d213,393234,po_noriker_l.tga,4094e3a6e7e6b5d41995e74905ac2779967b3f3cb5cb9e7b5d28446c89989df0
po_npc_01_h.tga,79b9e1c0b2e19e178416a83583ef1f2cdd1aa77c45473a1282f42133ee971dbb,98322,po_npc_01_l.tga,79b9e1c0b2e19e178416a83583ef1f2cdd1aa77c45473a1282f42133ee971dbb
po_npc_02_h.tga,d9041134222d12aff7fdb41f77b7499566a17aa809f6a143dd79fa671ef5e0bc,98322,po_npc_02_l.tga,d9041134222d12aff7fdb41f77b7499566a17aa809f6a143dd79fa671ef5e0bc
po_npc_03_h.tga,ad602e0e9035c503adbc23ae3c247205fa4232a3bdf4de2ed93eeabfd66352f7,98322,po_npc_03_l.tga,ad602e0e9035c503adbc23ae3c247205fa4232a3bdf4de2ed93eeabfd66352f7
po_oldman_h.tga,69b61b9e189e461c7bd3d1511284195993cf39776e3d34efe1a06eeb1bf91375,98322,po_oldman_l.tga,69b61b9e189e461c7bd3d1511284195993cf39776e3d34efe1a06eeb1bf91375
po_or_m_501_h.tga,6219d645a4cce5659d6fb03fcbfa838cd896071332c0e4978987b0c5717342dc,393234,po_or_m_501_l.tga,6871d2497194fc248006e191799c77492a14c8a18378f2bfda31caf5116a5d3a
po_or_m_502_h.tga,85b54f3805fb631e2367c2dadc2cc88ee81611f3a9d88caebe08520b11ed478d,393234,po_or_m_502_l.tga,31140528a998ccffc80686696eb11fc1c1fa0069605db7d4bc75c4d448e2daeb
po_or_m_503_h.tga,07c75ecfef9ae5fa1a413df0eab7c509a6f1d07ba94404c82648750e862dc6e9,393234,po_or_m_503_l.tga,0fa62177fbb10a7508b636d19ad2e0efd45970b364fbe32345158c86113c834a
po_or_m_504_h.tga,d4e2554e883282e26afa9e9c33be9c1373c514d66316e023ca476c549968b5b0,393234,po_or_m_504_l.tga,d148ad37ac469a02b4d428b3b0f79997a6d2ad1c03245116a87c9a88754f37fb
po_or_m_505_h.tga,ea2f075dd0a4cd0bd819d2ee1129fd4e50e59f7b0566964d4016fbac5eb2f2c6,393234,po_or_m_505_l.tga,deef37957742abdc01151905df27b643bc1ad62972b18250ca131d5c90800eb1
po_or_m_506_h.tga,6274a0da78f2f0aef752bf04c4ec8e7a28553ba356a28621486f387f2b181f42,393234,po_or_m_506_l.tga,6e2de9fc971637c15d17002bb99203a6c34fa8970d6959fce6b3929473781487
po_oschore_h.tga,14561155e89c856e68345cf454ee5bf1e803df5670c45ed0a4064f06018c893e,393234,po_oschore_l.tga,e5b282b6cd9679711537627295fb9c59fc41a86ac8ca435de22a5056ae786caa
po_outsider501_h.tga,df1a6a18f2adad945eafe84a7b69206a948681b3f07fd27b7d2dfef2c3c60ce6,393234,po_outsider501_l.tga,ae801aadc8af16f9f1054df54da88bf582248588a27b01da47ee3144811ac057
po_outsider502_h.tga,6ef15d3627a02280b5fc0042722b292070f3b4b29fdd2bdf3b1b1068923c84ce,393234,po_outsider502_l.tga,9863528aa9313e25c68544cef87df1233b3b5e2eb3484f3e22d1c8f976c377b4
po_outsider503_h.tga,cb74483e67f0e52390a5eb021da183c5e433e09c43f16a3a63afbf69e835a374,393234,po_outsider503_l.tga,34e26b88df96a6f94601100c4b20ff0cf8abcca5b32865d8322a85189776c6a7
po_parai_h.tga,97a451323a4c24eeed2ec1b59cd75e53aece0c70e1730120b586532a133d8156,393234,po_parai_l.tga,be618f57012d1d5280a9d1e2f04ce4eb1e06d214e37ba0a75b1eebcf76ba7b23
po_pegasus_h.tga,81c901362c6102ab3ddf710257d900d41c297fe669f26b262ff1318a224cbb02,393234,po_pegasus_l.tga,d972574de600cb7ca389a2cd54624e5d85bfb6418114ec96efe48d66aefa8496
po_phod_alienc_h.tga,50f185badbfafc1646cfc1cee996549aff7aa8511ba410705726c3413ba24eac,98322,po_phod_alienc_l.tga,50f185badbfafc1646cfc1cee996549aff7aa8511ba410705726c3413ba24eac
po_phod_alienf_h.tga,d67991fb5cb68bca58543dc0e4bc6eeaea126cdea31425c90f2107440e43d602,98322,po_phod_alienf_l.tga,d67991fb5cb68bca58543dc0e4bc6eeaea126cdea31425c90f2107440e43d602
po_phod_alienq_h.tga,e94141b9da08514f79d6c4be814bf701fd573845e423f1c29c89e8a0c232e2cb,98322,po_phod_alienq_l.tga,e94141b9da08514f79d6c4be814bf701fd573845e423f1c29c89e8a0c232e2cb
po_phod_alienw_h.tga,0988ceb6effce7219b6fcebc7ce750138f60482c2cac352aacee64fe4022e49c,98322,po_phod_alienw_l.tga,0988ceb6effce7219b6fcebc7ce750138f60482c2cac352aacee64fe4022e49c
po_phyrex_h.tga,69210b22d08882f4617e7a64f948fcba4d69e9796a717791edcbdb8ddfedb385,393234,po_phyrex_l.tga,a9ea9043337594b117af1d20f8a0c0d1810d0febc667af324cbfd64dc384eb0e
po_ponybrn_h.tga,a6987413b36aadbb434adc392f26cd9a2778fed950f7f0518de651b9c2d848d1,393234,po_ponybrn_l.tga,2bee98166986c3b4eae4158e5c7dee8491e8b85df83f629a3d9314524470b268
po_ponywht_h.tga,59c2e849002835f0f953536f7b281e046c514b49dbdcffa6a5970c937d16332d,393234,po_ponywht_l.tga,a3c0e8fac84de836e84980a232415a7b38b56f759607d72af98e95c889929ae9
po_predator_h.tga,10b04e7f64a22f7a638b4e43d0b5db3527fa0b893305acf3c17e003774a75e5d,98322,po_predator_l.tga,10b04e7f64a22f7a638b4e43d0b5db3527fa0b893305acf3c17e003774a75e5d
po_primus_h.tga,14ee6dbd7fb85a0202fe2eea3f8746711f6ec0fd78981886dc8423182a96caf4,393234,po_primus_l.tga,3d1ffc97ef913ac1d023c1298e09730359ecabe4a30181902974f0feb776849e
po_pygmy_a_h.tga,caa8de1894fcf4efcd01147046b68d81e8f4162cfd0170d62710041c72284e1d,393234,po_pygmy_a_l.tga,6a220ad0948f408872b4c54573d648db8d7c4db47afd741359694d4412efc8fc
po_pygmy_b_h.tga,33401667ad1287fa944b8ecb4d8bbfa8aa6b8b675a419ec47c19cb6841dd6755,393234,po_pygmy_b_l.tga,bdd28bc2023b72eeed8e8e8af539093773d3ad12581d489ac14c2ea89c5ecaee
po_pygmy_c_h.tga,41aefd292edafa187a70e97d5d831d9a9d4d9663b4105b7e7071ed704659e4fc,393234,po_pygmy_c_l.tga,ec7372b8711017f44100edcdb519e84f6e711da19bbe76b3a1d4e46774411af9
po_pygmy_d_h.tga,442a59c0e1ae2254570246435c901be541e1fccf007947f4c888512a8763559b,393234,po_pygmy_d_l.tga,500d71da4a5a037701e83c187111b378abe901b83af09cb35f69b07707478bce
po_raven_h.tga,eaa916c4d9d22044af7de6a933670da245fe2e7f47fd42ac129972df3d6cdeee,393234,po_raven_l.tga,ad7cc46b47cf0a446f00540aedb38d786dedab4abf605951e6260dc9c1d3f4b9
po_rbamf_h.tga,7396918219644088e4380af0aad29bf00357bc4a93ee2e9d7becca5256416180,98322,po_rbamf_l.tga,7396918219644088e4380af0aad29bf00357bc4a93ee2e9d7becca5256416180
po_reaver_h.tga,14f8fb9a910a0f4ddcb1542b43bcc8df9dfcbf17ca83e83017673732b625216d,393234,po_reaver_l.tga,5d7134bcda70c8b5365a8540e7a35bf4fa54be1ef95602ab51b0708878dfd641
po_redmoon_h.tga,9e3dcdc2d59cde50169448209bb4f42aaa9de1d8bbbb38a96096b066b14692df,393234,po_redmoon_l.tga,6f9e08b0fbcb4b68907225695b14a8712621853535374c6ab3397d321caee792
po_rodF10_H.tga,ab895181c368ee86908cc7db7a5b655d7caded8d895a92321e2277bb5fbc540a,393260,po_rodF10_L.tga,3cf9c9cbedba6c884ced4cf97fd4c411ae4163a374877770ff34950afef0d286
po_rodF11_H.tga,ae2e8dc546dedd7247b098c0e612f464b9e5f0d1af997fbb57f54e72d60fd484,393260,po_rodF11_L.tga,763b85202b5e0c14255a51f0ffe8cb0781737011ae3221954ef82309f28f0d40
po_rodF12_H.tga,5bfb41d78719b2727694189d58202ed9fa2677ccdf1ac957de0e357d4e68c9cb,393260,po_rodF12_L.tga,75cbe1dae3016fa29a818dd23f1fd75f3b0a8f0c5fdfec368181ba8302029954
po_rodF1_H.tga,045b72f15cd9014ea6a7f951ca2ea4ead931268c3d5f497322331bc345ff57ce,393260,po_rodF1_L.tga,c1185fd97979c2c8653f78aaa5a907d059c5dfdf5aca6abcc942f8f04b51f5d4
po_rodF2_H.tga,c776655c504ea50aa5b05691c1d11b832ec4b640c597413b3853e2d1fe9b786b,393260,po_rodF2_L.tga,94d96da7bd9579e47ec7f4d06243631d4c9ddc1a0167ca4a7c3746a090fce18a
po_rodF3_H.tga,368b103344e501e7999a64ed42b97131ac88c3625e1942fb20372fdf133e8585,393260,po_rodF3_L.tga,531f1a6497c8aeed6baa49ed3d7c8eda67d8d9311e3a76b717e48ad020c4138f
po_rodF4_H.tga,448a68243d0867a6c26239fb9da47d8f98b0df74b67bd56c1e559424340aea9b,393260,po_rodF4_L.tga,c777973a5d190e5e10a3400a8bd18fef6f3802b99b20df94452dd182db8ce972
po_rodF5_H.tga,49d6c50df20e6d31be759040e01ea8483ee5d5cd8722358636edffc3120791e4,393260,po_rodF5_L.tga,805b3576ce9a5ccebbee93b666bb62ddc956bbdd6661eb9dd0540d034e9ce044
po_rodF6_H.tga,b66fba517ec5941f82aaec0e6ba747b1bccb69774ef578ce0fdfe02197beebd2,393260,po_rodF6_L.tga,3fe73d8ddb7bf8e14b8248c57695b0ab0e61483db68ad7f729ac10c634ee8e80
po_rodF7_H.tga,6717de6900ec7b93a2c6c066a3c8535753ff0361a10df40b1c26085e289caac5,393260,po_rodF7_L.tga,45cd1aa2edeab7aa717d38b6d44728c7aace8bc299ff7f7cef9cac0e5c959ac7
po_rodF8_H.tga,b5d7c74f12b030537f7cb65484d16a3fa857f77d6b1ddd3535ad2d3dbee3d8c5,393260,po_rodF8_L.tga,c8d18c5f83e2bbddae3f63cb72138145cfdbf6252a387644d8c73c4c20a103a6
po_rodF9_H.tga,185c4ec06facd39647a229b727db7b43987cdb391c2b36d6b99b0b89e5095ffa,393260,po_rodF9_L.tga,5741774e43e5fd064fb8634838ecb87a07257214cd776a0db166614904b509fd
po_rodianbfg_h.tga,bcfa75535708b6f3d0fc8f5ebc10f3a54ac148f412b471cf9e816531ad4fb397,98322,po_rodianbfg_l.tga,bcfa75535708b6f3d0fc8f5ebc10f3a54ac148f412b471cf9e816531ad4fb397
po_rodianf1_h.tga,01d236cb8d31b18d05bf629ec9d2dbb783ba212dd5d479ee573973f735c5b871,393260,po_rodianf1_l.tga,a618d4cb8c148de9484941fdd7be9c0a9276d5516d3625795919c50a8304eee3
po_rodianm1_h.tga,797e64481f1de15ca0faaf9dbc7005653ab3f4b80521750d20def936fb36ecb4,393260,po_rodianm1_l.tga,6ab20b2aecf7902113cf9f8f6ff87d710c7c51b4792ead338b370daa1f0affbf
po_rodM10_H.tga,20b285b3b2b013c980091be6d4fb472533b4977a1d945b24d919ba24ac7fe1d3,393260,po_rodM10_L.tga,72937a8867729cbfe7d287e9aaeebd6bac027778988cd5584172e9d999e1da01
po_rodM11_H.tga,579f70a5e61a0baa12b8ea18162c0e56bc2f98990f9f6b48ad5df7da92bd0fff,393260,po_rodM11_L.tga,c001c685fb6c41f149817ba5c286fbb6c0b27bf6eb7e8f1b49037f55d86025ff
po_rodM1_H.tga,a59e76391f4f278eeda609c36ef7e7f1ad27f150c1c569b1d35140a84b6f0cc4,393260,po_rodM1_L.tga,7ad8b03aac55397051fa014c301d710e62e66c9b38f07b8855cb3a142b5cbc02
po_rodM2_H.tga,71361e34e765a02c30cc1ab084f7932af97f1e3f41c7d7380a4adea0f225a89d,393260,po_rodM2_L.tga,f39984ee6f491020ab658d540026221572c2f3dc5b1c58ad4f777f1400024ca2
po_rodM3_H.tga,a0eb698de192730f8cccfcb4498bc8b9f3f2ee894c12a55c8eb4a20a09aaf3bb,393260,po_rodM3_L.tga,2e3e16047c9baf9fc9926acaea0bcfd9d66e6e38cc57360d670386179419bcf8
po_rodM4_H.tga,55c1446d662ec2c7cbefc57261be6cf216afcbcde209aacd12dc7d9072b838a7,393260,po_rodM4_L.tga,84981d07e2e45dce5de8a1306c2aea381525790ed42e73354ce5b03beff8bbdd
po_rodM5_H.tga,7cdb771da0cfd03450ef1b3ce1f285b4114c42f9d7ddca835f82e62439ceb5e7,393260,po_rodM5_L.tga,aba7198ffca1f4e8f559adc4114fb20cfbf81a9f5a6be6b16395d61fe6110988
po_rodM6_H.tga,9c7a96d69ed3c5b8b5099767986547acb42b915e4be125cd410cccb2e1908a71,393260,po_rodM6_L.tga,dc8970ac2df55b4339771f63d20427de18ec706c9c3c4eda506e516fa4ed5134
po_rodM7_H.tga,1d00b64e6572de56262627f4bfcd2cd27cd219a8cec6b615015fd922e0e7a13e,393260,po_rodM7_L.tga,4cfb6a82d32064d57c6201d4e4997f1dc813f65419c5e9134d931e4a1911af08
po_rodM8_H.tga,8c34247ff4061f5df30e7811fb65aca975bf31f3545411a23a4b468fc927975c,393260,po_rodM8_L.tga,97d4338d35abaa8c1e8347222fa6fff0d2ac336b1fce64db1e3ef2e649796bfd
po_rodM9_H.tga,2949d4c91da8593d0120c4e587690678d9b5b19fb7c76e2ee2f5eae491b6d471,393260,po_rodM9_L.tga,b2d02ea86bc60ff9e937d97ceac8d527054c4001fdbba1b2e901ca2005a1b95c
po_scientist01_h.tga,e33072a076cf7324f4f962b844cf085b664001bbeb361a6809c255ae9dac0506,98322,po_scientist01_l.tga,e33072a076cf7324f4f962b844cf085b664001bbeb361a6809c255ae9dac0506
po_scientist02_h.tga,9f03a2845999f7b718aba1aea4bea736aee9b87dc5e86502d65af8102b562199,98322,po_scientist02_l.tga,9f03a2845999f7b718aba1aea4bea736aee9b87dc5e86502d65af8102b562199
po_scientist03_h.tga,82e9b9678fa3dab32bddba161c9328bd29426d8eeb710c1606c83fd7d741a260,98322,po_scientist03_l.tga,82e9b9678fa3dab32bddba161c9328bd29426d8eeb710c1606c83fd7d741a260
po_scientist04_h.tga,1eb31c7d3b528920455d69587c1420a7db01b98b35405cac40c9619a578f7589,98322,po_scientist04_l.tga,1eb31c7d3b528920455d69587c1420a7db01b98b35405cac40c9619a578f7589
po_scientist05_h.tga,9aa35353e4ead35182191102213cee29f02bb2c62bc4da15b0b63b6cc7d852a1,98322,po_scientist05_l.tga,9aa35353e4ead35182191102213cee29f02bb2c62bc4da15b0b63b6cc7d852a1
po_scifi_spdr1_h.tga,25fc1608600566f6ac50362c99ee3cca81042d1ce76bbe5b916696f590165bd2,98322,po_scifi_spdr1_l.tga,25fc1608600566f6ac50362c99ee3cca81042d1ce76bbe5b916696f590165bd2
po_scifi_taxi1_h.tga,f7378c66c86cb232b8cf6b964eea43749847681b306983c73f59699db5f6149b,98322,po_scifi_taxi1_l.tga,f7378c66c86cb232b8cf6b964eea43749847681b306983c73f59699db5f6149b
po_secundus_h.tga,43fc1d1472551203018ad9e9167cb616d2301f6d7dae228b251c3cd39c6e1063,393234,po_secundus_l.tga,a348a97dc87243304d47e6256339453dab711d970cabcbf41bd1d8d28ff4854f
po_sha_lord_h.tga,e5b89a89cbeaec2fbcfa5fd9c4e45927c4b8f3d902af2234b410207ce2734f8a,393234,po_sha_lord_l.tga,406945f93a2bfa7d5d20319c20b4b4e078c09e8062fc9b78ab19df98b03fbe1e
po_sheridubh_H.tga,dbaa6e95be74735824337abb5ee654a0e469e5b7fe1acb229f9b8b548a4d98bf,393234,po_sheridubh_L.tga,fd40d628ca832faf43a43af99581b83736622470e1abab8825ed83089b2630e2
po_sith01_H.tga,97376c82a485bbab37fcdd0c9b1b2e0b69fbcdeb56a377de75c5e9db9558c539,393260,po_sith01_L.tga,f62d9acc443737b609b4df7848082c4377284a3dd0d2740bff0f699bfa97988c
po_skully_h.tga,91a27446fa2b3d7680f15e35e46aa871177ed966f067c8045f734387bbf9c161,393234,po_skully_l.tga,3480c232d2dd09373c078698984fa903a36db7e95b1303b2e4bd8010729b86e0
po_smuggler3h.tga,c0e3bfd5ea288da967e564d94dad56cbdf92c848f0fb767abb8c005420c50b0b,393234,po_smuggler3l.tga,1066ddaf766a77a2148a7a7b6de14ac47d464d7fb2c73c342a6a09e35e2f59b7
po_soldier01_h.tga,b8c6bfee8a99b401855bcf249423e280e17ac1e9450c2f2096b2f3bc5994ed6f,98322,po_soldier01_l.tga,b8c6bfee8a99b401855bcf249423e280e17ac1e9450c2f2096b2f3bc5994ed6f
po_soldier02_h.tga,5c48ef45cbc79e1e538a69e58dd2e89c97ffc17dd53e8530fa4b8adc4a1648ba,98322,po_soldier02_l.tga,5c48ef45cbc79e1e538a69e58dd2e89c97ffc17dd53e8530fa4b8adc4a1648ba
po_soldier03_h.tga,f618fed87b580f6e070052f9fb71dd3640b6df146c4052bb8f92fa0022b294b6,98322,po_soldier03_l.tga,f618fed87b580f6e070052f9fb71dd3640b6df146c4052bb8f92fa0022b294b6
po_soldier04_h.tga,ee44f8efe573973fd4e6901673e3807c48b8301deefb117f197b4ca44d12ea0e,98322,po_soldier04_l.tga,ee44f8efe573973fd4e6901673e3807c48b8301deefb117f197b4ca44d12ea0e
po_soldier05_h.tga,06dbebb084f0bb8c78921ea0160292e8243003e30f981748ca6a1bc5ece99341,98322,po_soldier05_l.tga,06dbebb084f0bb8c78921ea0160292e8243003e30f981748ca6a1bc5ece99341
po_soldier06_h.tga,c840bdc416982826370d2cb546d0e2f3d4f54f4129ae135fd8e89332f2f2809e,98322,po_soldier06_l.tga,c840bdc416982826370d2cb546d0e2f3d4f54f4129ae135fd8e89332f2f2809e
po_sormen_h.tga,39a2b2a9bef6a8a2e043d7396ffcf3837e058b49fef45e52bfeb52352984211c,393234,po_sormen_l.tga,48a3c51034a1d14c794d7526d25d2f8d0e238ae8684216cfc175d8183005014f
po_sparky_h.tga,72f7be68b76c36274019a25f48430a91aa361715f8fa0b757d2e50bab228e649,393234,po_sparky_l.tga,56c8e24e77f5c55ad9da025f17342ed6e3ee11f0eb471cbb29e2ff49b493bea1
po_spinosaur_h.tga,72603b7629f0cde79af934cd6443f111e8dc2c9b44b9d33fbe1034945d3e489d,98322,po_spinosaur_l.tga,72603b7629f0cde79af934cd6443f111e8dc2c9b44b9d33fbe1034945d3e489d
po_styracosaur_h.tga,3556f3029b3862ecb5199637a6838b211a6bafb9e3d76fc59b8d977d8f55b945,98322,po_styracosaur_l.tga,3556f3029b3862ecb5199637a6838b211a6bafb9e3d76fc59b8d977d8f55b945
po_sw_f_ch01_h.tga,afec5bb9d6c3e36895ead976598b785adab24cbad946ba9301f3100e2bfee01e,98322,po_sw_f_ch01_l.tga,afec5bb9d6c3e36895ead976598b785adab24cbad946ba9301f3100e2bfee01e
po_sw_f_ch02_h.tga,37740b1091b62567a57deafca611b4b3da66101a72e9db574380d700916cf508,98322,po_sw_f_ch02_l.tga,37740b1091b62567a57deafca611b4b3da66101a72e9db574380d700916cf508
po_sw_m_ch01_h.tga,2496056a0bdb18f1dd20d22d110864b315a3d80f1cd55843050151116445b007,98322,po_sw_m_ch01_l.tga,2496056a0bdb18f1dd20d22d110864b315a3d80f1cd55843050151116445b007
po_sw_m_za01_h.tga,3f182ef79dfb7abf4dba2c74c578b8f8917dab2a5dbd666a04f021620ad846e9,98322,po_sw_m_za01_l.tga,3f182ef79dfb7abf4dba2c74c578b8f8917dab2a5dbd666a04f021620ad846e9
po_tanarukk_h.tga,1746da356abc5ed38b2b7f924a4a06a4973e9b44e4231f18ee91ae41707ef57e,393234,po_tanarukk_l.tga,802305460200e7e8402c965ffa8f314f5b18feb695044c382771ae92dd788e74
po_togruF1_H.tga,6415fc73e4c09e721e58141ab5e83ee1d3058a504644f7a931b8dc5a15f1d6bf,393260,po_togruF1_L.tga,9d187ad3708a6f86d05436a5788acca4c93244ffd5430a3033bcad4993bd6446
po_togruF2_H.tga,2878c457895fa5836add4747856fc972385368834e6377c8c099ade3606bed94,393260,po_togruF2_L.tga,e0c2432f887a5e5d5470a260fcf5b6861136795de3e246d316711f31296b7109
po_togruF3_H.tga,9d107185925cdeabffdd3ca1460499a91ace67d8cd476d4639ddef7c4a4d8608,393260,po_togruF3_L.tga,1c57de90f35e3a22b164d2297be5d010b7f0b7ac4242fb88ebc3f8cda9d4cbce
po_togruF4_H.tga,25026487b76b7863bedf03e25f5fed5f092aa80f73ff1588c0cbadf562eb300b,393260,po_togruF4_L.tga,72668ff747ec62ff0422172132f6ba1fc4c6594af6697666d3617d99bfd439c0
po_togruF5_H.tga,f8b043df1ae5655756506058a3ce92988492ed4de62ebb26d963f1028c9d8dd5,393260,po_togruF5_L.tga,d79f95ca65d7f97061108b83fbc5c5b5477935f6252aa930c43dd1abeaf089e5
po_togruF6_H.tga,c466229a48def79e87081308e346d50b4d4d895a032e94b3abd9c8ee28be606d,393260,po_togruF6_L.tga,80964e1850e123fe51b076efe1d6236313a8bd03ef35e3ac2fb208014987ff4b
po_togruF7_H.tga,08a6b63bf47e149677f0c58a4d81cd426c951b5944e72d97c2c23f755ed9a08f,393260,po_togruF7_L.tga,e4f0d032ed8e485324a4dc373004cfbae2701cc8163a87feac01c31ef2a77c2d
po_togruF8_H.tga,32e9dee7e60799edf845bb58e8c15b114718bc20c884cba7b9962c3c308fe494,393260,po_togruF8_L.tga,3c69bb91971e9cba8680cc897b2f25d4bc46047180b51727a9f488204a60d2c0
po_togruF9_H.tga,0d85667a5dfd244f35014fc25284cd776969cfbee0d202ba473322e5ef9faeeb,393260,po_togruF9_L.tga,44ec57fe14c590944cadb462d25d7c8b87f679300de4c9430669616a56592388
po_togruM1_H.tga,243a1c2961e8145bb70427677cef0f378120dc8385cb6a48735a54a884937e4e,393260,po_togruM1_L.tga,8a7f4c0661bb2a4ffc46ba200b5e265f6bef4cb95c6a37a87004f077dbccfcd3
po_togruM2_H.tga,3750b1d9bc5cf09d7c4a334d0bf7683145ee130f6aa275bc6ef06dbed9579bb5,393260,po_togruM2_L.tga,2b2d41eb75c63ea7b4fbaef9ee32d8546a26f335ff875ac6a0712ea72c116439
po_togruM3_H.tga,fdbdb953e3f26a9e716f4a320dca49bd67427420d79fbbabe194264590a9d822,393260,po_togruM3_L.tga,37031ded45b4a31db71fa69bec644d93d2936d43f6ea74343c12c9eeb135486d
po_togruM4_H.tga,e069629cf383673da8f5c3c7b8a92287978601e6727e3c7e1fe019efffed35e2,393260,po_togruM4_L.tga,6a0bbcb483d9f87ac3011f338efa5bbea41c2e3922f2de70fdb4fae9527f2472
po_togruM5_H.tga,4b40dbd3c5d368583f424213d82229f748e1109462a6023cbce857493cf635eb,393260,po_togruM5_L.tga,e6d60c034a5cb09bd4251709b7341ef0c6681ed8fa3eb9935b302e9c638dd196
po_togruM6_H.tga,bbbed2f6395ce76dc0d4cf649c23d190d235c9c43aeb68b2a30e598684206893,393260,po_togruM6_L.tga,0b26cda2358c64e2cc0fec33ca0e4061c1549107fcaea93531b9eb36a2834223
po_togruM7_H.tga,f743f511bf9ebd35939f5fffc0bc796d6a75dc6bcb5e8ce9ba556081b40e1b51,393260,po_togruM7_L.tga,333a94d460f5df60ff5ee4e72c09147bf321e0267faa2f33af1fd4d896e3e28c
po_togruM8_H.tga,763ef208c93cba2a6afb4fc4bfa984f094f925bbeeb8f083f417cc96b7eb54ed,393260,po_togruM8_L.tga,df35bea2e8c2fc1f509535fafca51261c3db6f5252b8f080b06372f6121c7eb8
po_togruM9_H.tga,61ad86eb6756196e6eeb33b3bfb4e9c5b9317b1e9587d40d998103eeed78cf02,393260,po_togruM9_L.tga,beecfc4e1cf1c92b6324889d3d32005dc5e303f75bc818f4f5a7ab1cd037e469
po_tran10_h.tga,ad32a107af71f2e2003ef394938dc8439e1e02262de2640856abbd5347426f48,98322,po_tran10_l.tga,ad32a107af71f2e2003ef394938dc8439e1e02262de2640856abbd5347426f48
po_tran1_h.tga,a7ec728f62b5b6649f89b5c21cca1736cc7c5a3169a613a5ccbb8cf42ff6dadd,98322,po_tran1_l.tga,a7ec728f62b5b6649f89b5c21cca1736cc7c5a3169a613a5ccbb8cf42ff6dadd
po_tran2_h.tga,b68abb5c368226b3954af897f8500dd138393d1f004cdebfbde8cb7f75788309,98322,po_tran2_l.tga,b68abb5c368226b3954af897f8500dd138393d1f004cdebfbde8cb7f75788309
po_tran3_h.tga,edbd0ed09ce608aeb1d52c1634cc95adfa0515ba632778f93085ea4dc869b689,98322,po_tran3_l.tga,edbd0ed09ce608aeb1d52c1634cc95adfa0515ba632778f93085ea4dc869b689
po_tran4_h.tga,df594ab9a027e9b4f2f9fde5012838ac32484dd8c9fd98e1619382cd1337f829,98322,po_tran4_l.tga,df594ab9a027e9b4f2f9fde5012838ac32484dd8c9fd98e1619382cd1337f829
po_tran5_h.tga,4ced412574663de932dd5536f7e1c7454a595e132d94fa36536804976fcebc6d,98322,po_tran5_l.tga,4ced412574663de932dd5536f7e1c7454a595e132d94fa36536804976fcebc6d
po_tran6_h.tga,2e868ebdd3d01e5dd334966e802d4a9862b49cc43dbdadb69606a9297c710863,98322,po_tran6_l.tga,2e868ebdd3d01e5dd334966e802d4a9862b49cc43dbdadb69606a9297c710863
po_tran7_h.tga,a7ca239c7890a9b7d8cc18b99848ef62e5ed438cd4b15c7219a24c3221825e31,98322,po_tran7_l.tga,a7ca239c7890a9b7d8cc18b99848ef62e5ed438cd4b15c7219a24c3221825e31
po_tran8_h.tga,2f1c9a0932201fda14e315f786dc2546cce3b5e8617957ce6b8f1327952666f9,98322,po_tran8_l.tga,2f1c9a0932201fda14e315f786dc2546cce3b5e8617957ce6b8f1327952666f9
po_tran9_h.tga,669bbe5ad412f0b2a9118c1696ab7a450570697ba2c0e76651021cc4996d82a5,98322,po_tran9_l.tga,669bbe5ad412f0b2a9118c1696ab7a450570697ba2c0e76651021cc4996d82a5
po_trandos1h.tga,6d18be3741ec667c5b71bfa537cc2f2636068114cf07e91cc0650a9ccc6433e4,98322,po_trandos1l.tga,6d18be3741ec667c5b71bfa537cc2f2636068114cf07e91cc0650a9ccc6433e4
po_trandos2h.tga,58a7fd91479449b4434c1825135c8d7ba1ac3e19e0c796037060efa2423f697c,98322,po_trandos2l.tga,58a7fd91479449b4434c1825135c8d7ba1ac3e19e0c796037060efa2423f697c
po_trandos3h.tga,98850b8fbc650700e669c96b5f6888fe9336eb722d1aba26cb4ccdd5e5415108,98322,po_trandos3l.tga,98850b8fbc650700e669c96b5f6888fe9336eb722d1aba26cb4ccdd5e5415108
po_trandos4h.tga,df9dad144ef90c6ff9f12f532412074b14b0c05ef2b77406f5cc059ba543b06f,98322,po_trandos4l.tga,df9dad144ef90c6ff9f12f532412074b14b0c05ef2b77406f5cc059ba543b06f
po_trandos5h.tga,eca3c171a72365079b1005328b0aff5db961f312efdc691ae52181b32b6c8104,98322,po_trandos5l.tga,eca3c171a72365079b1005328b0aff5db961f312efdc691ae52181b32b6c8104
po_trandos6h.tga,f179ff2c4cc0c34b75cf0ecc1709f3724503a6ab1bc6b050a90bd5dacfbe08ad,98322,po_trandos6l.tga,f179ff2c4cc0c34b75cf0ecc1709f3724503a6ab1bc6b050a90bd5dacfbe08ad
po_trandos7h.tga,337b32c32dd5abc6224db880d8e5f8a488faccc3a790db11baf7018ab9f01d97,98322,po_trandos7l.tga,337b32c32dd5abc6224db880d8e5f8a488faccc3a790db11baf7018ab9f01d97
po_trandos8h.tga,55b84feefeca3a24c40a9e09eae7eae3fa027d2ab8bb365f60f1b34634c39e3e,98322,po_trandos8l.tga,55b84feefeca3a24c40a9e09eae7eae3fa027d2ab8bb365f60f1b34634c39e3e
po_trandos9h.tga,0fa9f16f6428435b8ff48b6ff982640425c80aaf79cf625e1845d11bb0c6e1e8,98322,po_trandos9l.tga,0fa9f16f6428435b8ff48b6ff982640425c80aaf79cf625e1845d11bb0c6e1e8
po_tranf1_h.tga,7d60c01ee59c717091fd801028b0f94c27728161982d61463658d91a0aab8c1d,98322,po_tranf1_l.tga,7d60c01ee59c717091fd801028b0f94c27728161982d61463658d91a0aab8c1d
po_tranf2_h.tga,0ccbf067753480784687b90910916e3ecdfd73f4c1490eb3dfe25ff3efaee50f,98322,po_tranf2_l.tga,0ccbf067753480784687b90910916e3ecdfd73f4c1490eb3dfe25ff3efaee50f
po_tranf3_h.tga,9db378bfbf28b893ca764fefda5ac56224463fffd8710efb9461561525f3c08a,98322,po_tranf3_l.tga,9db378bfbf28b893ca764fefda5ac56224463fffd8710efb9461561525f3c08a
po_trex_h.tga,4881fc7d5d16ba9d5f15c71408efc4ee11a0555b6bdf7225e725668d1391ca5b,98322,po_trex_l.tga,4881fc7d5d16ba9d5f15c71408efc4ee11a0555b6bdf7225e725668d1391ca5b
po_triceratops_h.tga,b0e0d517036693f6ca0219f52f71b07d43e2af5be98e657135ef853cb737906a,98322,po_triceratops_l.tga,b0e0d517036693f6ca0219f52f71b07d43e2af5be98e657135ef853cb737906a
po_trkreen_h.tga,e308afc7c7bc6b5d0f2a93505c0fe974a5cafe3a66cac5f869318817016f12a0,98322,po_trkreen_l.tga,e308afc7c7bc6b5d0f2a93505c0fe974a5cafe3a66cac5f869318817016f12a0
po_twilek10h.tga,3502c2060136727ce179080f12f4175ccb8e47ce50c7f71c9579f0c42df64aa1,98322,po_twilek10l.tga,3502c2060136727ce179080f12f4175ccb8e47ce50c7f71c9579f0c42df64aa1
po_twilek11h.tga,75f060a8c18ccaa1f3e6c2cf3c1ffd62ca8f1c3e62f495e5f8558f8e7e9e6bd0,98322,po_twilek11l.tga,75f060a8c18ccaa1f3e6c2cf3c1ffd62ca8f1c3e62f495e5f8558f8e7e9e6bd0
po_twilek12h.tga,7698f213aedad4f24a85b104dd0cd591f7b320eda3e27d2feb6de3e799223a7b,98322,po_twilek12l.tga,7698f213aedad4f24a85b104dd0cd591f7b320eda3e27d2feb6de3e799223a7b
po_twilek13h.tga,97a537a2310611aaf892ef51e392bfbeb781ad73df4df78304bd83fe28080b44,98322,po_twilek13l.tga,97a537a2310611aaf892ef51e392bfbeb781ad73df4df78304bd83fe28080b44
po_twilek14h.tga,7bdb376b9538c98d4c2b0169d7d2c9de7d13706c7badea1d29ef90d1c525d0ec,98322,po_twilek14l.tga,7bdb376b9538c98d4c2b0169d7d2c9de7d13706c7badea1d29ef90d1c525d0ec
po_twilek15h.tga,7609a0b6cb385cbde0e52dda2fdc5e144ad93b7560b1b5fd1596aac80a0ec8b8,98322,po_twilek15l.tga,7609a0b6cb385cbde0e52dda2fdc5e144ad93b7560b1b5fd1596aac80a0ec8b8
po_twilek16h.tga,9db24ffc43fc1751aa79bed57b718e4af1ddb8a68b45158a13105fd2c9e84a06,98322,po_twilek16l.tga,9db24ffc43fc1751aa79bed57b718e4af1ddb8a68b45158a13105fd2c9e84a06
po_twilek17h.tga,edac3e5a2a76ef7794f6de781f7731b21b5f228f6d63755d1fd6407a7111e3d9,98322,po_twilek17l.tga,edac3e5a2a76ef7794f6de781f7731b21b5f228f6d63755d1fd6407a7111e3d9
po_twilek18h.tga,80dcf9b0b4bd8f5a3349fda251fdbf8251f8c1ad7b43d43ea51c44a5f4473877,98322,po_twilek18l.tga,80dcf9b0b4bd8f5a3349fda251fdbf8251f8c1ad7b43d43ea51c44a5f4473877
po_twilek19h.tga,f1bca02d1bebc327cb2fb030f46062c6b0be31f154ac7c5b4e6abedccb9de29f,98322,po_twilek19l.tga,f1bca02d1bebc327cb2fb030f46062c6b0be31f154ac7c5b4e6abedccb9de29f
po_twilek1h.tga,4b62f0046d1b8bd56b4a8bdb19f83e850897e2a6be27218e9f5d127633eaff76,98322,po_twilek1l.tga,4b62f0046d1b8bd56b4a8bdb19f83e850897e2a6be27218e9f5d127633eaff76
po_twilek20h.tga,94bf2ffb4bec7fd5a54990c7a080c8779557ee2b57907a7f6a137f5e3fe563fb,98322,po_twilek20l.tga,94bf2ffb4bec7fd5a54990c7a080c8779557ee2b57907a7f6a137f5e3fe563fb
po_twilek21h.tga,3b2e666edeb3d2891b2392142d493fc553405e824fd7645c9f79e0e53c8d5578,98322,po_twilek21l.tga,3b2e666edeb3d2891b2392142d493fc553405e824fd7645c9f79e0e53c8d5578
po_twilek2h.tga,ed1a8cab9da157ae81fb099310f5637e831fedea6ef1822b6361bde6119ebdbf,98322,po_twilek2l.tga,ed1a8cab9da157ae81fb099310f5637e831fedea6ef1822b6361bde6119ebdbf
po_twilek3h.tga,d4afff601b4430e19014fcc8b7fcc05673c889b7c4afeb0ab453dd5820b0f9ec,98322,po_twilek3l.tga,d4afff601b4430e19014fcc8b7fcc05673c889b7c4afeb0ab453dd5820b0f9ec
po_twilek4h.tga,453163c404f254eda8206ddd93f7a0403474ffbf96aca1fcb8eb88a41d0f70e7,98322,po_twilek4l.tga,453163c404f254eda8206ddd93f7a0403474ffbf96aca1fcb8eb88a41d0f70e7
po_twilek5h.tga,30850d89fd7dad835fa40a0d270fa10de624480a880cb9faeedf255d98d9de54,98322,po_twilek5l.tga,30850d89fd7dad835fa40a0d270fa10de624480a880cb9faeedf255d98d9de54
po_twilek6h.tga,5c5fb32dd230e82339234dfc9d54f8fb91f0e9c4d610670b1d6463d0cde95fd4,98322,po_twilek6l.tga,5c5fb32dd230e82339234dfc9d54f8fb91f0e9c4d610670b1d6463d0cde95fd4
po_twilek7h.tga,e4e9ca4cad9eedf3e87c7c1d7fc1805bb8835e0f27e1b08c6fc51a951e5893f8,98322,po_twilek7l.tga,e4e9ca4cad9eedf3e87c7c1d7fc1805bb8835e0f27e1b08c6fc51a951e5893f8
po_twilek8h.tga,b713fc9e1a7e6bb3f0329784e01d9bf840f11ccbf47f9ca2b42243b6cdb8d69a,98322,po_twilek8l.tga,b713fc9e1a7e6bb3f0329784e01d9bf840f11ccbf47f9ca2b42243b6cdb8d69a
po_twilek9h.tga,7af199939110bbc9bb07c7056025e402ef266afb7fc495c4fa0dde5cc69a0d28,98322,po_twilek9l.tga,7af199939110bbc9bb07c7056025e402ef266afb7fc495c4fa0dde5cc69a0d28
po_tyrant_h.tga,f61ebb6cbd92c6882d81a20137ce2764f88e748b25218d5eff4b507ee66f42c2,98322,po_tyrant_l.tga,f61ebb6cbd92c6882d81a20137ce2764f88e748b25218d5eff4b507ee66f42c2
po_ugn10_H.tga,fa047cb22c576aa20b9f867d01fb16e6bc0be4b187224678d7df11acff8b9900,393234,po_ugn10_L.tga,c75dc45f7168384a5bacd0d5057f564fb10bf96f7b8bca2a6431d6f31cbbd469
po_ugn11_H.tga,9c01a7bca5f7cbd0e595c558ede55af8569be17016dee71d04c1b7dffef294d4,393234,po_ugn11_L.tga,80b9455f531841f54d3fa514dc8789d0bffe59514851f71d84b0eeffe5051468
po_ugn12_H.tga,5998670cae8de1cc6683433a98b8f2bb4c7d6dc1e3be09b102b3c66d6b2adf11,393234,po_ugn12_L.tga,114f9b0ee4526539f629a4861076bb70afafb70c9edf8e20f1cc93019e7db05a
po_ugn13_H.tga,90c62b2e8407a33c62d1b6fd7eabb109f56b0d439310f3dbdbf3087671a67617,393234,po_ugn13_L.tga,c1399d11f73461028ec55a5329ad5bc16d6242e581788dfb13baba675ebab64c
po_ugn14_H.tga,b3f7ed707c917d74cb411375dd5843cdadc874b3af3f624f2ad00208679fdea5,393234,po_ugn14_L.tga,ffc07aebe8ab4690a6db41cd0f1fad5ad3248dd0f9ba1059b7ef4f73de58c58e
po_ugn15_H.tga,83d47d848c7dbefb90f769856383043f4cc7b660f15e8990ea9e53e6ea95d85b,393234,po_ugn15_L.tga,26c0e9cfed42587354c56039b7077a3ca281ea586dcc4a4b6060439514fdbb67
po_ugn16_H.tga,57833bd2fd75304706a296ddef2afb3191dbf4b76f1e22c91b0299d9efb3c211,393234,po_ugn16_L.tga,000dc5e92d786abdd03acd1abee966aefefac705e31a12f06ed3a6ccb4a46e48
po_ugn17_H.tga,94f9c51b5424d8b41d1bc0e0b9af74d299918d4445702af860e07f6e4de438cb,393234,po_ugn17_L.tga,a7e13c34cfd425f2efad24bdf54a6f7f641e7f6121c40c02e7bc25a8f42cfb54
po_ugn18_H.tga,8a15a825e0c73831eb6940634e7bee4071f74c483323bd71c8a28ccb58a2c8ed,393234,po_ugn18_L.tga,6a35affb44f21dcd4a4c9c322805807e304bcf69c7122b1c050d7c54568276d4
po_ugn1_H.tga,9e5f72b9321d7fa7538e6bf696bf221f44cb69ed14275212e47fe0a746fb0bf1,393234,po_ugn1_L.tga,af32d55b9feb7840b9dfa31f273b3121f5afbac7d3f1de91a9810361d754a044
po_ugn2_H.tga,bad593b7c703e38fe87257624beeeb610d869ad4de0bbea1a7067cf03d062894,393234,po_ugn2_L.tga,0ae06a5d4a02ac05b23c0d9d0a643ae12940acf41f7e1a1f4e35acf53251fc5f
po_ugn3_H.tga,112497cce9bf7b6f90c52deb3b0c426304c12c7c3e6fa9ceac660abdab554bdc,393234,po_ugn3_L.tga,7c7ce2659f750f0dc368ff786d03d51f7a7514d245ffede51943fa1759eb7e44
po_ugn4_H.tga,bf5e757f7771e710418d20e05170fd1b3c43be6eb38b658c1f22f2ac2e30c9a7,393234,po_ugn4_L.tga,c38c5e9d4fead19af0d21a2abfe4c70b260d0e08268384c353d7cd6951640c05
po_ugn5_H.tga,b79da57247d96d587092a7241d62685dfb2e8ca55f4bc8eedff38f0f5915a2cd,393234,po_ugn5_L.tga,99a5931f0f5c290288c73f80fd3154a5059c22ff160b6512a52c7d96d6d90063
po_ugn6_H.tga,413b10fc14ca53084a2da9187ec1c49c5eddd6cd47c56210b9506703238b0897,393234,po_ugn6_L.tga,0c276a75891bf68ae12af13b1a5b7c81bc8a63fe8578157ad6c1c0f924267eb1
po_ugn7_H.tga,4643760d08195798c5155c7b24f388798dfe2bf275e1e20adccd3826ca2c3d81,393234,po_ugn7_L.tga,f464ebeb67f1e8ce8fb8fbd8a9ccad941c8fa9639dba66e5be7af83a9c448151
po_ugn8_H.tga,a805616b93b4ba6d5b66c873c2c39dc1acc1b8cd5f4f28b2178281cf9e22f238,393234,po_ugn8_L.tga,cf46644ce380e4656e22e4e8160a6c08306dd1bc7264153c05eac6be321a4c82
po_ugn9_H.tga,714c6cc758094337faacf6f6e3cc87008aaa8af9d6a37fa21bb20362865d77ac,393234,po_ugn9_L.tga,3fe7c6e2231ba7cba9ec385eb551385989b2b0f58343d463e036ff85fe9e81b7
po_undead501_h.tga,9d6ae1b8129b9b481fe8ad647295d066907e648ba6b805dcb44e94ea4b5eefcf,393234,po_undead501_l.tga,6644a94b8fa461713f95c20921ab29e30608b8519c9953090ef634267427e578
po_undead502_h.tga,789e80d730eb5a8c04a33691e1fc97c4c37b7fe71cdfc8ad62af718de0cf0378,393234,po_undead502_l.tga,11bde85f86a88f1beaf3951ee70d161f8d3696c75ce2b02bd20c539ae6620744
po_undead503_h.tga,b571dee29bd4203540146062fe49a3d36c25124c25b3e4d66a0cc17a236a8a30,393234,po_undead503_l.tga,dd6d9a2eec659ae953e8904dcb96913543df69d27369e01a9b5fdd6ec9381cb7
po_undead504_h.tga,5031615638d9a72af35b1116506451fca78d44577f05dc59589215c7f6809186,393234,po_undead504_l.tga,784fa104eb9484395da3455bca440bf2bc7ef4e404b92de40d89050ab950f1cb
po_unicorn3_h.tga,59323fea8071e24141ac7f93095dd54ca61ca5a3d87625c2f2f200e4d3794d18,393234,po_unicorn3_l.tga,a183d8b75f50c5e3b1fbba03c77ac5b3054e04f742e8d93f460675fce837e125
po_unicorn_h.tga,3679247a74f4474858256aeb49d4a563fb83d2e8f0dd157f5e979c62d4c5f279,393234,po_unicorn_l.tga,4b9ea7450d2cdecb24f78d63003c862bf6184ccf57aa5fdc5c4296a3623832af
po_vishtani_h.tga,78f91084adad91341e15e9a7c3d0e1dfaeb55f99d5ea9bb480ebf7ff89e46b65,393234,po_vishtani_l.tga,83578605f35f07ff066bcb512b8eaf731ddb73934e78a424ef846951a49d2ec9
po_werjag_h.tga,2415b2a3ee32f3437c16f764e2c8d180cd8527ff363128f968d26e703c559cdd,393234,po_werjag_l.tga,867a2dfd37ef4c2f534e0c01e5f617018fefdebacdc1ce2866ab4f6f105e40c7
po_wgolem01_h.tga,2252d163347bf5f67b9bec946b00f648636ee79d4303ec4b0422841c3a76f4b8,393234,po_wgolem01_l.tga,afc1d71b79f7097748558ea145d92a64771b70727d7c9908c2c87f86a7f4c728
po_whitehorse_h.tga,770fe9fb476337071dfe6121b8faa8df7f209b874980758f41b76832416159ab,393234,po_whitehorse_l.tga,210811efc2766196ec2142c06828abb6a14f5ccd562581a86ce38351cd47bdbf
po_wm_f_01_h.tga,e2dadd8fea50c2a93f4cd3ae098303bdc77f019d34946fe7bfeaf1eb00afba34,393234,po_wm_f_01_l.tga,8ea819978a5ded6f687aaff7842d30abe74cb119942b45391289a4d6e9897e34
po_wm_f_02_h.tga,1c87a24b397cc023d2cdc137bb347b57413308b513675df3fa659829d832cae4,393234,po_wm_f_02_l.tga,eee907abc8bde666acec6e4214b61de9000939e4f531a415c7d598fbbf004d73
po_wm_f_03_h.tga,5320a9272dda3bde65d6b474e1b5a9dc984f1b23c93df3033802192c2df923bd,393234,po_wm_f_03_l.tga,cc8a3da73f8a7a823a90596a1687c3630d51bba326133ed8ac186ad59a01b710
po_wm_f_04_h.tga,d9922482dd44d09f9be1fb07a005529aac6d44ef1a04f63235c20959b2021670,393234,po_wm_f_04_l.tga,177c439d7aaf8d525c363d6a624eafcf2387fa84d77dd046ffe0874fe3b0e3f0
po_wm_m_01_h.tga,97f61be4ff15e3fe7aee958691ded6bee5c806b190f9e4fbb633b38097c702ef,393234,po_wm_m_01_l.tga,f04b73dac6973f9aca07cadc49200fcae40b1493bc928343c94837c16697e58e
po_wm_m_02_h.tga,b214ef343afe9ef9873d9284b59f686680905ce13c95c96dfbf797a61bb11305,393234,po_wm_m_02_l.tga,d88f98d4847b1f797ab926f40ffb83f255be2514a1fb19252df231d05c317dac
po_wm_m_03_h.tga,3c1fd4eb7aa1e067e0f9dd49eda587c1017256ad4b4e30dce99fa61998c3be34,393234,po_wm_m_03_l.tga,7f4db04ebc526b9bb1c965695f196b6fe0ae3b9a1df8d0f8050c74cf16a375fa
po_wm_m_04_h.tga,6b035c93480dcb6dfebce3d6ba76c6c8ff8231f5970ed6fff47114b84c24117e,393234,po_wm_m_04_l.tga,d3c71f9d546db6c2bbf28ce707c3ebefc168adfdce1c3792cb5dbeeea336d428
po_wm_m_05_h.tga,674fcd5d882913b679459c1319a5391486067f030a978a9d2e8aadeda63eba49,393234,po_wm_m_05_l.tga,105e78184decb13b7f965c55a6c931c8de80741af7c42dfbf3626a60127f655c
po_wooktechno_h.tga,fcbd884ff3ed82a7a2f37d5889678f53d6bb21a3bb6eae6503a764531cfcad58,98322,po_wooktechno_l.tga,fcbd884ff3ed82a7a2f37d5889678f53d6bb21a3bb6eae6503a764531cfcad58
po_wo_10_h.tga,2493219f54d7c660a9fa7eeddc7f7b67bf54a1830189fe176f8fb35f44fe2f33,98322,po_wo_10_l.tga,2493219f54d7c660a9fa7eeddc7f7b67bf54a1830189fe176f8fb35f44fe2f33
po_wo_11_h.tga,10453c76c86ec74fa56a26eb23f94add4ca0ccae51169f3af2a25df0b18bb334,98322,po_wo_11_l.tga,10453c76c86ec74fa56a26eb23f94add4ca0ccae51169f3af2a25df0b18bb334
po_wo_12_h.tga,7f18d1d5c89bb08f8a0e4536df5f8a377fee04b2219943eb5e9ceb4e231d6169,98322,po_wo_12_l.tga,7f18d1d5c89bb08f8a0e4536df5f8a377fee04b2219943eb5e9ceb4e231d6169
po_wo_13_h.tga,36e94e8ff290d1d9c6c67b19b391fe64faed7c57c4552c0ec9fd0c8bf6fe88ca,98322,po_wo_13_l.tga,36e94e8ff290d1d9c6c67b19b391fe64faed7c57c4552c0ec9fd0c8bf6fe88ca
po_wo_14_h.tga,5aea0dc9c8f8feb963106c5a7420cb9d85f864130c015334b5dc645f352288ce,98322,po_wo_14_l.tga,5aea0dc9c8f8feb963106c5a7420cb9d85f864130c015334b5dc645f352288ce
po_wo_15_h.tga,49e633453d828ddd5a083eb3e52f29b0578d6ac7a7448f0af5b339538fc5d0c2,98322,po_wo_15_l.tga,49e633453d828ddd5a083eb3e52f29b0578d6ac7a7448f0af5b339538fc5d0c2
po_wo_16_h.tga,8b762b2d5507da3469a4be9fc333ae83b374687121eafc9541a9cc5a7e53c500,98322,po_wo_16_l.tga,8b762b2d5507da3469a4be9fc333ae83b374687121eafc9541a9cc5a7e53c500
po_wo_17_h.tga,6958ef8f0bb665e45b49252b5c652fdc48e30e357e032badecdaa459b0132d46,98322,po_wo_17_l.tga,6958ef8f0bb665e45b49252b5c652fdc48e30e357e032badecdaa459b0132d46
po_wo_18_h.tga,c509e27daa16d27c381f358f6497d213a096297b8fed14f2c8a4bc83514d23cc,98322,po_wo_18_l.tga,c509e27daa16d27c381f358f6497d213a096297b8fed14f2c8a4bc83514d23cc
po_wo_19_h.tga,f47fcb7010dac0c4daaf317c3fb78ed35005a3d1a99a76bf4190ae4a3e8f61ec,98322,po_wo_19_l.tga,f47fcb7010dac0c4daaf317c3fb78ed35005a3d1a99a76bf4190ae4a3e8f61ec
po_wo_1_h.tga,f3504ccc834b01d9d573a740b73cd152cb5c2a4672a3e7fb0ae93308ecdbbe30,98322,po_wo_1_l.tga,f3504ccc834b01d9d573a740b73cd152cb5c2a4672a3e7fb0ae93308ecdbbe30
po_wo_20_h.tga,3b88d4431e310bd55fb5dd52dbec6618cea8ce7ac735702da8bfae68f19156e5,98322,po_wo_20_l.tga,3b88d4431e310bd55fb5dd52dbec6618cea8ce7ac735702da8bfae68f19156e5
po_wo_21_h.tga,4f06fa91f7af63c613954b7af98600b2698fa5f8797e833573c3aff51e1d84cb,98322,po_wo_21_l.tga,4f06fa91f7af63c613954b7af98600b2698fa5f8797e833573c3aff51e1d84cb
po_wo_22_h.tga,ca578d57181fc7954fe33d16ab30a3571eeb3ce2f3846656839dcac613bea19d,98322,po_wo_22_l.tga,ca578d57181fc7954fe33d16ab30a3571eeb3ce2f3846656839dcac613bea19d
po_wo_23_h.tga,0032c769a422944c3f7848987b343256aecb424b5de98d598203e27e0af0c0e8,98322,po_wo_23_l.tga,0032c769a422944c3f7848987b343256aecb424b5de98d598203e27e0af0c0e8
po_wo_24_h.tga,49c32b8336568e4721a9bb98458471818367af451b75201aea7cfbb47bd7a3d4,98322,po_wo_24_l.tga,49c32b8336568e4721a9bb98458471818367af451b75201aea7cfbb47bd7a3d4
po_wo_25_h.tga,85825209cb90e46a46e5e83feb61f49425c8cb46680494d48aaed4e90f4cc051,98322,po_wo_25_l.tga,85825209cb90e46a46e5e83feb61f49425c8cb46680494d48aaed4e90f4cc051
po_wo_26_h.tga,cd56968d2e27cb5f13c38a28a8a03ba94c99ea9018b796079e94c353502774b1,98322,po_wo_26_l.tga,cd56968d2e27cb5f13c38a28a8a03ba94c99ea9018b796079e94c353502774b1
po_wo_27_h.tga,a5b0cf559ccb4af998fbedd276d66dc79726e0884d3b8826a8582add769e512f,98322,po_wo_27_l.tga,a5b0cf559ccb4af998fbedd276d66dc79726e0884d3b8826a8582add769e512f
po_wo_2_h.tga,5cbf55a8967bd0cb7a9571431d69b8c9b243cbb468fb15605e6f3d2812fa3aae,98322,po_wo_2_l.tga,5cbf55a8967bd0cb7a9571431d69b8c9b243cbb468fb15605e6f3d2812fa3aae
po_wo_3_h.tga,e8e16d42afbe46ebc3e77d9da7fe3c20f210c67c21148ca7b04b072697900812,98322,po_wo_3_l.tga,e8e16d42afbe46ebc3e77d9da7fe3c20f210c67c21148ca7b04b072697900812
po_wo_4_h.tga,3fa18a92da63677b066b1f2ed1d3e2e9766d0888b5ac8d9b63979fdd0ccf1c98,98322,po_wo_4_l.tga,3fa18a92da63677b066b1f2ed1d3e2e9766d0888b5ac8d9b63979fdd0ccf1c98
po_wo_5_h.tga,8d9da3e3453bb1c030ec5eceb3179654bf814b14cee9e9758d3e842153ab2c8b,98322,po_wo_5_l.tga,8d9da3e3453bb1c030ec5eceb3179654bf814b14cee9e9758d3e842153ab2c8b
po_wo_6_h.tga,cb155a28432e269ee12d44fce49a38d61ab5ec2fc73740e2d63d54ae5b6ef49d,98322,po_wo_6_l.tga,cb155a28432e269ee12d44fce49a38d61ab5ec2fc73740e2d63d54ae5b6ef49d
po_wo_7_h.tga,7411ae0c4eae3ba51d3401c22419a3008c7a924d0597fff101413aba03375641,98322,po_wo_7_l.tga,7411ae0c4eae3ba51d3401c22419a3008c7a924d0597fff101413aba03375641
po_wo_8_h.tga,4655c99b3827ec1f7db1a2c3303a6bf223561be472b7c3e897360a324d90fdc8,98322,po_wo_8_l.tga,4655c99b3827ec1f7db1a2c3303a6bf223561be472b7c3e897360a324d90fdc8
po_wo_9_h.tga,8d066115595835360369432560987b8b171a2bf2731456a81798ddc86026f3c4,98322,po_wo_9_l.tga,8d066115595835360369432560987b8b171a2bf2731456a81798ddc86026f3c4
po_wujedi_h.tga,0c71210bc4d25c707d2f725d306b37725ba8028d98cb1877c92981f874548656,98322,po_wujedi_l.tga,0c71210bc4d25c707d2f725d306b37725ba8028d98cb1877c92981f874548656
po_yeti1_h.tga,0bed25479dcf7deef3b77779a8cd7277bb07ccfb8c9a6297c9d57893d496fc22,393234,po_yeti1_l.tga,2fa12db70a0fd6edff4f8451cd9f2a80c268dd4aaec99a8fd7f8e8d0b2c89b88
po_yeti2_h.tga,5aac72738de527cf9b4ae35e8bfff9d9c64e14d649ba8bdea265d4b6f51dd913,393234,po_yeti2_l.tga,eb629c9aedfcd1b5d92038e0378ed110f73e64bee2fad54f13a37e2a67e0a307
po_yeti3_h.tga,a6eb221104cc6be20705580bfa6c453d815aeb229dac2aa54bf08b92202e60cf,393234,po_yeti3_l.tga,a18c319bf431815caa15a712539f21d7d13c3c415cf22865b251c97162ecafb4
po_yith2_h.tga,dec869b9d6775f1c31b3661f21c5b0f905ab85dfcb4621f826feed645e42ad1c,98322,po_yith2_l.tga,dec869b9d6775f1c31b3661f21c5b0f905ab85dfcb4621f826feed645e42ad1c
po_yith3_h.tga,f06b59aa12362e057463e190d615196fe42839f1c4c4f26181d02499365f656f,98322,po_yith3_l.tga,f06b59aa12362e057463e190d615196fe42839f1c4c4f26181d02499365f656f
po_yith4_h.tga,944926dc716ad2d71aa6810de1548ef5421dc352d0e8c9bbee6a1b4c829d7ce5,98322,po_yith4_l.tga,944926dc716ad2d71aa6810de1548ef5421dc352d0e8c9bbee6a1b4c829d7ce5
po_yt_abom_h.tga,2ba4b91ac228e7591e0cb56e3d10f9fdbb0f0e9fe9bc1070687c5176deda51a1,393234,po_yt_abom_l.tga,e58f844a9d5f0bd86771014ee690edb56ebd29b99e230afb723fef5bc1c1e375
po_zabishai_bu_h.tga,8782f0e8dd50a4125424bd59e89fa7fb41f8f56bbf387a00787c24fd88ee215c,393234,po_zabishai_bu_l.tga,86ddcfbbe4fa9cadc871b08e4f867b40c01929cb9d665fc40e45c1c5e9f9177f
po_zabishai_b_h.tga,d7701051e9e6ec1a8f93306fc0443406cc0e8f1dedd80870b8d124e1c4152b20,393234,po_zabishai_b_l.tga,08a31cc1aef59233d6f6d46a232b3ce95f8d044c9106a8de7a1f09720a99b54a
po_zabishai_g_h.tga,55a8916e1d946d3afea25545c2ddf93deaa3ff2072d316f7acacd53c0d5fc0be,393234,po_zabishai_g_l.tga,98732d5efa02b6d3d676bf9cbc69586db1f27760c5102f79594f38ead5f6fcfe
po_zabishai_r_h.tga,d982f234cb0b8aa231d668c686dc9e39aa9e57ca485bb7a740a2c683dd4eadfa,393234,po_zabishai_r_l.tga,7bf8623e864b0310a9f76cc3a403354ede5fa74244a98ea91194ddaceee206a7
po_zabishai_w_h.tga,76292e51c814e7a6b1092a091339e21cd06b29dc9da3f8da4e74078bd2f6631d,393234,po_zabishai_w_l.tga,be62b61f5f607b59e9cd0c7dfd56e65ce4f4e8d5275d12241753a48b8f0f55f2
po_zabrak10h.tga,7016a1a3ead1debad3cfb4b0d65acbceaa0d923bb96f7fd6efed38e81ff75c46,98322,po_zabrak10l.tga,7016a1a3ead1debad3cfb4b0d65acbceaa0d923bb96f7fd6efed38e81ff75c46
po_zabrak11h.tga,4de11f4b4bad2ba1256a348825581c4425a079a64a7bdf0d2dc138e3297e48ca,98322,po_zabrak11l.tga,4de11f4b4bad2ba1256a348825581c4425a079a64a7bdf0d2dc138e3297e48ca
po_zabrak12h.tga,21d513b1e8825d27d65ee94311b8957f16f7ab2b1aa66eb67529d53aa3083dbd,98322,po_zabrak12l.tga,21d513b1e8825d27d65ee94311b8957f16f7ab2b1aa66eb67529d53aa3083dbd
po_zabrak13h.tga,5755cc5230286e4fd2f70c7c2fa5d02a692aa66c4004a4b5fd0e70173539ace3,98322,po_zabrak13l.tga,5755cc5230286e4fd2f70c7c2fa5d02a692aa66c4004a4b5fd0e70173539ace3
po_zabrak14h.tga,1ff0845760a8311ff2d5530770461a64e653d33a9b7e6fe0dec9130186a246c9,98322,po_zabrak14l.tga,1ff0845760a8311ff2d5530770461a64e653d33a9b7e6fe0dec9130186a246c9
po_zabrak15h.tga,c7b19a04cc322349220bb314d05a72333b816b29792468eb0588c1480c84b2e6,98322,po_zabrak15l.tga,c7b19a04cc322349220bb314d05a72333b816b29792468eb0588c1480c84b2e6
po_zabrak16h.tga,247e71dee49d16c214b11e305273d76dd5f4a1eab9262f78bd02687ac61075f9,98322,po_zabrak16l.tga,247e71dee49d16c214b11e305273d76dd5f4a1eab9262f78bd02687ac61075f9
po_zabrak17h.tga,51a15dfa376be33ddbb9f0517471f949cb7f09bf2c4a11afc734ca46357ef6e6,98322,po_zabrak17l.tga,51a15dfa376be33ddbb9f0517471f949cb7f09bf2c4a11afc734ca46357ef6e6
po_zabrak18h.tga,e4c46fb1c698ffb9583223de846c033b1481ae7062813a1b7562daa834265e30,98322,po_zabrak18l.tga,e4c46fb1c698ffb9583223de846c033b1481ae7062813a1b7562daa834265e30
po_zabrak19h.tga,88c0b49b8ebbfbd73d73e2693fa315df52cb51524b05f2abc4f6f42648c1c460,98322,po_zabrak19l.tga,88c0b49b8ebbfbd73d73e2693fa315df52cb51524b05f2abc4f6f42648c1c460
po_zabrak1h.tga,e35e79f9d06c2d7bd86b597ff2322c2808eefbf83a17b12ee10252d0964e9f98,98322,po_zabrak1l.tga,e35e79f9d06c2d7bd86b597ff2322c2808eefbf83a17b12ee10252d0964e9f98
po_zabrak20h.tga,f77af31381389358125001272febf891df644820bcaec106c2220d3041861661,98322,po_zabrak20l.tga,f77af31381389358125001272febf891df644820bcaec106c2220d3041861661
po_zabrak22h.tga,9a8822fd635fcb1089492e62408849a305f9c678625b565630dbb34622119708,98322,po_zabrak22l.tga,9a8822fd635fcb1089492e62408849a305f9c678625b565630dbb34622119708
po_zabrak2h.tga,7c9d1db7373efbe224cd37d47f35a5ade7ef0067d427ac9431a2e9c2ae2d3600,98322,po_zabrak2l.tga,7c9d1db7373efbe224cd37d47f35a5ade7ef0067d427ac9431a2e9c2ae2d3600
po_zabrak4h.tga,e6fc4d43ce08fd1d8991508df11af714028ecb8c06070adbf6890b92589dd710,98322,po_zabrak4l.tga,e6fc4d43ce08fd1d8991508df11af714028ecb8c06070adbf6890b92589dd710
po_zabrak5h.tga,9dcbd787c5fd2bb0a4dabe4b4abaf198eecb2ae480ad511e353621c544e0a1ab,98322,po_zabrak5l.tga,9dcbd787c5fd2bb0a4dabe4b4abaf198eecb2ae480ad511e353621c544e0a1ab
po_zabrak6h.tga,1891bae1c40fef4e22e9c0ca970d42380172933225156282ea60d7f38dcf9439,98322,po_zabrak6l.tga,1891bae1c40fef4e22e9c0ca970d42380172933225156282ea60d7f38dcf9439
po_zabrak8h.tga,9a7f86351243332e47a8a83febef176f4f1359f726de9f416c1d2df3cd0b9fcd,98322,po_zabrak8l.tga,9a7f86351243332e47a8a83febef176f4f1359f726de9f416c1d2df3cd0b9fcd
po_zabrak9h.tga,68ab38c5cb8f76b090f029ea80925d835d6f008291509dafb3ddefb0c774be57,98322,po_zabrak9l.tga,68ab38c5cb8f76b090f029ea80925d835d6f008291509dafb3ddefb0c774be57
po_zabrakpub_h.tga,3971249736e7b2bd8fc7cc8d7e25e49e0941b953ad561ac76667165f46538ba1,98322,po_zabrakpub_l.tga,3971249736e7b2bd8fc7cc8d7e25e49e0941b953ad561ac76667165f46538ba1
po_zdoe_h.tga,003814ddf796af713d9245d517c23f23c6fd1519bf71bf7f3391f8ac891af48a,393234,po_zdoe_l.tga,e576e26fbb6d9c37dc553f76498ddd73706d4a5e67a04db3dd17a360ccd28f13
po_zdonkey_h.tga,6bc17550eebd1b064357923d5cc5cece3ff51e2fe84340f07e656886ea13dd1c,393234,po_zdonkey_l.tga,372b6aa50ff5b7b0ae7836700f53114e49a7d695069c8335ef9291b328bad3e3
po_zdrklord_h.tga,f20628a6a048ce8d1786ff7850e5178d89442ba893de3d7f2b20d21989c9d63b,393234,po_zdrklord_l.tga,c6864d6479c636c64cca5b56922eab44338d4422cee9baa305cd5c802cc30b0f
po_zdwhite_h.tga,3950bd6ce69ec3ae81fb9261c354e4686629ac701ab5ceae7d85c61807233449,393234,po_zdwhite_l.tga,ae58f563070964567ab73734b61babae2f727782db40ea480d387b72f1ce529d
po_zfawn_h.tga,c935d6247f253542fdf9f3fb649f0cc05eefc63013721d5021c65e832cae8f1e,393234,po_zfawn_l.tga,b2b84a17f86e6cd8d1df88f1b9f68f5948789d02dbc01b36dc3a06b72c8db8e6
po_zfldrag_br_h.tga,8c9b8d7418d878d684a3f09ecc05769f4ce71b617840a2f2fe19b357c87660ba,393234,po_zfldrag_br_l.tga,2170facd6bdb1718dbb0fef2effdac754192dd183da40ec36b458e5337b848d7
po_zfldrag_bu_h.tga,35e01e83cf3e5d9df0e55841ffd8b5ff019ceb5bc4300668968035832e7b4029,393234,po_zfldrag_bu_l.tga,600e1bf7a4338e0006417593ad6d3302fd1a504312e4b45c3a6ee2f56e782021
po_zfldrag_b_h.tga,a6028f7b39c2f94d863eb5da733bfb1a1e0f80cabdb1108466025e273b7cfbe8,393234,po_zfldrag_b_l.tga,be4b19cfdb7bef87b0e2121fdccd8419f16f026e33ddf79b04e9fd310f42bd82
po_zfldrag_c_h.tga,892db1af7a163dec091b15713e16a46aeacb9c4c64e81d13e1824a938a4e6690,393234,po_zfldrag_c_l.tga,7be72ea716bd5ce39e910caa7646c4e2c3ac1f355adb98a78042f00ee3e2d73b
po_zfldrag_g1_h.tga,f190de1ed593b195d5c7287246f576853423fc924d96309b05b6a55a298599e2,393234,po_zfldrag_g1_l.tga,53f29bc963c7654b0766fa0bdb9678416531574b9caff6f5802ac50f57209a48
po_zfldrag_go_h.tga,03ebb7e7632e3287deaf866b24f613124cc041a5fab28a7b887e1cc5aa963b94,393234,po_zfldrag_go_l.tga,98c93737bb61238ebdd5b27eeb3f381eaa5065184fbbd5e83cb83432dfd6f70b
po_zfldrag_g_h.tga,bbe5528d98f301868d2f9fc2f3f687a97393158922b32c4a5514a793e5d0bda0,393234,po_zfldrag_g_l.tga,1f0831a56a5c9328da371aa146a5cfff5ca8ef5cd3558279b93c6ffb886a5288
po_zfldrag_r_h.tga,b43fa23d4c513e8111cfca850c949c359a64cee716bc54f877aa174284255118,393234,po_zfldrag_r_l.tga,cb5d03706ca606ddb2cac19425142c07df53c40061dfc26fca310f155702fb33
po_zfldrag_s_h.tga,13fd13f7c02f36060c74bcd4e671e0689b387c4b9abb14af5911ebccd74936e5,393234,po_zfldrag_s_l.tga,9bdd7187aa2e5554c66e0893703dac8ff11427d2ccb19fab494ac61537a484e5
po_zfldrag_w_h.tga,f69100b91ace7f4dc18b21e12e6a7027f563363421be92c6b940c760d0a2c0dc,393234,po_zfldrag_w_l.tga,27a826690c45296c6c597c71d86bc4eda5aa1525cdbba504b65de5ffd3165d9e
po_zflerinyes_h.tga,9bb7dfd18e2b215f88c8cf1b8651460684b3ee3a5f3870af8efe7d30ee2b4b24,393234,po_zflerinyes_l.tga,4591e719f007177e84dbc7256339036ca0c908f61ab70954dceb4ef09bd1d23f
po_zflkbld_01_h.tga,b88be2e7108e82bd1be38a749c593fea8ca2be614f4d26fe83c8616c2b648ec1,393234,po_zflkbld_01_l.tga,b9ea1b3ebc130b243b530b24024e8561af37f2355b115fb627a3ff7c3fe29e6e
po_zflkbld_02_h.tga,1418b60538efb4ae3532f9949c41a8926e8c945dc3d09c57bb90e1ced0f31480,393234,po_zflkbld_02_l.tga,12691d357fbe48f4c603bbfa78202f562cc3d7493ab67dbcc49eb2227abf0f56
po_zflkbld_03_h.tga,175718588534de6104e7ba3fe6e2a8811714ac92ccd9a8dbcbb9e52ee3b5be1a,393234,po_zflkbld_03_l.tga,0ddfd8aca25476a7b8675d9fb9c12d63addbce7254f642e7bf9b8052e6f0f1d6
po_zflkbld_04_h.tga,168c0565663be9262bb940cac0e8945dc862723abed315c40985034ede634aea,393234,po_zflkbld_04_l.tga,7d31dc333efadac652f0bc846caf1ba9f4892e9101961dd88ab5243adb5d53e6
po_zflkbld_05_h.tga,01301408e54e664bf927384acdd25aaf86f69ecee2da26e70af29096132d7efe,393234,po_zflkbld_05_l.tga,082c2cb26c510d6416f8e10f380730a25e640ceb6ecf2a4fdcea9f94da00a9f8
po_zflkbld_06_h.tga,6a75b89cd84827cdc2d78ec629de1931de3dee08eedc0a0685c18a2d38785749,393234,po_zflkbld_06_l.tga,4756ffbb72ec7eb0b7a95af05e9d01a6f53d39c88b46221b68947eda5e17296d
po_zflsucc_h.tga,356d852bfaa6339d7ccc4ea0a4a0b7c080593aeab4ddf29b625984d030bccf94,393234,po_zflsucc_l.tga,4342061d37a57c087d3191efd6338f82132bd81a9f3d2ef77497ae75a3486e41
po_zflvampf_h.tga,e7b48ca06bf30aeb8138c3ed657b67cc0afa2cab80db2d325cf51495c44fc82f,393234,po_zflvampf_l.tga,68a7c7898799b30370a59dfcfe923817869cfea05581cb198dfba50754f3fdad
po_zflvampm_h.tga,98db176693757062583c041a195f7c846006479cac5ba666b64bb7d1a6177eb1,393234,po_zflvampm_l.tga,7aa0c30b23a85e5dd4f06b35ee928f9478ea46aa465e5b63e22d946734d1ac66
po_zfwhite_h.tga,d9c09677000cb442a19676317ae17d7ec3ee5ec8c5690c774078b7e2b0adfd36,393234,po_zfwhite_l.tga,b2eb939847d8ebd9e067ac78400952d2ce8501fc28e5bf1fea4408f8ac9e2275
po_zhrse_01_h.tga,aeace97ad0bfb6589278bfd04e2fb011a54752042fd2d85072ebf948ef0c3f92,393234,po_zhrse_01_l.tga,95bbde89e3bcdb935619e1cfa1fe5f817391a944d91214fdfe9cb885373f6c84
po_zhrse_02_h.tga,6451597ff715bef1be24b373bd777b48d87e73b2789323125d74e68368cf939a,393234,po_zhrse_02_l.tga,1c10effb04292c4d18de2909943844f21fb06c71a30840be6e62fc7096da783f
po_zhrse_03_h.tga,d756d21164afc42e7485077368cf79505593e74abe297d7fc8feb8cf2f559e80,393234,po_zhrse_03_l.tga,5057061fea548d88e3117e6aac4e6d5f227f89dce8efb4af1cf5f7fd2fc4b664
po_zhrse_04_h.tga,16a1f3c1dda920ef44c05c13ae85a26cf12766cf81468a06011b5f80b87499a5,393234,po_zhrse_04_l.tga,0cdb5a5b28b2c646dc1e05036e3d85b25a80872606d1f00a6d179b8b1dc8a86d
po_zhrse_05_h.tga,e2919b519749b7e59b13b6ceaac6288590e99dd042138ae48e5ed5d99b6bdac0,393234,po_zhrse_05_l.tga,19d335125df9efe04b15ba59063e4c335d5af541d4d3a4a437943bb7c3e43c3b
po_zhrse_06_h.tga,ade44b0958e9a368b64eb4db12d678c5a6125cba58ccc0ec2b238b7076cd6879,393234,po_zhrse_06_l.tga,b2896ae42677058305375fc1276a69fefdfc92dcfaf4040304c6aac90dddbacb
po_zhrse_07_h.tga,12b7c3d8d28e663db58f71e897811eac472b033ef73cf0c7943edc986fcd3010,393234,po_zhrse_07_l.tga,322659e73af4e438368e403ad0f4b40cd9465643513d8e0982e154f72730d40f
po_zminion01_h.tga,d5b9081422b0dc7fc484b693d14c7e81b4decda09004e98b963c1387417aa30a,393234,po_zminion01_l.tga,bfcdc51b98b0afc106a67a198758cd66ae100245159e2379bbf09eb03bb835b5
po_zminion02_h.tga,9e1ce6c5da50466a2738e46db12b677460cfe0ec50f3563ae3a30122d6b13737,393234,po_zminion02_l.tga,7cfd202d202f7d315439ef9b4d3e24cc126b8b698abd44b241ef02ac122e068a
po_zminion03_h.tga,9cc89c9709345aabe4397bdf8239b1a8e455ca702143fec9f9008cef3b910090,393234,po_zminion03_l.tga,c1be2a1800da40bfca37b8d5db93aa3b4e4ed4d2f299429cb1b6c61d1a5d2a7b
po_zminion04_h.tga,b4ead754848911fa15bc76afacc562ef2fe665b3fe70772fdaa49532fd15c05e,393234,po_zminion04_l.tga,704220f80c6989cfe5a1c96ec87328f49ac3f25df09e79b01bd6343d06bdcdb8
po_zminion05_h.tga,06962c092f6299e65602c409597de2c44755ab52a754bda2c70652923c10cf7e,393234,po_zminion05_l.tga,4db6e30fe8604d9be2ecff4872b77b23b4a006694db75c264ef1eeeb8841b372
po_zminion06_h.tga,3f4f2308aaa7bc702c993fadb383c6630ee8f57d1483d9dc0f3a175adbfdc623,393234,po_zminion06_l.tga,4a27411af8d24d131e4d4ac4351be46421b9374d27177a793e6df8a55e9b5c34
po_zmule_h.tga,81a4c3fb6754c9c19a85d2a4ab39e0c3f21e2ebacff09136b4a15589a7ff1d47,393234,po_zmule_l.tga,a40ae5380ec3b4934675159ee4410bcbac8c8d6cc99d660b37960eaa7c8c899e
po_zombi_f_01_h.tga,63b89c118aa953045422e4678026a0649df60b5e126ed005777f7552a8ea02a0,98322,po_zombi_f_01_l.tga,63b89c118aa953045422e4678026a0649df60b5e126ed005777f7552a8ea02a0
po_zombi_m_01_h.tga,7897fde46bfef6b7e84b9e3ab77d3073508cb21a3a5f66586a8547cb4f268c51,98322,po_zombi_m_01_l.tga,7897fde46bfef6b7e84b9e3ab77d3073508cb21a3a5f66586a8547cb4f268c51
po_zombi_m_02_h.tga,0155691d9562bd60db187692b73e7a5f37acaae64415c6b1811a33789fa8d09e,98322,po_zombi_m_02_l.tga,0155691d9562bd60db187692b73e7a5f37acaae64415c6b1811a33789fa8d09e
po_zombi_m_03_h.tga,93ca7e8d721af99e74a65a3c15f5059755e09dbe473e69a9b30258d51d60669b,98322,po_zombi_m_03_l.tga,93ca7e8d721af99e74a65a3c15f5059755e09dbe473e69a9b30258d51d60669b
po_zombi_m_04_h.tga,dfb8332515ebe65489b9e7ee97c854f76b6490b93952d8c7ec9966506cfd2125,98322,po_zombi_m_04_l.tga,dfb8332515ebe65489b9e7ee97c854f76b6490b93952d8c7ec9966506cfd2125
po_zombi_m_05_h.tga,cdabd96e166d013fa96bb95c2cffa6886666711ae796df71f1886ad897c68468,98322,po_zombi_m_05_l.tga,cdabd96e166d013fa96bb95c2cffa6886666711ae796df71f1886ad897c68468
po_zombi_m_06_h.tga,17e25d223d68310371b806ada1ea199ff56b9489ac5755cb97f982a3e6dfb36b,98322,po_zombi_m_06_l.tga,17e25d223d68310371b806ada1ea199ff56b9489ac5755cb97f982a3e6dfb36b
po_zombi_m_07_h.tga,2663a080dcab7328b51632d97715868b784712f0856cf23d27903129351a647b,98322,po_zombi_m_07_l.tga,2663a080dcab7328b51632d97715868b784712f0856cf23d27903129351a647b
po_zombi_m_08_h.tga,8d37518130178cafd4fef834cba63969cef2f847638316f6f60b9e2d7bb2eb07,98322,po_zombi_m_08_l.tga,8d37518130178cafd4fef834cba63969cef2f847638316f6f60b9e2d7bb2eb07
po_zpckpony_h.tga,1a36beb6338367fda22b56894f2e69046d456eec16ec43c64fa9c3f29883f2f1,393234,po_zpckpony_l.tga,d6ff2cf11030523726fcdb3ccc1a9b4dc9fb960eccf11b242f1deacba70a2491
po_zpkhrse_h.tga,e46d5472c0e1ad4ff1d54fa96e3f5133e556e4ad95134655961340a2728581b3,393234,po_zpkhrse_l.tga,5392d2ee30466041ae25f98c2eb682b2d6725dc230234ee4957fad975b7034da
po_zpntpony_h.tga,74b03b75a1506219baa9839fb3786b734b297da675e105b866eb76b81ceb58ac,393234,po_zpntpony_l.tga,be83fd962b536ce8029dd5dd7e0537a58f3862c0887169ad9cd70a57e8bd098f
po_zquagaa_h.tga,6dd9164f43ea04aa0c3c9d90ef98a9f7c8c1d85917ede58ce1c525ca686fe92c,393234,po_zquagaa_l.tga,df55be98a1329916fac7e8e73c8a8b391e4082240dc2bf3c4e0118a1d3040c2f
po_zshgrd01_h.tga,ca3a030885ce1ad99c5ab985cd657bbb38735d36e69cbcce46df194b47532e75,393234,po_zshgrd01_l.tga,585fd57bca079664e2f450c4662d1d0ce301f5be5e11b6e3681464c4a369e487
po_zshgrd02_h.tga,68627e30df47108626bad22b2eff483cb8207ee08b001d7fc5fda52db1b7d7b1,393234,po_zshgrd02_l.tga,bfa98f1e79688a298cb376fb9b27c29a5fae9beeac3eeff31753cbaed31f878e
po_zshgrd03_h.tga,b34bd12f5c739d4cab4ea3dc30238381d0e16c7455a862c6c672c019f18ff2d3,393234,po_zshgrd03_l.tga,26677a442c9548d6068b05fcbb0be9893f88a66f28cf9ada22834865e2194a4c
po_zshgrd04_h.tga,f9d3b117a76ce010ab7e710f35b523582a161dbc859f748be9228fd915d4be0d,393234,po_zshgrd04_l.tga,0765753fff47a57ad95b6b41e5505744d494ce9c05e094a61a0553f6c39e4cee
po_zshgrd05_h.tga,4cfdbe2e0b7b364751f4643e7bfde1f6c98e7626e01619b396223006598ddc76,393234,po_zshgrd05_l.tga,781f83df90f8d9f66b22534dddca24594a281ab131421a6f3aa70bc95bdc0112
po_zshgrd06_h.tga,72bbec6574b416ba113d628a6884abfd8d6b0f812e237323e2848e95be3d6b31,393234,po_zshgrd06_l.tga,2213c3ef3bb8998c59f46a985f6d9021753251841a880d649fecc5763fdb95cf
po_zshgrd07_h.tga,675e3e338f1efff30a7edbfb2110f53ff6a5def5767fca6ebcc0baac918759c9,393234,po_zshgrd07_l.tga,33bb01336c437d4c50521750a12378a738175892d1a9e4fc3d6bdda1176d5894
po_zshgrd08_h.tga,70846259ea2738614389b0dfbba0711e2b440f3797f984c1ec8297368fb57bc0,393234,po_zshgrd08_l.tga,2b85d56f02365ac03157fcc730aa493d264fac63a854012494750b09fdb576ea
po_zshgrd09_h.tga,d3790b88dffe64ceeac1e90c21a3620fd8e9d2ef75159fd48b80d82f21bc0fb2,393234,po_zshgrd09_l.tga,7582a8d114a606fcbe17893decad596155928530382a9fa17de4bbcc45db5769
po_zshgrd10_h.tga,919ac712c6ad48fa5bb6bd8c410be902321389a0d466a2262a1474c3d6c09416,393234,po_zshgrd10_l.tga,f64d13f927eb841363270bf27fd1efcc6518005f60ba799cd8af8b40bfc27678
po_zshgrd11_h.tga,188c71032cd9b56259584b8101a8cce9b0951dbd6e049bb2720832f46e7792bb,393234,po_zshgrd11_l.tga,2fa9096e6fa651f9c128ffeb022933b8143f2bd60078a22ef930f3c735e31fe8
po_zshgrd12_h.tga,e8bd953751ba2a19001376597986e98cbcca9b480784a16c2cfd591d51070598,393234,po_zshgrd12_l.tga,2fb967d55080e741504342b184652a2c958b6a7be148b72e608d849a926994ec
po_zwagon_2_h.tga,192021e129bf5e284541a0c327bba9f94689bb005cedd320543415d659d83f7d,393234,po_zwagon_2_l.tga,b3c8827c76b24e46078936d7a138aa15949f109d6a634645a6cdeb0376d0d066
po_zwagon_4_h.tga,7ef16f7546ba950d992ddecf695b46e6a2630ec73b3c6b852d2f73a6f8136935,393234,po_zwagon_4_l.tga,53b2e8b67f21dd327399942f8787d7940bfddee2d69aee29e6db368be8ea1317
po_zzebra_h.tga,53f819c827674c33f851c3183346765d7bfadf6733679bcff607c77a0648081a,393234,po_zzebra_l.tga,536a7c286672b4435d8990142798d07dd5e41eda2dbf8b87320bdceca74f1f0c
