source,destination,bytes,sha256,reason,evidence
sw_ability/req_beastlvl_r.tga,sw_ui/req_beastlvl_r.tga,4114,afa6d7e2952a1eb31c2085a323870eede00e8db69c1d3f14c841e90d1719377d,"PerkRequirementCategory.cs identifies requirement-state UI indicator; not an ability, feat, spell, or effect icon; no corresponding feat/spell/effecticons table resource reference.",
sw_ability/req_beastrole_r.tga,sw_ui/req_beastrole_r.tga,4114,33ae05cfa321e4f17dfbc6843c6c058ec6fc6de220c6ccc33ec7c34074c69a41,"PerkRequirementCategory.cs identifies requirement-state UI indicator; not an ability, feat, spell, or effect icon; no corresponding feat/spell/effecticons table resource reference.",
sw_ability/req_chartype_r.tga,sw_ui/req_chartype_r.tga,4114,922a6328556e69ff36df61b027f5b3d24e892387e9dc627110a1697a6c70af99,"PerkRequirementCategory.cs identifies requirement-state UI indicator; not an ability, feat, spell, or effect icon; no corresponding feat/spell/effecticons table resource reference.",
sw_ability/req_met.tga,sw_ui/req_met.tga,4114,2e62e75f5a53f685dcb9c669a755ff81da4038c1ddee2850a5332d575b47b280,"PerkRequirementCategory.cs identifies requirement-state UI indicator; not an ability, feat, spell, or effect icon; no corresponding feat/spell/effecticons table resource reference.",
sw_ability/req_needperk_r.tga,sw_ui/req_needperk_r.tga,4114,e49273bc6a7bcc8c8982681a2c3d49b5f06ad5695cc7d536f1103ad0116799be,"PerkRequirementCategory.cs identifies requirement-state UI indicator; not an ability, feat, spell, or effect icon; no corresponding feat/spell/effecticons table resource reference.",
sw_ability/req_noperk_r.tga,sw_ui/req_noperk_r.tga,4114,4d3ee1f4e2a6e9d3fd0f2ef4368197e1416151eae932b5410a3c9f1fd5f4c396,"PerkRequirementCategory.cs identifies requirement-state UI indicator; not an ability, feat, spell, or effect icon; no corresponding feat/spell/effecticons table resource reference.",
sw_ability/req_other.tga,sw_ui/req_other.tga,4114,18128adb099c9f0763fde016fe83b72105876380de8cc17ba13304dbe0f09c66,"PerkRequirementCategory.cs identifies requirement-state UI indicator; not an ability, feat, spell, or effect icon; no corresponding feat/spell/effecticons table resource reference.",
sw_ability/req_other_r.tga,sw_ui/req_other_r.tga,4114,8c64504178a5c82bc4f0b85256d6c6b6be4bd599dbc8d9a3c4c82d98e56a0ba5,"PerkRequirementCategory.cs identifies requirement-state UI indicator; not an ability, feat, spell, or effect icon; no corresponding feat/spell/effecticons table resource reference.",
sw_ability/req_quest_r.tga,sw_ui/req_quest_r.tga,4114,59c8d797150a51f300ee932bae3960de5f1bd31fe8c6e420b568aad5c8400c09,"PerkRequirementCategory.cs identifies requirement-state UI indicator; not an ability, feat, spell, or effect icon; no corresponding feat/spell/effecticons table resource reference.",
sw_ability/req_skill_r.tga,sw_ui/req_skill_r.tga,4114,a57dad44e9910540a27ed754277012c8098931b97d8b03fb2e7d7cb3a37aca09,"PerkRequirementCategory.cs identifies requirement-state UI indicator; not an ability, feat, spell, or effect icon; no corresponding feat/spell/effecticons table resource reference.",
sw_ability/req_unlock_r.tga,sw_ui/req_unlock_r.tga,4114,6449e97bd658b55393b9277ea6d31e0bf3ec1d99ba5af1c5f88ec0b977353558,"PerkRequirementCategory.cs identifies requirement-state UI indicator; not an ability, feat, spell, or effect icon; no corresponding feat/spell/effecticons table resource reference.",
sw_cr_creature/c_man_devaab.tga,sw_cr_vehicle/c_man_devaab.tga,786450,11c5e08349ddb4298f92fe209a08781bf9651ec84954fb0ea9c17f605189120c,All observed ASCII and binary corpus consumers resolve to one category; actual bitmap/material/texture declaration verified after decompilation,sw_cr_vehicle/c_man_davaab.mtr
sw_cr_creature/c_man_teroch.tga,sw_cr_vehicle/c_man_teroch.tga,786450,4a1574a354d0dd87b432fe763b5db98ed3fa0ff4ce810f3486801cb562fa0142,All observed ASCII and binary corpus consumers resolve to one category; actual bitmap/material/texture declaration verified after decompilation,sw_cr_vehicle/c_mando_teroch.mtr
sw_plc/1.dds,sw_pt_head/1.dds,43724,1dbe83cabee2667c6f6362e9c239afe918d8773e667176c63bd776653f235498,All observed ASCII and binary corpus consumers resolve to one category; actual bitmap/material/texture declaration verified after decompilation,sw_pt_head/pfo0_head002.mdl; sw_pt_head/pfo0_head002.mdl; sw_pt_head/pfo0_head009.mdl; sw_pt_head/pfo0_head013.mdl; sw_pt_head/pfo0_head014.mdl; sw_pt_head/pmo0_head002.mdl; sw_pt_head/pmo0_head002.mdl; sw_pt_head/pmo0_head026.mdl
sw_plc/Aegis_specular.tga,sw_cr_vehicle/Aegis_specular.tga,786450,58204f9db5c817b9449fc14090172977580ccb095fe00b54928cbffac1bedc19,All observed ASCII and binary corpus consumers resolve to one category; actual bitmap/material/texture declaration verified after decompilation,sw_cr_vehicle/c_n_thranta.mtr; sw_cr_vehicle/c_n_thranta.mtr; sw_cr_vehicle/c_rep_thranta.mtr; sw_cr_vehicle/c_rep_thranta.mtr; sw_cr_vehicle/c_sith_thranta.mtr; sw_cr_vehicle/c_sith_thranta.mtr
sw_plc/Bothan_Cruiser.tga,sw_cr_vehicle/Bothan_Cruiser.tga,786450,c527a34c7bd869c42add8679fd465405a988e604d2e89accbee544ea65390883,All observed ASCII and binary corpus consumers resolve to one category; actual bitmap/material/texture declaration verified after decompilation,sw_cr_vehicle/c_bothan_cruis.mtr
sw_plc/Bothan_Cruiser_L.tga,sw_cr_vehicle/Bothan_Cruiser_L.tga,262188,895abff981d4741f393f65707f001725db4891d578074798974606163d93e78c,All observed ASCII and binary corpus consumers resolve to one category; actual bitmap/material/texture declaration verified after decompilation,sw_cr_vehicle/c_bothan_cruisl.mtr
sw_plc/Centurion_R.tga,sw_cr_vehicle/Centurion_R.tga,774120,6fe3c41e2e636d2fa1bb4082ec1f3693c036b762ca83ec43a61dd1b9eb9d168a,All observed ASCII and binary corpus consumers resolve to one category; actual bitmap/material/texture declaration verified after decompilation,sw_cr_vehicle/c_centur.mtr
sw_plc/Harrow_H.dds,sw_cr_vehicle/Harrow_H.dds,174796,8d3a7ae26423e85cb8a03b0ec18aa087fb030d34168915b7bba45328286a87f4,All observed ASCII and binary corpus consumers resolve to one category; actual bitmap/material/texture declaration verified after decompilation,sw_cr_vehicle/c_sith_harh.mtr
sw_plc/Harrow_H.tga,sw_cr_vehicle/Harrow_H.tga,786450,ec10e61c4c39907e7000782f1346431b1c40ca52ecbae3d1c00eb17f975e7b6b,All observed ASCII and binary corpus consumers resolve to one category; actual bitmap/material/texture declaration verified after decompilation,sw_cr_vehicle/c_sith_harh.mtr
sw_plc/Harrow_L.tga,sw_cr_vehicle/Harrow_L.tga,196652,6767b0c31d9b35968168f86a3f44647f8c3719ee4190a5b993ead64b10d71e04,All observed ASCII and binary corpus consumers resolve to one category; actual bitmap/material/texture declaration verified after decompilation,sw_cr_vehicle/c_sith_harl.mtr
sw_plc/Hutt_Cruiser_L.tga,sw_cr_vehicle/Hutt_Cruiser_L.tga,262188,e048cb587fad3f9aa5d2d4774bcbcc4517e5d8dc8cd4663960ae3590c14fbfff,All observed ASCII and binary corpus consumers resolve to one category; actual bitmap/material/texture declaration verified after decompilation,sw_cr_vehicle/c_hutt_cruisl.mtr
sw_plc/Hutt_Gunship.tga,sw_cr_vehicle/Hutt_Gunship.tga,786450,06a3b7b97b46751c1138ccb57183b85325731438a03bd33db70fc45945e79dcb,All observed ASCII and binary corpus consumers resolve to one category; actual bitmap/material/texture declaration verified after decompilation,sw_cr_vehicle/c_hutt_gun.mtr
sw_plc/Hutt_cruiser.tga,sw_cr_vehicle/Hutt_cruiser.tga,786450,3167227d83371bb7bc6ed29fd3b374bfbe749e89d184d923ea8e0b1c23c96647,All observed ASCII and binary corpus consumers resolve to one category; actual bitmap/material/texture declaration verified after decompilation,sw_cr_vehicle/c_hutt_cruish.mtr
sw_plc/Inexpugnable_R.tga,sw_cr_vehicle/Inexpugnable_R.tga,786450,ea2b6258b5eb8f59a2680e7834c89418009eea9b71322d64b9ec8c7851bf9b45,All observed ASCII and binary corpus consumers resolve to one category; actual bitmap/material/texture declaration verified after decompilation,sw_cr_vehicle/c_rep_inexp.mtr
sw_plc/Jedi_Shuttle.tga,sw_cr_vehicle/Jedi_Shuttle.tga,786450,d0370708c1996d5e7f14998ef011be1cba5ad736127f34a917555643fc9ecfe8,All observed ASCII and binary corpus consumers resolve to one category; actual bitmap/material/texture declaration verified after decompilation,sw_cr_vehicle/c_jedi_shuttle.mtr
sw_plc/Jedi_Shuttle_B.tga,sw_cr_vehicle/Jedi_Shuttle_B.tga,786450,be0bd8f282fcbddef26d5cdbc0c1b6cc845e5ca0372134e928d4681d93ae9032,All observed ASCII and binary corpus consumers resolve to one category; actual bitmap/material/texture declaration verified after decompilation,sw_cr_vehicle/c_jedi_shuttlee.mtr
sw_plc/Kandosii_L.tga,sw_cr_vehicle/Kandosii_L.tga,196652,f55f6ac1b3f0b09eaff031ad15db6f3e99dc52cb4a75ae56f1b502e6eed2c51d,All observed ASCII and binary corpus consumers resolve to one category; actual bitmap/material/texture declaration verified after decompilation,sw_cr_vehicle/c_man_kandl.mtr
sw_plc/Kyramud_B.tga,sw_cr_vehicle/Kyramud_B.tga,786450,3cdafa664a09cc63bef1b68ae3200a4c84dbbbdf8d2d2cbbfc5b4c36e0c7b6cd,All observed ASCII and binary corpus consumers resolve to one category; actual bitmap/material/texture declaration verified after decompilation,sw_cr_vehicle/c_man_kyrah.001.mtr
sw_plc/Kyramud_L.tga,sw_cr_vehicle/Kyramud_L.tga,393234,abf5f01746870acd8e300e8637370936bb5709e2e4f25e240d6bc68e6b36d1da,All observed ASCII and binary corpus consumers resolve to one category; actual bitmap/material/texture declaration verified after decompilation,sw_cr_vehicle/c_man_kyral.mtr
sw_plc/Mand_CruiH.tga,sw_cr_vehicle/Mand_CruiH.tga,786450,4b056c91621d2150859ee9d90a91992c125e4f6f6e6dfe9fe85ab85b77f1b0e6,All observed ASCII and binary corpus consumers resolve to one category; actual bitmap/material/texture declaration verified after decompilation,sw_cr_vehicle/c_man_crui.mtr
sw_plc/Mand_CruiL.tga,sw_cr_vehicle/Mand_CruiL.tga,393234,379aa8e1178a23428cfc3dac2e6774a5a5d2a8630d02f64ee264feb67e735d22,All observed ASCII and binary corpus consumers resolve to one category; actual bitmap/material/texture declaration verified after decompilation,sw_cr_vehicle/c_man_cruil.mtr
sw_plc/Paladin.tga,sw_cr_vehicle/Paladin.tga,786450,c52b8892ca7275ffa1a27725791e20fd533205e948e39b6c027b7427d94618a6,All observed ASCII and binary corpus consumers resolve to one category; actual bitmap/material/texture declaration verified after decompilation,sw_cr_vehicle/c_rep_palad.mtr
sw_plc/Paladin_L.tga,sw_cr_vehicle/Paladin_L.tga,131116,ac62df688cf4bea23fb9d5e3051b4d4e8eab9b17b495862bf08c5983f1d98d6b,All observed ASCII and binary corpus consumers resolve to one category; actual bitmap/material/texture declaration verified after decompilation,sw_cr_vehicle/c_rep_paladl.mtr
sw_plc/Phoebos.tga,sw_cr_vehicle/Phoebos.tga,786450,b6b0164393357525fd02b112c8b9d28c87926c39abb9efba2031823d356d108d,All observed ASCII and binary corpus consumers resolve to one category; actual bitmap/material/texture declaration verified after decompilation,sw_cr_vehicle/c_pheobos.mtr
sw_plc/Praetorian_R.tga,sw_cr_vehicle/Praetorian_R.tga,786450,fdf140a1a4af534f92bbfe0bdf195371a6bf8951372babdcb1f8d5c226c556de,All observed ASCII and binary corpus consumers resolve to one category; actual bitmap/material/texture declaration verified after decompilation,sw_cr_vehicle/c_rep_preat.mtr
sw_plc/TOR_Support_01.tga,sw_cr_vehicle/TOR_Support_01.tga,786450,053091cc0ab0902c83e964ad8596a8211931b76c5dd3dd1418f105a4805c419b,All observed ASCII and binary corpus consumers resolve to one category; actual bitmap/material/texture declaration verified after decompilation,sw_cr_vehicle/c_support1h.mtr
sw_plc/TOR_Support_01_L.tga,sw_cr_vehicle/TOR_Support_01_L.tga,786450,3cfe447b42d16542ac080a9921cc3a070a1a5e27ea2dfabd7494ddd32f71aff2,All observed ASCII and binary corpus consumers resolve to one category; actual bitmap/material/texture declaration verified after decompilation,sw_cr_vehicle/c_support1l.mtr
sw_plc/TOR_Support_02.tga,sw_cr_vehicle/TOR_Support_02.tga,786450,f2a2f74d0942185a0cca0dcacfda3ff1e7652ae536cfedbe13e6c6a5bf40ddc4,All observed ASCII and binary corpus consumers resolve to one category; actual bitmap/material/texture declaration verified after decompilation,sw_cr_vehicle/c_support2h.mtr
sw_plc/TOR_Support_02_L.tga,sw_cr_vehicle/TOR_Support_02_L.tga,786450,618566c59e144ddef1a745857d3a0bfea524cbdcfa627bbdebe3a2518be1356d,All observed ASCII and binary corpus consumers resolve to one category; actual bitmap/material/texture declaration verified after decompilation,sw_cr_vehicle/c_support2l.mtr
sw_plc/TOR_Support_03.tga,sw_cr_vehicle/TOR_Support_03.tga,786450,c3d1507843731904f089a4673f28a4cf834533e5ad97d6446fdd0003cb42dc79,All observed ASCII and binary corpus consumers resolve to one category; actual bitmap/material/texture declaration verified after decompilation,sw_cr_vehicle/c_support3h.mtr
sw_plc/TOR_Support_03_L.tga,sw_cr_vehicle/TOR_Support_03_L.tga,786450,d8b949625f30517b38b8defdeb9665348f246c67b71a9cc747498fd826983078,All observed ASCII and binary corpus consumers resolve to one category; actual bitmap/material/texture declaration verified after decompilation,sw_cr_vehicle/c_support3l.mtr
sw_plc/Valor_L.tga,sw_cr_vehicle/Valor_L.tga,262188,c6311b69ca8156f3172fdbc2d2be0c40c57ac712372735fe5b2242cad84cd5ae,All observed ASCII and binary corpus consumers resolve to one category; actual bitmap/material/texture declaration verified after decompilation,sw_cr_vehicle/c_rep_valorl.mtr
sw_plc/Valor_R.tga,sw_cr_vehicle/Valor_R.tga,786450,c06321874bc9594e4adeb1f3f8aa7b8b82527e02b78401b24dbfcdbf158d72bf,All observed ASCII and binary corpus consumers resolve to one category; actual bitmap/material/texture declaration verified after decompilation,sw_cr_vehicle/c_rep_valor.mtr
sw_plc/Zenith.tga,sw_cr_vehicle/Zenith.tga,786450,0976539352ec0198808221044bb780a54d62d5bcce4daf519d23dac365276946,All observed ASCII and binary corpus consumers resolve to one category; actual bitmap/material/texture declaration verified after decompilation,sw_cr_vehicle/c_rep_zeni.mtr
sw_plc/Zenith_L.tga,sw_cr_vehicle/Zenith_L.tga,786450,34128e8d93cec0355433e856ad8dbb3f2ccf15a8335725ee40e3330f181fb2d3,All observed ASCII and binary corpus consumers resolve to one category; actual bitmap/material/texture declaration verified after decompilation,sw_cr_vehicle/c_rep_zenithl.mtr
sw_plc/adonis1.dds,sw_plc_mdrn/adonis1.dds,43724,e6ba17bbc62907bbc2874b149b336eb648f5cf7a4275260e0751f0146ae6d464,All observed ASCII and binary corpus consumers resolve to one category; actual bitmap/material/texture declaration verified after decompilation,sw_plc_mdrn/p_adonis.mdl
sw_plc/adonis2.dds,sw_plc_mdrn/adonis2.dds,43724,861f5bf19f7457e21126a0bfe09c9e30133d5a41000cacb36a70b4ef1b677d6d,All observed ASCII and binary corpus consumers resolve to one category; actual bitmap/material/texture declaration verified after decompilation,sw_plc_mdrn/p_adonis.mdl
sw_plc/allosaurus.dds,sw_cr_creature/allosaurus.dds,349572,8e44f157b9a12683ef940bfa8b39c489c336442d788cb1555d4fe6ce5f3d99e0,All observed ASCII and binary corpus consumers resolve to one category; actual bitmap/material/texture declaration verified after decompilation,sw_cr_creature/c_allosaurus.mdl; sw_cr_creature/c_allosaurus.mdl
sw_plc/angel.dds,sw_plc_mdrn/angel.dds,699084,5d6feee76958d3723b4a3996da6da0952f83642bac789dfe1740f6f89b5b1fd2,All observed ASCII and binary corpus consumers resolve to one category; actual bitmap/material/texture declaration verified after decompilation,sw_plc_mdrn/p_angelwing.mdl
sw_plc/ash.dds,sw_plc_mdrn/ash.dds,43724,5b66000ccbc9fcb4f6e2873a129016959b2fc7a408bf6bedcd01a243cc0c3d42,All observed ASCII and binary corpus consumers resolve to one category; actual bitmap/material/texture declaration verified after decompilation,sw_plc_mdrn/pingpong.mdl; sw_plc_mdrn/pingpong.mdl; sw_plc_mdrn/pingpong.mdl; sw_plc_mdrn/pingpong.mdl
sw_plc/banane.tga,sw_plc_mdrn/banane.tga,786476,8fcdece5417df48761bf1d4b67a2a2981fa94e727ef1d4221c8620f0088403e3,All observed ASCII and binary corpus consumers resolve to one category; actual bitmap/material/texture declaration verified after decompilation,sw_plc_mdrn/jez_banana01.mdl; sw_plc_mdrn/jez_banana02.mdl; sw_plc_mdrn/jez_banana03.mdl; sw_plc_mdrn/jez_banana05.mdl; sw_plc_mdrn/jez_banana05.mdl; sw_plc_mdrn/jez_banana05.mdl; sw_plc_mdrn/jez_banana05.mdl; sw_plc_mdrn/jez_banana05.mdl
sw_plc/bar_canb.tga,sw_plc_mdrn/bar_canb.tga,2092,a38ec7ac7e9fa05bb780ebf0660348d191efcac01e6a5902cfd13daa2635aa58,All observed ASCII and binary corpus consumers resolve to one category; actual bitmap/material/texture declaration verified after decompilation,sw_plc_mdrn/bar_clutter.mdl; sw_plc_mdrn/bar_clutter.mdl; sw_plc_mdrn/bar_clutter.mdl; sw_plc_mdrn/bar_clutter.mdl; sw_plc_mdrn/bar_clutter.mdl; sw_plc_mdrn/bar_clutter.mdl
sw_plc/bar_canbtm.tga,sw_plc_mdrn/bar_canbtm.tga,1068,241aaba28983d07911cbd42a6ab0656f12b9a8d27a22885fc964a8735a7dd36c,All observed ASCII and binary corpus consumers resolve to one category; actual bitmap/material/texture declaration verified after decompilation,sw_plc_mdrn/bar_clutter.mdl; sw_plc_mdrn/bar_clutter.mdl; sw_plc_mdrn/bar_clutter.mdl; sw_plc_mdrn/bar_clutter.mdl; sw_plc_mdrn/bar_clutter.mdl; sw_plc_mdrn/bar_clutter.mdl
sw_plc/bar_cantp.tga,sw_plc_mdrn/bar_cantp.tga,1068,19b69ee278a3d02fe9350755e295faf2aac5ae6466b1f1b8937dcace801e35e7,All observed ASCII and binary corpus consumers resolve to one category; actual bitmap/material/texture declaration verified after decompilation,sw_plc_mdrn/bar_clutter.mdl; sw_plc_mdrn/bar_clutter.mdl; sw_plc_mdrn/bar_clutter.mdl; sw_plc_mdrn/bar_clutter.mdl; sw_plc_mdrn/bar_clutter.mdl; sw_plc_mdrn/bar_clutter.mdl
sw_plc/barl01b.dds,sw_plc_mdrn/barl01b.dds,87428,1cf4b001e02f455dc330620acc194077a9b2b058c03b0ede65c66b404edee350,All observed ASCII and binary corpus consumers resolve to one category; actual bitmap/material/texture declaration verified after decompilation,sw_plc_mdrn/psi_barrel12.mdl; sw_plc_mdrn/psi_barrel12.mdl
sw_plc/barl02a.dds,sw_plc_mdrn/barl02a.dds,87428,755b654f21f7035d7df1eed246830a3f8166dcaebbee72945110ac10939a3692,All observed ASCII and binary corpus consumers resolve to one category; actual bitmap/material/texture declaration verified after decompilation,sw_plc_mdrn/psi_barrel10.mdl; sw_plc_mdrn/psi_barrel10.mdl; sw_plc_mdrn/psi_barrel10.mdl
sw_plc/baton.dds,sw_weapon/baton.dds,87428,3227ff1f2170f089b9968f3dc477deb6562a133e1a74478157fbae1b201d2cdb,All observed ASCII and binary corpus consumers resolve to one category; actual bitmap/material/texture declaration verified after decompilation,sw_weapon/wblcl_t_121.mdl; sw_weapon/wblcl_t_121.mdl
sw_plc/bazooka.dds,sw_item/bazooka.dds,732,38b96507b339e0f4c1e18094557dd0a6082b8e46f18799fb9c66a16cd3a58ae3,All observed ASCII and binary corpus consumers resolve to one category; actual bitmap/material/texture declaration verified after decompilation,sw_item/it_torch_020.mdl; sw_item/it_torch_020.mdl
sw_plc/bh_plc_dkft_ba.dds,sw_plc_mdrn/bh_plc_dkft_ba.dds,349572,b53821d5cff0f2fe0abe6e44a2498584625f2e72bafb59a709a97ceb1380066c,All observed ASCII and binary corpus consumers resolve to one category; actual bitmap/material/texture declaration verified after decompilation,sw_plc_mdrn/bhp_dkft1d.mdl; sw_plc_mdrn/bhp_dkft1f.mdl; sw_plc_mdrn/bhp_dkft1g.mdl; sw_plc_mdrn/bhp_dkft1h.mdl
sw_plc/bh_plc_dkft_bc.dds,sw_plc_mdrn/bh_plc_dkft_bc.dds,174796,b19127c13ee044681366d83157508d2b40f626f5775b36ff7b59ff3610973013,All observed ASCII and binary corpus consumers resolve to one category; actual bitmap/material/texture declaration verified after decompilation,sw_plc_mdrn/bhp_dkft2d.mdl; sw_plc_mdrn/bhp_dkft2e.mdl
sw_plc/bh_plc_dkft_p1.dds,sw_plc_mdrn/bh_plc_dkft_p1.dds,349572,2a64743b1672cfa86d11bc747d0f69fd73450f2f7a330b03d70c07f39d9db2ee,All observed ASCII and binary corpus consumers resolve to one category; actual bitmap/material/texture declaration verified after decompilation,sw_plc_mdrn/bhp_dkft2g.mdl; sw_plc_mdrn/bhp_dkft2h.mdl; sw_plc_mdrn/bhp_dkft2i.mdl; sw_plc_mdrn/bhp_dkft5b.mdl; sw_plc_mdrn/bhp_dkft5c.mdl; sw_plc_mdrn/bhp_dkft5g.mdl; sw_plc_mdrn/bhp_dkft5j.mdl; sw_plc_mdrn/bhp_dkft5l.mdl
sw_plc/bh_plc_dkft_p2.dds,sw_plc_mdrn/bh_plc_dkft_p2.dds,349572,4a2b2aeb876d5ba7b60d2c2ea5936914024b6e9c7b6f560fb2876b73d439dca8,All observed ASCII and binary corpus consumers resolve to one category; actual bitmap/material/texture declaration verified after decompilation,sw_plc_mdrn/bhp_dkft6a.mdl; sw_plc_mdrn/bhp_dkft6j.mdl; sw_plc_mdrn/bhp_dkft6l.mdl; sw_plc_mdrn/bhp_dkft7b.mdl; sw_plc_mdrn/bhp_dkft7d.mdl
sw_plc/bh_plc_dkft_s1.dds,sw_plc_mdrn/bh_plc_dkft_s1.dds,174796,bc6649b3d75856821da5c0a69e66a261674839ef1759645b5d4d10e1b2ecfc47,All observed ASCII and binary corpus consumers resolve to one category; actual bitmap/material/texture declaration verified after decompilation,sw_plc_mdrn/bhp_dkft3b.mdl; sw_plc_mdrn/bhp_dkft3c.mdl; sw_plc_mdrn/bhp_dkft3c.mdl; sw_plc_mdrn/bhp_dkft7g.mdl
sw_plc/biolabeqv1.dds,sw_plc_mdrn/biolabeqv1.dds,43724,3c223644040d0977de9f05c99ffd21e1b3c09bfa819b856297f228c5c44c79e7,All observed ASCII and binary corpus consumers resolve to one category; actual bitmap/material/texture declaration verified after decompilation,sw_plc_mdrn/p_computer03.mdl; sw_plc_mdrn/p_computer03.mdl
sw_plc/bldarm.dds,sw_plc_cep/bldarm.dds,5500,9fc5bdba6907a26f92faccdc5e3e59aa0c12035e98975ef318c1226bd8cc94e2,All observed ASCII and binary corpus consumers resolve to one category; actual bitmap/material/texture declaration verified after decompilation,sw_plc_cep/zlc_j03.mdl; sw_plc_cep/zlc_j03.mdl
sw_plc/bldchest.dds,sw_plc_cep/bldchest.dds,43724,b95a2d1660876d6372575fc43b571049c8d127abea3475640d537201afae221a,All observed ASCII and binary corpus consumers resolve to one category; actual bitmap/material/texture declaration verified after decompilation,sw_plc_cep/zlc_j03.mdl
sw_plc/blu_marb.dds,sw_plc_mdrn/blu_marb.dds,43724,0ebf7739c44ef052595924de44107cb2e3e5adbd8cbf94b6c3e02d4d7ef74332,All observed ASCII and binary corpus consumers resolve to one category; actual bitmap/material/texture declaration verified after decompilation,sw_plc_mdrn/mc_cntr.mdl
sw_plc/brass2.dds,sw_plc_mdrn/brass2.dds,10956,691dc8e64d62962fe356a9450a01f3ffe015d2cc465d7500d8162877642dc821,All observed ASCII and binary corpus consumers resolve to one category; actual bitmap/material/texture declaration verified after decompilation,sw_plc_mdrn/mc_cntr.mdl; sw_plc_mdrn/mc_cntr.mdl; sw_plc_mdrn/mc_cntr.mdl; sw_plc_mdrn/mc_cntr.mdl; sw_plc_mdrn/mc_cntr.mdl; sw_plc_mdrn/mc_cntr.mdl
sw_plc/bw_engine.tga,sw_cr_vehicle/bw_engine.tga,12306,068b722c562e0f26790775f1cf959865ebec066147b3f93ff320a1de56f90cf7,All observed ASCII and binary corpus consumers resolve to one category; actual bitmap/material/texture declaration verified after decompilation,sw_cr_vehicle/c_bwfightert.006.mtr
sw_plc/bw_panel_256.tga,sw_cr_vehicle/bw_panel_256.tga,196626,0bee42b0b82d76fbe60e1816048d4fb2bae90026e4bed1383a2d8fc610091d2e,All observed ASCII and binary corpus consumers resolve to one category; actual bitmap/material/texture declaration verified after decompilation,sw_cr_vehicle/c_bwfightert.001.mtr; sw_cr_vehicle/c_bwfightert.002.mtr; sw_cr_vehicle/c_bwfightert.003.mtr; sw_cr_vehicle/c_bwfightert.008.mtr
sw_plc/cabinet.dds,sw_plc_mdrn/cabinet.dds,43724,dc5de650147c46467378aa38634cc7b32aa3c311c88f1076652b7df7f69928f0,All observed ASCII and binary corpus consumers resolve to one category; actual bitmap/material/texture declaration verified after decompilation,sw_plc_mdrn/counter.mdl; sw_plc_mdrn/counter.mdl; sw_plc_mdrn/counter.mdl; sw_plc_mdrn/counter.mdl; sw_plc_mdrn/counterc.mdl; sw_plc_mdrn/counterc.mdl; sw_plc_mdrn/counterc.mdl; sw_plc_mdrn/counterc.mdl
sw_plc/cappipe.dds,sw_plc_mdrn/cappipe.dds,10956,e3e460e3e3b77db8c4a1ea2d79a93581944c57ef90eb10de8325cdabbe82ef49,All observed ASCII and binary corpus consumers resolve to one category; actual bitmap/material/texture declaration verified after decompilation,sw_plc_mdrn/p_misc2.mdl
sw_plc/captest.dds,sw_plc_mdrn/captest.dds,2764,c1b4f6230a382874b6e37fef60c3c7ed1441e2ce826366a615819bfdc66c2703,All observed ASCII and binary corpus consumers resolve to one category; actual bitmap/material/texture declaration verified after decompilation,sw_plc_mdrn/p_misc1.mdl
sw_plc/carg_box.dds,sw_plc_mdrn/carg_box.dds,2764,4905641b3aef935657841438ec61b49bde35cbabca51c1be88e7b8686fbbd0d9,All observed ASCII and binary corpus consumers resolve to one category; actual bitmap/material/texture declaration verified after decompilation,sw_plc_mdrn/ffcargoship.mdl; sw_plc_mdrn/ffcargoship.mdl; sw_plc_mdrn/ffcargoship.mdl; sw_plc_mdrn/ffcargoship.mdl; sw_plc_mdrn/ffcargoship.mdl; sw_plc_mdrn/ffcargoship.mdl; sw_plc_mdrn/ffcargoship.mdl; sw_plc_mdrn/ffcargoship.mdl
sw_plc/cclight.dds,sw_plc_mdrn/cclight.dds,2764,6e78c0fb99f3c16b2347f985e10c4855f82e0c00bc3c06273c8f7aca247df97f,All observed ASCII and binary corpus consumers resolve to one category; actual bitmap/material/texture declaration verified after decompilation,sw_plc_mdrn/hut1.mdl; sw_plc_mdrn/hut1.mdl; sw_plc_mdrn/hut1.mdl; sw_plc_mdrn/hut1.mdl; sw_plc_mdrn/hut4.mdl; sw_plc_mdrn/hut4.mdl
sw_plc/cclight.tga,sw_plc_mdrn/cclight.tga,812,18f6696acc48aa7b8ddca582f1d6c9db0bcb31e99390dca735ee93cb408015b9,All observed ASCII and binary corpus consumers resolve to one category; actual bitmap/material/texture declaration verified after decompilation,sw_plc_mdrn/hut1.mdl; sw_plc_mdrn/hut1.mdl; sw_plc_mdrn/hut1.mdl; sw_plc_mdrn/hut1.mdl; sw_plc_mdrn/hut4.mdl; sw_plc_mdrn/hut4.mdl
sw_plc/ceiling2_l3_2c.dds,sw_plc_mdrn/ceiling2_l3_2c.dds,43724,202f76c27bf171c8860030d953271ad2ae1a36b92487ebcb598959c7ec1b095a,All observed ASCII and binary corpus consumers resolve to one category; actual bitmap/material/texture declaration verified after decompilation,sw_plc_mdrn/shp_ceilg01.mdl
sw_plc/cfcolumn1.tga,sw_plc_mdrn/cfcolumn1.tga,25115,99a3d9fff215211d604a08669543a444a4b47dd82c98cafc57dd9043cffe4c4e,All observed ASCII and binary corpus consumers resolve to one category; actual bitmap/material/texture declaration verified after decompilation,sw_plc_mdrn/cfcolumn01.mdl; sw_plc_mdrn/cfcolumn02.mdl; sw_plc_mdrn/cfcolumn03.mdl; sw_plc_mdrn/cfcolumn04.mdl
sw_plc/cfcolumnfigure.tga,sw_plc_mdrn/cfcolumnfigure.tga,197147,e14c9d67c536207289e104b32c513fb6e155f1adba505c9d34ee57aa952d3f8c,All observed ASCII and binary corpus consumers resolve to one category; actual bitmap/material/texture declaration verified after decompilation,sw_plc_mdrn/cfcolumn01.mdl; sw_plc_mdrn/cfcolumn01.mdl; sw_plc_mdrn/cfcolumn02.mdl; sw_plc_mdrn/cfcolumn04.mdl
sw_plc/cfcolumntrim.tga,sw_plc_mdrn/cfcolumntrim.tga,6188,e0774dba27fdb37d4adf265c6fbe77ac3e059c4cc1036f88f8142a78616b6c25,All observed ASCII and binary corpus consumers resolve to one category; actual bitmap/material/texture declaration verified after decompilation,sw_plc_mdrn/cfcolumn01.mdl; sw_plc_mdrn/cfcolumn02.mdl; sw_plc_mdrn/cfcolumn03.mdl; sw_plc_mdrn/cfcolumn04.mdl
sw_plc/chalk1.dds,sw_plc_mdrn/chalk1.dds,21892,e976ce27ad69205ac1c77eba6d0d6eef3ad72a1fef39996718f5d4b0787362a6,All observed ASCII and binary corpus consumers resolve to one category; actual bitmap/material/texture declaration verified after decompilation,sw_plc_mdrn/outline.mdl
sw_plc/checks.dds,sw_t_modernex/checks.dds,87428,69139600e702f529e59504e7b9d831fa5dcb075eb228303e4454b10db40948b1,All observed ASCII and binary corpus consumers resolve to one category; actual bitmap/material/texture declaration verified after decompilation,sw_t_modernex/dgt04_e09_06.mdl; sw_t_modernex/dgt04_e09_06.mdl
sw_plc/checks.txi,sw_t_modernex/checks.txi,46,6aa8ba776d2a4d233fb2205db216ce8fd491b3a20ea2e2a2e5f43730eba5503e,All observed ASCII and binary corpus consumers resolve to one category; actual bitmap/material/texture declaration verified after decompilation,sw_t_modernex/dgt04_e09_06.mdl; sw_t_modernex/dgt04_e09_06.mdl
sw_plc/cherryltv.tga,sw_plc_mdrn/cherryltv.tga,62515,d5cbc2a3b868a8a00b7bd768dff66a6eb56b1a36b57af0943eb0b41e47e8e32b,All observed ASCII and binary corpus consumers resolve to one category; actual bitmap/material/texture declaration verified after decompilation,sw_plc_mdrn/jukebox.mdl; sw_plc_mdrn/jukebox.mdl
sw_plc/cherryv.dds,sw_plc_mdrn/cherryv.dds,10956,e171f73d6c9cb244e669d067175b6bfd2ebedbf2d98e4da4bd39566c7c8475c7,All observed ASCII and binary corpus consumers resolve to one category; actual bitmap/material/texture declaration verified after decompilation,sw_plc_mdrn/plainchair1.mdl; sw_plc_mdrn/plainchair1.mdl; sw_plc_mdrn/plainchair2.mdl; sw_plc_mdrn/plainchair2.mdl
sw_plc/cinderwall.dds,sw_plc_mdrn/cinderwall.dds,174796,12b7324e6dab6aa960c303c06c2b3e04097d3fa4168336216b093742e908445f,All observed ASCII and binary corpus consumers resolve to one category; actual bitmap/material/texture declaration verified after decompilation,sw_plc_mdrn/mdrn_street_lamp.mdl
sw_plc/cntpipe.dds,sw_plc_mdrn/cntpipe.dds,10956,50d87c01fd727be8330855ea620be43c3e4675d852738f8cd2a5d5548d6c78cb,All observed ASCII and binary corpus consumers resolve to one category; actual bitmap/material/texture declaration verified after decompilation,sw_plc_mdrn/p_misc2.mdl
sw_plc/com_tower.mdl,sw_plc_mdrn/com_tower.mdl,36668,c55545440710ef7a5de44d68e20fb31f07fc4c44d0f278e6bde0936fad37e834,placeables.2da explicitly labels this model [mdrn]; preserve same-stem companions,
sw_plc/com_tower.pwk,sw_plc_mdrn/com_tower.pwk,641,d9f582eb7e9aef5013c3e52bb3f30cd26ce559b7dc88003a8c2f4ade538bc64d,placeables.2da explicitly labels this model [mdrn]; preserve same-stem companions,
sw_plc/compbase.dds,sw_plc_mdrn/compbase.dds,10956,59cfa7b7233632a2cadfabe25674a2f60edd97c76e2f2bfcf3d756b678c2fb65,All observed ASCII and binary corpus consumers resolve to one category; actual bitmap/material/texture declaration verified after decompilation,sw_plc_mdrn/mod01_o01_06.mdl; sw_plc_mdrn/mod01_o01_06.mdl
sw_plc/compbase.tga,sw_plc_mdrn/compbase.tga,3116,83be6773020245535fcba71055ef91be9bb2dd7f61bb9c7358671b4e93a44538,All observed ASCII and binary corpus consumers resolve to one category; actual bitmap/material/texture declaration verified after decompilation,sw_plc_mdrn/mod01_o01_06.mdl; sw_plc_mdrn/mod01_o01_06.mdl
sw_plc/compressor.dds,sw_plc_mdrn/compressor.dds,43724,944e20e4cf4cc9d5f33da8754946270fabf18c2959fef7615ae3e0d780357840,All observed ASCII and binary corpus consumers resolve to one category; actual bitmap/material/texture declaration verified after decompilation,sw_plc_mdrn/mod01_o01_06.mdl; sw_plc_mdrn/mod01_o01_06.mdl
sw_plc/compressor.tga,sw_plc_mdrn/compressor.tga,12332,eaa5c9a4d13f43c822f412ada8e67202a689e34eacea1970f133203ec85de0e5,All observed ASCII and binary corpus consumers resolve to one category; actual bitmap/material/texture declaration verified after decompilation,sw_plc_mdrn/mod01_o01_06.mdl; sw_plc_mdrn/mod01_o01_06.mdl
sw_plc/copperox.dds,sw_plc_mdrn/copperox.dds,87420,e7dc888ef3e55c0317576a6d4cccc106fc55405d9a4b60c8f3a3cac8d31f9aff,All observed ASCII and binary corpus consumers resolve to one category; actual bitmap/material/texture declaration verified after decompilation,sw_plc_mdrn/ffmarket.mdl; sw_plc_mdrn/ffmarket.mdl; sw_plc_mdrn/ffmarket.mdl; sw_plc_mdrn/ffmarket.mdl; sw_plc_mdrn/ffmarket.mdl; sw_plc_mdrn/ffmarket.mdl; sw_plc_mdrn/ffmarket.mdl; sw_plc_mdrn/ffmarket.mdl
sw_plc/corn_p.dds,sw_plc_mdrn/corn_p.dds,174820,31f57f9c085b8e8a4fc09dccd416bde6e3a2ba1c7632475a24c1bd0f0f859bee,All observed ASCII and binary corpus consumers resolve to one category; actual bitmap/material/texture declaration verified after decompilation,sw_plc_mdrn/plc_cornplants.mdl
sw_plc/cq_band2.dds,sw_plc_mdrn/cq_band2.dds,43748,f88e6389ef571dc8bc293745b57616f8d99ab54bd6f20b2677b5c4041bd12ccd,All observed ASCII and binary corpus consumers resolve to one category; actual bitmap/material/texture declaration verified after decompilation,sw_plc_mdrn/cqentrance11.mdl; sw_plc_mdrn/cqhouse11.mdl; sw_plc_mdrn/cqhouse11.mdl; sw_plc_mdrn/cqhouse12.mdl; sw_plc_mdrn/cqhouse12.mdl; sw_plc_mdrn/cqhouse12.mdl; sw_plc_mdrn/cqhouse13.mdl; sw_plc_mdrn/cqhouse14.mdl
sw_plc/cq_band2.tga,sw_plc_mdrn/cq_band2.tga,196652,d2fec61541ca11480177a6b7b6f73c02c0fef317d8809f15e3a75cbba073dacd,All observed ASCII and binary corpus consumers resolve to one category; actual bitmap/material/texture declaration verified after decompilation,sw_plc_mdrn/cqentrance11.mdl; sw_plc_mdrn/cqhouse11.mdl; sw_plc_mdrn/cqhouse11.mdl; sw_plc_mdrn/cqhouse12.mdl; sw_plc_mdrn/cqhouse12.mdl; sw_plc_mdrn/cqhouse12.mdl; sw_plc_mdrn/cqhouse13.mdl; sw_plc_mdrn/cqhouse14.mdl
sw_plc/cq_coque.dds,sw_plc_mdrn/cq_coque.dds,87428,eca602ed308f75613a9d5ebb0b1adcfcddb5a753c8bede40f229b9d2b610def4,All observed ASCII and binary corpus consumers resolve to one category; actual bitmap/material/texture declaration verified after decompilation,sw_plc_mdrn/cqbomber01.mdl; sw_plc_mdrn/cqbomber01.mdl; sw_plc_mdrn/cqbomber01.mdl; sw_plc_mdrn/cqbomber01.mdl; sw_plc_mdrn/cqbship01.mdl; sw_plc_mdrn/cqbship01.mdl; sw_plc_mdrn/cqfighter01.mdl; sw_plc_mdrn/cqfighter01.mdl
sw_plc/cq_coque_used.dds,sw_plc_mdrn/cq_coque_used.dds,87428,c8ce3aaa0dc7db4ff10f1efb63a20bdb65cccfe2ea65d70e4caa3265d6c6d53c,All observed ASCII and binary corpus consumers resolve to one category; actual bitmap/material/texture declaration verified after decompilation,sw_plc_mdrn/cqbomber02.mdl; sw_plc_mdrn/cqbomber02.mdl; sw_plc_mdrn/cqbomber02.mdl; sw_plc_mdrn/cqbomber02.mdl; sw_plc_mdrn/cqbship02.mdl; sw_plc_mdrn/cqbship02.mdl; sw_plc_mdrn/cqfighter02.mdl; sw_plc_mdrn/cqfighter02.mdl
sw_plc/cq_crate1.dds,sw_plc_mdrn/cq_crate1.dds,349572,0eeb4c78a4e60d392a3b6eab9c0ad301f286d5cc97bf31c79aee355b152fd739,All observed ASCII and binary corpus consumers resolve to one category; actual bitmap/material/texture declaration verified after decompilation,sw_plc_mdrn/cqarm01.mdl; sw_plc_mdrn/cqbarel01.mdl; sw_plc_mdrn/cqbarel01.mdl; sw_plc_mdrn/cqbarel02.mdl; sw_plc_mdrn/cqbarel02.mdl; sw_plc_mdrn/cqcrate02.mdl; sw_plc_mdrn/cqeta1.mdl; sw_plc_mdrn/cqeta2.mdl
sw_plc/cq_crate2.dds,sw_plc_mdrn/cq_crate2.dds,349572,c48fd42c5b7f81726a47fa4c375325866f65b917c9959ffe4e90558f777747a2,All observed ASCII and binary corpus consumers resolve to one category; actual bitmap/material/texture declaration verified after decompilation,sw_plc_mdrn/cqbarel01.mdl; sw_plc_mdrn/cqcrate01.mdl; sw_plc_mdrn/cqeta1.mdl; sw_plc_mdrn/cqeta1.mdl; sw_plc_mdrn/cqeta1.mdl
sw_plc/cq_crate3.dds,sw_plc_mdrn/cq_crate3.dds,349572,bc39902ddfb72433f7f24e3843f892a8383412da28ac09a4e78de381734a2de2,All observed ASCII and binary corpus consumers resolve to one category; actual bitmap/material/texture declaration verified after decompilation,sw_plc_mdrn/cqbarel02.mdl; sw_plc_mdrn/cqcrate03.mdl; sw_plc_mdrn/cqeta1.mdl; sw_plc_mdrn/cqeta1.mdl; sw_plc_mdrn/cqeta2.mdl; sw_plc_mdrn/cqeta2.mdl
sw_plc/cq_metal01.dds,sw_plc_mdrn/cq_metal01.dds,349572,7eacd720dd72fd499b20743733bfc7992a330a231b65dad4a97a8683b0780b99,All observed ASCII and binary corpus consumers resolve to one category; actual bitmap/material/texture declaration verified after decompilation,sw_plc_mdrn/cqentrance11.mdl; sw_plc_mdrn/cqentrance11.mdl; sw_plc_mdrn/cqentrance11.mdl; sw_plc_mdrn/cqentrance11.mdl; sw_plc_mdrn/cqentrance11.mdl; sw_plc_mdrn/cqentrance11.mdl; sw_plc_mdrn/cqentrance11.mdl; sw_plc_mdrn/cqentrance11.mdl
sw_plc/cq_mirror.dds,sw_plc_mdrn/cq_mirror.dds,43724,19b86173c78822a56df5dcfe34fe1f8404ecf6fa79f0da3abbdcf38acac3b9ee,All observed ASCII and binary corpus consumers resolve to one category; actual bitmap/material/texture declaration verified after decompilation,sw_plc_mdrn/cqsb03.mdl
sw_plc/cqband.dds,sw_plc_mdrn/cqband.dds,21892,cfc27dc166f280ea6e6ee6cd2df943710a1bde06be93b4ac9a087d6df788e799,All observed ASCII and binary corpus consumers resolve to one category; actual bitmap/material/texture declaration verified after decompilation,sw_plc_mdrn/cqentrance11.mdl; sw_plc_mdrn/cqentrance11.mdl; sw_plc_mdrn/cqhouse11.mdl; sw_plc_mdrn/cqhouse11.mdl; sw_plc_mdrn/cqhouse11.mdl; sw_plc_mdrn/cqhouse11.mdl; sw_plc_mdrn/cqhouse11.mdl; sw_plc_mdrn/cqhouse11.mdl
sw_plc/cqblack01.dds,sw_plc_mdrn/cqblack01.dds,76,f15a2f8bacfc80e8a456c43a9ff4c967f1577198c2df5cb7f13ccceec75d4068,All observed ASCII and binary corpus consumers resolve to one category; actual bitmap/material/texture declaration verified after decompilation,sw_plc_mdrn/cqbomber01.mdl; sw_plc_mdrn/cqbomber01.mdl; sw_plc_mdrn/cqbomber01.mdl; sw_plc_mdrn/cqbomber02.mdl; sw_plc_mdrn/cqbomber02.mdl; sw_plc_mdrn/cqbomber02.mdl; sw_plc_mdrn/cqbship01.mdl; sw_plc_mdrn/cqbship01.mdl
sw_plc/cqd01_blan.dds,sw_plc_mdrn/cqd01_blan.dds,349572,77756d22615483f06302c471a5e608405e0c02492909884fc4a83708cf64897b,All observed ASCII and binary corpus consumers resolve to one category; actual bitmap/material/texture declaration verified after decompilation,sw_plc_mdrn/cqsb01.mdl; sw_plc_mdrn/cqsb01.mdl; sw_plc_mdrn/cqsb02.mdl; sw_plc_mdrn/cqsb02.mdl; sw_plc_mdrn/cqsb03.mdl; sw_plc_mdrn/cqsb03.mdl
sw_plc/cqd01_wall.dds,sw_plc_mdrn/cqd01_wall.dds,174796,ad896c5a31396c38f04f0f79aecf91baeef3efe87b1bf64fa1a22906b25da70f,All observed ASCII and binary corpus consumers resolve to one category; actual bitmap/material/texture declaration verified after decompilation,sw_plc_mdrn/cqhouse01.mdl; sw_plc_mdrn/cqhouse01.mdl; sw_plc_mdrn/cqhouse01.mdl; sw_plc_mdrn/cqhouse01.mdl; sw_plc_mdrn/cqhouse01.mdl; sw_plc_mdrn/cqhouse01.mdl; sw_plc_mdrn/cqhouse01.mdl; sw_plc_mdrn/cqhouse01.mdl
sw_plc/cqn12.dds,sw_plc_mdrn/cqn12.dds,10980,4971d29e12a13a21e92dddbe7d171caf6111f7f8279a8798368d586573df1db2,All observed ASCII and binary corpus consumers resolve to one category; actual bitmap/material/texture declaration verified after decompilation,sw_plc_mdrn/cqhouse11.mdl; sw_plc_mdrn/cqhouse11.mdl; sw_plc_mdrn/cqhouse11.mdl; sw_plc_mdrn/cqhouse12.mdl; sw_plc_mdrn/cqhouse12.mdl; sw_plc_mdrn/cqhouse14.mdl; sw_plc_mdrn/cqhouse15.mdl; sw_plc_mdrn/cqhouse15.mdl
sw_plc/crawler.dds,sw_cr_creature/crawler.dds,699192,46eeca7f9c92f962bedcb7e3a1a8dd41c41f01a44aef361984fa51b44cd44862,All observed ASCII and binary corpus consumers resolve to one category; actual bitmap/material/texture declaration verified after decompilation,sw_cr_creature/c_codcrawlz.mdl; sw_cr_creature/c_codcrawlz.mdl; sw_cr_creature/c_codcrawlz.mdl; sw_cr_creature/c_codzombie2.mdl; sw_cr_creature/c_codzombie2.mdl; sw_cr_creature/c_codzombie2.mdl
sw_plc/d20_bottle01.tga,sw_plc_mdrn/d20_bottle01.tga,6188,81fdfd639bb76c7897e5aa5526cc3ccfff28bd6848f4b6984b8d24e74df4fcb6,All observed ASCII and binary corpus consumers resolve to one category; actual bitmap/material/texture declaration verified after decompilation,sw_plc_mdrn/bar_clutter.mdl; sw_plc_mdrn/bar_clutter.mdl; sw_plc_mdrn/bar_clutter.mdl; sw_plc_mdrn/bar_clutter.mdl; sw_plc_mdrn/bar_clutter.mdl
sw_plc/d20_bottle02.tga,sw_plc_mdrn/d20_bottle02.tga,8236,431cd70f2bedf1021054d7f1b396c605987efc13410ce7c9e60ff7aca9895d6f,All observed ASCII and binary corpus consumers resolve to one category; actual bitmap/material/texture declaration verified after decompilation,sw_plc_mdrn/bar_clutter.mdl
sw_plc/d20_bottle03.tga,sw_plc_mdrn/d20_bottle03.tga,8236,14e9c0b07944481dd80d4016de16acbca9a356862a4db63f2f86eb2c947349a9,All observed ASCII and binary corpus consumers resolve to one category; actual bitmap/material/texture declaration verified after decompilation,sw_plc_mdrn/bar_clutter.mdl
sw_plc/d20_bottle04.tga,sw_plc_mdrn/d20_bottle04.tga,8236,d960f3d7cbe5d83af88af8a7b0d22bb23f9134d5ba0e325861916c4c6c30ba8c,All observed ASCII and binary corpus consumers resolve to one category; actual bitmap/material/texture declaration verified after decompilation,sw_plc_mdrn/bar_clutter.mdl; sw_plc_mdrn/bar_clutter.mdl
sw_plc/d20_dglass01.tga,sw_plc_mdrn/d20_dglass01.tga,6188,bb3753767f9c161dee8404c07647c63731c849ef76427289d6d84b68cc77cfba,All observed ASCII and binary corpus consumers resolve to one category; actual bitmap/material/texture declaration verified after decompilation,sw_plc_mdrn/bar_clutter.mdl; sw_plc_mdrn/bar_clutter.mdl; sw_plc_mdrn/bar_clutter.mdl
sw_plc/d20_light.tga,sw_plc_mdrn/d20_light.tga,12306,0b212bc4f9f49a2ee650f22ec76080e0ca7aad9f62d2a9047ddfc795a672d884,All observed ASCII and binary corpus consumers resolve to one category; actual bitmap/material/texture declaration verified after decompilation,sw_plc_mdrn/jz_lightwallbi02.mdl; sw_plc_mdrn/jz_lightwallbi02.mdl; sw_plc_mdrn/jz_lightwallbi02.mdl; sw_plc_mdrn/jz_lightwallbi02.mdl; sw_plc_mdrn/jz_lightwallbi02.mdl; sw_plc_mdrn/jz_lightwallbi02.mdl; sw_plc_mdrn/jz_lightwallbi02.mdl; sw_plc_mdrn/jz_lightwallbi02.mdl
sw_plc/d20_light2.tga,sw_plc_mdrn/d20_light2.tga,12306,eeab41a37d99388bdf3e5e81856be104d0238f967a732567a47854f6c652199e,All observed ASCII and binary corpus consumers resolve to one category; actual bitmap/material/texture declaration verified after decompilation,sw_plc_mdrn/jz_fridgebig02.mdl; sw_plc_mdrn/jz_fridgebig02.mdl; sw_plc_mdrn/jz_fridgebig02.mdl; sw_plc_mdrn/jz_fridgebig02.mdl; sw_plc_mdrn/jz_fridgebig02.mdl; sw_plc_mdrn/jz_lightwallbi03.mdl; sw_plc_mdrn/jz_lightwallbi03.mdl; sw_plc_mdrn/jz_lightwallbi03.mdl
sw_plc/d20_oldmetal2.tga,sw_plc_mdrn/d20_oldmetal2.tga,12306,3a79bb280a4630023e0cd9d2b85f526ad54e23616af997a37e3cf7dc0eaf5bcc,All observed ASCII and binary corpus consumers resolve to one category; actual bitmap/material/texture declaration verified after decompilation,sw_plc_mdrn/d20_reskin_table.mdl
sw_plc/d20conc1.tga,sw_plc_mdrn/d20conc1.tga,49170,9c6d9b2e48e752e1957291dca2ed0ed792fcafbd79fa53a82a231e824deafc51,All observed ASCII and binary corpus consumers resolve to one category; actual bitmap/material/texture declaration verified after decompilation,sw_plc_mdrn/purp_bookcase2.mdl
sw_plc/d20glass1.tga,sw_plc_mdrn/d20glass1.tga,3116,8e09bc0cfa3b46097f07d94f30bb3dbdc836fbcec54675dc877bf51e1a9d2079,All observed ASCII and binary corpus consumers resolve to one category; actual bitmap/material/texture declaration verified after decompilation,sw_plc_mdrn/purp_bar.mdl
sw_plc/d20glass3.tga,sw_plc_mdrn/d20glass3.tga,49196,2a6172ee90f5e625e6db626dd310588ab875e734296d16e86bf7f43339ea0e66,All observed ASCII and binary corpus consumers resolve to one category; actual bitmap/material/texture declaration verified after decompilation,sw_plc_mdrn/purp_bar.mdl
sw_plc/d20glass4.tga,sw_plc_mdrn/d20glass4.tga,49196,3ee0d8a6dafe550a8d0fd794db771a977f5f81a8408a70d6a64cdce3272d3658,All observed ASCII and binary corpus consumers resolve to one category; actual bitmap/material/texture declaration verified after decompilation,sw_plc_mdrn/purp_bar.mdl
sw_plc/d20marble01.dds,sw_plc_mdrn/d20marble01.dds,106992,54db56495742651c9b4986f364816eb18d9ab25b66e0d7da2dd0cc8538abafa8,All observed ASCII and binary corpus consumers resolve to one category; actual bitmap/material/texture declaration verified after decompilation,sw_plc_mdrn/purp_bar.mdl
sw_plc/d20metal06.tga,sw_plc_mdrn/d20metal06.tga,786476,7ce95a3b9086972ade6ec07c26d445d0ccba00df383f8d9a105104a5e34d6005,All observed ASCII and binary corpus consumers resolve to one category; actual bitmap/material/texture declaration verified after decompilation,sw_plc_mdrn/hut1.mdl; sw_plc_mdrn/hut1.mdl; sw_plc_mdrn/hut1.mdl; sw_plc_mdrn/hut1.mdl; sw_plc_mdrn/hut1.mdl; sw_plc_mdrn/hut1.mdl; sw_plc_mdrn/hut1.mdl; sw_plc_mdrn/hut1.mdl
sw_plc/d20tiles02.tga,sw_plc_mdrn/d20tiles02.tga,196652,c5b9580409fbaa4dc8093fdef54dcc7ef9f086f79931aa46841134292fd12b61,All observed ASCII and binary corpus consumers resolve to one category; actual bitmap/material/texture declaration verified after decompilation,sw_plc_mdrn/purp_circle.mdl
sw_plc/d20wood1.tga,sw_plc_mdrn/d20wood1.tga,1018412,e753aa14593f6daa1f7b294ebde649b5c51a18cc405a34e2e66e675e2ce0e87a,All observed ASCII and binary corpus consumers resolve to one category; actual bitmap/material/texture declaration verified after decompilation,sw_plc_mdrn/purp_lecturn.mdl; sw_plc_mdrn/purp_lecturn.mdl; sw_plc_mdrn/purp_lecturn.mdl
sw_plc/d20wood5.tga,sw_plc_mdrn/d20wood5.tga,1018412,bb32f7361086d43595a2efa46442e8ea241689674c0ff5f6339319f92cd24325,All observed ASCII and binary corpus consumers resolve to one category; actual bitmap/material/texture declaration verified after decompilation,sw_plc_mdrn/bar_clutter.mdl; sw_plc_mdrn/bar_empty.mdl
sw_plc/d20wood7.tga,sw_plc_mdrn/d20wood7.tga,195119,6678c8f858e0a7c088ecb812653972304838846b6d711b6caba31287cf5901ec,All observed ASCII and binary corpus consumers resolve to one category; actual bitmap/material/texture declaration verified after decompilation,sw_plc_mdrn/purp_mirror.mdl; sw_plc_mdrn/purp_mirror.mdl; sw_plc_mdrn/purp_mirror.mdl; sw_plc_mdrn/purp_roundtable.mdl; sw_plc_mdrn/purp_roundtable.mdl; sw_plc_mdrn/purp_roundtable.mdl; sw_plc_mdrn/purp_roundtable.mdl
sw_plc/d20wood8.tga,sw_plc_mdrn/d20wood8.tga,195119,f9ff065cce2e53952d369d7e88dcb855bdbffc32f983399dfbc753cae5894249,All observed ASCII and binary corpus consumers resolve to one category; actual bitmap/material/texture declaration verified after decompilation,sw_plc_mdrn/purp_mirror.mdl
sw_plc/dark_one.dds,sw_cr_creature/dark_one.dds,87428,313c3ff5ebea10a109615bd72d4703186ce3307de8a76c3e3ddbbf335df43a7b,All observed ASCII and binary corpus consumers resolve to one category; actual bitmap/material/texture declaration verified after decompilation,sw_cr_creature/c_darkone.mdl; sw_cr_creature/c_darkone.mdl; sw_cr_creature/c_darkone.mdl; sw_cr_creature/c_darkone.mdl; sw_cr_creature/c_darkone.mdl; sw_cr_creature/c_darkone.mdl; sw_cr_creature/c_darkone.mdl; sw_cr_creature/c_darkone.mdl
sw_plc/desk.dds,sw_plc_mdrn/desk.dds,10956,cd7d27462be5bc440e5fed1fee647d0b73ba89d8b5d8fb31024a18e51a07595f,All observed ASCII and binary corpus consumers resolve to one category; actual bitmap/material/texture declaration verified after decompilation,sw_plc_mdrn/foodcart.mdl; sw_plc_mdrn/foodcart.mdl; sw_plc_mdrn/foodcart.mdl; sw_plc_mdrn/payphone.mdl; sw_plc_mdrn/plc_mgcbc.mdl; sw_plc_mdrn/plc_mgssb1.mdl
sw_plc/dgt02_black.dds,sw_plc_mdrn/dgt02_black.dds,44,a771154b8bb650d31b28765af37e058508ab47e09ea5388039855fefc0db2010,Actual bitmap dependency of a moved [mdrn] model; all raw corpus consumers belong to modern placeables,sw_plc_mdrn/com_tower.mdl
sw_plc/dgt02_white.dds,sw_plc_mdrn/dgt02_white.dds,44,5d762853d485f9b15af7fd16d279a84ba613d8566d0dbdb940990b6292bedf99,Actual bitmap dependency of a moved [mdrn] model; all raw corpus consumers belong to modern placeables,sw_plc_mdrn/com_tower.mdl
sw_plc/digrevb1.dds,sw_plc_mdrn/digrevb1.dds,87428,53bf40a0a46eb37e379d3955201c2f5d60471d320086654fcad5d7e53d6d301e,All observed ASCII and binary corpus consumers resolve to one category; actual bitmap/material/texture declaration verified after decompilation,sw_plc_mdrn/psi_barrel2.mdl; sw_plc_mdrn/psi_barrel2.mdl
sw_plc/dk_pl002.dds,sw_plc_cep/dk_pl002.dds,43724,a376a4d9de2e5d7fe804b2e747ae06743c8e6a397f9cf337d90cce9ff1b23e02,All observed ASCII and binary corpus consumers resolve to one category; actual bitmap/material/texture declaration verified after decompilation,sw_plc_cep/zlc_n05.mdl
sw_plc/dk_pl005.dds,sw_plc_cep/dk_pl005.dds,43724,d6950f8dd93c93a0e17b196f701f1e2ae459615676f69762e8b544319c684064,All observed ASCII and binary corpus consumers resolve to one category; actual bitmap/material/texture declaration verified after decompilation,sw_plc_cep/zlc_n08.mdl
sw_plc/dk_pl006.dds,sw_plc_cep/dk_pl006.dds,43724,592645d242a6eb4786ea21b008dd7cdf93f7b02474f0957b682ffbc8bb69d188,All observed ASCII and binary corpus consumers resolve to one category; actual bitmap/material/texture declaration verified after decompilation,sw_plc_cep/zlc_n04.mdl
sw_plc/dk_pl009.dds,sw_plc_cep/dk_pl009.dds,43724,5854489f0c82b148d2ec9f7863774fcb067c8eee0eb905e9c3e53ff6436aebda,All observed ASCII and binary corpus consumers resolve to one category; actual bitmap/material/texture declaration verified after decompilation,sw_plc_cep/zlc_n13.mdl; sw_plc_cep/zlc_n14.mdl; sw_plc_cep/zlc_n16.mdl
sw_plc/dk_pl010.dds,sw_plc_cep/dk_pl010.dds,43724,ea8a959f26f23e49d6a02a3fbeb4fc5fbea1aa82c149b952bb5892413c3ef0b0,All observed ASCII and binary corpus consumers resolve to one category; actual bitmap/material/texture declaration verified after decompilation,sw_plc_cep/zlc_n13.mdl; sw_plc_cep/zlc_n14.mdl; sw_plc_cep/zlc_n16.mdl
sw_plc/dk_pl011.dds,sw_plc_cep/dk_pl011.dds,43724,4be184e6ea467254ec5fd77e7c4874e6d520c2bd693563b19e1d3632ef558a46,All observed ASCII and binary corpus consumers resolve to one category; actual bitmap/material/texture declaration verified after decompilation,sw_plc_cep/zlc_n03.mdl; sw_plc_cep/zlc_n12.mdl
sw_plc/dk_pl013.dds,sw_plc_cep/dk_pl013.dds,43724,ce57a6d8861b60b3ee0f3156727d51d557c2a4c8bd5cdb61603ff0471541795b,All observed ASCII and binary corpus consumers resolve to one category; actual bitmap/material/texture declaration verified after decompilation,sw_plc_cep/zlc_x92.mdl; sw_plc_cep/zlc_x92.mdl; sw_plc_cep/zlc_x92.mdl
sw_plc/dk_pl014.dds,sw_plc_cep/dk_pl014.dds,43724,0cf9879d184b226dd9edf123143bfe994ef29069bd2a4a2759ccadbd2f365670,All observed ASCII and binary corpus consumers resolve to one category; actual bitmap/material/texture declaration verified after decompilation,sw_plc_cep/zlc_n18.mdl
sw_plc/dk_pl015.dds,sw_plc_cep/dk_pl015.dds,43724,ce6f65ada4edfa230dbc1fc3644684a19a4fdad0d98067ec7ce0dc9a8a4459e3,All observed ASCII and binary corpus consumers resolve to one category; actual bitmap/material/texture declaration verified after decompilation,sw_plc_cep/zlc_x92.mdl
sw_plc/dk_pl018.dds,sw_plc_cep/dk_pl018.dds,43724,e5a4e9680d2015144f40a77e4f52977762f96d63c58c7dedf30bdf5152975054,All observed ASCII and binary corpus consumers resolve to one category; actual bitmap/material/texture declaration verified after decompilation,sw_plc_cep/zlc_x93.mdl
sw_plc/dk_texturewood1.dds,sw_plc_cep/dk_texturewood1.dds,43724,58bfa1af95c85ebe467d7072b2302576b744da933026f995df029a1ce43e6b06,All observed ASCII and binary corpus consumers resolve to one category; actual bitmap/material/texture declaration verified after decompilation,sw_plc_cep/zlc_n01.mdl; sw_plc_cep/zlc_n04.mdl; sw_plc_cep/zlc_n05.mdl; sw_plc_cep/zlc_n08.mdl; sw_plc_cep/zlc_n19.mdl; sw_plc_cep/zlc_x92.mdl
sw_plc/dock.dds,sw_t_modernex/dock.dds,349572,49a9dc74b45f7ee5add4b6008420e3e95b9720e2bab1d7fe2cef4570a03196a8,All observed ASCII and binary corpus consumers resolve to one category; actual bitmap/material/texture declaration verified after decompilation,sw_t_modernex/dgt05_w25_011.mdl; sw_t_modernex/dgt05_w25_011.mdl; sw_t_modernex/dgt05_w25_011.mdl; sw_t_modernex/dgt05_w25_011.mdl; sw_t_modernex/dgt05_w25_111.mdl; sw_t_modernex/dgt05_w25_211.mdl; sw_t_modernex/dgt05_w25_311.mdl; sw_t_modernex/dgt05_w25_411.mdl
sw_plc/draw.dds,sw_plc_mdrn/draw.dds,174796,704f771ee7eb76db11b3f7307d6f55fffe8e86622f0d375894530aacccfea14d,All observed ASCII and binary corpus consumers resolve to one category; actual bitmap/material/texture declaration verified after decompilation,sw_plc_mdrn/purp_desk.mdl; sw_plc_mdrn/purp_desk.mdl
sw_plc/ds_back_01.dds,sw_plc_mdrn/ds_back_01.dds,174796,9a04b9049d7c91b4921be368d12ede27e20e8164a116c8e4a6cc9db929574e12,All observed ASCII and binary corpus consumers resolve to one category; actual bitmap/material/texture declaration verified after decompilation,sw_plc_mdrn/dropship_01.mdl
sw_plc/ds_back_02.dds,sw_plc_mdrn/ds_back_02.dds,174796,03878944ee76d1633f642e6b46965dd1e8f128c38ebe50f8945cdf3427ea85eb,All observed ASCII and binary corpus consumers resolve to one category; actual bitmap/material/texture declaration verified after decompilation,sw_plc_mdrn/dropship_02.mdl
sw_plc/ds_front_01.dds,sw_plc_mdrn/ds_front_01.dds,174796,859610ddad8915de18c32fb26d8ef70147df1cdafa602ac62523aaaee8748ca4,All observed ASCII and binary corpus consumers resolve to one category; actual bitmap/material/texture declaration verified after decompilation,sw_plc_mdrn/dropship_01.mdl
sw_plc/ds_front_02.dds,sw_plc_mdrn/ds_front_02.dds,174796,2b6660735be4a96f4c4ce66c27faf98fc05100f679c1623d976abfaf1ecb9840,All observed ASCII and binary corpus consumers resolve to one category; actual bitmap/material/texture declaration verified after decompilation,sw_plc_mdrn/dropship_02.mdl
sw_plc/dxn_lt03.dds,sw_plc_cep/dxn_lt03.dds,21892,d90eb6531b2f9a7fde2aeb740bf0f34dffba1ff8be4685fa8ed801727a97ca1d,All observed ASCII and binary corpus consumers resolve to one category; actual bitmap/material/texture declaration verified after decompilation,sw_plc_cep/pkt_sithmn.mdl; sw_plc_cep/pkt_sithmn2.mdl
sw_plc/dxn_mt02.dds,sw_plc_cep/dxn_mt02.dds,43724,599e387fe0deeaa384c675c13a3ef4bb40f22bfd72f07ff1ccb466cc28bd6676,All observed ASCII and binary corpus consumers resolve to one category; actual bitmap/material/texture declaration verified after decompilation,sw_plc_cep/pkt_sithcst.mdl; sw_plc_cep/pkt_sithmn.mdl; sw_plc_cep/pkt_sithmn2.mdl; sw_plc_cep/pkt_sithmn3.mdl; sw_plc_cep/pkt_sithmn4.mdl; sw_plc_cep/pkt_sithmn5.mdl; sw_plc_cep/pkt_sithstat.mdl
sw_plc/dxn_mt03.dds,sw_plc_cep/dxn_mt03.dds,43724,f1ee43c6c50414fefbe0b763d18df073d3f2987c44a3c0df7bc41a91b825574b,All observed ASCII and binary corpus consumers resolve to one category; actual bitmap/material/texture declaration verified after decompilation,sw_plc_cep/pkt_sithmn2.mdl; sw_plc_cep/pkt_sithmn3.mdl; sw_plc_cep/pkt_sithstat.mdl
sw_plc/dxn_tr01.dds,sw_plc_cep/dxn_tr01.dds,10956,5048c0123d75588a7f839f1b8ff1d09a6ef89a91513182f92150e7772708bc76,All observed ASCII and binary corpus consumers resolve to one category; actual bitmap/material/texture declaration verified after decompilation,sw_plc_cep/pkt_cht01.mdl; sw_plc_cep/pkt_potbr1.mdl; sw_plc_cep/pkt_potwh1.mdl
sw_plc/dxn_tr02.dds,sw_plc_cep/dxn_tr02.dds,43724,2d506ee42d96dfcb64ca11d3d0e07ca305970e54d30b9459ff9cc72d77e0e557,All observed ASCII and binary corpus consumers resolve to one category; actual bitmap/material/texture declaration verified after decompilation,sw_plc_cep/pkt_sithcst.mdl; sw_plc_cep/pkt_sithmn3.mdl; sw_plc_cep/pkt_sithmn4.mdl; sw_plc_cep/pkt_sithmn5.mdl
sw_plc/dxn_tx02.dds,sw_plc_cep/dxn_tx02.dds,43724,ccc43baf382818103b3eb0f61361b09420c9a8f52acf9b3c08466dd8b7a5c8c7,All observed ASCII and binary corpus consumers resolve to one category; actual bitmap/material/texture declaration verified after decompilation,sw_plc_cep/pkt_sithmn5.mdl
sw_plc/elec_store.tga,sw_plc_cep/elec_store.tga,98348,6c24fb2581906b78b633eb2975670581a5f2b9e1344d87c9665968b39a642274,All observed ASCII and binary corpus consumers resolve to one category; actual bitmap/material/texture declaration verified after decompilation,sw_plc_cep/vos_sign_els.mdl
sw_plc/eng_cone.dds,sw_plc_mdrn/eng_cone.dds,43724,8c0b538adc64d7fd3dbf889c58d721392419a8c1579c2b63be49b551e9b6d65f,All observed ASCII and binary corpus consumers resolve to one category; actual bitmap/material/texture declaration verified after decompilation,sw_plc_mdrn/ffcargoship.mdl; sw_plc_mdrn/ffcargoship.mdl; sw_plc_mdrn/ffcargoship.mdl; sw_plc_mdrn/ffcargoship.mdl; sw_plc_mdrn/ffcargoshiplg.mdl; sw_plc_mdrn/ffcargoshiplg.mdl; sw_plc_mdrn/ffcargoshiplg.mdl; sw_plc_mdrn/ffcargoshiplg.mdl
sw_plc/eng_pod.dds,sw_plc_mdrn/eng_pod.dds,43724,e63b80947b460601db67dbf154e29538af023dc74dc7bbe47851e1c3f0f908e5,All observed ASCII and binary corpus consumers resolve to one category; actual bitmap/material/texture declaration verified after decompilation,sw_plc_mdrn/ffcargoship.mdl; sw_plc_mdrn/ffcargoship.mdl; sw_plc_mdrn/ffcargoship.mdl; sw_plc_mdrn/ffcargoship.mdl; sw_plc_mdrn/ffcargoshiplg.mdl; sw_plc_mdrn/ffcargoshiplg.mdl; sw_plc_mdrn/ffcargoshiplg.mdl; sw_plc_mdrn/ffcargoshiplg.mdl
sw_plc/f02_512.dds,sw_plc_mdrn/f02_512.dds,174796,0445be739c63cfe42e025a6afd544834882bae9c0415cd6b494852f59401812b,All observed ASCII and binary corpus consumers resolve to one category; actual bitmap/material/texture declaration verified after decompilation,sw_plc_mdrn/fffighter2.mdl
sw_plc/fabric1.dds,sw_plc_mdrn/fabric1.dds,43724,630e3216a0309a3b0263c6afc8fd4d288e460380b191aa58cdab9283bc9d2714,All observed ASCII and binary corpus consumers resolve to one category; actual bitmap/material/texture declaration verified after decompilation,sw_plc_mdrn/plainchair1.mdl; sw_plc_mdrn/plainchair1.mdl
sw_plc/fabric2.dds,sw_plc_mdrn/fabric2.dds,43724,7e542585a49c7cdcba14fe272c880523864882016b28b2ba4a59d70640c96a05,All observed ASCII and binary corpus consumers resolve to one category; actual bitmap/material/texture declaration verified after decompilation,sw_plc_mdrn/plainchair2.mdl; sw_plc_mdrn/plainchair2.mdl
sw_plc/ffbluesun.dds,sw_plc_mdrn/ffbluesun.dds,43724,06a9b99c0a918bc3f5d6939fd4dc198389f91f3f7fa86ff56b127a0988f42521,All observed ASCII and binary corpus consumers resolve to one category; actual bitmap/material/texture declaration verified after decompilation,sw_plc_mdrn/ff_bssign.mdl
sw_plc/firefly_fastpay.dds,sw_plc_mdrn/firefly_fastpay.dds,43724,67e809ac243a0d71786394922f06886a3c9c7ef0a9d73b38ca7d15381a3d506c,All observed ASCII and binary corpus consumers resolve to one category; actual bitmap/material/texture declaration verified after decompilation,sw_plc_mdrn/firefly_gaspump.mdl
sw_plc/fishing_rod_n.dds,sw_weapon/fishing_rod_n.dds,1398256,faa812789d5079938c9fe92bfe66c017bcdb3245f8e9b5c945f42fd33ed780e3,All observed ASCII and binary corpus consumers resolve to one category; actual bitmap/material/texture declaration verified after decompilation,sw_weapon/fishing_rod.mtr
sw_plc/fishing_rod_r.dds,sw_weapon/fishing_rod_r.dds,699192,369670f51185033ed7aed188bf60be55e2b9ac94f293647f56c79a7bccc463d7,All observed ASCII and binary corpus consumers resolve to one category; actual bitmap/material/texture declaration verified after decompilation,sw_weapon/fishing_rod.mtr
sw_plc/fishing_rod_s.dds,sw_weapon/fishing_rod_s.dds,699192,7b8c6da8bcda9b40ee2e00dd5a4cb0932ab6dd4c25b29340abf724c969e62bbf,All observed ASCII and binary corpus consumers resolve to one category; actual bitmap/material/texture declaration verified after decompilation,sw_weapon/fishing_rod.mtr
sw_plc/flags02.dds,sw_plc_cep/flags02.dds,174796,c645f1880d0ec266d1701470f61ebb5a574d8e60c1ef9bdf24f45ca52240be16,All observed ASCII and binary corpus consumers resolve to one category; actual bitmap/material/texture declaration verified after decompilation,sw_plc_cep/zlc_r68.mdl
sw_plc/floorlights.dds,sw_plc_mdrn/floorlights.dds,2764,2114cc0f9d221a111ad9d11b458a756ebeb6db7720c8fe6801dbc591be61d76b,All observed ASCII and binary corpus consumers resolve to one category; actual bitmap/material/texture declaration verified after decompilation,sw_plc_mdrn/mod01_o01_06.mdl; sw_plc_mdrn/mod01_o01_06.mdl
sw_plc/floorlights.tga,sw_plc_mdrn/floorlights.tga,812,01b5016d43f64353c9dc919b32a8240ea4432e1630975a6a8e7aa89ac88c7f11,All observed ASCII and binary corpus consumers resolve to one category; actual bitmap/material/texture declaration verified after decompilation,sw_plc_mdrn/mod01_o01_06.mdl; sw_plc_mdrn/mod01_o01_06.mdl
sw_plc/floorplate.dds,sw_plc_mdrn/floorplate.dds,10956,678ac4eba9e48133866573839532409a763f12ef04c8380358d0aa0046ce955f,All observed ASCII and binary corpus consumers resolve to one category; actual bitmap/material/texture declaration verified after decompilation,sw_plc_mdrn/mod01_o01_06.mdl
sw_plc/floorplate.tga,sw_plc_mdrn/floorplate.tga,3116,e92da9aebbde5108cd5860e3c9e01dd85ce5dce50556596a82a104b5a1ff5ba7,All observed ASCII and binary corpus consumers resolve to one category; actual bitmap/material/texture declaration verified after decompilation,sw_plc_mdrn/mod01_o01_06.mdl
sw_plc/flow_south.tga,sw_pt_head/flow_south.tga,8236,3345f89cc47454dc04404d257fc019d52a68901459d1927b1b6d68ed3f3cfd84,All observed ASCII and binary corpus consumers resolve to one category; actual bitmap/material/texture declaration verified after decompilation,sw_pt_head/loki-head.mtr
sw_plc/food_punch.dds,sw_plc_mdrn/food_punch.dds,43724,f0efa75c7ea04c0f2149ed2188c2055c31659f3ef35b5c026bd805f35202e859,All observed ASCII and binary corpus consumers resolve to one category; actual bitmap/material/texture declaration verified after decompilation,sw_plc_mdrn/plc_msapp63.mdl
sw_plc/force_field.dds,sw_plc_mdrn/force_field.dds,2764,9dca705221f5ae8d77fb7ca804e4ae57829a76889e55ea9ca5f5fe91eb5bc251,All observed ASCII and binary corpus consumers resolve to one category; actual bitmap/material/texture declaration verified after decompilation,sw_plc_mdrn/force_field_wall.mdl
sw_plc/force_field.txi,sw_plc_mdrn/force_field.txi,57,e30c1383fcb4cd4382ce81c604b47dd467a54cb0c6277e468431746b09c991f5,All observed ASCII and binary corpus consumers resolve to one category; actual bitmap/material/texture declaration verified after decompilation,sw_plc_mdrn/force_field_wall.mdl
sw_plc/fw_struc.dds,sw_plc_mdrn/fw_struc.dds,43724,b420129b0b6b196c0115450f3e7633541372831b7132619c4c3ebbf76eb4221b,All observed ASCII and binary corpus consumers resolve to one category; actual bitmap/material/texture declaration verified after decompilation,sw_plc_mdrn/ffcargoship.mdl; sw_plc_mdrn/ffcargoship.mdl; sw_plc_mdrn/ffcargoship.mdl; sw_plc_mdrn/ffcargoship.mdl; sw_plc_mdrn/ffcargoship.mdl; sw_plc_mdrn/ffcargoship.mdl; sw_plc_mdrn/ffcargoship.mdl; sw_plc_mdrn/ffcargoship.mdl
sw_plc/garbage_can02.dds,sw_plc_mdrn/garbage_can02.dds,2764,9658b5ba69f82078239388817e14eda2643fad79afb8b1d096ae18ebb72b1b7d,All observed ASCII and binary corpus consumers resolve to one category; actual bitmap/material/texture declaration verified after decompilation,sw_plc_mdrn/trash_can.mdl
sw_plc/garbage_can_lid.dds,sw_plc_mdrn/garbage_can_lid.dds,2764,ea9cb38cfb1269cc43f92d590ecedb973ec4b9f2e5456eb8addd162a1206efa9,All observed ASCII and binary corpus consumers resolve to one category; actual bitmap/material/texture declaration verified after decompilation,sw_plc_mdrn/trash_can.mdl
sw_plc/glowblue.dds,sw_weapon/glowblue.dds,716,0ff27984dd8199e9d39ac348ba349ba12df8d92a473cfbb214e1622d19981551,All observed ASCII and binary corpus consumers resolve to one category; actual bitmap/material/texture declaration verified after decompilation,sw_weapon/wbwsh_b_071.mdl; sw_weapon/wbwsh_t_171.mdl; sw_weapon/wbwsl_t_171.mdl; sw_weapon/wbwxl_b_022.mdl; sw_weapon/wbwxl_t_171.mdl; sw_weapon/wdbsw_t_251.mdl; sw_weapon/wdbsw_t_251.mdl; sw_weapon/wswbs_t_201.mdl
sw_plc/glowgreen.dds,sw_weapon/glowgreen.dds,716,0213aec3838a3e875d3bdffb274fcfb92800ae44d6534983686e7a75d6a20f6f,All observed ASCII and binary corpus consumers resolve to one category; actual bitmap/material/texture declaration verified after decompilation,sw_weapon/wbwsh_t_081.mdl; sw_weapon/wbwsh_t_101.mdl; sw_weapon/wbwsh_t_101.mdl; sw_weapon/wbwsh_t_191.mdl; sw_weapon/wbwsh_t_201.mdl; sw_weapon/wbwsh_t_201.mdl; sw_weapon/wbwsl_t_191.mdl; sw_weapon/wbwsl_t_201.mdl
sw_plc/glowred.dds,sw_weapon/glowred.dds,716,70216d825163a220dbe0e549bf022450a628b1ec04ac39e87efe71f5c983f933,All observed ASCII and binary corpus consumers resolve to one category; actual bitmap/material/texture declaration verified after decompilation,sw_weapon/wbwln_b_012.mdl; sw_weapon/wbwln_b_021.mdl; sw_weapon/wbwln_t_021.mdl; sw_weapon/wbwln_t_031.mdl; sw_weapon/wbwln_t_052.mdl; sw_weapon/wbwln_t_071.mdl; sw_weapon/wbwln_t_081.mdl; sw_weapon/wbwsh_b_012.mdl
sw_plc/goldtones.dds,sw_plc_cep/goldtones.dds,43724,9e4ebf0abd3f5a6feb13e437d1cc4459f9e94e439ae2dd6e1759c0a73789007f,All observed ASCII and binary corpus consumers resolve to one category; actual bitmap/material/texture declaration verified after decompilation,sw_plc_cep/zlc_m38.mdl
sw_plc/gothstatue1.tga,sw_plc_mdrn/gothstatue1.tga,197147,95b47f63bf29c1d25e9077bb7a98642b25fb2f105d7a6cc83bd424014cf28470,All observed ASCII and binary corpus consumers resolve to one category; actual bitmap/material/texture declaration verified after decompilation,sw_plc_mdrn/statue01.mdl
sw_plc/horns-huntmaster.dds,sw_pt_head/horns-huntmaster.dds,174904,e83ee335f0dbd96bfec6c012918922e6c4f9c4ca59702c864afa3d37e3a877fb,All observed ASCII and binary corpus consumers resolve to one category; actual bitmap/material/texture declaration verified after decompilation,sw_pt_head/huntmaster.mtr
sw_plc/hullw.dds,sw_plc_cep/hullw.dds,43724,39af937c13bba554d6f79e17fb7097a47f926e845cb9dfa28339825428848db6,All observed ASCII and binary corpus consumers resolve to one category; actual bitmap/material/texture declaration verified after decompilation,sw_plc_cep/zlc_s19.mdl
sw_plc/hutt_glass.tga,sw_cr_vehicle/hutt_glass.tga,786450,71c554d0c5fc54683029f952787e5455f4ab0295a7599bfb021538d89ecd71dd,All observed ASCII and binary corpus consumers resolve to one category; actual bitmap/material/texture declaration verified after decompilation,sw_cr_vehicle/c_huttbomb2.mtr; sw_cr_vehicle/c_huttfght2.mtr
sw_plc/hutt_hbody.tga,sw_cr_vehicle/hutt_hbody.tga,786450,caabc22f83777482e21422b6d5ae9ef92eb9e5fcdcc4006efdc5e1f69f39dda5,All observed ASCII and binary corpus consumers resolve to one category; actual bitmap/material/texture declaration verified after decompilation,sw_cr_vehicle/c_huttbomb1.mtr
sw_plc/hutt_heng.tga,sw_cr_vehicle/hutt_heng.tga,786450,bb8c1f9d75fb570e0c966f39581e7fe5023d833c9943f3597045fb02a6363d11,All observed ASCII and binary corpus consumers resolve to one category; actual bitmap/material/texture declaration verified after decompilation,sw_cr_vehicle/c_huttbomb3.mtr
sw_plc/hutt_hwing.tga,sw_cr_vehicle/hutt_hwing.tga,786450,2c1c664dbb4c7c64884ce7f94517cc8aec5420547964ce1ad745463cf9f05075,All observed ASCII and binary corpus consumers resolve to one category; actual bitmap/material/texture declaration verified after decompilation,sw_cr_vehicle/c_huttbomb4.mtr
sw_plc/hutt_lbody.tga,sw_cr_vehicle/hutt_lbody.tga,786450,6c7f99ea43b8c9d9e9dfbf55ffc9186144daf3ff24f88d0e86519088222ef826,All observed ASCII and binary corpus consumers resolve to one category; actual bitmap/material/texture declaration verified after decompilation,sw_cr_vehicle/c_huttfght1.mtr
sw_plc/hutt_leng.tga,sw_cr_vehicle/hutt_leng.tga,786450,53cae5f462d69c71d3a419af2ecb5a935fb3f9b172ea3b9af57153018b47b989,All observed ASCII and binary corpus consumers resolve to one category; actual bitmap/material/texture declaration verified after decompilation,sw_cr_vehicle/c_huttfght4.mtr
sw_plc/hutt_lreact.tga,sw_cr_vehicle/hutt_lreact.tga,196652,56ab11a1d5329f112e0b9981230330f172c49be9f67a8c9d6a3608248eb87c79,All observed ASCII and binary corpus consumers resolve to one category; actual bitmap/material/texture declaration verified after decompilation,sw_cr_vehicle/c_huttfght3.mtr
sw_plc/hutt_lwing.tga,sw_cr_vehicle/hutt_lwing.tga,786450,ef217bb869601687bcc48265ba5f810380a19ff34268cb9a3c867bfc8e6b3285,All observed ASCII and binary corpus consumers resolve to one category; actual bitmap/material/texture declaration verified after decompilation,sw_cr_vehicle/c_huttfght5.mtr
sw_plc/i_panel01.dds,sw_plc_mdrn/i_panel01.dds,174796,aee34e89d64477a16a9257983d51297d2f16309ca09e2ed0309b78da3febd991,All observed ASCII and binary corpus consumers resolve to one category; actual bitmap/material/texture declaration verified after decompilation,sw_plc_mdrn/plc_terminal.mdl
sw_plc/i_panel01_tga.tga,sw_plc_mdrn/i_panel01_tga.tga,786450,ad5020f096b89a0d1be0849eed42dd7e9fff6a8417fdf9311db403369641173b,All observed ASCII and binary corpus consumers resolve to one category; actual bitmap/material/texture declaration verified after decompilation,sw_plc_mdrn/plc_terminal.mdl
sw_plc/i_rubble01.dds,sw_plc_cep/i_rubble01.dds,21892,587f50fd155167832221aad3316db903c726056bdc4cfc027f103b727cbfea42,All observed ASCII and binary corpus consumers resolve to one category; actual bitmap/material/texture declaration verified after decompilation,sw_plc_cep/pkt_rb1.mdl; sw_plc_cep/pkt_rb1.mdl; sw_plc_cep/pkt_rb1.mdl
sw_plc/imperial_gunboat.tga,sw_cr_vehicle/imperial_gunboat.tga,786450,0c337a58c48c20c31d97eef1c5bb240876e7a9ee03a6ef4baa67ccf71a26878d,All observed ASCII and binary corpus consumers resolve to one category; actual bitmap/material/texture declaration verified after decompilation,sw_cr_vehicle/c_sith_gunboat.mtr
sw_plc/inner_en.dds,sw_plc_mdrn/inner_en.dds,43724,70997434c55bc4e7ccd3a7ee923c03536eeae08e62e2553899c1fcacf342cfe9,All observed ASCII and binary corpus consumers resolve to one category; actual bitmap/material/texture declaration verified after decompilation,sw_plc_mdrn/ffcargoship.mdl; sw_plc_mdrn/ffcargoship.mdl; sw_plc_mdrn/ffcargoship.mdl; sw_plc_mdrn/ffcargoship.mdl; sw_plc_mdrn/ffcargoship.mdl; sw_plc_mdrn/ffcargoship.mdl; sw_plc_mdrn/ffcargoship.mdl; sw_plc_mdrn/ffcargoship.mdl
sw_plc/inner_en.tga,sw_plc_mdrn/inner_en.tga,49196,b638da9fa72c35a15ea0208c2898c3c54072d54119ab3dbae3362a50ebabc771,All observed ASCII and binary corpus consumers resolve to one category; actual bitmap/material/texture declaration verified after decompilation,sw_plc_mdrn/ffcargoship.mdl; sw_plc_mdrn/ffcargoship.mdl; sw_plc_mdrn/ffcargoship.mdl; sw_plc_mdrn/ffcargoship.mdl; sw_plc_mdrn/ffcargoship.mdl; sw_plc_mdrn/ffcargoship.mdl; sw_plc_mdrn/ffcargoship.mdl; sw_plc_mdrn/ffcargoship.mdl
sw_plc/innerroll.dds,sw_plc_mdrn/innerroll.dds,43832,0e68eacf4b831217f1b1ab54087a9ed2e01a9b57a37b0d3dce200e50178a0645,All observed ASCII and binary corpus consumers resolve to one category; actual bitmap/material/texture declaration verified after decompilation,sw_plc_mdrn/xiatnpaper_01.mdl; sw_plc_mdrn/xiatnpaper_01.mdl; sw_plc_mdrn/xiatpaperr_01.mdl; sw_plc_mdrn/xiatpaperr_01.mdl; sw_plc_mdrn/xiatpaper_01.mdl; sw_plc_mdrn/xiatpaper_01.mdl
sw_plc/int1.dds,sw_plc_mdrn/int1.dds,43724,7af08d3755cefdb02496ee6cda11a8a1acc8201222a5fb90a51af30b7f73b907,All observed ASCII and binary corpus consumers resolve to one category; actual bitmap/material/texture declaration verified after decompilation,sw_plc_mdrn/p_intruder.mdl; sw_plc_mdrn/p_intruder.mdl; sw_plc_mdrn/p_intruder.mdl; sw_plc_mdrn/p_intruder.mdl; sw_plc_mdrn/p_intruder.mdl; sw_plc_mdrn/p_intruder.mdl; sw_plc_mdrn/p_intruder.mdl; sw_plc_mdrn/p_intruder.mdl
sw_plc/int2.dds,sw_plc_mdrn/int2.dds,43724,6df94a4eda1dcd0266b786fc93dbcffc70f398eb63ada7eed26deadc90cd2eaf,All observed ASCII and binary corpus consumers resolve to one category; actual bitmap/material/texture declaration verified after decompilation,sw_plc_mdrn/p_intruder.mdl; sw_plc_mdrn/p_intruder.mdl; sw_plc_mdrn/p_intruder.mdl; sw_plc_mdrn/p_intruder.mdl; sw_plc_mdrn/p_intruder.mdl; sw_plc_mdrn/p_intruder.mdl; sw_plc_mdrn/p_intruder.mdl; sw_plc_mdrn/p_intruder.mdl
sw_plc/iridescent_01.dds,sw_plc_mdrn/iridescent_01.dds,1398256,7ce233de55917b7234b2d13f641583a81d492049c2fccfc0afa0d6b96ec3b16a,All observed ASCII and binary corpus consumers resolve to one category; actual bitmap/material/texture declaration verified after decompilation,sw_plc_mdrn/p_pylon_001.mdl
sw_plc/iridescent_01.txi,sw_plc_mdrn/iridescent_01.txi,187,bde00862c00aae0f0c0f044829d62e57dd852501da8f07becd35b9d2c1371088,All observed ASCII and binary corpus consumers resolve to one category; actual bitmap/material/texture declaration verified after decompilation,sw_plc_mdrn/p_pylon_001.mdl
sw_plc/jam1.dds,sw_plc_mdrn/jam1.dds,10956,6924ec22e8ab430db1df3ef301f3409e89e00e19dddc868955df193bd52941a8,All observed ASCII and binary corpus consumers resolve to one category; actual bitmap/material/texture declaration verified after decompilation,sw_plc_mdrn/g_trollst1.mdl; sw_plc_mdrn/g_trollst1.mdl
sw_plc/jam2.dds,sw_plc_mdrn/jam2.dds,43724,bdf4bd3096b0704aafa52b79fc7d239a19c4b00f66229ecb270042b1d55f3991,All observed ASCII and binary corpus consumers resolve to one category; actual bitmap/material/texture declaration verified after decompilation,sw_plc_mdrn/g_trollst1.mdl; sw_plc_mdrn/g_trollst1.mdl
sw_plc/jbr_bleach.dds,sw_plc_mdrn/jbr_bleach.dds,21884,ddd64300b21d6776ff3cfc314d61c4afeff39c0dbb4b58d825c1c109c4286baf,All observed ASCII and binary corpus consumers resolve to one category; actual bitmap/material/texture declaration verified after decompilation,sw_plc_mdrn/jbr_bleach01.mdl
sw_plc/jda_flowers001.dds,sw_plc_cep/jda_flowers001.dds,349572,883e3b1050910aa2fdffe34b17e2372936f40610522ae55f8075cc772a9097d4,All observed ASCII and binary corpus consumers resolve to one category; actual bitmap/material/texture declaration verified after decompilation,sw_plc_cep/zlc_jda_plant01.mdl; sw_plc_cep/zlc_jda_plant01.mdl; sw_plc_cep/zlc_jda_plant01.mdl; sw_plc_cep/zlc_jda_plant01.mdl; sw_plc_cep/zlc_jda_plant01.mdl; sw_plc_cep/zlc_jda_plant01.mdl; sw_plc_cep/zlc_jda_plant01.mdl; sw_plc_cep/zlc_jda_plant01.mdl
sw_plc/jhb_ammo.dds,sw_plc_mdrn/jhb_ammo.dds,21884,1883819efb664aa2e0102ca6f47dbe139130fcdc1f90b02c519020540af89d74,All observed ASCII and binary corpus consumers resolve to one category; actual bitmap/material/texture declaration verified after decompilation,sw_plc_mdrn/jhb_ammo01.mdl
sw_plc/jhb_bark1.dds,sw_plc_mdrn/jhb_bark1.dds,87420,d425e4a961cdd140455a5820aa4060705fca7045756e60dd586c3130353f667d,All observed ASCII and binary corpus consumers resolve to one category; actual bitmap/material/texture declaration verified after decompilation,sw_plc_mdrn/jhb_tree01.mdl
sw_plc/jhb_books1.dds,sw_plc_mdrn/jhb_books1.dds,21884,2f6d0093b051df9eab6cc166c1741ddd68a5b1731f03361d467df77a800fd92e,All observed ASCII and binary corpus consumers resolve to one category; actual bitmap/material/texture declaration verified after decompilation,sw_plc_mdrn/jhb_etag02.mdl
sw_plc/jhb_books2.dds,sw_plc_mdrn/jhb_books2.dds,21884,66f1d2a0b5dae3d8945a2af3dd6d132e40c962b9950c09ee307dfdbc110e969d,All observed ASCII and binary corpus consumers resolve to one category; actual bitmap/material/texture declaration verified after decompilation,sw_plc_mdrn/jhb_etag02.mdl
sw_plc/jhb_books3.dds,sw_plc_mdrn/jhb_books3.dds,21884,f226a193bf39fead9333287b1972560a0f9da522af3dd6a79f80353d2d2fb2e0,All observed ASCII and binary corpus consumers resolve to one category; actual bitmap/material/texture declaration verified after decompilation,sw_plc_mdrn/jhb_books01.mdl; sw_plc_mdrn/jhb_chev01.mdl
sw_plc/jhb_coffee.dds,sw_plc_mdrn/jhb_coffee.dds,21884,06154916077a4907ccd264ddf2ce7a943c45b4a3f731585c798d54dfdc01452b,All observed ASCII and binary corpus consumers resolve to one category; actual bitmap/material/texture declaration verified after decompilation,sw_plc_mdrn/jhb_glass01.mdl
sw_plc/jhb_cuir.dds,sw_plc_mdrn/jhb_cuir.dds,21884,6ef1c7ab2fb6f0c9284eb4120838a8203dfd0b77bdb7e70f4c7fbbe5a7a2a158,All observed ASCII and binary corpus consumers resolve to one category; actual bitmap/material/texture declaration verified after decompilation,sw_plc_mdrn/jhb_fteuil01.mdl
sw_plc/jhb_dgrymtl.dds,sw_plc_mdrn/jhb_dgrymtl.dds,21884,72c22e243c5ff7fc83505b4727b53575791762eb99c98d8ceb9fe3147b6cd679,All observed ASCII and binary corpus consumers resolve to one category; actual bitmap/material/texture declaration verified after decompilation,sw_plc_mdrn/jhb_elev01.mdl; sw_plc_mdrn/jhb_elev01.mdl; sw_plc_mdrn/jhb_elev01.mdl; sw_plc_mdrn/jhb_elev01.mdl
sw_plc/jhb_dirt.dds,sw_plc_mdrn/jhb_dirt.dds,43724,02d97ed3a3945711d9b8699e9825fd1040dd824ea19ff89da9c0d737f8ed02d4,All observed ASCII and binary corpus consumers resolve to one category; actual bitmap/material/texture declaration verified after decompilation,sw_plc_mdrn/jhb_pool01.mdl; sw_plc_mdrn/jhb_pplant01.mdl
sw_plc/jhb_dirtmtl.dds,sw_plc_mdrn/jhb_dirtmtl.dds,21884,fa42bdff2a27aa26907736905d91a808de32af2281db54a530f8607c9cf5e86d,All observed ASCII and binary corpus consumers resolve to one category; actual bitmap/material/texture declaration verified after decompilation,sw_plc_mdrn/jhb_elev01.mdl
sw_plc/jhb_exit.dds,sw_plc_mdrn/jhb_exit.dds,43748,46ff82b21f26b67c83d5e01d5ed24c17eceecfb73f74a3e4074e09101e59e7ff,All observed ASCII and binary corpus consumers resolve to one category; actual bitmap/material/texture declaration verified after decompilation,sw_plc_mdrn/jhb_exit01.mdl
sw_plc/jhb_knife.dds,sw_plc_mdrn/jhb_knife.dds,43748,95fe3ccbafc6004221fdb0fa895d7ea4107105cbc90626d84858002620b793f4,All observed ASCII and binary corpus consumers resolve to one category; actual bitmap/material/texture declaration verified after decompilation,sw_plc_mdrn/jhb_knife01.mdl
sw_plc/jhb_leaves1.dds,sw_plc_mdrn/jhb_leaves1.dds,87428,309a50c7bb84f6d3c57dbc648c700412d8961a688ca16879e192cd2f9c9077c1,All observed ASCII and binary corpus consumers resolve to one category; actual bitmap/material/texture declaration verified after decompilation,sw_plc_mdrn/jhb_tree01.mdl
sw_plc/jhb_leaves2.dds,sw_plc_mdrn/jhb_leaves2.dds,87428,85dead21c8fa5574f794b5da1499e3ef3ecf85b51c0b4b96782a7bb54f055303,All observed ASCII and binary corpus consumers resolve to one category; actual bitmap/material/texture declaration verified after decompilation,sw_plc_mdrn/jhb_tree01.mdl
sw_plc/jhb_leaves3.dds,sw_plc_mdrn/jhb_leaves3.dds,174820,e962eb535b14b6c22bed54b0add03fb925cabb03eb635badbcd4b08f76085f7e,All observed ASCII and binary corpus consumers resolve to one category; actual bitmap/material/texture declaration verified after decompilation,sw_plc_mdrn/jhb_pplant01.mdl; sw_plc_mdrn/jhb_pplant01.mdl
sw_plc/jhb_leaves4.dds,sw_plc_mdrn/jhb_leaves4.dds,174820,aceca34867c4eabb940ce97e19445d220b3af0ac4fdf20ebc64c9689d724ab84,All observed ASCII and binary corpus consumers resolve to one category; actual bitmap/material/texture declaration verified after decompilation,sw_plc_mdrn/jhb_plant02.mdl
sw_plc/jhb_marble.dds,sw_plc_mdrn/jhb_marble.dds,87420,5aec2e690983ae57d0fd498c7118664c4d28e3fbcbe88510fb4e64db334d161f,All observed ASCII and binary corpus consumers resolve to one category; actual bitmap/material/texture declaration verified after decompilation,sw_plc_mdrn/jhb_chpl01.mdl; sw_plc_mdrn/jhb_pool01.mdl
sw_plc/jhb_marble2.dds,sw_plc_mdrn/jhb_marble2.dds,21884,b3a21e8d113ff67ce49955fcfa82bbf697d78444be37a98b98c3399872c70767,All observed ASCII and binary corpus consumers resolve to one category; actual bitmap/material/texture declaration verified after decompilation,sw_plc_mdrn/jhb_chpl01.mdl
sw_plc/jhb_mesh.dds,sw_plc_mdrn/jhb_mesh.dds,10980,d10440debbfb68b27dea85478906d50743af4aba7f1c08fa7618149cc23eb0c0,All observed ASCII and binary corpus consumers resolve to one category; actual bitmap/material/texture declaration verified after decompilation,sw_plc_mdrn/jhb_elev01.mdl
sw_plc/jhb_metal1.dds,sw_plc_mdrn/jhb_metal1.dds,43748,a3df0fde539ca4cef6ed92959c8b857b6903f1c9b84521fbc4a72cf9f02a1ce2,All observed ASCII and binary corpus consumers resolve to one category; actual bitmap/material/texture declaration verified after decompilation,sw_plc_mdrn/jhb_fteuil01.mdl; sw_plc_mdrn/jvb_medic02.mdl; sw_plc_mdrn/jvb_medic02.mdl; sw_plc_mdrn/jvb_medic02.mdl; sw_plc_mdrn/jvb_medic02.mdl; sw_plc_mdrn/jvb_medic02.mdl; sw_plc_mdrn/jvb_medic02.mdl; sw_plc_mdrn/jvb_medic02.mdl
sw_plc/jhb_metal1.txi,sw_plc_mdrn/jhb_metal1.txi,68,c92cacecb2f0b743817064e902b573efc6a96ee7d8fdfa8928b87fe791d65f9a,All observed ASCII and binary corpus consumers resolve to one category; actual bitmap/material/texture declaration verified after decompilation,sw_plc_mdrn/jhb_fteuil01.mdl; sw_plc_mdrn/jvb_medic02.mdl; sw_plc_mdrn/jvb_medic02.mdl; sw_plc_mdrn/jvb_medic02.mdl; sw_plc_mdrn/jvb_medic02.mdl; sw_plc_mdrn/jvb_medic02.mdl; sw_plc_mdrn/jvb_medic02.mdl; sw_plc_mdrn/jvb_medic02.mdl
sw_plc/jhb_mtlfloor.dds,sw_plc_mdrn/jhb_mtlfloor.dds,21884,aadf16f7183e0132d984b6c679364145e7ed42ffd28f5c48eb3afc5bc9701993,All observed ASCII and binary corpus consumers resolve to one category; actual bitmap/material/texture declaration verified after decompilation,sw_plc_mdrn/jhb_elev01.mdl
sw_plc/jhb_oldfurn.dds,sw_plc_mdrn/jhb_oldfurn.dds,21884,84628a850d5e15356a4a3a8dcb829371c67a7959c2b30467ab2a3b0087c600b3,All observed ASCII and binary corpus consumers resolve to one category; actual bitmap/material/texture declaration verified after decompilation,sw_plc_mdrn/jhb_comode01.mdl; sw_plc_mdrn/jhb_desk02.mdl; sw_plc_mdrn/jhb_desk03.mdl
sw_plc/jhb_paille.dds,sw_plc_mdrn/jhb_paille.dds,21884,73e13835a4e6f7abf5d5a125c908e36a1b3fc5bd1e6f035fc1a90dbad6cba8f8,All observed ASCII and binary corpus consumers resolve to one category; actual bitmap/material/texture declaration verified after decompilation,sw_plc_mdrn/jhb_chair01.mdl
sw_plc/jhb_photo1.dds,sw_plc_mdrn/jhb_photo1.dds,21884,b5ce65a9264d755fa00beda3450fc690fab5e38f9a6ba197dc45e008a16038af,All observed ASCII and binary corpus consumers resolve to one category; actual bitmap/material/texture declaration verified after decompilation,sw_plc_mdrn/jhb_photo01.mdl
sw_plc/jhb_portrait.dds,sw_plc_mdrn/jhb_portrait.dds,43724,e4b6ff40effcc8c62913fc7764248bd8607b63b9b4c7704adcbd7cb116c519c8,All observed ASCII and binary corpus consumers resolve to one category; actual bitmap/material/texture declaration verified after decompilation,sw_plc_mdrn/jhb_cadre01.mdl
sw_plc/jhb_pot02.dds,sw_plc_mdrn/jhb_pot02.dds,21884,1c6a80b6158026537d05c036ee80f28e0a04ac2898842793715ebc5fcf215a03,All observed ASCII and binary corpus consumers resolve to one category; actual bitmap/material/texture declaration verified after decompilation,sw_plc_mdrn/jhb_pplant01.mdl
sw_plc/jhb_seagull.dds,sw_plc_mdrn/jhb_seagull.dds,43724,25a31b2b613949204f50649c169e6094cf8d3fab9f852c80347769e605716334,All observed ASCII and binary corpus consumers resolve to one category; actual bitmap/material/texture declaration verified after decompilation,sw_plc_mdrn/jhb_sgull01.mdl
sw_plc/jhb_switch.dds,sw_plc_mdrn/jhb_switch.dds,21884,2105652ffcc59e829108bbad84bcc164ce0ca3826910c2eb91f11779bad35216,All observed ASCII and binary corpus consumers resolve to one category; actual bitmap/material/texture declaration verified after decompilation,sw_plc_mdrn/jhb_elev01.mdl
sw_plc/jhb_wood1.dds,sw_plc_mdrn/jhb_wood1.dds,21884,4c32e79c5ffa98c7e3d3c05735391dad70fa13023868bf2f73e52b0487478ba4,All observed ASCII and binary corpus consumers resolve to one category; actual bitmap/material/texture declaration verified after decompilation,sw_plc_mdrn/jhb_knife01.mdl
sw_plc/jhb_wood3.dds,sw_plc_mdrn/jhb_wood3.dds,10956,c11f0c4efa5c76269850da32d5d7e46ffee74bb95f1ab26272123385ee6d7174,All observed ASCII and binary corpus consumers resolve to one category; actual bitmap/material/texture declaration verified after decompilation,sw_plc_mdrn/jhb_cadre01.mdl
sw_plc/jhb_wood4.dds,sw_plc_mdrn/jhb_wood4.dds,21884,672276bdd8795fbcdf41dac47b9cbe28f16551b2f9607f5032390916e6326c6b,All observed ASCII and binary corpus consumers resolve to one category; actual bitmap/material/texture declaration verified after decompilation,sw_plc_mdrn/jhb_chair01.mdl
sw_plc/jhb_wpaint.dds,sw_plc_mdrn/jhb_wpaint.dds,21884,bc3232a7660db8390bd70e40475f260b7bfd571196eeace5d68b5fcdc43a3da2,All observed ASCII and binary corpus consumers resolve to one category; actual bitmap/material/texture declaration verified after decompilation,sw_plc_mdrn/jhb_elev01.mdl
sw_plc/jonb1.dds,sw_plc_mdrn/jonb1.dds,87428,b8efb1dbfcdb33a511329730ff4dac6d18fb2778ffa5cc565484400560b7a9bd,All observed ASCII and binary corpus consumers resolve to one category; actual bitmap/material/texture declaration verified after decompilation,sw_plc_mdrn/psi_barrel3.mdl; sw_plc_mdrn/psi_barrel3.mdl
sw_plc/jonb2.dds,sw_plc_mdrn/jonb2.dds,87428,2a09c70b57d32fa8ae7472229fda059bd08b689397649a3f96350e996956b195,All observed ASCII and binary corpus consumers resolve to one category; actual bitmap/material/texture declaration verified after decompilation,sw_plc_mdrn/psi_barrel4.mdl; sw_plc_mdrn/psi_barrel4.mdl
sw_plc/jr_chrome.dds,sw_plc_mdrn/jr_chrome.dds,10956,52d4f74f6cd60020046b98b67d1ab7fbb87d271eeb7b5ddd01aec42e213a34b6,All observed ASCII and binary corpus consumers resolve to one category; actual bitmap/material/texture declaration verified after decompilation,sw_plc_mdrn/jr_lab_sink.mdl; sw_plc_mdrn/jr_lab_sink.mdl; sw_plc_mdrn/jr_lab_sink.mdl; sw_plc_mdrn/jr_lab_sink.mdl; sw_plc_mdrn/jr_payphone.mdl; sw_plc_mdrn/jr_payphone.mdl; sw_plc_mdrn/jr_payphone.mdl; sw_plc_mdrn/jr_payphone.mdl
sw_plc/jr_crate_bxp2.dds,sw_plc_mdrn/jr_crate_bxp2.dds,43724,0d9f9015368b69b969bccd777db3d419bab3dd7cb8c8cdf6451ffc2a233cd82f,All observed ASCII and binary corpus consumers resolve to one category; actual bitmap/material/texture declaration verified after decompilation,sw_plc_mdrn/jr_instraments.mdl
sw_plc/jr_edred.dds,sw_plc_mdrn/jr_edred.dds,174796,7cf151a57b832431afff590dc9bffe3b67d72d09bff478366784052c8ed0937f,All observed ASCII and binary corpus consumers resolve to one category; actual bitmap/material/texture declaration verified after decompilation,sw_plc_mdrn/jr_robocopr.mdl; sw_plc_mdrn/jr_robocopr.mdl; sw_plc_mdrn/jr_robocopr.mdl; sw_plc_mdrn/jr_robocopr.mdl; sw_plc_mdrn/jr_robocopr.mdl; sw_plc_mdrn/jr_robocopr.mdl; sw_plc_mdrn/jr_robocopr.mdl; sw_plc_mdrn/jr_robocopr.mdl
sw_plc/jr_keyboard.dds,sw_plc_mdrn/jr_keyboard.dds,43724,57fd71844d0295097b5995d590ef54e9233b19fa5f584f19060093dfc5147293,All observed ASCII and binary corpus consumers resolve to one category; actual bitmap/material/texture declaration verified after decompilation,sw_plc_mdrn/jr_instraments.mdl; sw_plc_mdrn/jr_instraments.mdl
sw_plc/jr_metalbase.dds,sw_plc_mdrn/jr_metalbase.dds,43724,a0b2b1cf8e60caabc9b94c48263a8c64327bc7bf106e9b721333066de4ba30cb,All observed ASCII and binary corpus consumers resolve to one category; actual bitmap/material/texture declaration verified after decompilation,sw_plc_mdrn/jr_instraments.mdl; sw_plc_mdrn/jr_instraments.mdl
sw_plc/jr_panel1.dds,sw_plc_mdrn/jr_panel1.dds,43724,8141b744444996faeaf2e65f7d26bca437c51884f3d85728ff98f2aa901fcc8e,All observed ASCII and binary corpus consumers resolve to one category; actual bitmap/material/texture declaration verified after decompilation,sw_plc_mdrn/jr_instraments.mdl
sw_plc/jr_panel2.dds,sw_plc_mdrn/jr_panel2.dds,43724,c61640704f5ae18cdc8c21885446635a5a07cc6f5fc80af93117186978b859d3,All observed ASCII and binary corpus consumers resolve to one category; actual bitmap/material/texture declaration verified after decompilation,sw_plc_mdrn/jr_instraments.mdl
sw_plc/jr_rmetal.dds,sw_plc_mdrn/jr_rmetal.dds,43724,72e43c01c8001d90122cd79bbcbe733924402671a3376fca8b0f09eee4b362cc,All observed ASCII and binary corpus consumers resolve to one category; actual bitmap/material/texture declaration verified after decompilation,sw_plc_mdrn/jr_payphone.mdl; sw_plc_mdrn/jr_payphone.mdl; sw_plc_mdrn/jr_payphone.mdl; sw_plc_mdrn/jr_payphone.mdl; sw_plc_mdrn/jr_payphone.mdl
sw_plc/jr_stainless.dds,sw_plc_mdrn/jr_stainless.dds,174796,eade26f71db31d67a0cc2a1c04824c61d2c22bade1e18f63e7637826ec1d3832,All observed ASCII and binary corpus consumers resolve to one category; actual bitmap/material/texture declaration verified after decompilation,sw_plc_mdrn/jr_lab_cntr.mdl; sw_plc_mdrn/jr_lab_cntr.mdl; sw_plc_mdrn/jr_lab_cntr.mdl; sw_plc_mdrn/jr_lab_cntr.mdl; sw_plc_mdrn/jr_lab_cntrl.mdl; sw_plc_mdrn/jr_lab_cntrl.mdl; sw_plc_mdrn/jr_lab_cntrl.mdl; sw_plc_mdrn/jr_lab_cntrl.mdl
sw_plc/jr_steel.dds,sw_plc_mdrn/jr_steel.dds,43724,875b40a9a2a4ec9f84192575eec166db7614f7771003ebc3dfccbbde354b34e0,All observed ASCII and binary corpus consumers resolve to one category; actual bitmap/material/texture declaration verified after decompilation,sw_plc_mdrn/jr_payphone.mdl; sw_plc_mdrn/jr_payphone.mdl; sw_plc_mdrn/jr_payphone.mdl; sw_plc_mdrn/jr_payphone.mdl
sw_plc/jsf_bldgtx01.dds,sw_plc_cep/jsf_bldgtx01.dds,43724,f43070ed18ebf71fdd3a7fcd4b6d4c0c6ebb294740d97abb471871db13ddb99f,All observed ASCII and binary corpus consumers resolve to one category; actual bitmap/material/texture declaration verified after decompilation,sw_plc_cep/jsf_batimt02.mdl; sw_plc_cep/jsf_batimt04.mdl; sw_plc_cep/jsf_batimt05.mdl
sw_plc/jsf_bldgtx02.dds,sw_plc_cep/jsf_bldgtx02.dds,43724,70364858ca37aefe95abec99e42f0d15344703da35bb62ba199116983002cfc1,All observed ASCII and binary corpus consumers resolve to one category; actual bitmap/material/texture declaration verified after decompilation,sw_plc_cep/jsf_batimt03.mdl
sw_plc/jsf_bldgtx03.dds,sw_plc_cep/jsf_bldgtx03.dds,43724,caf0b993620a77f222498459b44a5967659e0bcba5f7263da54bad0a70e7d3b2,All observed ASCII and binary corpus consumers resolve to one category; actual bitmap/material/texture declaration verified after decompilation,sw_plc_cep/jsf_batimt02.mdl; sw_plc_cep/jsf_batimt03.mdl; sw_plc_cep/jsf_batimt04.mdl; sw_plc_cep/jsf_batimt05.mdl
sw_plc/jsf_bldgtx04.dds,sw_plc_cep/jsf_bldgtx04.dds,43724,4507795967df8ec1c286a075f72ddffa49c6223ca50eeb6e8c47f890b86aefc6,All observed ASCII and binary corpus consumers resolve to one category; actual bitmap/material/texture declaration verified after decompilation,sw_plc_cep/jsf_batimt02.mdl; sw_plc_cep/jsf_batimt03.mdl; sw_plc_cep/jsf_batimt04.mdl; sw_plc_cep/jsf_batimt05.mdl
sw_plc/jsf_bldgtx05.dds,sw_plc_cep/jsf_bldgtx05.dds,10972,59439b18dd241ad6d038ac8940ae28752b248276c457f96f1a1a27e78faa58fe,All observed ASCII and binary corpus consumers resolve to one category; actual bitmap/material/texture declaration verified after decompilation,sw_plc_cep/jsf_batimt02.mdl; sw_plc_cep/jsf_batimt03.mdl; sw_plc_cep/jsf_batimt04.mdl; sw_plc_cep/jsf_batimt05.mdl
sw_plc/jsf_bldgtx06.dds,sw_plc_cep/jsf_bldgtx06.dds,43740,6017b181831f4258cf4d29b7520e7ea247ffdb79acd0aab6ec2ffad821c9a7ab,All observed ASCII and binary corpus consumers resolve to one category; actual bitmap/material/texture declaration verified after decompilation,sw_plc_cep/jsf_batimt02.mdl; sw_plc_cep/jsf_batimt03.mdl; sw_plc_cep/jsf_batimt04.mdl; sw_plc_cep/jsf_batimt05.mdl
sw_plc/jsf_bldgtx07.dds,sw_plc_cep/jsf_bldgtx07.dds,43724,f8e5e34025eff5ef6017200285d68dfeab00f236f8e579492cd31097bb064078,All observed ASCII and binary corpus consumers resolve to one category; actual bitmap/material/texture declaration verified after decompilation,sw_plc_cep/jsf_batimt01.mdl
sw_plc/jsf_bldgtx08.dds,sw_plc_cep/jsf_bldgtx08.dds,43724,f5d2d0159af8c1a25ac01aa1a331e3c174e8272a11a2182b8891dc1770b35a30,All observed ASCII and binary corpus consumers resolve to one category; actual bitmap/material/texture declaration verified after decompilation,sw_plc_cep/jsf_batimt01.mdl
sw_plc/jsf_bldgtx09.dds,sw_plc_cep/jsf_bldgtx09.dds,43724,299dc01269232a188247733165650d9b015f5d94d311c8bf4601d2b972a2a22e,All observed ASCII and binary corpus consumers resolve to one category; actual bitmap/material/texture declaration verified after decompilation,sw_plc_cep/jsf_batimt01.mdl
sw_plc/jsf_bldgtx10.dds,sw_plc_cep/jsf_bldgtx10.dds,10972,8dee466c6452d09bb6f5ddb07c7326b8bf8c7e8eca97b34ee4ce3d7870177813,All observed ASCII and binary corpus consumers resolve to one category; actual bitmap/material/texture declaration verified after decompilation,sw_plc_cep/jsf_batimt01.mdl
sw_plc/jsf_bldgtx11.dds,sw_plc_cep/jsf_bldgtx11.dds,43724,415f9008e0e2b98f6eaaabc80c403d5701c7608a2ebf37e15b055271fbaa9d9d,All observed ASCII and binary corpus consumers resolve to one category; actual bitmap/material/texture declaration verified after decompilation,sw_plc_cep/jsf_batimt01.mdl
sw_plc/jsf_bldgtx12.dds,sw_plc_cep/jsf_bldgtx12.dds,21884,36f3d285190fa82e2adf1ce14aee0b664f2777bd191321e449370da3eb140c8a,All observed ASCII and binary corpus consumers resolve to one category; actual bitmap/material/texture declaration verified after decompilation,sw_plc_cep/jsf_batimt01.mdl
sw_plc/jsf_bldgtx13.dds,sw_plc_cep/jsf_bldgtx13.dds,43724,d6b7ce8b65babe32c1f9eacd6e88383f14237874a9d3d6f6cca33f6e32496708,All observed ASCII and binary corpus consumers resolve to one category; actual bitmap/material/texture declaration verified after decompilation,sw_plc_cep/jsf_batimt01.mdl
sw_plc/jsf_bldgtx14.dds,sw_plc_cep/jsf_bldgtx14.dds,21884,d05c9133960f14cb6da9ef2a5edd4b2f914333f549ac2c124bcfd0fa1b8be995,All observed ASCII and binary corpus consumers resolve to one category; actual bitmap/material/texture declaration verified after decompilation,sw_plc_cep/jsf_batimt01.mdl
sw_plc/jsf_bldgtx15.dds,sw_plc_cep/jsf_bldgtx15.dds,349572,0fca317f748fe656fa701fd8fe3a628d6f0af328feb662c30d4376262a307757,All observed ASCII and binary corpus consumers resolve to one category; actual bitmap/material/texture declaration verified after decompilation,sw_plc_cep/jsf_batimt06.mdl; sw_plc_cep/jsf_batimt06.mdl; sw_plc_cep/jsf_batimt06.mdl
sw_plc/jswp_cxwing.dds,sw_plc_cep/jswp_cxwing.dds,21892,439d1cd8db7d50f798c730f53b423e086794c11281329cbe6b24e0cf71756026,All observed ASCII and binary corpus consumers resolve to one category; actual bitmap/material/texture declaration verified after decompilation,sw_plc_cep/jswp_xwing01.mdl
sw_plc/jswp_cywing.dds,sw_plc_cep/jswp_cywing.dds,5508,5fbbfb5d3d4720f05268c495d3dba964d7cfeefe952dd05325b3a55e93b9f1a7,All observed ASCII and binary corpus consumers resolve to one category; actual bitmap/material/texture declaration verified after decompilation,sw_plc_cep/jswp_ywing.mdl; sw_plc_cep/jswp_ywingb.mdl
sw_plc/jswp_cywing.tga,sw_plc_cep/jswp_cywing.tga,16428,01a64d36a9c980f23004e1ddc9c52db2312b2faf1f65bf3a0848c400b1af2068,All observed ASCII and binary corpus consumers resolve to one category; actual bitmap/material/texture declaration verified after decompilation,sw_plc_cep/jswp_ywing.mdl; sw_plc_cep/jswp_ywingb.mdl
sw_plc/jswp_xwing.dds,sw_plc_cep/jswp_xwing.dds,174796,17e93500a1212d861644a2dc0d7b42bc3b57fa83a072caa2188f56008d479c27,All observed ASCII and binary corpus consumers resolve to one category; actual bitmap/material/texture declaration verified after decompilation,sw_plc_cep/jswp_xwing01.mdl; sw_plc_cep/jswp_xwing01.mdl; sw_plc_cep/jswp_xwing01.mdl; sw_plc_cep/jswp_ywing.mdl; sw_plc_cep/jswp_ywing.mdl; sw_plc_cep/jswp_ywing.mdl
sw_plc/jukefront.dds,sw_plc_mdrn/jukefront.dds,43832,0dd9ef7eb62b7452ec83739cc6544be0592bde3efc700fd97d7241efdd733dd4,All observed ASCII and binary corpus consumers resolve to one category; actual bitmap/material/texture declaration verified after decompilation,sw_plc_mdrn/jukebox.mdl
sw_plc/jukepanel.tga,sw_plc_mdrn/jukepanel.tga,62515,a7cebbda8cc0617e1532fa88eb73abf1bed6f2d7d001d3939a152c406739d79a,All observed ASCII and binary corpus consumers resolve to one category; actual bitmap/material/texture declaration verified after decompilation,sw_plc_mdrn/jukebox.mdl
sw_plc/juketop.dds,sw_plc_mdrn/juketop.dds,43832,3509b7ff5ba248ec1f87c9e25cd794213e7522d0b3e3798e4cf03f4186db00ea,All observed ASCII and binary corpus consumers resolve to one category; actual bitmap/material/texture declaration verified after decompilation,sw_plc_mdrn/jukebox.mdl; sw_plc_mdrn/jukebox.mdl
sw_plc/jvb_arcade.dds,sw_plc_mdrn/jvb_arcade.dds,174820,e5a52e719c82df350eed251c349ec2bbd2d95096aba2c5b3fd6e9dee49af91e0,All observed ASCII and binary corpus consumers resolve to one category; actual bitmap/material/texture declaration verified after decompilation,sw_plc_mdrn/jvb_arcad01.mdl
sw_plc/jvb_arcadea.dds,sw_plc_mdrn/jvb_arcadea.dds,43748,3ba7afc7c6e63082a06066acb2d5d7c9eedede9e0a662e5fdc0c74b71e54ddc8,All observed ASCII and binary corpus consumers resolve to one category; actual bitmap/material/texture declaration verified after decompilation,sw_plc_mdrn/jvb_arcad01.mdl
sw_plc/jvb_arcadea2.dds,sw_plc_mdrn/jvb_arcadea2.dds,43748,fdadb89ecaaf1080a77bf64879e0c392b9c11c4de962e6b2c5037b88e495da93,All observed ASCII and binary corpus consumers resolve to one category; actual bitmap/material/texture declaration verified after decompilation,sw_plc_mdrn/jvb_arcad03.mdl; sw_plc_mdrn/jvb_arcad05.mdl; sw_plc_mdrn/jvb_arcad07.mdl
sw_plc/jvb_arcadefront.dds,sw_plc_mdrn/jvb_arcadefront.dds,174820,60036c76d98fe7d9f8e7096a5adb62daf8262accdaa936b6518daa7e872a731e,All observed ASCII and binary corpus consumers resolve to one category; actual bitmap/material/texture declaration verified after decompilation,sw_plc_mdrn/jvb_arcad01.mdl; sw_plc_mdrn/jvb_arcad01.mdl; sw_plc_mdrn/jvb_arcad01.mdl; sw_plc_mdrn/jvb_arcad01.mdl; sw_plc_mdrn/jvb_arcad01.mdl
sw_plc/jvb_arcadeturned.dds,sw_plc_mdrn/jvb_arcadeturned.dds,174820,d520cba506abb40300e0c7427425f3f53a984b6e24e0e1f0d9abea4038072487,All observed ASCII and binary corpus consumers resolve to one category; actual bitmap/material/texture declaration verified after decompilation,sw_plc_mdrn/jvb_arcad01.mdl
sw_plc/jvb_armhgib.dds,sw_plc_mdrn/jvb_armhgib.dds,349572,c21d27ec8d48d2f2e08ebe09197fba400b0841104aa6f2c94a427f149259e6c7,All observed ASCII and binary corpus consumers resolve to one category; actual bitmap/material/texture declaration verified after decompilation,sw_plc_mdrn/jvb_gore04.mdl
sw_plc/jvb_barstool.dds,sw_plc_mdrn/jvb_barstool.dds,174820,6434ee3b0a83603163167ec46f6a36e6aa52caaa64ecc5d70b4a4d3de3f359e8,All observed ASCII and binary corpus consumers resolve to one category; actual bitmap/material/texture declaration verified after decompilation,sw_plc_mdrn/jvb_sit01.mdl
sw_plc/jvb_barstool.txi,sw_plc_mdrn/jvb_barstool.txi,68,c92cacecb2f0b743817064e902b573efc6a96ee7d8fdfa8928b87fe791d65f9a,All observed ASCII and binary corpus consumers resolve to one category; actual bitmap/material/texture declaration verified after decompilation,sw_plc_mdrn/jvb_sit01.mdl
sw_plc/jvb_barstoolsd.dds,sw_plc_mdrn/jvb_barstoolsd.dds,43748,c7a73ab4a60f1e872273489e8d3ca5e42c09f0bc77bfa1042840c67886fb156b,All observed ASCII and binary corpus consumers resolve to one category; actual bitmap/material/texture declaration verified after decompilation,sw_plc_mdrn/jvb_sit01.mdl
sw_plc/jvb_barstoolsd.txi,sw_plc_mdrn/jvb_barstoolsd.txi,68,c92cacecb2f0b743817064e902b573efc6a96ee7d8fdfa8928b87fe791d65f9a,All observed ASCII and binary corpus consumers resolve to one category; actual bitmap/material/texture declaration verified after decompilation,sw_plc_mdrn/jvb_sit01.mdl
sw_plc/jvb_barstooltp.dds,sw_plc_mdrn/jvb_barstooltp.dds,10956,2d9928ec18079fecc87d1a4edf0fa5d977c6b56dd721cea58311d876c131af85,All observed ASCII and binary corpus consumers resolve to one category; actual bitmap/material/texture declaration verified after decompilation,sw_plc_mdrn/jvb_sit01.mdl
sw_plc/jvb_bcase.dds,sw_plc_mdrn/jvb_bcase.dds,349572,8227b9d707fb3d594991d1042a068bb561e8aa686d80fe99569346a4d973ebb9,All observed ASCII and binary corpus consumers resolve to one category; actual bitmap/material/texture declaration verified after decompilation,sw_plc_mdrn/jvb_bcase01.mdl; sw_plc_mdrn/jvb_bcase02.mdl
sw_plc/jvb_bcase.txi,sw_plc_mdrn/jvb_bcase.txi,68,c92cacecb2f0b743817064e902b573efc6a96ee7d8fdfa8928b87fe791d65f9a,All observed ASCII and binary corpus consumers resolve to one category; actual bitmap/material/texture declaration verified after decompilation,sw_plc_mdrn/jvb_bcase01.mdl; sw_plc_mdrn/jvb_bcase02.mdl
sw_plc/jvb_bencha.dds,sw_plc_mdrn/jvb_bencha.dds,174796,12e4826ab781e2ef6b645898c7925c1ff8289784d57e9164f85ecb8cd958e41f,All observed ASCII and binary corpus consumers resolve to one category; actual bitmap/material/texture declaration verified after decompilation,sw_plc_mdrn/jvb_bench01.mdl
sw_plc/jvb_black.dds,sw_plc_mdrn/jvb_black.dds,2764,626baf6e9ada5d7fbb75088ba04fda5847e5a5bf8148c6ef35e779b352b92149,All observed ASCII and binary corpus consumers resolve to one category; actual bitmap/material/texture declaration verified after decompilation,sw_plc_mdrn/jvb_potf01.mdl; sw_plc_mdrn/jvb_potf02.mdl
sw_plc/jvb_blaque.dds,sw_plc_mdrn/jvb_blaque.dds,5508,f29c6794659b1e46f84166905c17f2906ce36ea67c558482e43dd0a958c149d5,All observed ASCII and binary corpus consumers resolve to one category; actual bitmap/material/texture declaration verified after decompilation,sw_plc_mdrn/jvb_desk04.mdl; sw_plc_mdrn/jvb_desk04.mdl; sw_plc_mdrn/jvb_tab07.mdl; sw_plc_mdrn/jvb_tab07.mdl
sw_plc/jvb_blaque.txi,sw_plc_mdrn/jvb_blaque.txi,73,caeac5a59cd1f55c62871ee361f12583379441274d84aebec067a3eabe6eb8ae,All observed ASCII and binary corpus consumers resolve to one category; actual bitmap/material/texture declaration verified after decompilation,sw_plc_mdrn/jvb_desk04.mdl; sw_plc_mdrn/jvb_desk04.mdl; sw_plc_mdrn/jvb_tab07.mdl; sw_plc_mdrn/jvb_tab07.mdl
sw_plc/jvb_body_bag.dds,sw_plc_mdrn/jvb_body_bag.dds,87420,20d9d548fea20da71c3ecc14810028d562db070ce7207593f7cfac889d057d96,All observed ASCII and binary corpus consumers resolve to one category; actual bitmap/material/texture declaration verified after decompilation,sw_plc_mdrn/jvb_bbag01.mdl
sw_plc/jvb_bookshelfmdn.dds,sw_plc_mdrn/jvb_bookshelfmdn.dds,349572,b7c6d39ca7562733c52048a521e8038d7db990755778440556da15a1a57931a3,All observed ASCII and binary corpus consumers resolve to one category; actual bitmap/material/texture declaration verified after decompilation,sw_plc_mdrn/jvb_bookc01.mdl
sw_plc/jvb_bookshelfmdn.txi,sw_plc_mdrn/jvb_bookshelfmdn.txi,68,c92cacecb2f0b743817064e902b573efc6a96ee7d8fdfa8928b87fe791d65f9a,All observed ASCII and binary corpus consumers resolve to one category; actual bitmap/material/texture declaration verified after decompilation,sw_plc_mdrn/jvb_bookc01.mdl
sw_plc/jvb_bronze.dds,sw_plc_mdrn/jvb_bronze.dds,43724,7eff0777b3b62c90a0357eff4a547d6da3a9a0bea50826fe44d8060deb0c960c,All observed ASCII and binary corpus consumers resolve to one category; actual bitmap/material/texture declaration verified after decompilation,sw_plc_mdrn/jvb_gurn01.mdl
sw_plc/jvb_cabinethosp.dds,sw_plc_mdrn/jvb_cabinethosp.dds,87420,5df303c34ee1460111bbdce162fd93415658b0c02b94915d8c675a270963d890,All observed ASCII and binary corpus consumers resolve to one category; actual bitmap/material/texture declaration verified after decompilation,sw_plc_mdrn/jvb_cabint02.mdl
sw_plc/jvb_cabinethosp.txi,sw_plc_mdrn/jvb_cabinethosp.txi,68,c92cacecb2f0b743817064e902b573efc6a96ee7d8fdfa8928b87fe791d65f9a,All observed ASCII and binary corpus consumers resolve to one category; actual bitmap/material/texture declaration verified after decompilation,sw_plc_mdrn/jvb_cabint02.mdl
sw_plc/jvb_canb.dds,sw_plc_mdrn/jvb_canb.dds,10980,2704cee0d35bf94e39b1f856172d1c8302330475d405fb8243770a0a2861dd37,All observed ASCII and binary corpus consumers resolve to one category; actual bitmap/material/texture declaration verified after decompilation,sw_plc_mdrn/jvb_beer01.mdl; sw_plc_mdrn/jvb_beer02.mdl; sw_plc_mdrn/jvb_beer03.mdl; sw_plc_mdrn/jvb_beer03.mdl; sw_plc_mdrn/jvb_beer03.mdl; sw_plc_mdrn/jvb_beer03.mdl; sw_plc_mdrn/jvb_beer03.mdl; sw_plc_mdrn/jvb_beer03.mdl
sw_plc/jvb_canb.txi,sw_plc_mdrn/jvb_canb.txi,68,c92cacecb2f0b743817064e902b573efc6a96ee7d8fdfa8928b87fe791d65f9a,All observed ASCII and binary corpus consumers resolve to one category; actual bitmap/material/texture declaration verified after decompilation,sw_plc_mdrn/jvb_beer01.mdl; sw_plc_mdrn/jvb_beer02.mdl; sw_plc_mdrn/jvb_beer03.mdl; sw_plc_mdrn/jvb_beer03.mdl; sw_plc_mdrn/jvb_beer03.mdl; sw_plc_mdrn/jvb_beer03.mdl; sw_plc_mdrn/jvb_beer03.mdl; sw_plc_mdrn/jvb_beer03.mdl
sw_plc/jvb_canbtm.dds,sw_plc_mdrn/jvb_canbtm.dds,5508,22bff75cf04ec6ddcd0ce7888f8d4316fa631909c9df83e0eff4aa0b0c274481,All observed ASCII and binary corpus consumers resolve to one category; actual bitmap/material/texture declaration verified after decompilation,sw_plc_mdrn/jvb_beer01.mdl; sw_plc_mdrn/jvb_beer02.mdl; sw_plc_mdrn/jvb_beer03.mdl; sw_plc_mdrn/jvb_beer03.mdl; sw_plc_mdrn/jvb_beer03.mdl; sw_plc_mdrn/jvb_beer03.mdl; sw_plc_mdrn/jvb_beer03.mdl; sw_plc_mdrn/jvb_beer03.mdl
sw_plc/jvb_candydisplay.dds,sw_plc_mdrn/jvb_candydisplay.dds,43724,00d9d97c8ac84772dd3bf288629dec3d82a3ee481a8b5cab31e5b437a5262b54,All observed ASCII and binary corpus consumers resolve to one category; actual bitmap/material/texture declaration verified after decompilation,sw_plc_mdrn/jvb_candyd01.mdl
sw_plc/jvb_cantp.dds,sw_plc_mdrn/jvb_cantp.dds,5508,8ec059fab71e8817cad542d0794e20e4f7747d0d845713c8024f5d3da2331bab,All observed ASCII and binary corpus consumers resolve to one category; actual bitmap/material/texture declaration verified after decompilation,sw_plc_mdrn/jvb_beer01.mdl; sw_plc_mdrn/jvb_beer02.mdl; sw_plc_mdrn/jvb_beer03.mdl; sw_plc_mdrn/jvb_beer03.mdl; sw_plc_mdrn/jvb_beer03.mdl; sw_plc_mdrn/jvb_beer03.mdl; sw_plc_mdrn/jvb_beer03.mdl; sw_plc_mdrn/jvb_beer03.mdl
sw_plc/jvb_cards.dds,sw_plc_mdrn/jvb_cards.dds,43748,d848f26c52f254b02088629fe8e02d37a6c638913eddcaa77360d945e608280a,All observed ASCII and binary corpus consumers resolve to one category; actual bitmap/material/texture declaration verified after decompilation,sw_plc_mdrn/jvb_cards01.mdl; sw_plc_mdrn/jvb_cards02.mdl
sw_plc/jvb_cashbox.dds,sw_plc_mdrn/jvb_cashbox.dds,87428,0ad8c19a7f3fb4c67d5e67323e4381a3c88381bd54b194ad3f86c35fde9a0cff,All observed ASCII and binary corpus consumers resolve to one category; actual bitmap/material/texture declaration verified after decompilation,sw_plc_mdrn/jvb_cash02.mdl
sw_plc/jvb_cboard.dds,sw_plc_mdrn/jvb_cboard.dds,87428,40241aa71e166b7a3e77c46e0e71f2d205cafab6d96a853e30c46a7376a117e9,All observed ASCII and binary corpus consumers resolve to one category; actual bitmap/material/texture declaration verified after decompilation,sw_plc_mdrn/jvb_cboard01.mdl
sw_plc/jvb_cdcase.dds,sw_plc_mdrn/jvb_cdcase.dds,87428,08da3cc9e3611d8bfdb0be7f6ba283b7edbed393a114025793f1ca0cc1c9b76f,All observed ASCII and binary corpus consumers resolve to one category; actual bitmap/material/texture declaration verified after decompilation,sw_plc_mdrn/jvb_cd01.mdl; sw_plc_mdrn/jvb_cd02.mdl; sw_plc_mdrn/jvb_cd02.mdl
sw_plc/jvb_cdcase.txi,sw_plc_mdrn/jvb_cdcase.txi,68,c92cacecb2f0b743817064e902b573efc6a96ee7d8fdfa8928b87fe791d65f9a,All observed ASCII and binary corpus consumers resolve to one category; actual bitmap/material/texture declaration verified after decompilation,sw_plc_mdrn/jvb_cd01.mdl; sw_plc_mdrn/jvb_cd02.mdl; sw_plc_mdrn/jvb_cd02.mdl
sw_plc/jvb_cgum.dds,sw_plc_mdrn/jvb_cgum.dds,21892,723057e59306667d76f20969b1a392e780a0b7a48cd6e5889def079fed58d0ba,All observed ASCII and binary corpus consumers resolve to one category; actual bitmap/material/texture declaration verified after decompilation,sw_plc_mdrn/jvb_gum01.mdl
sw_plc/jvb_chaircafe.dds,sw_plc_mdrn/jvb_chaircafe.dds,21884,c5c457ca9111b821cc0b6d5269c2b63a61241b6188007503f0aa735fb4c137b2,All observed ASCII and binary corpus consumers resolve to one category; actual bitmap/material/texture declaration verified after decompilation,sw_plc_mdrn/jvb_chair08.mdl
sw_plc/jvb_chaircafes.dds,sw_plc_mdrn/jvb_chaircafes.dds,10956,71508d44e578c59a886f969a686ecaddb37be85cbdd4baecc4e28dac595fcd88,All observed ASCII and binary corpus consumers resolve to one category; actual bitmap/material/texture declaration verified after decompilation,sw_plc_mdrn/jvb_chair08.mdl
sw_plc/jvb_chairfabric.dds,sw_plc_mdrn/jvb_chairfabric.dds,43724,bb2367b6902e5e0c7c836fdaaaac5533ca0f36f75daf3d0c5d9f59033e5fbe61,All observed ASCII and binary corpus consumers resolve to one category; actual bitmap/material/texture declaration verified after decompilation,sw_plc_mdrn/jvb_chair09.mdl
sw_plc/jvb_chairfabric2.dds,sw_plc_mdrn/jvb_chairfabric2.dds,43724,97e60bf48a97b8295aa852b728786bb960ead90e5228ec02f71d5e3a9dae165d,All observed ASCII and binary corpus consumers resolve to one category; actual bitmap/material/texture declaration verified after decompilation,sw_plc_mdrn/jvb_chair10.mdl
sw_plc/jvb_chairfabricb.dds,sw_plc_mdrn/jvb_chairfabricb.dds,43724,0bfeae51b54b240bd54c2c5ee607f6c18ca3f92ee833e2ddc29b70e628f3f4d2,All observed ASCII and binary corpus consumers resolve to one category; actual bitmap/material/texture declaration verified after decompilation,sw_plc_mdrn/jvb_couch07.mdl
sw_plc/jvb_chairwood.dds,sw_plc_mdrn/jvb_chairwood.dds,43724,48171150f3b5333ee375454695054b38daed9704f85b41ede8bf6e4cc4a032f1,All observed ASCII and binary corpus consumers resolve to one category; actual bitmap/material/texture declaration verified after decompilation,sw_plc_mdrn/jvb_chair09.mdl
sw_plc/jvb_chalk1.dds,sw_plc_mdrn/jvb_chalk1.dds,87420,202594cc44296078de9abb1a6758202c02ad6c3d8b10281f4a5b1131a17a6b5a,All observed ASCII and binary corpus consumers resolve to one category; actual bitmap/material/texture declaration verified after decompilation,sw_plc_mdrn/jvb_chalkb01.mdl
sw_plc/jvb_chalk2.dds,sw_plc_mdrn/jvb_chalk2.dds,87420,08dab5ab0db0c3e661bfcdf0c0f1fbe1767d8a516cd6863139796160c5f386c5,All observed ASCII and binary corpus consumers resolve to one category; actual bitmap/material/texture declaration verified after decompilation,sw_plc_mdrn/jvb_chalkb01.mdl
sw_plc/jvb_cigar.dds,sw_plc_mdrn/jvb_cigar.dds,10980,1e27b2ca557681dd7f09c9571b6438c9565d80e6239c2adbcba6460aae67d823,All observed ASCII and binary corpus consumers resolve to one category; actual bitmap/material/texture declaration verified after decompilation,sw_plc_mdrn/jvb_cigar01.mdl
sw_plc/jvb_ciggy.dds,sw_plc_mdrn/jvb_ciggy.dds,10980,ef3d325f4bcc34f1efe7524af7fa7046076f415fd8a9bad70e87554003164d39,All observed ASCII and binary corpus consumers resolve to one category; actual bitmap/material/texture declaration verified after decompilation,sw_plc_mdrn/jvb_cigar02.mdl
sw_plc/jvb_coffeem.dds,sw_plc_mdrn/jvb_coffeem.dds,87428,f20b12652ff142f3d587ca8847821528be8d089459d7ee134a5a6e27e7db6735,All observed ASCII and binary corpus consumers resolve to one category; actual bitmap/material/texture declaration verified after decompilation,sw_plc_mdrn/jvb_coffem01.mdl; sw_plc_mdrn/jvb_coffep01.mdl; sw_plc_mdrn/jvb_desk04.mdl; sw_plc_mdrn/jvb_desk04.mdl
sw_plc/jvb_coffeem.txi,sw_plc_mdrn/jvb_coffeem.txi,68,c92cacecb2f0b743817064e902b573efc6a96ee7d8fdfa8928b87fe791d65f9a,All observed ASCII and binary corpus consumers resolve to one category; actual bitmap/material/texture declaration verified after decompilation,sw_plc_mdrn/jvb_coffem01.mdl; sw_plc_mdrn/jvb_coffep01.mdl; sw_plc_mdrn/jvb_desk04.mdl; sw_plc_mdrn/jvb_desk04.mdl
sw_plc/jvb_coffeep.dds,sw_plc_mdrn/jvb_coffeep.dds,21892,ed4a8f6701732edbaa7950eed173b15d3ce12c4e8e6383547757540ad20a34cf,All observed ASCII and binary corpus consumers resolve to one category; actual bitmap/material/texture declaration verified after decompilation,sw_plc_mdrn/jvb_coffem01.mdl; sw_plc_mdrn/jvb_coffem01.mdl; sw_plc_mdrn/jvb_coffep01.mdl; sw_plc_mdrn/jvb_coffep01.mdl
sw_plc/jvb_coffeep.txi,sw_plc_mdrn/jvb_coffeep.txi,68,c92cacecb2f0b743817064e902b573efc6a96ee7d8fdfa8928b87fe791d65f9a,All observed ASCII and binary corpus consumers resolve to one category; actual bitmap/material/texture declaration verified after decompilation,sw_plc_mdrn/jvb_coffem01.mdl; sw_plc_mdrn/jvb_coffem01.mdl; sw_plc_mdrn/jvb_coffep01.mdl; sw_plc_mdrn/jvb_coffep01.mdl
sw_plc/jvb_coffeet.dds,sw_plc_mdrn/jvb_coffeet.dds,43748,d0c0609d45d2c094e1c637d816a45e8b369583988576e39577e1c6ee9813ab8d,All observed ASCII and binary corpus consumers resolve to one category; actual bitmap/material/texture declaration verified after decompilation,sw_plc_mdrn/jvb_coffem01.mdl
sw_plc/jvb_coffeet.txi,sw_plc_mdrn/jvb_coffeet.txi,68,c92cacecb2f0b743817064e902b573efc6a96ee7d8fdfa8928b87fe791d65f9a,All observed ASCII and binary corpus consumers resolve to one category; actual bitmap/material/texture declaration verified after decompilation,sw_plc_mdrn/jvb_coffem01.mdl
sw_plc/jvb_coffeet2.dds,sw_plc_mdrn/jvb_coffeet2.dds,43724,1c079a863eb048c088f2a52e704f152f572da5df36e75e2e1a4edc1cdb9ea69f,All observed ASCII and binary corpus consumers resolve to one category; actual bitmap/material/texture declaration verified after decompilation,sw_plc_mdrn/jvb_chalkb01.mdl; sw_plc_mdrn/jvb_chalkb01.mdl
sw_plc/jvb_couch02b.dds,sw_plc_mdrn/jvb_couch02b.dds,174796,b133b0896431bda648b1c2f9b188422aac2768b9074bf7765bbbfb6af8cced74,All observed ASCII and binary corpus consumers resolve to one category; actual bitmap/material/texture declaration verified after decompilation,sw_plc_mdrn/jvb_armc01.mdl
sw_plc/jvb_couchb3.dds,sw_plc_mdrn/jvb_couchb3.dds,43724,fe4049443f6dc33a992a0218586f6ce169185ff1c42e7b10da5e02d4a5100c61,All observed ASCII and binary corpus consumers resolve to one category; actual bitmap/material/texture declaration verified after decompilation,sw_plc_mdrn/jvb_chair06.mdl; sw_plc_mdrn/jvb_couch04.mdl
sw_plc/jvb_couchbless.dds,sw_plc_mdrn/jvb_couchbless.dds,174796,28eea24e46a0faaafa2358de005e4d9421526e73877e846fe09f9faa455a2d8c,All observed ASCII and binary corpus consumers resolve to one category; actual bitmap/material/texture declaration verified after decompilation,sw_plc_mdrn/jvb_couch05.mdl
sw_plc/jvb_counterit.dds,sw_plc_mdrn/jvb_counterit.dds,10956,f1160da2b0a0b453eb392e67a43b5a7176bad37e9383218999f1be1b167220e6,All observed ASCII and binary corpus consumers resolve to one category; actual bitmap/material/texture declaration verified after decompilation,sw_plc_mdrn/jvb_shop01.mdl; sw_plc_mdrn/jvb_shop02.mdl; sw_plc_mdrn/jvb_shop03.mdl; sw_plc_mdrn/jvb_shop04.mdl
sw_plc/jvb_cphone.dds,sw_plc_mdrn/jvb_cphone.dds,87428,c2a99a58b314e88434be3793a4a615480fc6bfca599283ed449d172b421b0342,All observed ASCII and binary corpus consumers resolve to one category; actual bitmap/material/texture declaration verified after decompilation,sw_plc_mdrn/jvb_cellp01.mdl
sw_plc/jvb_dayplanner2.dds,sw_plc_mdrn/jvb_dayplanner2.dds,87428,9182d8148491edd8a2ede960492109755a38ab188f3597d7bd7e11441502d78f,All observed ASCII and binary corpus consumers resolve to one category; actual bitmap/material/texture declaration verified after decompilation,sw_plc_mdrn/jvb_daily01.mdl; sw_plc_mdrn/jvb_daily02.mdl; sw_plc_mdrn/jvb_daily03.mdl
sw_plc/jvb_deadflowers.dds,sw_plc_mdrn/jvb_deadflowers.dds,43724,9793bc6bc286614a72cc86bfc787eeb386d7530a66212b9961857f70b3cdf2a9,All observed ASCII and binary corpus consumers resolve to one category; actual bitmap/material/texture declaration verified after decompilation,sw_plc_mdrn/jvb_flower03.mdl
sw_plc/jvb_diary.dds,sw_plc_mdrn/jvb_diary.dds,21884,e0d5d7f69b01f6050bf1d82a42823cec2079176ac1c204bb686c2ede03ed6cde,All observed ASCII and binary corpus consumers resolve to one category; actual bitmap/material/texture declaration verified after decompilation,sw_plc_mdrn/jvb_diary01.mdl; sw_plc_mdrn/jvb_diary02.mdl
sw_plc/jvb_drawer.dds,sw_plc_mdrn/jvb_drawer.dds,21884,74d59be248ef000504d3fc231e17364df9a2af8fd9d9c4be0b816cdbcc58b401,All observed ASCII and binary corpus consumers resolve to one category; actual bitmap/material/texture declaration verified after decompilation,sw_plc_mdrn/jvb_desk03.mdl
sw_plc/jvb_execdesk.dds,sw_plc_mdrn/jvb_execdesk.dds,174796,2add1ed5d8e5cac2275b3f9b97f64dd6099a1777eafa65cc8a9552750bbcd26e,All observed ASCII and binary corpus consumers resolve to one category; actual bitmap/material/texture declaration verified after decompilation,sw_plc_mdrn/jvb_desk03.mdl
sw_plc/jvb_eyeballs.dds,sw_plc_mdrn/jvb_eyeballs.dds,87428,a6dd8e0234cbb09eebae270ae6b54a3eb841c793f26639ce1474932da6a9def0,All observed ASCII and binary corpus consumers resolve to one category; actual bitmap/material/texture declaration verified after decompilation,sw_plc_mdrn/jvb_eyeb01.mdl
sw_plc/jvb_fetish.dds,sw_plc_mdrn/jvb_fetish.dds,43724,b805c6b8e91342e6e826ab1d3c441b730295df1eb5c0e829117d47491098e778,All observed ASCII and binary corpus consumers resolve to one category; actual bitmap/material/texture declaration verified after decompilation,sw_plc_mdrn/jvb_statue01.mdl
sw_plc/jvb_frame.dds,sw_plc_mdrn/jvb_frame.dds,2764,b39d120d474c44c6a100c6723421249481556c8b4a23aaa670d5092005d157d3,All observed ASCII and binary corpus consumers resolve to one category; actual bitmap/material/texture declaration verified after decompilation,sw_plc_mdrn/jvb_paint01.mdl
sw_plc/jvb_gasmeter.dds,sw_plc_mdrn/jvb_gasmeter.dds,43724,52a43391bbbabf8d02e5f063e44e1c64f927fb08bab5b98847109613e0ccc8c9,All observed ASCII and binary corpus consumers resolve to one category; actual bitmap/material/texture declaration verified after decompilation,sw_plc_mdrn/jvb_gasmt01.mdl
sw_plc/jvb_goldbuddhas.dds,sw_plc_mdrn/jvb_goldbuddhas.dds,349572,d6215f2f4159ee49e2850aa39533812997cbaf18a7ff542edb36c476b436c762,All observed ASCII and binary corpus consumers resolve to one category; actual bitmap/material/texture declaration verified after decompilation,sw_plc_mdrn/jvb_budda02.mdl
sw_plc/jvb_handles.dds,sw_plc_mdrn/jvb_handles.dds,2764,cfb9fb0dbd16a8f9bb741cfb7bbc9f0b59e6d9c2916ba91970b42a67d5db0770,All observed ASCII and binary corpus consumers resolve to one category; actual bitmap/material/texture declaration verified after decompilation,sw_plc_mdrn/jvb_desk03.mdl; sw_plc_mdrn/jvb_desk04.mdl
sw_plc/jvb_heartrate.dds,sw_plc_mdrn/jvb_heartrate.dds,43724,5632e8a2b409e93a0313f2da78f88bf9699bab3530c580a6ede4f0f6eab12916,All observed ASCII and binary corpus consumers resolve to one category; actual bitmap/material/texture declaration verified after decompilation,sw_plc_mdrn/jvb_medic01.mdl; sw_plc_mdrn/jvb_medic01.mdl; sw_plc_mdrn/jvb_medic01.mdl; sw_plc_mdrn/jvb_medic01.mdl; sw_plc_mdrn/jvb_medic01.mdl; sw_plc_mdrn/jvb_medic01.mdl
sw_plc/jvb_heartrate2a.dds,sw_plc_mdrn/jvb_heartrate2a.dds,174796,931467c928a10e9c0b53bbc11b3782d2cc9556ec5391f4746cc8eca05aafb796,All observed ASCII and binary corpus consumers resolve to one category; actual bitmap/material/texture declaration verified after decompilation,sw_plc_mdrn/jvb_medic01.mdl; sw_plc_mdrn/jvb_medic01.mdl
sw_plc/jvb_inside.dds,sw_plc_mdrn/jvb_inside.dds,174820,dd3747bef308e70007043248ccf9bd7c0c534bfaa44c558fe051cbc4f6faabc1,All observed ASCII and binary corpus consumers resolve to one category; actual bitmap/material/texture declaration verified after decompilation,sw_plc_mdrn/jvb_arcad01.mdl; sw_plc_mdrn/jvb_arcad03.mdl; sw_plc_mdrn/jvb_arcad03.mdl; sw_plc_mdrn/jvb_arcad05.mdl; sw_plc_mdrn/jvb_arcad05.mdl; sw_plc_mdrn/jvb_arcad07.mdl
sw_plc/jvb_instruments2.dds,sw_plc_mdrn/jvb_instruments2.dds,174796,8295f4128062e1181736b9e678505d8fa0cecbeb488e43d2fe346db3afea8d04,All observed ASCII and binary corpus consumers resolve to one category; actual bitmap/material/texture declaration verified after decompilation,sw_plc_mdrn/jvb_cabint02.mdl; sw_plc_mdrn/jvb_cabint02.mdl; sw_plc_mdrn/jvb_medic03.mdl
sw_plc/jvb_invitation.dds,sw_plc_mdrn/jvb_invitation.dds,87428,a2485ce28fd32bdd856c418a5718415a70c46ea502e43c157fa7e68b0efb358b,All observed ASCII and binary corpus consumers resolve to one category; actual bitmap/material/texture declaration verified after decompilation,sw_plc_mdrn/jvb_letter01.mdl
sw_plc/jvb_jade9.dds,sw_plc_mdrn/jvb_jade9.dds,349572,6b87a806f97bdbe22cc7af3007b4ad93d0304eb1bc48f8b21311e99e0f596a1b,All observed ASCII and binary corpus consumers resolve to one category; actual bitmap/material/texture declaration verified after decompilation,sw_plc_mdrn/jvb_statue02.mdl; sw_plc_mdrn/jvb_statue03.mdl; sw_plc_mdrn/jvb_statue04.mdl; sw_plc_mdrn/jvb_statue06.mdl
sw_plc/jvb_jade9.txi,sw_plc_mdrn/jvb_jade9.txi,79,cd6607128c3e497460271b22a88cc2e6a619879ecad404f991f8bf419ba3781f,All observed ASCII and binary corpus consumers resolve to one category; actual bitmap/material/texture declaration verified after decompilation,sw_plc_mdrn/jvb_statue02.mdl; sw_plc_mdrn/jvb_statue03.mdl; sw_plc_mdrn/jvb_statue04.mdl; sw_plc_mdrn/jvb_statue06.mdl
sw_plc/jvb_lgfoot.dds,sw_plc_mdrn/jvb_lgfoot.dds,349572,bd28ef7cb0b62af1d07ae3dea9dcf40553ba18d13f3550de433aa11397005c80,All observed ASCII and binary corpus consumers resolve to one category; actual bitmap/material/texture declaration verified after decompilation,sw_plc_mdrn/jvb_gore05.mdl
sw_plc/jvb_lnjaw.dds,sw_plc_mdrn/jvb_lnjaw.dds,87428,600bdaf412f7e3ce4754f6ba04ee7530172dff0bc31342b8547065d699f8c4b3,All observed ASCII and binary corpus consumers resolve to one category; actual bitmap/material/texture declaration verified after decompilation,sw_plc_mdrn/jvb_gore10.mdl; sw_plc_mdrn/jvb_gore11.mdl
sw_plc/jvb_lthrchaircs.dds,sw_plc_mdrn/jvb_lthrchaircs.dds,43724,d4ae50df4ccdb6dd6b9ea12db325370ce6dc6a97eaa333d5951929d43abfe17f,All observed ASCII and binary corpus consumers resolve to one category; actual bitmap/material/texture declaration verified after decompilation,sw_plc_mdrn/jvb_couch03.mdl
sw_plc/jvb_lthrchairleg.dds,sw_plc_mdrn/jvb_lthrchairleg.dds,10972,f0fbc03122d953bd22e04deb7efe60b1d4345842b2dbd3235ec3e5aa52679a8c,All observed ASCII and binary corpus consumers resolve to one category; actual bitmap/material/texture declaration verified after decompilation,sw_plc_mdrn/jvb_couch03.mdl
sw_plc/jvb_lthrchairtrm.dds,sw_plc_mdrn/jvb_lthrchairtrm.dds,21884,9f55d434bef1237a2e19ef817b7693ed822984218fc8015c2573f6d1c4cc6e7d,All observed ASCII and binary corpus consumers resolve to one category; actual bitmap/material/texture declaration verified after decompilation,sw_plc_mdrn/jvb_couch03.mdl
sw_plc/jvb_lthrchrwrap.dds,sw_plc_mdrn/jvb_lthrchrwrap.dds,43724,d779acc34df6789653cc61f1ca163b0ccac95a0dd3a05685990f3ae6e9d69086,All observed ASCII and binary corpus consumers resolve to one category; actual bitmap/material/texture declaration verified after decompilation,sw_plc_mdrn/jvb_couch03.mdl
sw_plc/jvb_mbotle.dds,sw_plc_mdrn/jvb_mbotle.dds,10980,c530c3907e38d0d675c89ba6b6bd59d8651b93043acab8a8d41ee19b64cef4e7,All observed ASCII and binary corpus consumers resolve to one category; actual bitmap/material/texture declaration verified after decompilation,sw_plc_mdrn/jvb_bottle01.mdl; sw_plc_mdrn/jvb_bottle02.mdl
sw_plc/jvb_mbotle.txi,sw_plc_mdrn/jvb_mbotle.txi,68,c92cacecb2f0b743817064e902b573efc6a96ee7d8fdfa8928b87fe791d65f9a,All observed ASCII and binary corpus consumers resolve to one category; actual bitmap/material/texture declaration verified after decompilation,sw_plc_mdrn/jvb_bottle01.mdl; sw_plc_mdrn/jvb_bottle02.mdl
sw_plc/jvb_metal.dds,sw_plc_mdrn/jvb_metal.dds,2764,1910a35811cda650ee04b09aeec3c225d428262703e63fcac2161a0e5a3d19c4,All observed ASCII and binary corpus consumers resolve to one category; actual bitmap/material/texture declaration verified after decompilation,sw_plc_mdrn/jvb_tab05.mdl
sw_plc/jvb_metalox.dds,sw_plc_mdrn/jvb_metalox.dds,10956,3a8023d2afb5ca80fc4a26b7343dfc7e652ecf896fea0dcec838cb0fb89464b5,All observed ASCII and binary corpus consumers resolve to one category; actual bitmap/material/texture declaration verified after decompilation,sw_plc_mdrn/jvb_chair03.mdl
sw_plc/jvb_mglass.dds,sw_plc_mdrn/jvb_mglass.dds,87428,6b64dd7b0a82c35025ed4a9d7ccb42f5ce3246d30119f86d89736f5ca4660ce9,All observed ASCII and binary corpus consumers resolve to one category; actual bitmap/material/texture declaration verified after decompilation,sw_plc_mdrn/jvb_tab05.mdl
sw_plc/jvb_mglass.txi,sw_plc_mdrn/jvb_mglass.txi,68,c92cacecb2f0b743817064e902b573efc6a96ee7d8fdfa8928b87fe791d65f9a,All observed ASCII and binary corpus consumers resolve to one category; actual bitmap/material/texture declaration verified after decompilation,sw_plc_mdrn/jvb_tab05.mdl
sw_plc/jvb_monitor2.dds,sw_plc_mdrn/jvb_monitor2.dds,174796,b5ba7aeab76b275775c0b0c9eb456721fdd2e1ba9d20478ab48eed00b514e219,All observed ASCII and binary corpus consumers resolve to one category; actual bitmap/material/texture declaration verified after decompilation,sw_plc_mdrn/jvb_medic01.mdl; sw_plc_mdrn/jvb_medic01.mdl; sw_plc_mdrn/jvb_medic01.mdl; sw_plc_mdrn/jvb_medic01.mdl; sw_plc_mdrn/jvb_medic01.mdl; sw_plc_mdrn/jvb_medic01.mdl
sw_plc/jvb_monitornew.dds,sw_plc_mdrn/jvb_monitornew.dds,174796,98eb38824fa80546bd826f9b141f38ff0bb90aa848e4959ff17d6869176af4cc,All observed ASCII and binary corpus consumers resolve to one category; actual bitmap/material/texture declaration verified after decompilation,sw_plc_mdrn/jvb_ncomp02.mdl
sw_plc/jvb_morphineb.dds,sw_plc_mdrn/jvb_morphineb.dds,21892,6cece0db27e0d1625caee1d4ffc31c4106e60fd85b3e1c90340d7667d3f37c89,All observed ASCII and binary corpus consumers resolve to one category; actual bitmap/material/texture declaration verified after decompilation,sw_plc_mdrn/jvb_drug01.mdl
sw_plc/jvb_neon.dds,sw_plc_mdrn/jvb_neon.dds,87420,809bc05b02a060701d493424aaae9519c4410c17a7fc02f3a8b2556fb3e6c8c3,All observed ASCII and binary corpus consumers resolve to one category; actual bitmap/material/texture declaration verified after decompilation,sw_plc_mdrn/jvb_neon01.mdl
sw_plc/jvb_paper.dds,sw_plc_mdrn/jvb_paper.dds,21884,92958054bfecc0bde0230c67b575472844cb1ed2b7d36d07a9ec41412d861a37,All observed ASCII and binary corpus consumers resolve to one category; actual bitmap/material/texture declaration verified after decompilation,sw_plc_mdrn/jvb_cigar04.mdl; sw_plc_mdrn/jvb_cigar05.mdl; sw_plc_mdrn/jvb_cigar05.mdl; sw_plc_mdrn/jvb_cigar05.mdl
sw_plc/jvb_pillbottle.dds,sw_plc_mdrn/jvb_pillbottle.dds,21892,e5eaa1eb9bbfde48d253ddfcd6495b2962bc2148650f9035ec050ad64fc2342c,All observed ASCII and binary corpus consumers resolve to one category; actual bitmap/material/texture declaration verified after decompilation,sw_plc_mdrn/jvb_drug05.mdl
sw_plc/jvb_pitfall.dds,sw_plc_mdrn/jvb_pitfall.dds,174820,03c8786278c6ad086ce0aeb0291a3b104dcb44fb1fdd9d485e2c0b7d9bf8f965,All observed ASCII and binary corpus consumers resolve to one category; actual bitmap/material/texture declaration verified after decompilation,sw_plc_mdrn/jvb_arcad03.mdl; sw_plc_mdrn/jvb_arcad03.mdl; sw_plc_mdrn/jvb_arcad03.mdl
sw_plc/jvb_pitfallfront.dds,sw_plc_mdrn/jvb_pitfallfront.dds,87428,fd2216fa24fcc6158ab0247892effd07a6bcd142ab5f491c13486bb7400f5b22,All observed ASCII and binary corpus consumers resolve to one category; actual bitmap/material/texture declaration verified after decompilation,sw_plc_mdrn/jvb_arcad03.mdl
sw_plc/jvb_pitfallfront.txi,sw_plc_mdrn/jvb_pitfallfront.txi,68,c92cacecb2f0b743817064e902b573efc6a96ee7d8fdfa8928b87fe791d65f9a,All observed ASCII and binary corpus consumers resolve to one category; actual bitmap/material/texture declaration verified after decompilation,sw_plc_mdrn/jvb_arcad03.mdl
sw_plc/jvb_pitfalllower.dds,sw_plc_mdrn/jvb_pitfalllower.dds,87428,f72aba922dcafe21cac8a11279b7b56b1fe7a91362559883e4904b17437f1370,All observed ASCII and binary corpus consumers resolve to one category; actual bitmap/material/texture declaration verified after decompilation,sw_plc_mdrn/jvb_arcad03.mdl
sw_plc/jvb_pitfalltop.dds,sw_plc_mdrn/jvb_pitfalltop.dds,43748,ba5fb3c026291f57fe56317994d1ef850864ae6a434d4776216da3ffe76f7080,All observed ASCII and binary corpus consumers resolve to one category; actual bitmap/material/texture declaration verified after decompilation,sw_plc_mdrn/jvb_arcad03.mdl
sw_plc/jvb_rampage.dds,sw_plc_mdrn/jvb_rampage.dds,174820,40ab4f5d40884b275875ce706a63c8416fcc39cc509b32dfffb746f1ecd232d7,All observed ASCII and binary corpus consumers resolve to one category; actual bitmap/material/texture declaration verified after decompilation,sw_plc_mdrn/jvb_arcad05.mdl; sw_plc_mdrn/jvb_arcad05.mdl
sw_plc/jvb_rampagefrnt.dds,sw_plc_mdrn/jvb_rampagefrnt.dds,87428,1eda62c3801671805fba9ce28193ea62eb63d235f164e9401cf60b0a67698057,All observed ASCII and binary corpus consumers resolve to one category; actual bitmap/material/texture declaration verified after decompilation,sw_plc_mdrn/jvb_arcad05.mdl
sw_plc/jvb_rampagefrnt.txi,sw_plc_mdrn/jvb_rampagefrnt.txi,68,c92cacecb2f0b743817064e902b573efc6a96ee7d8fdfa8928b87fe791d65f9a,All observed ASCII and binary corpus consumers resolve to one category; actual bitmap/material/texture declaration verified after decompilation,sw_plc_mdrn/jvb_arcad05.mdl
sw_plc/jvb_rampagelower.dds,sw_plc_mdrn/jvb_rampagelower.dds,87428,3df45b2efb81c2e7501f7954c7a8e3b3b5c6a9140198a5317a3c231ebc66bd98,All observed ASCII and binary corpus consumers resolve to one category; actual bitmap/material/texture declaration verified after decompilation,sw_plc_mdrn/jvb_arcad05.mdl
sw_plc/jvb_rampagetop.dds,sw_plc_mdrn/jvb_rampagetop.dds,43748,dd2ff94412f1718abb158bbd13ae72f06d2f181179cb4f86eb1325e4fda4cac0,All observed ASCII and binary corpus consumers resolve to one category; actual bitmap/material/texture declaration verified after decompilation,sw_plc_mdrn/jvb_arcad05.mdl
sw_plc/jvb_riverraid.dds,sw_plc_mdrn/jvb_riverraid.dds,174820,e86975219cf5b8504c4756e6b7471296c71961953a922727a6193561686e76f7,All observed ASCII and binary corpus consumers resolve to one category; actual bitmap/material/texture declaration verified after decompilation,sw_plc_mdrn/jvb_arcad07.mdl; sw_plc_mdrn/jvb_arcad07.mdl
sw_plc/jvb_riverraidfro.dds,sw_plc_mdrn/jvb_riverraidfro.dds,87428,3a4eecb46f3590c1bdaffb107809b5bcfc2b8b22a20fca2535f97abca4b94f98,All observed ASCII and binary corpus consumers resolve to one category; actual bitmap/material/texture declaration verified after decompilation,sw_plc_mdrn/jvb_arcad07.mdl
sw_plc/jvb_riverraidfro.txi,sw_plc_mdrn/jvb_riverraidfro.txi,68,c92cacecb2f0b743817064e902b573efc6a96ee7d8fdfa8928b87fe791d65f9a,All observed ASCII and binary corpus consumers resolve to one category; actual bitmap/material/texture declaration verified after decompilation,sw_plc_mdrn/jvb_arcad07.mdl
sw_plc/jvb_riverraidlow.dds,sw_plc_mdrn/jvb_riverraidlow.dds,87428,832ab6374b7e3628c90ca025827f61d22329cdd627a7cab3125ca45ed50c6411,All observed ASCII and binary corpus consumers resolve to one category; actual bitmap/material/texture declaration verified after decompilation,sw_plc_mdrn/jvb_arcad07.mdl
sw_plc/jvb_riverraidtop.dds,sw_plc_mdrn/jvb_riverraidtop.dds,43748,c8ef9d3364b81706c00854494a1cf4145faa25d683ce7be8b93f61370aaf09b0,All observed ASCII and binary corpus consumers resolve to one category; actual bitmap/material/texture declaration verified after decompilation,sw_plc_mdrn/jvb_arcad07.mdl
sw_plc/jvb_sacp.dds,sw_plc_mdrn/jvb_sacp.dds,43724,f570f66e422c417d4c19d4407f311d690a23d53195e52789a792431b17b6ae00,All observed ASCII and binary corpus consumers resolve to one category; actual bitmap/material/texture declaration verified after decompilation,sw_plc_mdrn/jvb_trashc01.mdl; sw_plc_mdrn/jvb_trashc02.mdl
sw_plc/jvb_sewerbook.dds,sw_plc_mdrn/jvb_sewerbook.dds,349572,64d43c74cf38d86e00dcc854b1558accebc503883d6446b773f2a874af8d7220,All observed ASCII and binary corpus consumers resolve to one category; actual bitmap/material/texture declaration verified after decompilation,sw_plc_mdrn/jvb_book05.mdl; sw_plc_mdrn/jvb_book06.mdl
sw_plc/jvb_skinbooktext.dds,sw_plc_mdrn/jvb_skinbooktext.dds,349572,26d9a87b07a82b11b1a95f13fc4337f4077b4deb11a1455bbbf62b36dc35d642,All observed ASCII and binary corpus consumers resolve to one category; actual bitmap/material/texture declaration verified after decompilation,sw_plc_mdrn/jvb_book09.mdl
sw_plc/jvb_steeth.dds,sw_plc_mdrn/jvb_steeth.dds,174820,5b7d49bc1b90ade47da2065e52c8fcaba0a90b5ef1b7975f54a8c58defacc0ab,All observed ASCII and binary corpus consumers resolve to one category; actual bitmap/material/texture declaration verified after decompilation,sw_plc_mdrn/jvb_gore01.mdl
sw_plc/jvb_talkie.dds,sw_plc_mdrn/jvb_talkie.dds,43724,f12c137749884556f0c75214260c55e2d663c4a282e0dbd125fcbcacee9bd464,All observed ASCII and binary corpus consumers resolve to one category; actual bitmap/material/texture declaration verified after decompilation,sw_plc_mdrn/jvb_talkie01.mdl
sw_plc/jvb_torso1g.dds,sw_plc_mdrn/jvb_torso1g.dds,349572,c41087952baa4338bd0dbeeb35e264cb06ffecf7eda9b6459fa2f45d68020cdd,All observed ASCII and binary corpus consumers resolve to one category; actual bitmap/material/texture declaration verified after decompilation,sw_plc_mdrn/jvb_gore16.mdl
sw_plc/jvb_torso1s.dds,sw_plc_mdrn/jvb_torso1s.dds,87428,1c1ec39560d33d54b30dcdb3ea5561c7a8f5e88ae23b655af4638700c1747741,All observed ASCII and binary corpus consumers resolve to one category; actual bitmap/material/texture declaration verified after decompilation,sw_plc_mdrn/jvb_gore16.mdl
sw_plc/jvb_wallet.dds,sw_plc_mdrn/jvb_wallet.dds,87428,2181158bb0d7ef6b3a7fe22a6c77f181309e09cfaf9f596c87cc76c86934f04f,All observed ASCII and binary corpus consumers resolve to one category; actual bitmap/material/texture declaration verified after decompilation,sw_plc_mdrn/jvb_wallet01.mdl
sw_plc/jvb_webcam.dds,sw_plc_mdrn/jvb_webcam.dds,43724,feab084c3a14757c59c11e2c61e701822348345ff7da78a3b50acbe65485bb20,All observed ASCII and binary corpus consumers resolve to one category; actual bitmap/material/texture declaration verified after decompilation,sw_plc_mdrn/jvb_wcam01.mdl
sw_plc/jvb_wheelchair2.dds,sw_plc_mdrn/jvb_wheelchair2.dds,43724,3f751d12a967e287f2661b1791f656a8423093044111d52ce159225d990e82a3,All observed ASCII and binary corpus consumers resolve to one category; actual bitmap/material/texture declaration verified after decompilation,sw_plc_mdrn/jvb_medic03.mdl
sw_plc/jvb_wood3.dds,sw_plc_mdrn/jvb_wood3.dds,43724,e0e568e8aa9354b5f5213444c0774929426d5a4afea6954685374e7d1b44b883,All observed ASCII and binary corpus consumers resolve to one category; actual bitmap/material/texture declaration verified after decompilation,sw_plc_mdrn/jvb_chair10.mdl; sw_plc_mdrn/jvb_tab05.mdl; sw_plc_mdrn/jvb_tab06.mdl
sw_plc/jvb_wood4.dds,sw_plc_mdrn/jvb_wood4.dds,43724,c9dbda3e1e8ffd92d060bc9e77f731a3ab62662b3ce3aacb518f6da1503cdaf8,All observed ASCII and binary corpus consumers resolve to one category; actual bitmap/material/texture declaration verified after decompilation,sw_plc_mdrn/jvb_tab06.mdl
sw_plc/jzsf_crate_s1.dds,sw_plc_cep/jzsf_crate_s1.dds,43724,434f81d9f0da4845d2e3d306ab67f97395bf0c7acef31ec78ba76ae1c09d1a3c,All observed ASCII and binary corpus consumers resolve to one category; actual bitmap/material/texture declaration verified after decompilation,sw_plc_cep/jzsf_cont_s1.mdl; sw_plc_cep/jzsf_cont_s1b.mdl; sw_plc_cep/jzsf_cont_s1c.mdl
sw_plc/jzsfp_barrell.dds,sw_plc_cep/jzsfp_barrell.dds,87428,ca8dec1fba9cf557a8cc9cc49e72ebf005180aec07560c54e0e6f4f64e52da0b,All observed ASCII and binary corpus consumers resolve to one category; actual bitmap/material/texture declaration verified after decompilation,sw_plc_cep/sfp_barrel02.mdl
sw_plc/jzsfp_bask01.dds,sw_plc_mdrn/jzsfp_bask01.dds,10956,87cbd73e1d0a8e9a96801f62e47c93ebc0a4571a4edd0c5a2a66d80c29298dea,All observed ASCII and binary corpus consumers resolve to one category; actual bitmap/material/texture declaration verified after decompilation,sw_plc_mdrn/sfp_pres01.mdl; sw_plc_mdrn/sfp_pres02.mdl
sw_plc/jzsfp_basket.dds,sw_plc_cep/jzsfp_basket.dds,10956,e453ffd23293685b3fb7ca032437020245cf932481e37259f14e2d83ac463e37,All observed ASCII and binary corpus consumers resolve to one category; actual bitmap/material/texture declaration verified after decompilation,sw_plc_cep/sfp_basket01.mdl
sw_plc/jzsfp_blackmtl.dds,sw_plc_mdrn/jzsfp_blackmtl.dds,10956,ec9c495fc2e5b5a0e2da5a3967d47cb127a53952717cc2db514a6891d34fb7ad,All observed ASCII and binary corpus consumers resolve to one category; actual bitmap/material/texture declaration verified after decompilation,sw_plc_mdrn/sfp_pres01.mdl
sw_plc/jzsfp_bowlf.dds,sw_plc_cep/jzsfp_bowlf.dds,10956,c436336f608de80404d6a06745a51520045b5de9d16c803fd43a67ad4067d5b4,All observed ASCII and binary corpus consumers resolve to one category; actual bitmap/material/texture declaration verified after decompilation,sw_plc_cep/sfp_bowl01.mdl
sw_plc/jzsfp_bowls.dds,sw_plc_cep/jzsfp_bowls.dds,21892,6d2789b7fad92b91e7a652b952c8592d263a5f1474a4c01c45a8b6f7294e2b5a,All observed ASCII and binary corpus consumers resolve to one category; actual bitmap/material/texture declaration verified after decompilation,sw_plc_cep/sfp_bowl02.mdl
sw_plc/jzsfp_continl.dds,sw_plc_cep/jzsfp_continl.dds,43724,c6ce8f0ec00afa48ce8b947d27d64aa301183fb29f2a3ba1b6bd0a0614217de8,All observed ASCII and binary corpus consumers resolve to one category; actual bitmap/material/texture declaration verified after decompilation,sw_plc_cep/sfp_conting.mdl
sw_plc/jzsfp_dglass02.dds,sw_plc_cep/jzsfp_dglass02.dds,5508,e3aec3fcd4ba9f650d918e4a1f18392d27209e441133b58edbeba681321ece34,All observed ASCII and binary corpus consumers resolve to one category; actual bitmap/material/texture declaration verified after decompilation,sw_plc_cep/sfp_dglass02.mdl
sw_plc/jzsfp_dglass03.dds,sw_plc_cep/jzsfp_dglass03.dds,5508,06ac056f6326482b70fc3d246ba9a13c1ca6fde2098802a5ba16e18c1f27c3dd,All observed ASCII and binary corpus consumers resolve to one category; actual bitmap/material/texture declaration verified after decompilation,sw_plc_cep/sfp_dglass03.mdl
sw_plc/jzsfp_dglass1.dds,sw_plc_cep/jzsfp_dglass1.dds,21892,e9240222bc18ca865ee3da91b651081ca9cafad2dd23409995b6cd5e82697365,All observed ASCII and binary corpus consumers resolve to one category; actual bitmap/material/texture declaration verified after decompilation,sw_plc_cep/sfp_dglass01.mdl
sw_plc/jzsfp_dish.dds,sw_plc_cep/jzsfp_dish.dds,10956,c03ae0e674a900f9a39c5e78590e1770018c04fcfe1c6caaf527db635f149014,All observed ASCII and binary corpus consumers resolve to one category; actual bitmap/material/texture declaration verified after decompilation,sw_plc_cep/sfp_dish01.mdl
sw_plc/jzsfp_dish02.dds,sw_plc_cep/jzsfp_dish02.dds,10956,3958b8d2020ad98fe296365187b804eea6701739e002bcafdde8e8a0e336952f,All observed ASCII and binary corpus consumers resolve to one category; actual bitmap/material/texture declaration verified after decompilation,sw_plc_cep/sfp_dish02.mdl
sw_plc/jzsfp_pitglass.dds,sw_plc_cep/jzsfp_pitglass.dds,5508,91595c189b60d0ab23b6b2baa1190e16953162809099d23257c88972d60ce8be,All observed ASCII and binary corpus consumers resolve to one category; actual bitmap/material/texture declaration verified after decompilation,sw_plc_cep/sfp_pitcher.mdl
sw_plc/jzsfp_pitmetal.dds,sw_plc_cep/jzsfp_pitmetal.dds,1412,2d6e07fa890c805d3cf082ca0879eeff1e83f500b4e9db68e3efaf894b6f0edf,All observed ASCII and binary corpus consumers resolve to one category; actual bitmap/material/texture declaration verified after decompilation,sw_plc_cep/sfp_pitcher.mdl
sw_plc/jzsfp_rationl.dds,sw_plc_cep/jzsfp_rationl.dds,21884,a95a2db370172d6720b5c43f9fd6f0afe38eb1de3155aaa78db9d5158e0b3223,All observed ASCII and binary corpus consumers resolve to one category; actual bitmap/material/texture declaration verified after decompilation,sw_plc_cep/sfp_ration01.mdl
sw_plc/jzsfp_rationm.dds,sw_plc_cep/jzsfp_rationm.dds,21884,cee4850324725fd655379b787c9b6ed5742152404791beb7dd21df40fd8f3e9c,All observed ASCII and binary corpus consumers resolve to one category; actual bitmap/material/texture declaration verified after decompilation,sw_plc_cep/sfp_ration02.mdl
sw_plc/jzsfp_spcase.dds,sw_plc_cep/jzsfp_spcase.dds,10956,eaac19acc5ccd24691adc97ede87d7081bcebd77f3c22181bf3c24eda7c6778d,All observed ASCII and binary corpus consumers resolve to one category; actual bitmap/material/texture declaration verified after decompilation,sw_plc_cep/sfp_case01.mdl
sw_plc/jzsfp_tankb.dds,sw_plc_cep/jzsfp_tankb.dds,5508,18592e0166de900ab95cc1b1c4b47c2ca95f14ed1e313a364e6a0205f359f33c,All observed ASCII and binary corpus consumers resolve to one category; actual bitmap/material/texture declaration verified after decompilation,sw_plc_cep/sfp_caraf01.mdl
sw_plc/jzsfp_tankg.dds,sw_plc_cep/jzsfp_tankg.dds,5508,1529c7d1ef120a3cf5fe68204393c99948254a6f74759cdaaa7caa396f62f137,All observed ASCII and binary corpus consumers resolve to one category; actual bitmap/material/texture declaration verified after decompilation,sw_plc_cep/sfp_caraf01.mdl
sw_plc/kcraft21.dds,sw_plc_mdrn/kcraft21.dds,43724,5cb033e07d34908a03a59836a3c8eb1c4a31ebfcc9420d42e6e4050d7c870e43,All observed ASCII and binary corpus consumers resolve to one category; actual bitmap/material/texture declaration verified after decompilation,sw_plc_mdrn/phod_kcraft02.mdl
sw_plc/kcraft22.dds,sw_plc_mdrn/kcraft22.dds,43724,a22a05023a9671155637058e344963f3036dfc3b849a1f9bb1c03c744e3026d0,All observed ASCII and binary corpus consumers resolve to one category; actual bitmap/material/texture declaration verified after decompilation,sw_plc_mdrn/phod_kcraft02.mdl
sw_plc/kcraft23.dds,sw_plc_mdrn/kcraft23.dds,10956,c463a0b5bdac17ef5accafa58d22c8c8aa6aac8a5b0f73b5df0696fe91de6628,All observed ASCII and binary corpus consumers resolve to one category; actual bitmap/material/texture declaration verified after decompilation,sw_plc_mdrn/phod_kcraft02.mdl
sw_plc/kcraft24.dds,sw_plc_mdrn/kcraft24.dds,43724,df571ec16494c50494742509ba844155fc588adbfeb3c68a558b776e636fc324,All observed ASCII and binary corpus consumers resolve to one category; actual bitmap/material/texture declaration verified after decompilation,sw_plc_mdrn/phod_kcraft02.mdl
sw_plc/kcraft25.dds,sw_plc_mdrn/kcraft25.dds,43724,6cf121ce408fdbea6779b168b5f3078a5877e279b41001005bc4568e21dc2539,All observed ASCII and binary corpus consumers resolve to one category; actual bitmap/material/texture declaration verified after decompilation,sw_plc_mdrn/phod_kcraft02.mdl
sw_plc/kcraft26.dds,sw_plc_mdrn/kcraft26.dds,43724,38bcea25a49b3fa7c2e3df0f401717e72187b15a1b3768e206ac9b3b0b35b45f,All observed ASCII and binary corpus consumers resolve to one category; actual bitmap/material/texture declaration verified after decompilation,sw_plc_mdrn/phod_kcraft02.mdl
sw_plc/kettle.dds,sw_plc_mdrn/kettle.dds,10956,694376eb8cad1111df1a002c31ab0608df6ed74a91cbb77975dac8435c2d4d67,All observed ASCII and binary corpus consumers resolve to one category; actual bitmap/material/texture declaration verified after decompilation,sw_plc_mdrn/mod01_o01_06.mdl; sw_plc_mdrn/mod01_o01_06.mdl
sw_plc/kettle.tga,sw_plc_mdrn/kettle.tga,3116,3d7c3015425d76d0105e532cb71af7d4da024d6f0b825e7c32776fba393c56d4,All observed ASCII and binary corpus consumers resolve to one category; actual bitmap/material/texture declaration verified after decompilation,sw_plc_mdrn/mod01_o01_06.mdl; sw_plc_mdrn/mod01_o01_06.mdl
sw_plc/kor_cliff01.dds,sw_plc_cep/kor_cliff01.dds,174796,a9aecee8730d2cf919038da95f8003606f976519d777d00f6a09039d0a7bf5cb,All observed ASCII and binary corpus consumers resolve to one category; actual bitmap/material/texture declaration verified after decompilation,sw_plc_cep/pkt_planter2.mdl
sw_plc/krn01_ankh_gold.dds,sw_plc_mdrn/krn01_ankh_gold.dds,174904,4a7a603aa06bd4c7a4440fcbb9d26e9540cd403e93d535d5a20460d3ac0048ae,All observed ASCII and binary corpus consumers resolve to one category; actual bitmap/material/texture declaration verified after decompilation,sw_plc_mdrn/drb_h01.mdl; sw_plc_mdrn/drb_h01.mdl
sw_plc/krn01_wall_02.dds,sw_plc_mdrn/krn01_wall_02.dds,174904,2743df058a32f92a952485f29dd7ab8ff1949316e023034bfc881fe348de998f,All observed ASCII and binary corpus consumers resolve to one category; actual bitmap/material/texture declaration verified after decompilation,sw_plc_mdrn/drb_h01.mdl; sw_plc_mdrn/drb_h01.mdl
sw_plc/krn01_wood01.dds,sw_plc_mdrn/krn01_wood01.dds,43832,ad511b53414f2eb5447828005ec5dd2936a7be7cafd0724f6b478df103045970,All observed ASCII and binary corpus consumers resolve to one category; actual bitmap/material/texture declaration verified after decompilation,sw_plc_mdrn/drb_h01.mdl; sw_plc_mdrn/drb_h01.mdl; sw_plc_mdrn/drb_h01.mdl; sw_plc_mdrn/drb_h01.mdl
sw_plc/kyramud.tga,sw_cr_vehicle/kyramud.tga,786450,962bd5c6940459562fff20c69dfe154ca884ef8b11a93ddcddafad99548e09a4,All observed ASCII and binary corpus consumers resolve to one category; actual bitmap/material/texture declaration verified after decompilation,sw_cr_vehicle/c_man_kyrah.mtr
sw_plc/laptex3.dds,sw_plc_mdrn/laptex3.dds,43724,2122a66d45af134a6061f6c0e840866ccaacced2e2b309239a923c376135692d,All observed ASCII and binary corpus consumers resolve to one category; actual bitmap/material/texture declaration verified after decompilation,sw_plc_mdrn/laptopopened1.mdl
sw_plc/lbed_cloth.dds,sw_plc_mdrn/lbed_cloth.dds,10956,ae0cc13614da32940c55b170c8709cbe1ad0e79add6e37983226e04739edcd25,All observed ASCII and binary corpus consumers resolve to one category; actual bitmap/material/texture declaration verified after decompilation,sw_plc_mdrn/dk_lovebed.mdl; sw_plc_mdrn/dk_lovebed.mdl; sw_plc_mdrn/dk_lovebed.mdl
sw_plc/lbed_wood.dds,sw_plc_mdrn/lbed_wood.dds,10956,176faf077a10f2057c05b6376537f3d428bab49bf5fabb23f7b17e6ac0ed93c8,All observed ASCII and binary corpus consumers resolve to one category; actual bitmap/material/texture declaration verified after decompilation,sw_plc_mdrn/dk_lovebed.mdl
sw_plc/lda_light03.dds,sw_plc_cep/lda_light03.dds,5508,0b4a4a6a483a8771a99e1c780b85a8a802c30660c5940694db408449aeabc9ec,All observed ASCII and binary corpus consumers resolve to one category; actual bitmap/material/texture declaration verified after decompilation,sw_plc_cep/pkt_m03x14.mdl; sw_plc_cep/pkt_m03x15.mdl
sw_plc/lda_trim01.dds,sw_plc_cep/lda_trim01.dds,174796,18738e8057420a1bcde215e0aa91444c3912120eb71100f90085c848c01897ec,All observed ASCII and binary corpus consumers resolve to one category; actual bitmap/material/texture declaration verified after decompilation,sw_plc_cep/pkt_m03x14.mdl; sw_plc_cep/pkt_m03x16.mdl
sw_plc/lda_trim03.dds,sw_plc_cep/lda_trim03.dds,10956,423b01e4d6a584d76b6e9b6e05d65a211178ab60384a5818ae09a32dc6e98ba2,All observed ASCII and binary corpus consumers resolve to one category; actual bitmap/material/texture declaration verified after decompilation,sw_plc_cep/pkt_m03x15.mdl
sw_plc/lda_wall04.dds,sw_plc_cep/lda_wall04.dds,10956,d9fbe8e4a43d6087afa8a806096de54a52278bfd082b4aa7f49e270e9770c479,All observed ASCII and binary corpus consumers resolve to one category; actual bitmap/material/texture declaration verified after decompilation,sw_plc_cep/pkt_m03x15.mdl
sw_plc/lda_window01.dds,sw_plc_cep/lda_window01.dds,43724,919066b0da99fd22cfb86220ec4c35cb01b55afc1584c9bb40a4e6f9ff4b27b5,All observed ASCII and binary corpus consumers resolve to one category; actual bitmap/material/texture declaration verified after decompilation,sw_plc_cep/pkt_m03x16.mdl
sw_plc/legion_diary.dds,sw_plc_mdrn/legion_diary.dds,43724,2ac1eaa45c44d5b04dd39f374b2f17a17b2a1b6f409006a0d711082b06f5415f,All observed ASCII and binary corpus consumers resolve to one category; actual bitmap/material/texture declaration verified after decompilation,sw_plc_mdrn/purp_diary.mdl
sw_plc/lhr_crate01.dds,sw_plc_cep/lhr_crate01.dds,87428,aba99a55345e8c151198da99b0c5625453b640ef2d988076931baf435e076068,All observed ASCII and binary corpus consumers resolve to one category; actual bitmap/material/texture declaration verified after decompilation,sw_plc_cep/pkt_m1_01.mdl
sw_plc/lhr_lit01.dds,sw_plc_cep/lhr_lit01.dds,10956,23e0a3330750ce4a1a590e61e1c125fa297a57d4ee06a03091cf3bbc69ee5d84,All observed ASCII and binary corpus consumers resolve to one category; actual bitmap/material/texture declaration verified after decompilation,sw_plc_cep/pkt_m1_03.mdl; sw_plc_cep/pkt_m1_04.mdl; sw_plc_cep/pkt_m1_07.mdl; sw_plc_cep/pkt_m1_08.mdl
sw_plc/lhr_lit02.dds,sw_plc_cep/lhr_lit02.dds,10956,43acaa8fb1538f9691373d47886ea27c156cc9894852f4eef40f4650c626593d,All observed ASCII and binary corpus consumers resolve to one category; actual bitmap/material/texture declaration verified after decompilation,sw_plc_cep/pkt_m1_02.mdl; sw_plc_cep/pkt_m1_05.mdl; sw_plc_cep/pkt_m1_08.mdl
sw_plc/lhr_panl02.dds,sw_plc_cep/lhr_panl02.dds,87428,2fd5d2fd6f6eb8a690a03ada8e649ef50ea768887066d5f5f9a3c8954489a34e,All observed ASCII and binary corpus consumers resolve to one category; actual bitmap/material/texture declaration verified after decompilation,sw_plc_cep/pkt_m1_06.mdl
sw_plc/lhr_red01.dds,sw_plc_cep/lhr_red01.dds,43724,094d83d4c4f3f5321bed14a138f003d4c53063519e2bcea26a5191751561c69d,All observed ASCII and binary corpus consumers resolve to one category; actual bitmap/material/texture declaration verified after decompilation,sw_plc_cep/pkt_m1_05.mdl; sw_plc_cep/pkt_m1_08.mdl
sw_plc/lhr_red02.dds,sw_plc_cep/lhr_red02.dds,43724,d916122e9c3d2f3f0e756dd020690d740ddd46e3bda09f7073f451e565d79e9e,All observed ASCII and binary corpus consumers resolve to one category; actual bitmap/material/texture declaration verified after decompilation,sw_plc_cep/pkt_m1_07.mdl
sw_plc/lhr_trim01.dds,sw_plc_cep/lhr_trim01.dds,43724,94ced8530b66fa6fabcf7e6057f9581c54e9e0d0d064fe72e6a2c30ca82ae423,All observed ASCII and binary corpus consumers resolve to one category; actual bitmap/material/texture declaration verified after decompilation,sw_plc_cep/pkt_m1_08.mdl
sw_plc/lhr_trim02.dds,sw_plc_cep/lhr_trim02.dds,43724,39bc208c47dfd29d39ef9a821fa8bc9a45b941e5b9de4734fc7a7bcafa84bf77,All observed ASCII and binary corpus consumers resolve to one category; actual bitmap/material/texture declaration verified after decompilation,sw_plc_cep/pkt_m1_07.mdl
sw_plc/lhr_wall01.dds,sw_plc_cep/lhr_wall01.dds,43724,e7bdee61518d19350161d72d14685f6efab78d16cf36960d658d4d3f263a61cf,All observed ASCII and binary corpus consumers resolve to one category; actual bitmap/material/texture declaration verified after decompilation,sw_plc_cep/pkt_m1_01.mdl; sw_plc_cep/pkt_m1_02.mdl; sw_plc_cep/pkt_m1_05.mdl; sw_plc_cep/pkt_m1_06.mdl; sw_plc_cep/pkt_m1_08.mdl; sw_plc_cep/pkt_m1_08.mdl
sw_plc/lhr_wall04.dds,sw_plc_cep/lhr_wall04.dds,43724,c6636efeb9f6ad5b90e68d8199bed86d9c495617715b7a1b32a6abd422b66012,All observed ASCII and binary corpus consumers resolve to one category; actual bitmap/material/texture declaration verified after decompilation,sw_plc_cep/pkt_m1_06.mdl
sw_plc/lhr_wall05.dds,sw_plc_cep/lhr_wall05.dds,43724,e77be1eef4989a38684de9910bf9f64e7c367642826982c5a83b7ec97246ca34,All observed ASCII and binary corpus consumers resolve to one category; actual bitmap/material/texture declaration verified after decompilation,sw_plc_cep/pkt_m1_06.mdl
sw_plc/lhr_wall06.dds,sw_plc_cep/lhr_wall06.dds,43724,ab0a1a006cd38dfcc40359cfcd79495a5f24f0d6d37c9bff24f81b6347ddb01f,All observed ASCII and binary corpus consumers resolve to one category; actual bitmap/material/texture declaration verified after decompilation,sw_plc_cep/pkt_m1_06.mdl
sw_plc/lhr_wall07.dds,sw_plc_cep/lhr_wall07.dds,43724,9c431240378fa7045111601ae15f9b4e798aacc895159b528fa0d2b680f0815d,All observed ASCII and binary corpus consumers resolve to one category; actual bitmap/material/texture declaration verified after decompilation,sw_plc_cep/pkt_m1_02.mdl; sw_plc_cep/pkt_m1_06.mdl; sw_plc_cep/pkt_m1_08.mdl
sw_plc/lhr_wall08.dds,sw_plc_cep/lhr_wall08.dds,43724,7be077148f5e6a6994182c993b7e0aaa72e99ba962be4308e991fb140b5e9084,All observed ASCII and binary corpus consumers resolve to one category; actual bitmap/material/texture declaration verified after decompilation,sw_plc_cep/pkt_m1_08.mdl
sw_plc/lhr_wall09.dds,sw_plc_cep/lhr_wall09.dds,43724,7512d11532997c13f6f37f5ebaaef97f4a5b67df09304a54b2603fabe207b47c,All observed ASCII and binary corpus consumers resolve to one category; actual bitmap/material/texture declaration verified after decompilation,sw_plc_cep/pkt_m1_02.mdl; sw_plc_cep/pkt_m1_07.mdl; sw_plc_cep/pkt_m1_08.mdl
sw_plc/lightpipe1.tga,sw_plc_mdrn/lightpipe1.tga,210483,973d059fd8fbf3240ceec0f877df9fec9357a053fbb1167571e966c933256c69,All observed ASCII and binary corpus consumers resolve to one category; actual bitmap/material/texture declaration verified after decompilation,sw_plc_mdrn/jukebox.mdl; sw_plc_mdrn/jukebox.mdl; sw_plc_mdrn/jukebox.mdl
sw_plc/lma_lite01.dds,sw_plc_cep/lma_lite01.dds,1412,3c443248e9687a302b43c4b2f774abcecd43b75de2fc52a98f8d05914a466f4c,All observed ASCII and binary corpus consumers resolve to one category; actual bitmap/material/texture declaration verified after decompilation,sw_plc_cep/pkt_m03x16.mdl
sw_plc/lmi_crate01.dds,sw_plc_cep/lmi_crate01.dds,43724,e5e2bf59dc4232dd0665a74cbbf97b5b873c85fedd941029fe213e40fd47ce63,All observed ASCII and binary corpus consumers resolve to one category; actual bitmap/material/texture declaration verified after decompilation,sw_plc_cep/pkt_contf01.mdl; sw_plc_cep/pkt_contf01.mdl; sw_plc_cep/pkt_contf01.mdl; sw_plc_cep/pkt_contf01.mdl; sw_plc_cep/pkt_contf01.mdl; sw_plc_cep/pkt_contf01.mdl; sw_plc_cep/pkt_contf01.mdl; sw_plc_cep/pkt_contf02.mdl
sw_plc/lndspdr01.dds,sw_plc_cep/lndspdr01.dds,43724,3d6c1b159121cc761cc5127c10718724a475c8c3ce8b029d42bc84116e4edb35,All observed ASCII and binary corpus consumers resolve to one category; actual bitmap/material/texture declaration verified after decompilation,sw_plc_cep/jzc_lndspd02.mdl; sw_plc_cep/jzc_lndspd02.mdl; sw_plc_cep/jzc_lndspd02.mdl; sw_plc_cep/jzc_lndspd02.mdl; sw_plc_cep/jzc_lndspd02.mdl
sw_plc/lndspdr02.dds,sw_plc_cep/lndspdr02.dds,43724,2c90ce6cf5af7f46f9ce35ea934df2f8b58eaa639762338533b890999e9a2130,All observed ASCII and binary corpus consumers resolve to one category; actual bitmap/material/texture declaration verified after decompilation,sw_plc_cep/jzc_lndspd03.mdl; sw_plc_cep/jzc_lndspd03.mdl; sw_plc_cep/jzc_lndspd03.mdl; sw_plc_cep/jzc_lndspd03.mdl; sw_plc_cep/jzc_lndspd03.mdl
sw_plc/lndspdr03.dds,sw_plc_cep/lndspdr03.dds,43724,3fc2b50303d497a5c9c3d2e66f09c9d0d38cf7e409d3f4ab02c7724e6d55549b,All observed ASCII and binary corpus consumers resolve to one category; actual bitmap/material/texture declaration verified after decompilation,sw_plc_cep/jzc_lndspd04.mdl; sw_plc_cep/jzc_lndspd04.mdl; sw_plc_cep/jzc_lndspd04.mdl; sw_plc_cep/jzc_lndspd04.mdl; sw_plc_cep/jzc_lndspd04.mdl
sw_plc/lndspdr04.dds,sw_plc_cep/lndspdr04.dds,43724,788f0d13e454023c6178a84da84fb2a9d76e7849d61940aa8635103fa2261fd4,All observed ASCII and binary corpus consumers resolve to one category; actual bitmap/material/texture declaration verified after decompilation,sw_plc_cep/jzc_lndspd05.mdl; sw_plc_cep/jzc_lndspd05.mdl; sw_plc_cep/jzc_lndspd05.mdl; sw_plc_cep/jzc_lndspd05.mdl; sw_plc_cep/jzc_lndspd05.mdl
sw_plc/lndspdr05.dds,sw_plc_cep/lndspdr05.dds,43724,502e0cc5d719648062432e07699d29f2c1167a9cf28d825576d4c565f480c486,All observed ASCII and binary corpus consumers resolve to one category; actual bitmap/material/texture declaration verified after decompilation,sw_plc_cep/jzc_lndspd01.mdl; sw_plc_cep/jzc_lndspd01.mdl; sw_plc_cep/jzc_lndspd01.mdl; sw_plc_cep/jzc_lndspd01.mdl; sw_plc_cep/jzc_lndspd01.mdl
sw_plc/loki-head_i.dds,sw_pt_head/loki-head_i.dds,699192,b27860f79ed1b80cb1e78cce258f1dcd5301bc4b20e8941a62cdad3f83fd4da2,All observed ASCII and binary corpus consumers resolve to one category; actual bitmap/material/texture declaration verified after decompilation,sw_pt_head/loki-head.mtr
sw_plc/lrk_lite06.dds,sw_plc_cep/lrk_lite06.dds,10956,8c6fefbd9075869d7156578bd5d708d3df4260d70fecc30cfabb079eb064c4b0,All observed ASCII and binary corpus consumers resolve to one category; actual bitmap/material/texture declaration verified after decompilation,sw_plc_cep/pkt_slamp01.mdl; sw_plc_cep/pkt_slamp02.mdl
sw_plc/lsi_lite01.dds,sw_plc_cep/lsi_lite01.dds,10956,dd657e98ec0872ad1a7a0b5723c44bd83f7be89852cd2741fc5e66fb30b8dc62,All observed ASCII and binary corpus consumers resolve to one category; actual bitmap/material/texture declaration verified after decompilation,sw_plc_cep/pkt_m09x01.mdl; sw_plc_cep/pkt_m09x11.mdl; sw_plc_cep/pkt_m09x12.mdl
sw_plc/lsi_lite06.dds,sw_plc_cep/lsi_lite06.dds,10956,7a31ec2fe90b21378f693b69b6f1d4d253c06edcb30f4c4cfec0462040ac609b,All observed ASCII and binary corpus consumers resolve to one category; actual bitmap/material/texture declaration verified after decompilation,sw_plc_cep/pkt_m09x10.mdl
sw_plc/lsi_trim02.dds,sw_plc_cep/lsi_trim02.dds,43724,fdbf89694b2c3e0685c112fde54672a5ab4895cf70c84f586245d63800e0a98b,All observed ASCII and binary corpus consumers resolve to one category; actual bitmap/material/texture declaration verified after decompilation,sw_plc_cep/pkt_m09x07.mdl; sw_plc_cep/pkt_m09x10.mdl
sw_plc/lsi_trim05.dds,sw_plc_cep/lsi_trim05.dds,43724,fdbf89694b2c3e0685c112fde54672a5ab4895cf70c84f586245d63800e0a98b,All observed ASCII and binary corpus consumers resolve to one category; actual bitmap/material/texture declaration verified after decompilation,sw_plc_cep/pkt_slamp01.mdl; sw_plc_cep/pkt_slamp02.mdl; sw_plc_cep/pkt_slamp02.mdl; sw_plc_cep/pkt_slamp02.mdl; sw_plc_cep/pkt_slamp02.mdl
sw_plc/lsi_wall07.dds,sw_plc_cep/lsi_wall07.dds,43724,cbaa5fe75182e8d5e6dc666d1406146d26608bfe38eb6dff085890f1eb620ef9,All observed ASCII and binary corpus consumers resolve to one category; actual bitmap/material/texture declaration verified after decompilation,sw_plc_cep/pkt_m09x07.mdl; sw_plc_cep/pkt_m09x10.mdl; sw_plc_cep/pkt_m09x10.mdl
sw_plc/lsi_wall08.dds,sw_plc_cep/lsi_wall08.dds,43724,d268a0fa056e5807a0b73379d4f3e2f59d2aaf1d890f61a528080f85437848ff,All observed ASCII and binary corpus consumers resolve to one category; actual bitmap/material/texture declaration verified after decompilation,sw_plc_cep/pkt_m09x10.mdl; sw_plc_cep/pkt_m09x10.mdl
sw_plc/lsi_wall11.dds,sw_plc_cep/lsi_wall11.dds,43724,b3dda5f705a59eb004678907a24e1c151740ab8e8a8514bdf235a33d7d384506,All observed ASCII and binary corpus consumers resolve to one category; actual bitmap/material/texture declaration verified after decompilation,sw_plc_cep/pkt_m09x01.mdl; sw_plc_cep/pkt_m09x07.mdl
sw_plc/lsi_wall13.dds,sw_plc_cep/lsi_wall13.dds,43724,01a09f75940f60b6e00ce7a47f5d85a3c46e189ad73a5474c505e44eb6d8062f,All observed ASCII and binary corpus consumers resolve to one category; actual bitmap/material/texture declaration verified after decompilation,sw_plc_cep/pkt_m09x01.mdl; sw_plc_cep/pkt_m09x07.mdl; sw_plc_cep/pkt_m09x07.mdl; sw_plc_cep/pkt_m09x10.mdl
sw_plc/lta_dor01.dds,sw_plc_cep/lta_dor01.dds,43724,fe7fb8176e5ef53e9a07a25b20498477b54590f02c147242c3c107d9b6cffec5,All observed ASCII and binary corpus consumers resolve to one category; actual bitmap/material/texture declaration verified after decompilation,sw_plc_cep/pkt_tat06.mdl; sw_plc_cep/pkt_tat08.mdl; sw_plc_cep/pkt_tat19.mdl
sw_plc/lta_dor02.dds,sw_plc_cep/lta_dor02.dds,174796,0f50121f79530036c6f645be61640443946780a9ce8b7591268998418d1d14a2,All observed ASCII and binary corpus consumers resolve to one category; actual bitmap/material/texture declaration verified after decompilation,sw_plc_cep/pkt_tat17.mdl
sw_plc/lta_ehawk01a.dds,sw_plc_cep/lta_ehawk01a.dds,1412,6c7ded594de57260031488d8fb87ec86ac46ce5b7a9b183086e33bf53cdae5fb,All observed ASCII and binary corpus consumers resolve to one category; actual bitmap/material/texture declaration verified after decompilation,sw_plc_cep/pkt_ebon.mdl
sw_plc/lta_ehawk02_00a.dds,sw_plc_cep/lta_ehawk02_00a.dds,1398148,5c342dd56ced5c667504a9c6569ef87bcdcaa5ef054ef626f755c631685483e0,All observed ASCII and binary corpus consumers resolve to one category; actual bitmap/material/texture declaration verified after decompilation,sw_plc_cep/pkt_ebon.mdl; sw_plc_cep/pkt_ebon.mdl
sw_plc/lta_grate01.dds,sw_plc_cep/lta_grate01.dds,43832,710485a046adceeefa216032d1e8e00b8f51f418acfdd87e6ca44d85078f2ed3,All observed ASCII and binary corpus consumers resolve to one category; actual bitmap/material/texture declaration verified after decompilation,sw_plc_cep/pkt_tat05.mdl
sw_plc/lta_grate02.dds,sw_plc_cep/lta_grate02.dds,87428,be4894b67d77c8036a55fe940e7f758629dda37342f5ef7f7e625988084e20cd,All observed ASCII and binary corpus consumers resolve to one category; actual bitmap/material/texture declaration verified after decompilation,sw_plc_cep/pkt_tat37.mdl; sw_plc_cep/pkt_tat37.mdl
sw_plc/lta_lite01.dds,sw_plc_cep/lta_lite01.dds,21892,d720c287e318624f07e5b099190d558aab106a899b566add629dc25bc7900eb6,All observed ASCII and binary corpus consumers resolve to one category; actual bitmap/material/texture declaration verified after decompilation,sw_plc_cep/pkt_tat33.mdl; sw_plc_cep/pkt_tat34.mdl; sw_plc_cep/pkt_tat36.mdl; sw_plc_cep/pkt_tat37.mdl; sw_plc_cep/pkt_tat37.mdl; sw_plc_cep/pkt_tat45.mdl; sw_plc_cep/pkt_tat45.mdl; sw_plc_cep/pkt_tat45.mdl
sw_plc/lta_lite02.dds,sw_plc_cep/lta_lite02.dds,21892,c8562f2f9ac24a96131f71c741db5b8aa05a5eed5b3abc5c592c7e306b00d7e4,All observed ASCII and binary corpus consumers resolve to one category; actual bitmap/material/texture declaration verified after decompilation,sw_plc_cep/pkt_tat43.mdl; sw_plc_cep/pkt_tat43.mdl; sw_plc_cep/pkt_tat44.mdl; sw_plc_cep/pkt_tat46.mdl
sw_plc/lta_metal01.dds,sw_plc_cep/lta_metal01.dds,43724,41c7e17e24933787cbcb2ab5144d2afcb2a1e5209e5752cf962bbed7d776096b,All observed ASCII and binary corpus consumers resolve to one category; actual bitmap/material/texture declaration verified after decompilation,sw_plc_cep/pkt_tat31.mdl; sw_plc_cep/pkt_tat32.mdl; sw_plc_cep/pkt_tat32.mdl; sw_plc_cep/pkt_tat32.mdl; sw_plc_cep/pkt_tat37.mdl; sw_plc_cep/pkt_tat37.mdl; sw_plc_cep/pkt_tat37.mdl; sw_plc_cep/pkt_tat37.mdl
sw_plc/lta_metal01a.dds,sw_plc_cep/lta_metal01a.dds,43724,41c7e17e24933787cbcb2ab5144d2afcb2a1e5209e5752cf962bbed7d776096b,All observed ASCII and binary corpus consumers resolve to one category; actual bitmap/material/texture declaration verified after decompilation,sw_plc_cep/pkt_tat06.mdl; sw_plc_cep/pkt_tat13.mdl; sw_plc_cep/pkt_tat14.mdl; sw_plc_cep/pkt_tat17.mdl; sw_plc_cep/pkt_tat17.mdl; sw_plc_cep/pkt_tat17.mdl
sw_plc/lta_metal02.dds,sw_plc_cep/lta_metal02.dds,43724,1393054ae09960fc9b11c78522e5b65a74fd8d02498fcb31bd3dc7c9cb196ac6,All observed ASCII and binary corpus consumers resolve to one category; actual bitmap/material/texture declaration verified after decompilation,sw_plc_cep/pkt_tat43.mdl; sw_plc_cep/pkt_tat43.mdl; sw_plc_cep/pkt_tat44.mdl
sw_plc/lta_metal02_00a.dds,sw_plc_cep/lta_metal02_00a.dds,43724,1393054ae09960fc9b11c78522e5b65a74fd8d02498fcb31bd3dc7c9cb196ac6,All observed ASCII and binary corpus consumers resolve to one category; actual bitmap/material/texture declaration verified after decompilation,sw_plc_cep/pkt_tat37.mdl; sw_plc_cep/pkt_tat37.mdl; sw_plc_cep/pkt_tat37.mdl; sw_plc_cep/pkt_tat37.mdl; sw_plc_cep/pkt_tat37.mdl; sw_plc_cep/pkt_tat37.mdl; sw_plc_cep/pkt_tat37.mdl; sw_plc_cep/pkt_tat37.mdl
sw_plc/lta_metal11.dds,sw_plc_cep/lta_metal11.dds,43724,06aa8bf6b1d63841a539283503c1b2f0263409b716af67c2d97d47f87ae079c8,All observed ASCII and binary corpus consumers resolve to one category; actual bitmap/material/texture declaration verified after decompilation,sw_plc_cep/pkt_tat33.mdl; sw_plc_cep/pkt_tat34.mdl; sw_plc_cep/pkt_tat37.mdl; sw_plc_cep/pkt_tat37.mdl; sw_plc_cep/pkt_tat37.mdl; sw_plc_cep/pkt_tat37.mdl; sw_plc_cep/pkt_tat37.mdl; sw_plc_cep/pkt_tat37.mdl
sw_plc/lta_metal2b.dds,sw_plc_cep/lta_metal2b.dds,43724,e73e7efc98fc8e36eada5c89a34b47bac6c81f515285900d3047bb903f21be45,All observed ASCII and binary corpus consumers resolve to one category; actual bitmap/material/texture declaration verified after decompilation,sw_plc_cep/pkt_tat01.mdl; sw_plc_cep/pkt_tat05.mdl; sw_plc_cep/pkt_tat17.mdl
sw_plc/lta_rock01.dds,sw_plc_cep/lta_rock01.dds,174796,49929c524fe51af28c0f349e464ffd34be6311adccf298d0bfe51af394aadd67,All observed ASCII and binary corpus consumers resolve to one category; actual bitmap/material/texture declaration verified after decompilation,sw_plc_cep/pkt_tat28.mdl; sw_plc_cep/pkt_tat29.mdl
sw_plc/lta_sail02.dds,sw_plc_cep/lta_sail02.dds,87428,8a43874d5f8cf088f5d80bc548efdf89c5c7d6e104212f523ce38be75f36ba02,All observed ASCII and binary corpus consumers resolve to one category; actual bitmap/material/texture declaration verified after decompilation,sw_plc_cep/pkt_tat02.mdl; sw_plc_cep/pkt_tat02.mdl
sw_plc/lta_scre02.dds,sw_plc_cep/lta_scre02.dds,174796,4a004cacfa4205eabecca7484d9af0f75a0ba5ba6b4f8219519d8984a19112f1,All observed ASCII and binary corpus consumers resolve to one category; actual bitmap/material/texture declaration verified after decompilation,sw_plc_cep/pkt_tat35.mdl; sw_plc_cep/pkt_tat35.mdl; sw_plc_cep/pkt_tat35.mdl; sw_plc_cep/pkt_tat36.mdl; sw_plc_cep/pkt_tat36.mdl; sw_plc_cep/pkt_tat36.mdl; sw_plc_cep/pkt_tat36.mdl
sw_plc/lta_tech01.dds,sw_plc_cep/lta_tech01.dds,43724,e14740eea6596bd4bc84af43ceb67ad45e94290db98e35b2e1233ad577b4f14c,All observed ASCII and binary corpus consumers resolve to one category; actual bitmap/material/texture declaration verified after decompilation,sw_plc_cep/pkt_tat02.mdl; sw_plc_cep/pkt_tat02.mdl; sw_plc_cep/pkt_tat02.mdl; sw_plc_cep/pkt_tat03.mdl; sw_plc_cep/pkt_tat07.mdl; sw_plc_cep/pkt_tat07.mdl; sw_plc_cep/pkt_tat09.mdl; sw_plc_cep/pkt_tat10.mdl
sw_plc/lta_tech02.dds,sw_plc_cep/lta_tech02.dds,43724,84f523059f2837f4a22c7b5545bf7c53605064ffc032375e9328d9db4f191b57,All observed ASCII and binary corpus consumers resolve to one category; actual bitmap/material/texture declaration verified after decompilation,sw_plc_cep/pkt_tat07.mdl; sw_plc_cep/pkt_tat10.mdl; sw_plc_cep/pkt_tat11.mdl; sw_plc_cep/pkt_tat12.mdl; sw_plc_cep/pkt_tat18.mdl; sw_plc_cep/pkt_tat18.mdl; sw_plc_cep/pkt_tat18.mdl
sw_plc/lta_tent02.dds,sw_plc_cep/lta_tent02.dds,43724,9cfaf05665151ac001fdb53b05875d73013061affd356b79390f4d83a942fe5a,All observed ASCII and binary corpus consumers resolve to one category; actual bitmap/material/texture declaration verified after decompilation,sw_plc_cep/pkt_tat01.mdl
sw_plc/lta_trim02_01a.dds,sw_plc_cep/lta_trim02_01a.dds,174796,296f825e04b01e48cb700b7f35a3ed7fe67cd6e17c02752ef80f22d88786ec30,All observed ASCII and binary corpus consumers resolve to one category; actual bitmap/material/texture declaration verified after decompilation,sw_plc_cep/pkt_tat24.mdl; sw_plc_cep/pkt_tat25.mdl; sw_plc_cep/pkt_tat26.mdl; sw_plc_cep/pkt_tat27.mdl
sw_plc/lta_trm01.dds,sw_plc_cep/lta_trm01.dds,174796,1d70cd82df037fe63e96819db93c8a9f42b822c804db47b79647bd4c17b7f382,All observed ASCII and binary corpus consumers resolve to one category; actual bitmap/material/texture declaration verified after decompilation,sw_plc_cep/pkt_tat37.mdl; sw_plc_cep/pkt_tat37.mdl; sw_plc_cep/pkt_tat45.mdl; sw_plc_cep/pkt_tat45.mdl; sw_plc_cep/pkt_tat45.mdl
sw_plc/lta_trm02.dds,sw_plc_cep/lta_trm02.dds,174796,2c316d4bac16b49181c8cc2251e2fa1e428a1ce39a777baa0740e9ebec6e656b,All observed ASCII and binary corpus consumers resolve to one category; actual bitmap/material/texture declaration verified after decompilation,sw_plc_cep/pkt_tat45.mdl; sw_plc_cep/pkt_tat45.mdl; sw_plc_cep/pkt_tat45.mdl
sw_plc/lta_trm02_01a.dds,sw_plc_cep/lta_trm02_01a.dds,174796,2c316d4bac16b49181c8cc2251e2fa1e428a1ce39a777baa0740e9ebec6e656b,All observed ASCII and binary corpus consumers resolve to one category; actual bitmap/material/texture declaration verified after decompilation,sw_plc_cep/pkt_tat21.mdl
sw_plc/lta_trm03.dds,sw_plc_cep/lta_trm03.dds,10956,24b0f6d865959a28d79bc21cde75e4b19c0ed1cf7fb78af9e32fcb2e191081e6,All observed ASCII and binary corpus consumers resolve to one category; actual bitmap/material/texture declaration verified after decompilation,sw_plc_cep/pkt_tat14.mdl; sw_plc_cep/pkt_tat30.mdl
sw_plc/lta_wall02.dds,sw_plc_cep/lta_wall02.dds,43724,a7e09d96361dd7f65b0a8ed894432694bf9a1c192a1e3468d24376c4be10ff97,All observed ASCII and binary corpus consumers resolve to one category; actual bitmap/material/texture declaration verified after decompilation,sw_plc_cep/pkt_tat08.mdl; sw_plc_cep/pkt_tat13.mdl; sw_plc_cep/pkt_tat19.mdl
sw_plc/lta_wall07.dds,sw_plc_cep/lta_wall07.dds,43724,04ff61526bcbf72485bf5a2719d7c5d9d6c0ce5188a030653359cf07fa99c6f3,All observed ASCII and binary corpus consumers resolve to one category; actual bitmap/material/texture declaration verified after decompilation,sw_plc_cep/pkt_tat08.mdl; sw_plc_cep/pkt_tat37.mdl; sw_plc_cep/pkt_tat37.mdl; sw_plc_cep/pkt_tat37.mdl; sw_plc_cep/pkt_tat37.mdl; sw_plc_cep/pkt_tat37.mdl; sw_plc_cep/pkt_tat37.mdl; sw_plc_cep/pkt_tat37.mdl
sw_plc/lta_wall15.dds,sw_plc_cep/lta_wall15.dds,43724,4e7e882e386d8e671a7e821f44d2f5fc02b926e840166e8fe48855b575425b60,All observed ASCII and binary corpus consumers resolve to one category; actual bitmap/material/texture declaration verified after decompilation,sw_plc_cep/pkt_tat04.mdl; sw_plc_cep/pkt_tat19.mdl
sw_plc/lta_wll01.dds,sw_plc_cep/lta_wll01.dds,174796,5a28e0bc21f83fa71fe8eecb043e11575ed2d6c423562d13633cab8575b8840a,All observed ASCII and binary corpus consumers resolve to one category; actual bitmap/material/texture declaration verified after decompilation,sw_plc_cep/pkt_tat37.mdl; sw_plc_cep/pkt_tat37.mdl; sw_plc_cep/pkt_tat37.mdl; sw_plc_cep/pkt_tat37.mdl; sw_plc_cep/pkt_tat37.mdl; sw_plc_cep/pkt_tat37.mdl; sw_plc_cep/pkt_tat37.mdl; sw_plc_cep/pkt_tat37.mdl
sw_plc/lts_bwall04.dds,sw_plc_cep/lts_bwall04.dds,43724,0a9346cb35e88947435655f03bf6f96e72d34eebd816ec16e3ab43a6f1cb683f,All observed ASCII and binary corpus consumers resolve to one category; actual bitmap/material/texture declaration verified after decompilation,sw_plc_cep/pkt_m03x02.mdl; sw_plc_cep/pkt_m03x02.mdl; sw_plc_cep/pkt_m03x07.mdl; sw_plc_cep/pkt_m03x07.mdl
sw_plc/lts_bwall04i.dds,sw_plc_cep/lts_bwall04i.dds,43724,0a9346cb35e88947435655f03bf6f96e72d34eebd816ec16e3ab43a6f1cb683f,All observed ASCII and binary corpus consumers resolve to one category; actual bitmap/material/texture declaration verified after decompilation,sw_plc_cep/pkt_m03x09.mdl; sw_plc_cep/pkt_m03x12.mdl
sw_plc/lts_bwall06.dds,sw_plc_cep/lts_bwall06.dds,43724,cd4a93cbc46030f4202e04c868a8f8d743393bd9abe35c880444b4e56158de6b,All observed ASCII and binary corpus consumers resolve to one category; actual bitmap/material/texture declaration verified after decompilation,sw_plc_cep/pkt_walclutter02.mdl; sw_plc_cep/pkt_walclutter02.mdl; sw_plc_cep/pkt_walclutter02.mdl
sw_plc/lts_escapepod.dds,sw_plc_cep/lts_escapepod.dds,174796,1d7c38f2ec5ae3581e56ec676dbb597529116b37c1ebac8cfeb3ab2697b1b52e,All observed ASCII and binary corpus consumers resolve to one category; actual bitmap/material/texture declaration verified after decompilation,sw_plc_cep/pkt_m03x19.mdl
sw_plc/lts_grate01.dds,sw_plc_cep/lts_grate01.dds,87428,be4894b67d77c8036a55fe940e7f758629dda37342f5ef7f7e625988084e20cd,All observed ASCII and binary corpus consumers resolve to one category; actual bitmap/material/texture declaration verified after decompilation,sw_plc_cep/pkt_m03x23.mdl; sw_plc_cep/pkt_m03x23.mdl; sw_plc_cep/pkt_m03x33.mdl
sw_plc/lts_gwall01.dds,sw_plc_cep/lts_gwall01.dds,43724,52556179c214c9b853391ef7268ef59693c801af9632decf8bc7418c8a05f76b,All observed ASCII and binary corpus consumers resolve to one category; actual bitmap/material/texture declaration verified after decompilation,sw_plc_cep/pkt_m03x09.mdl
sw_plc/lts_heater.dds,sw_plc_cep/lts_heater.dds,10956,fb66a25737db9174807924060280be10388e152f71522c8f1c65649448c37748,All observed ASCII and binary corpus consumers resolve to one category; actual bitmap/material/texture declaration verified after decompilation,sw_plc_cep/pkt_m03x17.mdl
sw_plc/lts_lite02.dds,sw_plc_cep/lts_lite02.dds,21892,b3479abde4daed0df48258afccf004c0230ad8bad98afe2b57bb198d082c4cfa,All observed ASCII and binary corpus consumers resolve to one category; actual bitmap/material/texture declaration verified after decompilation,sw_plc_cep/pkt_m03x18.mdl; sw_plc_cep/pkt_m03x21.mdl; sw_plc_cep/pkt_m03x24.mdl; sw_plc_cep/pkt_m03x34.mdl
sw_plc/lts_lite08.dds,sw_plc_cep/lts_lite08.dds,21892,24c6a32e8fc042b173a6d48b8cf27e018ed6478f668fbc591b96a3bf2c24519f,All observed ASCII and binary corpus consumers resolve to one category; actual bitmap/material/texture declaration verified after decompilation,sw_plc_cep/pkt_m03x10.mdl; sw_plc_cep/pkt_m03x12.mdl; sw_plc_cep/pkt_m03x12.mdl; sw_plc_cep/pkt_m03x12.mdl; sw_plc_cep/pkt_m03x12.mdl
sw_plc/lts_nums.dds,sw_plc_cep/lts_nums.dds,87428,02853371e5d2c56e15ae0747c7fdbfb450983e1a5c94744cd2250032045b5477,All observed ASCII and binary corpus consumers resolve to one category; actual bitmap/material/texture declaration verified after decompilation,sw_plc_cep/pkt_m03x08.mdl
sw_plc/lts_numsb.tga,sw_plc_cep/lts_numsb.tga,262188,0976240b440be6a60993ca63b73c8004f1cfb5da41877dc3a57958f6f1ff855a,All observed ASCII and binary corpus consumers resolve to one category; actual bitmap/material/texture declaration verified after decompilation,sw_plc_cep/pkt_lsign06.mdl
sw_plc/lts_nwall04.dds,sw_plc_cep/lts_nwall04.dds,43724,d829bd147f733c500c95aa0929974954b41b495ed7eed1d86ad70df9f1998234,All observed ASCII and binary corpus consumers resolve to one category; actual bitmap/material/texture declaration verified after decompilation,sw_plc_cep/pkt_m03x04.mdl; sw_plc_cep/pkt_m03x04.mdl; sw_plc_cep/pkt_m03x09.mdl; sw_plc_cep/pkt_m03x10.mdl; sw_plc_cep/pkt_m03x12.mdl
sw_plc/lts_pwall01i.dds,sw_plc_cep/lts_pwall01i.dds,43724,b5163d51e0a5ad87cf1f2cb76178f768acb6fd98280b9cfd8f64e9e8cbaae5f1,All observed ASCII and binary corpus consumers resolve to one category; actual bitmap/material/texture declaration verified after decompilation,sw_plc_cep/pkt_lsign06.mdl; sw_plc_cep/pkt_m03x08.mdl; sw_plc_cep/pkt_m03x12.mdl; sw_plc_cep/pkt_m03x12.mdl; sw_plc_cep/pkt_m03x12.mdl
sw_plc/lts_pwall03.dds,sw_plc_cep/lts_pwall03.dds,43724,d5c068a3c83e0e9835b99441e285e9a8c0ccd27082f4ca8fa8b3827297ff0857,All observed ASCII and binary corpus consumers resolve to one category; actual bitmap/material/texture declaration verified after decompilation,sw_plc_cep/pkt_m03x02.mdl; sw_plc_cep/pkt_m03x07.mdl
sw_plc/lts_pwall04.dds,sw_plc_cep/lts_pwall04.dds,43724,a820623262b4f8fd484dc74a8152077b9a796a88e71c50838836652dc952fd4b,All observed ASCII and binary corpus consumers resolve to one category; actual bitmap/material/texture declaration verified after decompilation,sw_plc_cep/pkt_m03x02.mdl; sw_plc_cep/pkt_m03x03.mdl; sw_plc_cep/pkt_m03x07.mdl; sw_plc_cep/pkt_m03x10.mdl
sw_plc/lts_rope01.dds,sw_plc_cep/lts_rope01.dds,716,3a8eea0d77313d70deff0ffb5ce3237454eb5e456fede66a90de336251798029,All observed ASCII and binary corpus consumers resolve to one category; actual bitmap/material/texture declaration verified after decompilation,sw_plc_cep/pkt_m03x26.mdl
sw_plc/lts_rwall01.dds,sw_plc_cep/lts_rwall01.dds,87428,654760c0d8d9c1590adc3f95da26415756d12447b7fc766f6b8f30440373dcd7,All observed ASCII and binary corpus consumers resolve to one category; actual bitmap/material/texture declaration verified after decompilation,sw_plc_cep/pkt_m03x11.mdl
sw_plc/lts_sfightr.dds,sw_plc_cep/lts_sfightr.dds,349572,e81cd9d54c7680b76a297cc605179a0332d9ded32c30d5ce0fd50fee777af596,All observed ASCII and binary corpus consumers resolve to one category; actual bitmap/material/texture declaration verified after decompilation,sw_plc_cep/pkt_sitftr01.mdl; sw_plc_cep/pkt_sitftr01.mdl; sw_plc_cep/pkt_sitftr01.mdl; sw_plc_cep/pkt_sitftr01.mdl; sw_plc_cep/pkt_sitftr01.mdl; sw_plc_cep/pkt_sitftr01.mdl
sw_plc/lts_signs.dds,sw_plc_cep/lts_signs.dds,349572,2ecd73ac69e6d5b85e2c358a69185cf48710d6c791ed31641971a4603052118c,All observed ASCII and binary corpus consumers resolve to one category; actual bitmap/material/texture declaration verified after decompilation,sw_plc_cep/pkt_m03x12.mdl; sw_plc_cep/pkt_m03x12.mdl; sw_plc_cep/pkt_m03x12.mdl; sw_plc_cep/pkt_m03x12.mdl; sw_plc_cep/pkt_m03x12.mdl; sw_plc_cep/pkt_m03x12.mdl; sw_plc_cep/pkt_m03x12.mdl; sw_plc_cep/pkt_m03x12.mdl
sw_plc/lts_trimn01.dds,sw_plc_cep/lts_trimn01.dds,174796,704fb6c02a1926834cf13462eb72b13c9927f38452b3c819699bfb4ede16cfc6,All observed ASCII and binary corpus consumers resolve to one category; actual bitmap/material/texture declaration verified after decompilation,sw_plc_cep/pkt_m03x23.mdl; sw_plc_cep/pkt_m03x23.mdl; sw_plc_cep/pkt_m03x26.mdl; sw_plc_cep/pkt_m03x26.mdl; sw_plc_cep/pkt_m03x26.mdl; sw_plc_cep/pkt_m03x26.mdl; sw_plc_cep/pkt_m03x26.mdl; sw_plc_cep/pkt_m03x27.mdl
sw_plc/lts_unflr06.dds,sw_plc_cep/lts_unflr06.dds,174796,9694a4adac23c7632a5c833d6ecab4d835fc8c64112b040e843facb045e50ea2,All observed ASCII and binary corpus consumers resolve to one category; actual bitmap/material/texture declaration verified after decompilation,sw_plc_cep/pkt_m03x29.mdl
sw_plc/lts_untarp01.dds,sw_plc_cep/lts_untarp01.dds,174796,d8777cdac39e4b2bf5652fbea7f7a61c7ab0c3a0d9ff780cb09f31bdaa939743,All observed ASCII and binary corpus consumers resolve to one category; actual bitmap/material/texture declaration verified after decompilation,sw_plc_cep/pkt_m03x26.mdl
sw_plc/lts_unwal01.dds,sw_plc_cep/lts_unwal01.dds,174796,8c31d0295a68e8fbbfe45e5ec26c4a961e918dcb3ae23740c163b61939fb3410,All observed ASCII and binary corpus consumers resolve to one category; actual bitmap/material/texture declaration verified after decompilation,sw_plc_cep/pkt_m03x18.mdl; sw_plc_cep/pkt_m03x22.mdl; sw_plc_cep/pkt_m03x23.mdl; sw_plc_cep/pkt_m03x25.mdl; sw_plc_cep/pkt_m03x25.mdl; sw_plc_cep/pkt_m03x30.mdl; sw_plc_cep/pkt_m03x31.mdl; sw_plc_cep/pkt_m03x33.mdl
sw_plc/lts_unwal02.dds,sw_plc_cep/lts_unwal02.dds,174796,ba6a9cac7221b549282a5b57e0bfe643c05bb03c7c6aa7793941cd8e81d510ac,All observed ASCII and binary corpus consumers resolve to one category; actual bitmap/material/texture declaration verified after decompilation,sw_plc_cep/pkt_m03x33.mdl; sw_plc_cep/pkt_m03x34.mdl
sw_plc/lts_unwal03.dds,sw_plc_cep/lts_unwal03.dds,174796,03cea61ab0a9c1a2894e89d5f8407dce0e8885dfe6ffe248c0899ed1ce881f92,All observed ASCII and binary corpus consumers resolve to one category; actual bitmap/material/texture declaration verified after decompilation,sw_plc_cep/pkt_m03x17.mdl; sw_plc_cep/pkt_m03x31.mdl; sw_plc_cep/pkt_m03x31.mdl
sw_plc/lts_unwal05.dds,sw_plc_cep/lts_unwal05.dds,174796,26dbf7cd627aaf9766aee8a9a2c7ad5e6e6a20c07cee7df8d430d885045b4074,All observed ASCII and binary corpus consumers resolve to one category; actual bitmap/material/texture declaration verified after decompilation,sw_plc_cep/pkt_m03x21.mdl; sw_plc_cep/pkt_m03x23.mdl; sw_plc_cep/pkt_m03x23.mdl; sw_plc_cep/pkt_m03x23.mdl; sw_plc_cep/pkt_m03x23.mdl; sw_plc_cep/pkt_m03x23.mdl; sw_plc_cep/pkt_m03x23.mdl; sw_plc_cep/pkt_m03x23.mdl
sw_plc/lts_unwal06.dds,sw_plc_cep/lts_unwal06.dds,174796,11d5126ef5c46057114d60d3f10d6830d5bf9d679f4ba39121e8a5a840ef0528,All observed ASCII and binary corpus consumers resolve to one category; actual bitmap/material/texture declaration verified after decompilation,sw_plc_cep/pkt_m03x24.mdl
sw_plc/lza_flr01.dds,sw_plc_cep/lza_flr01.dds,174796,40d70ad9db7cac126788da0c8236d00f9705bf6397738a7b1d566d0c8b56b886,All observed ASCII and binary corpus consumers resolve to one category; actual bitmap/material/texture declaration verified after decompilation,sw_plc_cep/pkt_rb1.mdl; sw_plc_cep/pkt_rb1.mdl
sw_plc/lza_trim01.dds,sw_plc_cep/lza_trim01.dds,43724,40dafd4f6626e9a0254389f14175d9d9eb4ceff81f9d1f0b67513a5c14e993ad,All observed ASCII and binary corpus consumers resolve to one category; actual bitmap/material/texture declaration verified after decompilation,sw_plc_cep/pkt_rb1.mdl; sw_plc_cep/pkt_rb1.mdl; sw_plc_cep/pkt_rb1.mdl
sw_plc/lza_wall02.dds,sw_plc_cep/lza_wall02.dds,43724,cb933ae0926eb6afc6ebd782b225c2efc63f8b4154f2c9fbcee44bb7f27dcbac,All observed ASCII and binary corpus consumers resolve to one category; actual bitmap/material/texture declaration verified after decompilation,sw_plc_cep/pkt_rb1.mdl; sw_plc_cep/pkt_rb1.mdl; sw_plc_cep/pkt_rb1.mdl; sw_plc_cep/pkt_rb1.mdl; sw_plc_cep/pkt_rb1.mdl; sw_plc_cep/pkt_rb1.mdl; sw_plc_cep/pkt_rb1.mdl; sw_plc_cep/pkt_shpjnklg.mdl
sw_plc/lza_wall04.dds,sw_plc_cep/lza_wall04.dds,43724,a735e626074bf50dbd97f0ba04fee1572c8f5afb6f71b9e0775e8f47106ec10f,All observed ASCII and binary corpus consumers resolve to one category; actual bitmap/material/texture declaration verified after decompilation,sw_plc_cep/pkt_rb1.mdl; sw_plc_cep/pkt_shpjnklg.mdl
sw_plc/lzz_lite03.dds,sw_plc_cep/lzz_lite03.dds,21892,87e7d47585860a719965c3aa716b129af937f939f4aa0bc56ff444b5b51c8a1a,All observed ASCII and binary corpus consumers resolve to one category; actual bitmap/material/texture declaration verified after decompilation,sw_plc_cep/pkt_m09x02.mdl
sw_plc/lzz_trim02.dds,sw_plc_cep/lzz_trim02.dds,174796,04a6519393c8462933b25e811a950abbe6f359a4f6717be8b74fedca73a7fdf2,All observed ASCII and binary corpus consumers resolve to one category; actual bitmap/material/texture declaration verified after decompilation,sw_plc_cep/pkt_m09x04.mdl; sw_plc_cep/pkt_m09x05.mdl
sw_plc/lzz_wall06.dds,sw_plc_cep/lzz_wall06.dds,10956,ec410840f274216d0e24490cd7c62bd37b495cea72a4285796f4735f185e3458,All observed ASCII and binary corpus consumers resolve to one category; actual bitmap/material/texture declaration verified after decompilation,sw_plc_cep/pkt_m09x02.mdl; sw_plc_cep/pkt_m09x02.mdl; sw_plc_cep/pkt_m09x03.mdl
sw_plc/lzz_wall07.dds,sw_plc_cep/lzz_wall07.dds,174796,c6e102ca0b5b88fc353a75e5b32dc1e820d0ac76ccadb8723f466141673edb9d,All observed ASCII and binary corpus consumers resolve to one category; actual bitmap/material/texture declaration verified after decompilation,sw_plc_cep/pkt_m09x02.mdl; sw_plc_cep/pkt_m09x02.mdl; sw_plc_cep/pkt_m09x02.mdl; sw_plc_cep/pkt_m09x03.mdl
sw_plc/mainpipe2.dds,sw_plc_mdrn/mainpipe2.dds,87420,3f995c7af872c343e9982eadf093111dc681ce9a5e377c2208570aab31349230,All observed ASCII and binary corpus consumers resolve to one category; actual bitmap/material/texture declaration verified after decompilation,sw_plc_mdrn/p_misc2.mdl
sw_plc/maple_door.dds,sw_plc_mdrn/maple_door.dds,10956,8b3653893f2773b4cde31263cae5d0716e7678b6cf3c26da1ddd2202a577fde3,All observed ASCII and binary corpus consumers resolve to one category; actual bitmap/material/texture declaration verified after decompilation,sw_plc_mdrn/mc_cntr.mdl; sw_plc_mdrn/mc_cntr.mdl
sw_plc/marble_white2.tga,sw_plc_mdrn/marble_white2.tga,1048620,f7f8bddd39d37ba35df45622ba89dbf2279ad94156d0e41c7d7d8e2895dcd116,All observed ASCII and binary corpus consumers resolve to one category; actual bitmap/material/texture declaration verified after decompilation,sw_plc_mdrn/p_pylon_001.mdl
sw_plc/marble_white2.txi,sw_plc_mdrn/marble_white2.txi,187,bde00862c00aae0f0c0f044829d62e57dd852501da8f07becd35b9d2c1371088,All observed ASCII and binary corpus consumers resolve to one category; actual bitmap/material/texture declaration verified after decompilation,sw_plc_mdrn/p_pylon_001.mdl
sw_plc/maul.dds,sw_weapon/maul.dds,699192,f66c825c86dcf450f16ab837b15424be014b6db69a9b802b5fe2d84b6b64fe95,All observed ASCII and binary corpus consumers resolve to one category; actual bitmap/material/texture declaration verified after decompilation,sw_weapon/wdblsbr_b_014.mdl
sw_plc/mdrnfloor_01.dds,sw_plc_mdrn/mdrnfloor_01.dds,174796,cea4375212768735aebe8ca638da6a40bb7e6492106d5b6bb712f8ebcd5f4242,All observed ASCII and binary corpus consumers resolve to one category; actual bitmap/material/texture declaration verified after decompilation,sw_plc_mdrn/mdrnfloor_01m.mdl; sw_plc_mdrn/mdrnfloor_01m.mdl; sw_plc_mdrn/mdrnfloor_01m.mdl; sw_plc_mdrn/mdrnfloor_01m.mdl; sw_plc_mdrn/mdrnfloor_01n.mdl; sw_plc_mdrn/mdrnfloor_01s.mdl
sw_plc/mdrnfloor_02.dds,sw_plc_mdrn/mdrnfloor_02.dds,174796,2d1e35429af2755addc97ad249797abe7b1089e523ea9f6718abbc7bc96a7d8c,All observed ASCII and binary corpus consumers resolve to one category; actual bitmap/material/texture declaration verified after decompilation,sw_plc_mdrn/mdrnfloor_02m.mdl; sw_plc_mdrn/mdrnfloor_02m.mdl; sw_plc_mdrn/mdrnfloor_02m.mdl; sw_plc_mdrn/mdrnfloor_02m.mdl; sw_plc_mdrn/mdrnfloor_02n.mdl; sw_plc_mdrn/mdrnfloor_02s.mdl
sw_plc/mdrnfloor_03.dds,sw_plc_mdrn/mdrnfloor_03.dds,174796,73d26ab18293d0db973f9118c1f2c408885388cd706e7593ffb8e718249ce92b,All observed ASCII and binary corpus consumers resolve to one category; actual bitmap/material/texture declaration verified after decompilation,sw_plc_mdrn/mdrnfloor_03m.mdl; sw_plc_mdrn/mdrnfloor_03m.mdl; sw_plc_mdrn/mdrnfloor_03m.mdl; sw_plc_mdrn/mdrnfloor_03m.mdl; sw_plc_mdrn/mdrnfloor_03n.mdl; sw_plc_mdrn/mdrnfloor_03s.mdl
sw_plc/mdrnfloor_04.dds,sw_plc_mdrn/mdrnfloor_04.dds,174796,fff802ba8adb6a1d90bf9025358a384b5b1318551df5df9c0279154f8eb5b252,All observed ASCII and binary corpus consumers resolve to one category; actual bitmap/material/texture declaration verified after decompilation,sw_plc_mdrn/mdrnfloor_04m.mdl; sw_plc_mdrn/mdrnfloor_04m.mdl; sw_plc_mdrn/mdrnfloor_04m.mdl; sw_plc_mdrn/mdrnfloor_04m.mdl; sw_plc_mdrn/mdrnfloor_04n.mdl; sw_plc_mdrn/mdrnfloor_04s.mdl
sw_plc/mdrnfloor_05.dds,sw_plc_mdrn/mdrnfloor_05.dds,174796,7c68a2f5c6e22895e4472fd36d73e221b5d136852c14c3edea0db339ff8b5191,All observed ASCII and binary corpus consumers resolve to one category; actual bitmap/material/texture declaration verified after decompilation,sw_plc_mdrn/mdrnfloor_05m.mdl; sw_plc_mdrn/mdrnfloor_05m.mdl; sw_plc_mdrn/mdrnfloor_05m.mdl; sw_plc_mdrn/mdrnfloor_05m.mdl; sw_plc_mdrn/mdrnfloor_05n.mdl; sw_plc_mdrn/mdrnfloor_05s.mdl
sw_plc/mdrnfloor_06.dds,sw_plc_mdrn/mdrnfloor_06.dds,174796,a2c1c21cc370da17523fb61370649b113e7eb36a5d6905e3a5dd7e7f373ef104,All observed ASCII and binary corpus consumers resolve to one category; actual bitmap/material/texture declaration verified after decompilation,sw_plc_mdrn/mdrnenghtch_clsd.mdl; sw_plc_mdrn/mdrnfloor_06m.mdl; sw_plc_mdrn/mdrnfloor_06m.mdl; sw_plc_mdrn/mdrnfloor_06m.mdl; sw_plc_mdrn/mdrnfloor_06m.mdl; sw_plc_mdrn/mdrnfloor_06n.mdl; sw_plc_mdrn/mdrnfloor_06s.mdl
sw_plc/mdrnfloor_07.dds,sw_plc_mdrn/mdrnfloor_07.dds,174796,12f449f1cb515874a7a8db58c1452c1fcaaa99b8bd254d616dff12d129552be5,All observed ASCII and binary corpus consumers resolve to one category; actual bitmap/material/texture declaration verified after decompilation,sw_plc_mdrn/mdrnfloor_07m.mdl; sw_plc_mdrn/mdrnfloor_07m.mdl; sw_plc_mdrn/mdrnfloor_07m.mdl; sw_plc_mdrn/mdrnfloor_07m.mdl; sw_plc_mdrn/mdrnfloor_07n.mdl; sw_plc_mdrn/mdrnfloor_07s.mdl
sw_plc/mdrnfloor_08.dds,sw_plc_mdrn/mdrnfloor_08.dds,174796,3bfd028ef3223f448fb2e3a1c7d5880a73b16d474d2df0f9b54a4deb4c732a66,All observed ASCII and binary corpus consumers resolve to one category; actual bitmap/material/texture declaration verified after decompilation,sw_plc_mdrn/mdrnfloor_08m.mdl; sw_plc_mdrn/mdrnfloor_08m.mdl; sw_plc_mdrn/mdrnfloor_08m.mdl; sw_plc_mdrn/mdrnfloor_08m.mdl; sw_plc_mdrn/mdrnfloor_08n.mdl; sw_plc_mdrn/mdrnfloor_08s.mdl
sw_plc/mdrnfloor_09.dds,sw_plc_mdrn/mdrnfloor_09.dds,174796,c8f11363e306c1fdb06b65a44a27b3756e16a841e4c55ee7813edabac51b3b57,All observed ASCII and binary corpus consumers resolve to one category; actual bitmap/material/texture declaration verified after decompilation,sw_plc_mdrn/mdrnfloor_09m.mdl; sw_plc_mdrn/mdrnfloor_09m.mdl; sw_plc_mdrn/mdrnfloor_09m.mdl; sw_plc_mdrn/mdrnfloor_09m.mdl; sw_plc_mdrn/mdrnfloor_09n.mdl; sw_plc_mdrn/mdrnfloor_09s.mdl
sw_plc/mdrnfloor_10.dds,sw_plc_mdrn/mdrnfloor_10.dds,174904,f4456f1f8be8dd4323766e9b8fd91beafec3abf204fdb0f7c549c293255b36ea,All observed ASCII and binary corpus consumers resolve to one category; actual bitmap/material/texture declaration verified after decompilation,sw_plc_mdrn/mdrnfloor_10m.mdl; sw_plc_mdrn/mdrnfloor_10m.mdl; sw_plc_mdrn/mdrnfloor_10m.mdl; sw_plc_mdrn/mdrnfloor_10m.mdl; sw_plc_mdrn/mdrnfloor_10n.mdl; sw_plc_mdrn/mdrnfloor_10s.mdl; sw_plc_mdrn/mdrnfloor_10s.mdl
sw_plc/mdrnfloor_11.dds,sw_plc_mdrn/mdrnfloor_11.dds,174796,43164319b6c87f17f8ae358a7a12c4838d540a4c96df2c6088a01e13bbb08159,All observed ASCII and binary corpus consumers resolve to one category; actual bitmap/material/texture declaration verified after decompilation,sw_plc_mdrn/mdrnfloor_11m.mdl; sw_plc_mdrn/mdrnfloor_11m.mdl; sw_plc_mdrn/mdrnfloor_11m.mdl; sw_plc_mdrn/mdrnfloor_11m.mdl; sw_plc_mdrn/mdrnfloor_11n.mdl; sw_plc_mdrn/mdrnfloor_11s.mdl
sw_plc/mdrnfloor_12.dds,sw_plc_mdrn/mdrnfloor_12.dds,174796,8beeae97ef02250ba1227cc791d52f1ad4b76a581dc663a3c0b8461f1d6b6a78,All observed ASCII and binary corpus consumers resolve to one category; actual bitmap/material/texture declaration verified after decompilation,sw_plc_mdrn/mdrnfloor_12m.mdl; sw_plc_mdrn/mdrnfloor_12m.mdl; sw_plc_mdrn/mdrnfloor_12m.mdl; sw_plc_mdrn/mdrnfloor_12m.mdl; sw_plc_mdrn/mdrnfloor_12n.mdl; sw_plc_mdrn/mdrnfloor_12s.mdl
sw_plc/mdrnfloor_13.dds,sw_plc_mdrn/mdrnfloor_13.dds,174796,ba0e898a1aa4610594f671f012b8dd04f1dd6d7e099e5f2dd858f4455138068b,All observed ASCII and binary corpus consumers resolve to one category; actual bitmap/material/texture declaration verified after decompilation,sw_plc_mdrn/mdrnfloor_13m.mdl; sw_plc_mdrn/mdrnfloor_13m.mdl; sw_plc_mdrn/mdrnfloor_13m.mdl; sw_plc_mdrn/mdrnfloor_13m.mdl; sw_plc_mdrn/mdrnfloor_13n.mdl; sw_plc_mdrn/mdrnfloor_13s.mdl
sw_plc/mdrnfloor_14.dds,sw_plc_mdrn/mdrnfloor_14.dds,174796,19c419832ae9d745cbb822af7bbff60a13cb49fb791d07f79a68a767fcfe2d65,All observed ASCII and binary corpus consumers resolve to one category; actual bitmap/material/texture declaration verified after decompilation,sw_plc_mdrn/mdrnfloor_14m.mdl; sw_plc_mdrn/mdrnfloor_14m.mdl; sw_plc_mdrn/mdrnfloor_14m.mdl; sw_plc_mdrn/mdrnfloor_14m.mdl; sw_plc_mdrn/mdrnfloor_14n.mdl; sw_plc_mdrn/mdrnfloor_14s.mdl
sw_plc/mdrngrate_01.dds,sw_plc_mdrn/mdrngrate_01.dds,174796,39db0b9a4a040330f2a9da8171f9dfdfe36aa95e50e1cc78ad784dddeb64c0da,All observed ASCII and binary corpus consumers resolve to one category; actual bitmap/material/texture declaration verified after decompilation,sw_plc_mdrn/mdrngrate1f.mdl; sw_plc_mdrn/mdrngrate1f.mdl; sw_plc_mdrn/mdrngrate1f.mdl; sw_plc_mdrn/mdrngrate1f.mdl; sw_plc_mdrn/mdrngrate1w.mdl; sw_plc_mdrn/mdrngrate1w.mdl; sw_plc_mdrn/mdrngrate1w.mdl; sw_plc_mdrn/mdrngrate1w.mdl
sw_plc/mdrngrate_02.dds,sw_plc_mdrn/mdrngrate_02.dds,174796,b2fe378f559b8312404e8b483d8ff003002d1ca7ccc3f5398425735e22340f18,All observed ASCII and binary corpus consumers resolve to one category; actual bitmap/material/texture declaration verified after decompilation,sw_plc_mdrn/mdrngrate2f.mdl; sw_plc_mdrn/mdrngrate2f.mdl; sw_plc_mdrn/mdrngrate2f.mdl; sw_plc_mdrn/mdrngrate2f.mdl; sw_plc_mdrn/mdrngrate2w.mdl; sw_plc_mdrn/mdrngrate2w.mdl; sw_plc_mdrn/mdrngrate2w.mdl; sw_plc_mdrn/mdrngrate2w.mdl
sw_plc/mdrngrate_03.dds,sw_plc_mdrn/mdrngrate_03.dds,43724,21dd3a3ef8347fa2b743adef79a7000e417199c1a16f7c7bcd59e6d1f7ff9fe6,All observed ASCII and binary corpus consumers resolve to one category; actual bitmap/material/texture declaration verified after decompilation,sw_plc_mdrn/mdrngrate3f.mdl; sw_plc_mdrn/mdrngrate3f.mdl; sw_plc_mdrn/mdrngrate3f.mdl; sw_plc_mdrn/mdrngrate3f.mdl; sw_plc_mdrn/mdrngrate3w.mdl; sw_plc_mdrn/mdrngrate3w.mdl; sw_plc_mdrn/mdrngrate3w.mdl; sw_plc_mdrn/mdrngrate3w.mdl
sw_plc/mdrngrate_04.dds,sw_plc_mdrn/mdrngrate_04.dds,43724,5cfd949bb690432d49104d2f631dcc2647acb6c142129d58a6cf2286e771aa5e,All observed ASCII and binary corpus consumers resolve to one category; actual bitmap/material/texture declaration verified after decompilation,sw_plc_mdrn/mdrngrate4f.mdl; sw_plc_mdrn/mdrngrate4f.mdl; sw_plc_mdrn/mdrngrate4f.mdl; sw_plc_mdrn/mdrngrate4f.mdl; sw_plc_mdrn/mdrngrate4w.mdl; sw_plc_mdrn/mdrngrate4w.mdl; sw_plc_mdrn/mdrngrate4w.mdl; sw_plc_mdrn/mdrngrate4w.mdl
sw_plc/mdrngrate_blk.dds,sw_plc_mdrn/mdrngrate_blk.dds,44,a771154b8bb650d31b28765af37e058508ab47e09ea5388039855fefc0db2010,All observed ASCII and binary corpus consumers resolve to one category; actual bitmap/material/texture declaration verified after decompilation,sw_plc_mdrn/mdrngrate1f.mdl; sw_plc_mdrn/mdrngrate1w.mdl; sw_plc_mdrn/mdrngrate2f.mdl; sw_plc_mdrn/mdrngrate2w.mdl; sw_plc_mdrn/mdrngrate3f.mdl; sw_plc_mdrn/mdrngrate3w.mdl; sw_plc_mdrn/mdrngrate4f.mdl; sw_plc_mdrn/mdrngrate4w.mdl
sw_plc/mdrnw2wcp_01.dds,sw_plc_mdrn/mdrnw2wcp_01.dds,174796,c3a9c25902a602476a14f1bcbcff2416c56db900459d7ed868512ff9343970e9,All observed ASCII and binary corpus consumers resolve to one category; actual bitmap/material/texture declaration verified after decompilation,sw_plc_mdrn/mdrnw2wcp_01m.mdl; sw_plc_mdrn/mdrnw2wcp_01m.mdl; sw_plc_mdrn/mdrnw2wcp_01m.mdl; sw_plc_mdrn/mdrnw2wcp_01m.mdl; sw_plc_mdrn/mdrnw2wcp_01s.mdl
sw_plc/mdrnw2wcp_02.dds,sw_plc_mdrn/mdrnw2wcp_02.dds,43724,01488a1cb2e360955e0de6481ef925dadcd7b95031db5a8d22e1c6b229b65c90,All observed ASCII and binary corpus consumers resolve to one category; actual bitmap/material/texture declaration verified after decompilation,sw_plc_mdrn/mdrnw2wcp_02m.mdl; sw_plc_mdrn/mdrnw2wcp_02m.mdl; sw_plc_mdrn/mdrnw2wcp_02m.mdl; sw_plc_mdrn/mdrnw2wcp_02m.mdl; sw_plc_mdrn/mdrnw2wcp_02s.mdl
sw_plc/mdrnw2wcp_04.dds,sw_plc_mdrn/mdrnw2wcp_04.dds,43724,ef10d3644f9f59e4cc1d572e163ac98f16660082b7a2292d383cf0736f2f9fd2,All observed ASCII and binary corpus consumers resolve to one category; actual bitmap/material/texture declaration verified after decompilation,sw_plc_mdrn/mdrnw2wcp_04m.mdl; sw_plc_mdrn/mdrnw2wcp_04m.mdl; sw_plc_mdrn/mdrnw2wcp_04m.mdl; sw_plc_mdrn/mdrnw2wcp_04m.mdl; sw_plc_mdrn/mdrnw2wcp_04s.mdl
sw_plc/mdrnw2wcp_05.dds,sw_plc_mdrn/mdrnw2wcp_05.dds,174796,6fd8831dd351c20d81a014c26fdfbba17630e9941d7383d9a8c319584b140401,All observed ASCII and binary corpus consumers resolve to one category; actual bitmap/material/texture declaration verified after decompilation,sw_plc_mdrn/mdrnw2wcp_05m.mdl; sw_plc_mdrn/mdrnw2wcp_05m.mdl; sw_plc_mdrn/mdrnw2wcp_05m.mdl; sw_plc_mdrn/mdrnw2wcp_05m.mdl; sw_plc_mdrn/mdrnw2wcp_05s.mdl
sw_plc/mdrnw2wcp_06.dds,sw_plc_mdrn/mdrnw2wcp_06.dds,43724,86bf0270a29d259a1b9b6c1127e6969b2cb034eede86de8918b66555192ebdce,All observed ASCII and binary corpus consumers resolve to one category; actual bitmap/material/texture declaration verified after decompilation,sw_plc_mdrn/mdrnw2wcp_06m.mdl; sw_plc_mdrn/mdrnw2wcp_06m.mdl; sw_plc_mdrn/mdrnw2wcp_06m.mdl; sw_plc_mdrn/mdrnw2wcp_06m.mdl; sw_plc_mdrn/mdrnw2wcp_06s.mdl
sw_plc/mdrnw2wcp_07.dds,sw_plc_mdrn/mdrnw2wcp_07.dds,43724,3f05d93dd5163330def4a11169083ee005cdeb559fd50ee43c7ab83ee42b38d9,All observed ASCII and binary corpus consumers resolve to one category; actual bitmap/material/texture declaration verified after decompilation,sw_plc_mdrn/mdrnw2wcp_07m.mdl; sw_plc_mdrn/mdrnw2wcp_07m.mdl; sw_plc_mdrn/mdrnw2wcp_07m.mdl; sw_plc_mdrn/mdrnw2wcp_07m.mdl
sw_plc/mdrnw2wcp_08.dds,sw_plc_mdrn/mdrnw2wcp_08.dds,43724,91def7878f216da672f47cadaf4193c6e3118923d7517e91ec1f72c49755a8fc,All observed ASCII and binary corpus consumers resolve to one category; actual bitmap/material/texture declaration verified after decompilation,sw_plc_mdrn/mdrnw2wcp_08m.mdl; sw_plc_mdrn/mdrnw2wcp_08m.mdl; sw_plc_mdrn/mdrnw2wcp_08m.mdl; sw_plc_mdrn/mdrnw2wcp_08m.mdl; sw_plc_mdrn/mdrnw2wcp_08s.mdl
sw_plc/mdrnw2wcp_09.dds,sw_plc_mdrn/mdrnw2wcp_09.dds,43724,77440943c4420783d31a7f9e2d944f3ff343eef85e11d347705589681be95e7c,All observed ASCII and binary corpus consumers resolve to one category; actual bitmap/material/texture declaration verified after decompilation,sw_plc_mdrn/mdrnw2wcp_09s.mdl
sw_plc/mdrnw2wcp_10.dds,sw_plc_mdrn/mdrnw2wcp_10.dds,43724,830a0a90d202bb5c9174b0bfc64fded835b0f4cbbf3b570b993d5926f8403523,All observed ASCII and binary corpus consumers resolve to one category; actual bitmap/material/texture declaration verified after decompilation,sw_plc_mdrn/mdrnw2wcp_10m.mdl; sw_plc_mdrn/mdrnw2wcp_10m.mdl; sw_plc_mdrn/mdrnw2wcp_10m.mdl; sw_plc_mdrn/mdrnw2wcp_10m.mdl; sw_plc_mdrn/mdrnw2wcp_10s.mdl
sw_plc/mdrnw2wcp_11.dds,sw_plc_mdrn/mdrnw2wcp_11.dds,43724,3e43924956e7a87a57a00f5063e07e10f3382c6bf79a7e9ec7e9e70240bb81fa,All observed ASCII and binary corpus consumers resolve to one category; actual bitmap/material/texture declaration verified after decompilation,sw_plc_mdrn/mdrnw2wcp_11m.mdl; sw_plc_mdrn/mdrnw2wcp_11m.mdl; sw_plc_mdrn/mdrnw2wcp_11m.mdl; sw_plc_mdrn/mdrnw2wcp_11m.mdl; sw_plc_mdrn/mdrnw2wcp_11s.mdl
sw_plc/mdrnw2wcp_12.dds,sw_plc_mdrn/mdrnw2wcp_12.dds,43724,d89ad6361125aee20a830ee7d3c78d9411d8781fc15019fde832c274b81d1976,All observed ASCII and binary corpus consumers resolve to one category; actual bitmap/material/texture declaration verified after decompilation,sw_plc_mdrn/mdrnw2wcp_12m.mdl; sw_plc_mdrn/mdrnw2wcp_12m.mdl; sw_plc_mdrn/mdrnw2wcp_12m.mdl; sw_plc_mdrn/mdrnw2wcp_12m.mdl; sw_plc_mdrn/mdrnw2wcp_12s.mdl
sw_plc/mdrnw2wcp_13.dds,sw_plc_mdrn/mdrnw2wcp_13.dds,43724,aeada5e2e23064ad813ba03c2c09728a3b3728af58528481d98f8668bf5478fb,All observed ASCII and binary corpus consumers resolve to one category; actual bitmap/material/texture declaration verified after decompilation,sw_plc_mdrn/mdrnw2wcp_13m.mdl; sw_plc_mdrn/mdrnw2wcp_13m.mdl; sw_plc_mdrn/mdrnw2wcp_13m.mdl; sw_plc_mdrn/mdrnw2wcp_13m.mdl; sw_plc_mdrn/mdrnw2wcp_13s.mdl
sw_plc/meat_a.dds,sw_plc_cep/meat_a.dds,21884,d88561d416a22baddc7eccaf08513df0050ecef817cfef5bf2a911ed106ca9df,All observed ASCII and binary corpus consumers resolve to one category; actual bitmap/material/texture declaration verified after decompilation,sw_plc_cep/sfp_meat.mdl; sw_plc_cep/sfp_meat_sml.mdl
sw_plc/metalbed1.dds,sw_plc_mdrn/metalbed1.dds,10956,e5f68f29a76cc07d34193be72c200d0ecea0d1bdfbc3c74fd2d4ae1610c160d9,All observed ASCII and binary corpus consumers resolve to one category; actual bitmap/material/texture declaration verified after decompilation,sw_plc_mdrn/plc_mgstp1.mdl; sw_plc_mdrn/plc_msapp63.mdl; sw_plc_mdrn/plc_msapp63.mdl; sw_plc_mdrn/plc_msapp63.mdl
sw_plc/metalbedblanket.tga,sw_plc_mdrn/metalbedblanket.tga,49170,7cf3822fc6cdce23863a73689023ee17ebd1427f31c1746bd9d5699398cc515d,All observed ASCII and binary corpus consumers resolve to one category; actual bitmap/material/texture declaration verified after decompilation,sw_plc_mdrn/purp_bedroll.mdl; sw_plc_mdrn/purp_bedroll.mdl; sw_plc_mdrn/purp_bunk1.mdl; sw_plc_mdrn/purp_bunk1.mdl
sw_plc/metalbedblanket2.tga,sw_plc_mdrn/metalbedblanket2.tga,49196,d6716d88d4fc1112251e65c6f0e6727ec537d0b88e4edd414474cfc49e23f2eb,All observed ASCII and binary corpus consumers resolve to one category; actual bitmap/material/texture declaration verified after decompilation,sw_plc_mdrn/purp_bedroll2.mdl; sw_plc_mdrn/purp_bedroll2.mdl; sw_plc_mdrn/purp_bunk2.mdl; sw_plc_mdrn/purp_bunk2.mdl
sw_plc/metalbunk.tga,sw_plc_mdrn/metalbunk.tga,49170,742944ffbbf55dd353c8cba1107a336cbc99f2f2b1dcb925eaa62518672566fa,All observed ASCII and binary corpus consumers resolve to one category; actual bitmap/material/texture declaration verified after decompilation,sw_plc_mdrn/purp_bunk1.mdl; sw_plc_mdrn/purp_bunk1.mdl; sw_plc_mdrn/purp_bunk1.mdl; sw_plc_mdrn/purp_bunk2.mdl; sw_plc_mdrn/purp_bunk2.mdl; sw_plc_mdrn/purp_bunk2.mdl
sw_plc/metaldark.dds,sw_plc_mdrn/metaldark.dds,10956,3bb2ac7c7bfd0b2d16760fa59ae7fc6a65d753e165279fb508d5bc08b8641bfe,All observed ASCII and binary corpus consumers resolve to one category; actual bitmap/material/texture declaration verified after decompilation,sw_plc_mdrn/d20_reskin_table.mdl; sw_plc_mdrn/d20_reskin_table.mdl; sw_plc_mdrn/d20_reskin_table.mdl; sw_plc_mdrn/d20_reskin_table.mdl; sw_plc_mdrn/d20_reskin_table.mdl; sw_plc_mdrn/d20_reskin_table.mdl; sw_plc_mdrn/d20_reskin_table.mdl; sw_plc_mdrn/d20_reskin_table.mdl
sw_plc/metaltable1.dds,sw_plc_mdrn/metaltable1.dds,43832,f221c62474520f7e13d49010620a87521c3f5cedfdfe4660cb57d2485f62a124,All observed ASCII and binary corpus consumers resolve to one category; actual bitmap/material/texture declaration verified after decompilation,sw_plc_mdrn/foodcart.mdl; sw_plc_mdrn/foodcart.mdl; sw_plc_mdrn/foodcart.mdl; sw_plc_mdrn/foodcart.mdl; sw_plc_mdrn/foodcart.mdl; sw_plc_mdrn/foodcart.mdl; sw_plc_mdrn/foodcart.mdl; sw_plc_mdrn/purp_tube.mdl
sw_plc/metaltable2.dds,sw_plc_mdrn/metaltable2.dds,43832,816380ce2ec9926813565b4fe83e4023b889c2af771c5b6b578c8c5827b682fb,All observed ASCII and binary corpus consumers resolve to one category; actual bitmap/material/texture declaration verified after decompilation,sw_plc_mdrn/foodcart.mdl; sw_plc_mdrn/purp_bookcase1.mdl; sw_plc_mdrn/purp_bookcase1.mdl; sw_plc_mdrn/purp_bookcase1.mdl; sw_plc_mdrn/purp_bookcase1.mdl; sw_plc_mdrn/purp_bunk1.mdl; sw_plc_mdrn/purp_bunk1.mdl; sw_plc_mdrn/purp_bunk1.mdl
sw_plc/mirror2.dds,sw_plc_mdrn/mirror2.dds,699192,6045a0cf84096a7152f0f3345783b3a88ee4852876f7d2d41866668fc919ed05,All observed ASCII and binary corpus consumers resolve to one category; actual bitmap/material/texture declaration verified after decompilation,sw_plc_mdrn/mirror6.mdl
sw_plc/moby_tankskinv2.dds,sw_plc_mdrn/moby_tankskinv2.dds,174796,7a2bc499e908626a1e805d1168d5cef0ccb9820e9d4b39931e83deb1d050d0e0,All observed ASCII and binary corpus consumers resolve to one category; actual bitmap/material/texture declaration verified after decompilation,sw_plc_mdrn/p_misc3.mdl
sw_plc/modernbooks.dds,sw_plc_mdrn/modernbooks.dds,174796,e9c053a1c02ff2cd84dae335c4478e811943235f670aca5aa36f82ec4cdf9a71,All observed ASCII and binary corpus consumers resolve to one category; actual bitmap/material/texture declaration verified after decompilation,sw_plc_mdrn/purp_bookcase1.mdl; sw_plc_mdrn/purp_bookcase2.mdl; sw_plc_mdrn/purp_bookcase2.mdl
sw_plc/n_mainofd01.dds,sw_plc_cep/n_mainofd01.dds,43724,08610bbaacc2d6fab9770929bae1efe039d90a6c6264d1e8966c6abe021765ee,All observed ASCII and binary corpus consumers resolve to one category; actual bitmap/material/texture declaration verified after decompilation,sw_plc_cep/pkt_crps08.mdl
sw_plc/n_miner01.dds,sw_plc_cep/n_miner01.dds,43724,bf0f4bae31dec2207999d59d5162b914cfed16101d99adc2bebda162f8e6b727,All observed ASCII and binary corpus consumers resolve to one category; actual bitmap/material/texture declaration verified after decompilation,sw_plc_cep/pkt_crps08.mdl
sw_plc/n_wookiem01.dds,sw_plc_cep/n_wookiem01.dds,349572,7d48b738b03c6b589d660c4cc01f46f634a875b771c469a53599687eba27ca82,All observed ASCII and binary corpus consumers resolve to one category; actual bitmap/material/texture declaration verified after decompilation,sw_plc_cep/pkt_wookcrps.mdl
sw_plc/nat_mple.dds,sw_plc_mdrn/nat_mple.dds,43724,6b890d29975e7aac62f714c9422609bbae9ca2b7b2e9a55738f549b924079e97,All observed ASCII and binary corpus consumers resolve to one category; actual bitmap/material/texture declaration verified after decompilation,sw_plc_mdrn/mc_cntr.mdl
sw_plc/neon.dds,sw_plc_mdrn/neon.dds,43724,63b21e9813a63aef9b4c60fa87fc8afc808bbaec21d8896de938fbe56f6f29df,All observed ASCII and binary corpus consumers resolve to one category; actual bitmap/material/texture declaration verified after decompilation,sw_plc_mdrn/centurysign.mdl; sw_plc_mdrn/centurysign.mdl; sw_plc_mdrn/skeeball.mdl
sw_plc/neon.txi,sw_plc_mdrn/neon.txi,45,8ed6e94a2dcded5bdd1b5eb9b33b31ecff2f66ca7f59a517067b9bb259a4977a,All observed ASCII and binary corpus consumers resolve to one category; actual bitmap/material/texture declaration verified after decompilation,sw_plc_mdrn/centurysign.mdl; sw_plc_mdrn/centurysign.mdl; sw_plc_mdrn/skeeball.mdl
sw_plc/newsvender.dds,sw_plc_mdrn/newsvender.dds,43724,e66ce0dc0fdcc66374ff890e573238d9c7e2a6e18b077dd5444800daa3a16dc2,All observed ASCII and binary corpus consumers resolve to one category; actual bitmap/material/texture declaration verified after decompilation,sw_plc_mdrn/newsbox.mdl; sw_plc_mdrn/newsbox.mdl; sw_plc_mdrn/newsbox.mdl; sw_plc_mdrn/newsbox.mdl; sw_plc_mdrn/newsbox.mdl; sw_plc_mdrn/newsbox.mdl; sw_plc_mdrn/newsbox.mdl
sw_plc/no_smoking.dds,sw_plc_mdrn/no_smoking.dds,5508,a84db4938d825c50c5a1a4135ebef99d6a3b2d101abb6d34c3c42d6af3378320,All observed ASCII and binary corpus consumers resolve to one category; actual bitmap/material/texture declaration verified after decompilation,sw_plc_mdrn/cqhouse11.mdl; sw_plc_mdrn/cqhouse11.mdl; sw_plc_mdrn/cqhouse12.mdl; sw_plc_mdrn/cqhouse12.mdl; sw_plc_mdrn/cqhouse14.mdl; sw_plc_mdrn/cqhouse14.mdl
sw_plc/nqstatue.tga,sw_plc_mdrn/nqstatue.tga,197147,bf8cd3b5e236e0a54a7eacd02c40bd999e73a11f8b7079bddf4f8a38359fc8ab,All observed ASCII and binary corpus consumers resolve to one category; actual bitmap/material/texture declaration verified after decompilation,sw_plc_mdrn/statue01.mdl
sw_plc/nw2estatewall4.mdl,sw_plc_mdrn/nw2estatewall4.mdl,14108,628bb3339653384a9e7e00618ba521aae94adb47448883e948c835b34a2a3003,placeables.2da explicitly labels this model [mdrn]; preserve same-stem companions,
sw_plc/nw2estatewall5.mdl,sw_plc_mdrn/nw2estatewall5.mdl,36240,6abefcf9f71f303b97854bdba0d864017fffe4fbf7c827e769672486f021818c,placeables.2da explicitly labels this model [mdrn]; preserve same-stem companions,
sw_plc/nw2estatewall5.pwk,sw_plc_mdrn/nw2estatewall5.pwk,534,5c6cbe34a7ccb63ad26f4bd666d48b78e7d57878d9e0e4eab66dbcb78b3ccb99,placeables.2da explicitly labels this model [mdrn]; preserve same-stem companions,
sw_plc/nw2estatewall6.mdl,sw_plc_mdrn/nw2estatewall6.mdl,21664,a98c5a0cbd2ad59edd37a4f5aa97c10b6fe6505dc06447c351027db1e3e8c151,placeables.2da explicitly labels this model [mdrn]; preserve same-stem companions,
sw_plc/nw2estatewall6.pwk,sw_plc_mdrn/nw2estatewall6.pwk,570,d389820d394f61810af3c08d2f33225ee0a9c5df985dddceb0b31930cf55892f,placeables.2da explicitly labels this model [mdrn]; preserve same-stem companions,
sw_plc/nw2estatewall7.mdl,sw_plc_mdrn/nw2estatewall7.mdl,31592,bc08007124708693a64ed05eaa55480d52fcaf957368877ee8ee1c2bc3a4a573,placeables.2da explicitly labels this model [mdrn]; preserve same-stem companions,
sw_plc/oven.dds,sw_plc_mdrn/oven.dds,21892,dfa021ca7284834d5db910dc7e2cec3422aa5ba03a531415736116bfe23b5462,All observed ASCII and binary corpus consumers resolve to one category; actual bitmap/material/texture declaration verified after decompilation,sw_plc_mdrn/mod01_o01_06.mdl; sw_plc_mdrn/mod01_o01_06.mdl
sw_plc/oven.tga,sw_plc_mdrn/oven.tga,4140,6763d040c83d5ad939fcfd0ec362104c6d529d351b5db48357a047ddbb2c7288,All observed ASCII and binary corpus consumers resolve to one category; actual bitmap/material/texture declaration verified after decompilation,sw_plc_mdrn/mod01_o01_06.mdl; sw_plc_mdrn/mod01_o01_06.mdl
sw_plc/ovendoor.dds,sw_plc_mdrn/ovendoor.dds,21892,1fbdb0284bb84ff9159bed28a0d08c8b624e2159b3642daea660880d6ad0bcc9,All observed ASCII and binary corpus consumers resolve to one category; actual bitmap/material/texture declaration verified after decompilation,sw_plc_mdrn/mod01_o01_06.mdl; sw_plc_mdrn/mod01_o01_06.mdl
sw_plc/ovendoor.tga,sw_plc_mdrn/ovendoor.tga,4140,05a0522368b481ac907c83dda618a6596553e6b7407f4f05bac8da9cba5d5cac,All observed ASCII and binary corpus consumers resolve to one category; actual bitmap/material/texture declaration verified after decompilation,sw_plc_mdrn/mod01_o01_06.mdl; sw_plc_mdrn/mod01_o01_06.mdl
sw_plc/p38.dds,sw_weapon/p38.dds,43724,6b100b74b764b3842c5931192acc29d942ac536c270a148e160ae27b29147d03,All observed ASCII and binary corpus consumers resolve to one category; actual bitmap/material/texture declaration verified after decompilation,sw_weapon/wbwsh_m_093.mdl; sw_weapon/wbwsh_m_094.mdl
sw_plc/p_pylon_dark.tga,sw_plc_mdrn/p_pylon_dark.tga,262188,662a6254ba3236f0185ceca76762815aa32f6ffa6c44f47fc4ed2f7e18f860d6,All observed ASCII and binary corpus consumers resolve to one category; actual bitmap/material/texture declaration verified after decompilation,sw_plc_mdrn/p_pylon_001.mdl
sw_plc/p_pylon_dark.txi,sw_plc_mdrn/p_pylon_dark.txi,187,bde00862c00aae0f0c0f044829d62e57dd852501da8f07becd35b9d2c1371088,All observed ASCII and binary corpus consumers resolve to one category; actual bitmap/material/texture declaration verified after decompilation,sw_plc_mdrn/p_pylon_001.mdl
sw_plc/pan.dds,sw_plc_mdrn/pan.dds,43832,0ce8df73cbdae912e80ae121eb278f1a847f954e9d7c8f9d6c6edae3ef83b56e,All observed ASCII and binary corpus consumers resolve to one category; actual bitmap/material/texture declaration verified after decompilation,sw_plc_mdrn/xiapan_01.mdl; sw_plc_mdrn/xiapan_01.mdl
sw_plc/panhandle.dds,sw_plc_mdrn/panhandle.dds,43832,87582aa20520a8f3be622f7d423256be607c1f89bdaa6827676f85d533c16d74,All observed ASCII and binary corpus consumers resolve to one category; actual bitmap/material/texture declaration verified after decompilation,sw_plc_mdrn/xiapan_01.mdl
sw_plc/paperroll.tga,sw_plc_mdrn/paperroll.tga,65580,564d5cfd6d1dcc2507b93aaf9d28f34fcf3b9bcf18c2249cd335c99784293a3e,All observed ASCII and binary corpus consumers resolve to one category; actual bitmap/material/texture declaration verified after decompilation,sw_plc_mdrn/xiatpaperr_01.mdl; sw_plc_mdrn/xiatpaperr_01.mdl; sw_plc_mdrn/xiatpaper_01.mdl; sw_plc_mdrn/xiatpaper_01.mdl
sw_plc/parch1.dds,sw_plc_cep/parch1.dds,43724,6dd1e7776a81f61dabd80a2894866f1c98c71dba5b8be434258b1afc0a6ea2a9,All observed ASCII and binary corpus consumers resolve to one category; actual bitmap/material/texture declaration verified after decompilation,sw_plc_cep/zlc_b01.mdl
sw_plc/pavorb1.dds,sw_plc_mdrn/pavorb1.dds,87428,96518c64bb96db02650e63b77469aec4fd78c0192e9cff27d8a67433eebbfba9,All observed ASCII and binary corpus consumers resolve to one category; actual bitmap/material/texture declaration verified after decompilation,sw_plc_mdrn/psi_barrel6.mdl; sw_plc_mdrn/psi_barrel6.mdl
sw_plc/per_fl02.dds,sw_plc_cep/per_fl02.dds,174796,9ac5bcdf0155b18fb2deac976b4b13bd63909e4797f01244e6796b1a37a859fb,All observed ASCII and binary corpus consumers resolve to one category; actual bitmap/material/texture declaration verified after decompilation,sw_plc_cep/pkt_medcan.mdl
sw_plc/per_pipe.dds,sw_plc_cep/per_pipe.dds,43724,e65d92999ceadf2c895864bed89a6422c6078f8a14d29ee50c17c0ff9fbb805f,All observed ASCII and binary corpus consumers resolve to one category; actual bitmap/material/texture declaration verified after decompilation,sw_plc_cep/pkt_wreck01.mdl; sw_plc_cep/pkt_wreck02.mdl; sw_plc_cep/pkt_wreck03.mdl; sw_plc_cep/pkt_wreck03.mdl
sw_plc/per_rk01.dds,sw_plc_cep/per_rk01.dds,174796,815b815677e1d1cf1aed53488c2a4b24158b3b0253144d56339ac54df9263bc4,All observed ASCII and binary corpus consumers resolve to one category; actual bitmap/material/texture declaration verified after decompilation,sw_plc_cep/pkt_wreck01.mdl; sw_plc_cep/pkt_wreck02.mdl; sw_plc_cep/pkt_wreck03.mdl
sw_plc/per_tr02.dds,sw_plc_cep/per_tr02.dds,43724,8a34fd4ceb1fd0652e4dc1972eb21096692d4cc6a048122d8cec95f86c094cd8,All observed ASCII and binary corpus consumers resolve to one category; actual bitmap/material/texture declaration verified after decompilation,sw_plc_cep/pkt_wreck01.mdl; sw_plc_cep/pkt_wreck02.mdl; sw_plc_cep/pkt_wreck03.mdl
sw_plc/phonepanel1.dds,sw_plc_mdrn/phonepanel1.dds,43724,93c499353af20483b44145cfee08d7cf2e72157e272f00eb41406ac8920908dc,All observed ASCII and binary corpus consumers resolve to one category; actual bitmap/material/texture declaration verified after decompilation,sw_plc_mdrn/payphone.mdl
sw_plc/phonepanel2.dds,sw_plc_mdrn/phonepanel2.dds,10956,1e90777a4c78100a2e96b4540c02c05d918cea95eaea9e2ba3eae26e5505c769,All observed ASCII and binary corpus consumers resolve to one category; actual bitmap/material/texture declaration verified after decompilation,sw_plc_mdrn/payphone.mdl
sw_plc/photon.dds,sw_plc_mdrn/photon.dds,2764,924a3f4936c98f1c6545660ab3f6944ee2f364892ec553cd98dc605d7d6efa51,All observed ASCII and binary corpus consumers resolve to one category; actual bitmap/material/texture declaration verified after decompilation,sw_plc_mdrn/milbase2.mdl; sw_plc_mdrn/milbase2.mdl; sw_plc_mdrn/milbase2.mdl
sw_plc/photon.tga,sw_plc_mdrn/photon.tga,812,a3b260ba551112b2e1af93708cd184c4f144b67094a4fcf3a1c5a84c315a5143,All observed ASCII and binary corpus consumers resolve to one category; actual bitmap/material/texture declaration verified after decompilation,sw_plc_mdrn/milbase2.mdl; sw_plc_mdrn/milbase2.mdl; sw_plc_mdrn/milbase2.mdl
sw_plc/pipetest.dds,sw_plc_mdrn/pipetest.dds,43724,e2911d932ab6602ed0d21cac80c7dbf758f4fcfd29652afc3f205c194b21cd99,All observed ASCII and binary corpus consumers resolve to one category; actual bitmap/material/texture declaration verified after decompilation,sw_plc_mdrn/p_misc1.mdl
sw_plc/pistol.dds,sw_weapon/pistol.dds,43724,ea02bf88a0ad44d0f8da7aa711d85956b7d5a9880acde866be62c2bbe22fc697,All observed ASCII and binary corpus consumers resolve to one category; actual bitmap/material/texture declaration verified after decompilation,sw_weapon/wbwsh_m_231.mdl; sw_weapon/wbwsh_m_232.mdl; sw_weapon/wbwsl_122.mdl
sw_plc/pkt_barrel.dds,sw_plc_cep/pkt_barrel.dds,43724,140a19c13911f14054b110a846214526d6766b231f5ae8c7fc5726026df5dd6c,All observed ASCII and binary corpus consumers resolve to one category; actual bitmap/material/texture declaration verified after decompilation,sw_plc_cep/pkt_barrel1.mdl
sw_plc/pkt_bed1.dds,sw_plc_cep/pkt_bed1.dds,43724,c044113da3afa5525260546608ae902ff704e5c313872e9ceed54718dc9c7ee3,All observed ASCII and binary corpus consumers resolve to one category; actual bitmap/material/texture declaration verified after decompilation,sw_plc_cep/pkt_chairkt1.mdl; sw_plc_cep/pkt_chairkt1.mdl; sw_plc_cep/pkt_crps06.mdl; sw_plc_cep/pkt_crps07.mdl; sw_plc_cep/pkt_sfbed02.mdl; sw_plc_cep/pkt_sfbed02.mdl
sw_plc/pkt_beer.dds,sw_plc_cep/pkt_beer.dds,5508,21d5e97ee10b57b4ce6fe0a25e2dcce2b36b502d44bbce2082e6e9c742fd1c01,All observed ASCII and binary corpus consumers resolve to one category; actual bitmap/material/texture declaration verified after decompilation,sw_plc_cep/pkt_chope02.mdl; sw_plc_cep/pkt_chope02.mdl
sw_plc/pkt_bldpdlsm.dds,sw_plc_cep/pkt_bldpdlsm.dds,388,ee8c20480088e3d3807c8e665472f2d72e268f92591253ca667f9400f9e7cf83,All observed ASCII and binary corpus consumers resolve to one category; actual bitmap/material/texture declaration verified after decompilation,sw_plc_cep/pkt_tachel.mdl; sw_plc_cep/pkt_taches.mdl
sw_plc/pkt_btnpnlht.dds,sw_plc_cep/pkt_btnpnlht.dds,43724,78943454a82bb62e866628472c1894830d0b167842a61b3520308a168d97b063,All observed ASCII and binary corpus consumers resolve to one category; actual bitmap/material/texture declaration verified after decompilation,sw_plc_cep/pkt_pannel01.mdl
sw_plc/pkt_btnpnllt.dds,sw_plc_cep/pkt_btnpnllt.dds,43724,c993f5f2e2d235e443f656e93e9d0f691d3ae8446cb6f8a33d98268f967191c4,All observed ASCII and binary corpus consumers resolve to one category; actual bitmap/material/texture declaration verified after decompilation,sw_plc_cep/pkt_pannel02.mdl; sw_plc_cep/pkt_pannel02.mdl
sw_plc/pkt_cadavre04.dds,sw_plc_cep/pkt_cadavre04.dds,21892,798b14a20949cd908964e650899c4f1f0526180cee32c33f89bcbce99b725ba4,All observed ASCII and binary corpus consumers resolve to one category; actual bitmap/material/texture declaration verified after decompilation,sw_plc_cep/pkt_cadav04.mdl
sw_plc/pkt_cadavre05.dds,sw_plc_cep/pkt_cadavre05.dds,10956,cf0a50b9b4252b4a1ba5c7c5ae532f5a353e175c51182adee1b7731493ff08aa,All observed ASCII and binary corpus consumers resolve to one category; actual bitmap/material/texture declaration verified after decompilation,sw_plc_cep/pkt_cadav05.mdl
sw_plc/pkt_carpet.dds,sw_plc_cep/pkt_carpet.dds,43724,b9f481378a2cb43ae3490704206a768f059440a17dedf9cf79afe437bd9ae926,All observed ASCII and binary corpus consumers resolve to one category; actual bitmap/material/texture declaration verified after decompilation,sw_plc_cep/pkt_carptkt1.mdl
sw_plc/pkt_chair1.dds,sw_plc_cep/pkt_chair1.dds,10956,1cbb77bc7c42f0c51faadd44605cc329227a87126eb6e80edf7d25466130f405,All observed ASCII and binary corpus consumers resolve to one category; actual bitmap/material/texture declaration verified after decompilation,sw_plc_cep/pkt_chairkt2.mdl
sw_plc/pkt_chair3.dds,sw_plc_cep/pkt_chair3.dds,87428,8f792791494d19a633185ba6f56511a72a8be3b6dc14810b168039043ad2c920,All observed ASCII and binary corpus consumers resolve to one category; actual bitmap/material/texture declaration verified after decompilation,sw_plc_cep/pkt_chairkt3.mdl
sw_plc/pkt_chair4.dds,sw_plc_cep/pkt_chair4.dds,87428,7506b8c746bfd06e8346d46ec4cc1419f97fdc08360cc507965751e5e4dad123,All observed ASCII and binary corpus consumers resolve to one category; actual bitmap/material/texture declaration verified after decompilation,sw_plc_cep/pkt_chairkt4.mdl
sw_plc/pkt_chewdhmn.dds,sw_plc_cep/pkt_chewdhmn.dds,43724,c3a29b6a3aeb1f513b484359cf0353080b053ce646a84f5d144a21d47040ad18,All observed ASCII and binary corpus consumers resolve to one category; actual bitmap/material/texture declaration verified after decompilation,sw_plc_cep/pkt_cadav01.mdl
sw_plc/pkt_chwdnblc.dds,sw_plc_cep/pkt_chwdnblc.dds,21892,5df747ab748c02b7be60ec146982a3d855c60909cc16038f416d033e36c56fa4,All observed ASCII and binary corpus consumers resolve to one category; actual bitmap/material/texture declaration verified after decompilation,sw_plc_cep/pkt_cadav02.mdl
sw_plc/pkt_chwdtwlk.dds,sw_plc_cep/pkt_chwdtwlk.dds,174796,9aa8a8fe033adac892649ca8ecaeb627c20f46c9ce795ca6adfa098aafc8c6af,All observed ASCII and binary corpus consumers resolve to one category; actual bitmap/material/texture declaration verified after decompilation,sw_plc_cep/pkt_cadav03.mdl
sw_plc/pkt_companel.dds,sw_plc_cep/pkt_companel.dds,43724,8db7474bade857e8ad7ae2dc34e9a7972e45cf8c430f84d0ef708d09c22b4d94,All observed ASCII and binary corpus consumers resolve to one category; actual bitmap/material/texture declaration verified after decompilation,sw_plc_cep/pkt_compnl.mdl
sw_plc/pkt_comppnl2.dds,sw_plc_cep/pkt_comppnl2.dds,43724,e57f85a664e4c82bc5d52919b13f0f70c431f56c47359f5e922bf63ec610bf2b,All observed ASCII and binary corpus consumers resolve to one category; actual bitmap/material/texture declaration verified after decompilation,sw_plc_cep/pkt_infoterm.mdl; sw_plc_cep/pkt_infoterm.mdl; sw_plc_cep/pkt_infoterm.mdl
sw_plc/pkt_comppnl2_b.dds,sw_plc_cep/pkt_comppnl2_b.dds,43724,b07cde68bf89b5a51cc7b3afc057f274d79651c30a842e04b7be15ea76a269aa,All observed ASCII and binary corpus consumers resolve to one category; actual bitmap/material/texture declaration verified after decompilation,sw_plc_cep/pkt_compnlb.mdl; sw_plc_cep/pkt_compnlb.mdl; sw_plc_cep/pkt_compnlb.mdl
sw_plc/pkt_cputercon.dds,sw_plc_cep/pkt_cputercon.dds,43724,2d706bb1c84624f07413cfe31058f9da43b90fff15a4538a49055320c6394fa8,All observed ASCII and binary corpus consumers resolve to one category; actual bitmap/material/texture declaration verified after decompilation,sw_plc_cep/pkt_cputrcon.mdl
sw_plc/pkt_datapad.dds,sw_plc_cep/pkt_datapad.dds,10956,2896f19a47e253a0ea8159f6907e8b8e031193d4deefd6fea346fe62c90d7894,All observed ASCII and binary corpus consumers resolve to one category; actual bitmap/material/texture declaration verified after decompilation,sw_plc_cep/pkt_sfconsole01.mdl
sw_plc/pkt_dnglvine1.dds,sw_plc_cep/pkt_dnglvine1.dds,21892,d2d25c15faf509f1eb2a323487a3513cc0020c12f00074019b6a5e53c8180cb5,All observed ASCII and binary corpus consumers resolve to one category; actual bitmap/material/texture declaration verified after decompilation,sw_plc_cep/pkt_knrthvin.mdl; sw_plc_cep/pkt_planter2.mdl
sw_plc/pkt_dnglvine2.dds,sw_plc_cep/pkt_dnglvine2.dds,10956,911ecfdddfbce073b389c1a180c36506e8d1cd39efe012d0c742c823185bf0d2,All observed ASCII and binary corpus consumers resolve to one category; actual bitmap/material/texture declaration verified after decompilation,sw_plc_cep/pkt_knrthvin.mdl; sw_plc_cep/pkt_planter2.mdl; sw_plc_cep/pkt_planter2.mdl
sw_plc/pkt_firepit2.dds,sw_plc_cep/pkt_firepit2.dds,10956,1a11e12af2c2aebf297997a5dbf6103a952907431b161a65449366b9f224cee5,All observed ASCII and binary corpus consumers resolve to one category; actual bitmap/material/texture declaration verified after decompilation,sw_plc_cep/pkt_fdcamp01.mdl
sw_plc/pkt_fncom.dds,sw_plc_cep/pkt_fncom.dds,21892,db5c4dc5fdda963c5537d071cb875b81afb038ab2b5a933cae5ac123980acc41,All observed ASCII and binary corpus consumers resolve to one category; actual bitmap/material/texture declaration verified after decompilation,sw_plc_cep/pkt_nadcom.mdl; sw_plc_cep/pkt_nadcom.mdl
sw_plc/pkt_fntnmrbl.dds,sw_plc_cep/pkt_fntnmrbl.dds,43724,bd1b063d205eb68338bd32ce33b645584d08ed18e9798a89f7f5c0b55b9159d5,All observed ASCII and binary corpus consumers resolve to one category; actual bitmap/material/texture declaration verified after decompilation,sw_plc_cep/pkt_planter2.mdl
sw_plc/pkt_gencorpse.dds,sw_plc_cep/pkt_gencorpse.dds,21892,798b14a20949cd908964e650899c4f1f0526180cee32c33f89bcbce99b725ba4,All observed ASCII and binary corpus consumers resolve to one category; actual bitmap/material/texture declaration verified after decompilation,sw_plc_cep/pkt_crps02.mdl; sw_plc_cep/pkt_crps03.mdl; sw_plc_cep/pkt_crps04.mdl; sw_plc_cep/pkt_crps05.mdl; sw_plc_cep/pkt_crps06.mdl; sw_plc_cep/pkt_crps07.mdl
sw_plc/pkt_hangplant.dds,sw_plc_cep/pkt_hangplant.dds,87428,ee668c428fe42b7854601592fd43df14502053df9935485029649cfe277d37cd,All observed ASCII and binary corpus consumers resolve to one category; actual bitmap/material/texture declaration verified after decompilation,sw_plc_cep/pkt_hangpln2.mdl; sw_plc_cep/pkt_hangplnt.mdl
sw_plc/pkt_holoart1a.dds,sw_plc_cep/pkt_holoart1a.dds,21892,69785c25597fe5881c8774ae157f4ddf97835eb72ae263906f3c5e8d471106e4,All observed ASCII and binary corpus consumers resolve to one category; actual bitmap/material/texture declaration verified after decompilation,sw_plc_cep/pkt_holobase01.mdl; sw_plc_cep/pkt_koltank.mdl
sw_plc/pkt_ithplant.dds,sw_plc_cep/pkt_ithplant.dds,87428,f3d0091633cd3cdfc8e389d3e14ac6e220ac995452ff76f89080fca90d83eabd,All observed ASCII and binary corpus consumers resolve to one category; actual bitmap/material/texture declaration verified after decompilation,sw_plc_cep/pkt_ithplnt1.mdl; sw_plc_cep/pkt_ithplnt1.mdl
sw_plc/pkt_jar.dds,sw_plc_cep/pkt_jar.dds,10956,7c9cc31ef6b51373fee3dc0327fe486444dd56bd55c3f6f121c87350dd108e74,All observed ASCII and binary corpus consumers resolve to one category; actual bitmap/material/texture declaration verified after decompilation,sw_plc_cep/pkt_cjar2.mdl; sw_plc_cep/pkt_cjar3.mdl; sw_plc_cep/pkt_cjar5.mdl; sw_plc_cep/pkt_rub1.mdl
sw_plc/pkt_jar2.dds,sw_plc_cep/pkt_jar2.dds,10956,2a77cec0d7a8f786085733fb5a7267663959258c557f8ef5ec15309807fbcf20,All observed ASCII and binary corpus consumers resolve to one category; actual bitmap/material/texture declaration verified after decompilation,sw_plc_cep/pkt_cjar4.mdl; sw_plc_cep/pkt_cjar4.mdl
sw_plc/pkt_junkswp1.dds,sw_plc_cep/pkt_junkswp1.dds,349572,248e2b89c030c5faaeb0f625d749950d166aa2521c0da68fd7d68853ca70390a,All observed ASCII and binary corpus consumers resolve to one category; actual bitmap/material/texture declaration verified after decompilation,sw_plc_cep/pkt_jnkswpb1.mdl; sw_plc_cep/pkt_jnkswpb1.mdl; sw_plc_cep/pkt_jnkswpb1.mdl; sw_plc_cep/pkt_jnkswpb1.mdl; sw_plc_cep/pkt_jnkswpb1.mdl; sw_plc_cep/pkt_jnkswpb1.mdl
sw_plc/pkt_junkswp2.dds,sw_plc_cep/pkt_junkswp2.dds,349572,bd8bcdff5686ad81eea42775940c4ecd32b66c69ef3531b1ec35f13a0f7f5215,All observed ASCII and binary corpus consumers resolve to one category; actual bitmap/material/texture declaration verified after decompilation,sw_plc_cep/pkt_jnkswpb2.mdl; sw_plc_cep/pkt_jnkswpb2.mdl; sw_plc_cep/pkt_jnkswpb2.mdl; sw_plc_cep/pkt_jnkswpb2.mdl; sw_plc_cep/pkt_jnkswpb2.mdl; sw_plc_cep/pkt_jnkswpb2.mdl
sw_plc/pkt_kataarn01.dds,sw_plc_cep/pkt_kataarn01.dds,43724,af61ed69726ae728a79feb2d33077b1f2e545a576be8ece3190396a34a3f3b0a,All observed ASCII and binary corpus consumers resolve to one category; actual bitmap/material/texture declaration verified after decompilation,sw_plc_cep/pkt_katrncps.mdl
sw_plc/pkt_kinrath01.dds,sw_plc_cep/pkt_kinrath01.dds,349572,bba17c25d00c21ba221e071df9116029fc41ddd6a772a11000431caef5d2dad5,All observed ASCII and binary corpus consumers resolve to one category; actual bitmap/material/texture declaration verified after decompilation,sw_plc_cep/pkt_knrthcps.mdl
sw_plc/pkt_kiosk1.dds,sw_plc_cep/pkt_kiosk1.dds,43724,c23ebdc41a5544446309a9f2f467b69a8ead58632f82c30626399aed10f60da2,All observed ASCII and binary corpus consumers resolve to one category; actual bitmap/material/texture declaration verified after decompilation,sw_plc_cep/pkt_sfkiosk04.mdl; sw_plc_cep/pkt_sfkiosk04.mdl
sw_plc/pkt_kolpuz.dds,sw_plc_cep/pkt_kolpuz.dds,349572,671d22174a35cf6cd6117d7466bdc756a10af986309259ca2d812d787be8111f,All observed ASCII and binary corpus consumers resolve to one category; actual bitmap/material/texture declaration verified after decompilation,sw_plc_cep/pkt_kolp1.mdl; sw_plc_cep/pkt_kolp1.mdl; sw_plc_cep/pkt_kolp1.mdl; sw_plc_cep/pkt_kolp1.mdl; sw_plc_cep/pkt_medcan.mdl
sw_plc/pkt_koltoglass.dds,sw_plc_cep/pkt_koltoglass.dds,21892,83828426675f5e9444350ae3016def440ea7d0061841ff2ae5796589c227479d,All observed ASCII and binary corpus consumers resolve to one category; actual bitmap/material/texture declaration verified after decompilation,sw_plc_cep/pkt_koltank.mdl; sw_plc_cep/pkt_koltank.mdl; sw_plc_cep/pkt_koltank.mdl; sw_plc_cep/pkt_koltank.mdl; sw_plc_cep/pkt_medcan.mdl
sw_plc/pkt_nil_locker.dds,sw_plc_cep/pkt_nil_locker.dds,43724,a20f30f56aebbbd3611218c3f02a8b532577f4b4d2c3898e686065ffb37a2d2a,All observed ASCII and binary corpus consumers resolve to one category; actual bitmap/material/texture declaration verified after decompilation,sw_plc_cep/pkt_nillckr.mdl; sw_plc_cep/pkt_nillckr.mdl
sw_plc/pkt_officeeq01.dds,sw_plc_cep/pkt_officeeq01.dds,87428,219513c6623fa1d9f33366c66aabccb0ea47cdde78e5949d5867ca229378fe9f,All observed ASCII and binary corpus consumers resolve to one category; actual bitmap/material/texture declaration verified after decompilation,sw_plc_cep/pkt_offceq01.mdl
sw_plc/pkt_officeeq02.dds,sw_plc_cep/pkt_officeeq02.dds,87428,9bddade341e35da18ae86a9ba7dcd67a88272f21ab4de9157e6d5add6ddbf2d0,All observed ASCII and binary corpus consumers resolve to one category; actual bitmap/material/texture declaration verified after decompilation,sw_plc_cep/pkt_offceq02.mdl
sw_plc/pkt_partpile.dds,sw_plc_cep/pkt_partpile.dds,43724,9fe17e0b9be71d0ff721977b46f4135dcc4acc90be55838c4ece01d1b5762a1e,All observed ASCII and binary corpus consumers resolve to one category; actual bitmap/material/texture declaration verified after decompilation,sw_plc_cep/pkt_partpil2.mdl; sw_plc_cep/pkt_partpil2.mdl; sw_plc_cep/pkt_partpil2.mdl
sw_plc/pkt_pike.dds,sw_plc_cep/pkt_pike.dds,716,1ae3491dd0f72c0124213f982f5fab457a0a5a6d5c0bc558eb2d65d05bf65364,All observed ASCII and binary corpus consumers resolve to one category; actual bitmap/material/texture declaration verified after decompilation,sw_plc_cep/pkt_rakatcrp.mdl
sw_plc/pkt_pplant.dds,sw_plc_cep/pkt_pplant.dds,87428,7f25bdabcefbada8127f74eb2b15842105bc5dccc87fe7ba5437cf7279a4fe61,All observed ASCII and binary corpus consumers resolve to one category; actual bitmap/material/texture declaration verified after decompilation,sw_plc_cep/pkt_pplant01.mdl; sw_plc_cep/pkt_pplant01.mdl
sw_plc/pkt_pplant2.dds,sw_plc_cep/pkt_pplant2.dds,87428,3d1cab508fe5f485044be79cccf93528f4045461593b60b970443983677f1d1d,All observed ASCII and binary corpus consumers resolve to one category; actual bitmap/material/texture declaration verified after decompilation,sw_plc_cep/pkt_pplant02.mdl; sw_plc_cep/pkt_pplant02.mdl; sw_plc_cep/pkt_pplant02.mdl
sw_plc/pkt_reptab.dds,sw_plc_cep/pkt_reptab.dds,174796,6a0fefad4a926f3ea62d075ebf57d7aae2e26a86f473050018e13608825b7a78,All observed ASCII and binary corpus consumers resolve to one category; actual bitmap/material/texture declaration verified after decompilation,sw_plc_cep/pkt_reptab1.mdl; sw_plc_cep/pkt_reptab1.mdl
sw_plc/pkt_rfpilemd.dds,sw_plc_cep/pkt_rfpilemd.dds,43724,83a17d75a082c308ff395fc8194dceee1f2c16a85bf8c396ed51945902434443,All observed ASCII and binary corpus consumers resolve to one category; actual bitmap/material/texture declaration verified after decompilation,sw_plc_cep/pkt_poutrr01.mdl; sw_plc_cep/pkt_rfpilesm.mdl; sw_plc_cep/pkt_rfpilesm.mdl; sw_plc_cep/pkt_rfpilesm.mdl; sw_plc_cep/pkt_rfpilesm.mdl; sw_plc_cep/pkt_shpjnklg.mdl; sw_plc_cep/pkt_shpjnklg.mdl; sw_plc_cep/pkt_shpjnklg.mdl
sw_plc/pkt_rubble.dds,sw_plc_cep/pkt_rubble.dds,43724,22ed6204a6c4ca468efe0001a9bbd0b5688fdacf769594ee21d2fd2b6d19d9fd,All observed ASCII and binary corpus consumers resolve to one category; actual bitmap/material/texture declaration verified after decompilation,sw_plc_cep/pkt_rub4.mdl; sw_plc_cep/pkt_rub4.mdl; sw_plc_cep/pkt_rub4.mdl; sw_plc_cep/pkt_rub4.mdl; sw_plc_cep/pkt_rub4.mdl
sw_plc/pkt_sarc.dds,sw_plc_cep/pkt_sarc.dds,43724,eb9765aa96d1bc13fadc3261c95debf4b4c3296a398d9d334454b1705ae3ed1a,All observed ASCII and binary corpus consumers resolve to one category; actual bitmap/material/texture declaration verified after decompilation,sw_plc_cep/pkt_sithsarc.mdl; sw_plc_cep/pkt_sithsarc.mdl; sw_plc_cep/pkt_sithsarc.mdl
sw_plc/pkt_sfengine02.dds,sw_plc_cep/pkt_sfengine02.dds,43724,025d2068a0818891bb401a8dc86786171e69712c6d8b886c22edbfaf574db556,All observed ASCII and binary corpus consumers resolve to one category; actual bitmap/material/texture declaration verified after decompilation,sw_plc_cep/pkt_sfengine01.mdl; sw_plc_cep/pkt_sfengine01.mdl
sw_plc/pkt_sfengine03.dds,sw_plc_cep/pkt_sfengine03.dds,174796,6aec5f40263c83c9de078b1e232d09fe26bb690e3c357db21da9208ce0b84d2c,All observed ASCII and binary corpus consumers resolve to one category; actual bitmap/material/texture declaration verified after decompilation,sw_plc_cep/pkt_sfengine01.mdl; sw_plc_cep/pkt_sfengine01.mdl; sw_plc_cep/pkt_sfengine01.mdl
sw_plc/pkt_sfgong.dds,sw_plc_cep/pkt_sfgong.dds,87428,e7f25a794628f8f9e054dc4ef614dd1c1cbf0e4079db4a83ac4e33747489d6d4,All observed ASCII and binary corpus consumers resolve to one category; actual bitmap/material/texture declaration verified after decompilation,sw_plc_cep/pkt_sfgong01.mdl
sw_plc/pkt_sfwater.dds,sw_plc_cep/pkt_sfwater.dds,5508,374da04906a5f2ee3bead17d7eadf46e4d115d1a69ef5f2ddb4e77c014049da5,All observed ASCII and binary corpus consumers resolve to one category; actual bitmap/material/texture declaration verified after decompilation,sw_plc_cep/pkt_sffount01.mdl; sw_plc_cep/pkt_sffount02.mdl
sw_plc/pkt_sfwater.txi,sw_plc_cep/pkt_sfwater.txi,315,581ab17d1f34a5d28cdb97694b9e82fc7df03541767d82642428060eaad6f37a,All observed ASCII and binary corpus consumers resolve to one category; actual bitmap/material/texture declaration verified after decompilation,sw_plc_cep/pkt_sffount01.mdl; sw_plc_cep/pkt_sffount02.mdl
sw_plc/pkt_shelf.dds,sw_plc_cep/pkt_shelf.dds,10956,2c3657aadf8498c520b51a1faf29284769039b74eef66fe5fc17d540eb503ee7,All observed ASCII and binary corpus consumers resolve to one category; actual bitmap/material/texture declaration verified after decompilation,sw_plc_cep/pkt_shelf001.mdl; sw_plc_cep/pkt_shelf02.mdl; sw_plc_cep/pkt_shelf03.mdl; sw_plc_cep/pkt_shelf04.mdl; sw_plc_cep/pkt_shelf05.mdl; sw_plc_cep/pkt_shelf06.mdl
sw_plc/pkt_shpparts1.dds,sw_plc_cep/pkt_shpparts1.dds,349572,754d7f3f79b73c2d3c9bab0c5bf4bed0b5006faf57671eca7dbd2db92031f35e,All observed ASCII and binary corpus consumers resolve to one category; actual bitmap/material/texture declaration verified after decompilation,sw_plc_cep/pkt_shppart2.mdl; sw_plc_cep/pkt_shppart3.mdl; sw_plc_cep/pkt_shppart4.mdl
sw_plc/pkt_shpparts2.dds,sw_plc_cep/pkt_shpparts2.dds,43724,e701224f7fe084c09fb3f57254c905cfea9b49bc2c100720b636cc838188c6d6,All observed ASCII and binary corpus consumers resolve to one category; actual bitmap/material/texture declaration verified after decompilation,sw_plc_cep/pkt_shppart1.mdl
sw_plc/pkt_sign.dds,sw_plc_cep/pkt_sign.dds,87428,e5676ce4a66890ceb1d0faed88529eb1ab5e46c9d36bf609016d98b7974f4a4f,All observed ASCII and binary corpus consumers resolve to one category; actual bitmap/material/texture declaration verified after decompilation,sw_plc_cep/pkt_signkt1.mdl; sw_plc_cep/pkt_signkt1.mdl
sw_plc/pkt_skelhead.dds,sw_plc_cep/pkt_skelhead.dds,43724,5cbda140f68fd2dfa1e0cf8dfd0856fcb9d551e23528e0e937e23fa57868af50,All observed ASCII and binary corpus consumers resolve to one category; actual bitmap/material/texture declaration verified after decompilation,sw_plc_cep/pkt_crps01.mdl; sw_plc_cep/pkt_skel01.mdl
sw_plc/pkt_skeltor.dds,sw_plc_cep/pkt_skeltor.dds,43724,4257795268e753b7d98b84eaac0ae64c7e87d4d4be429f5dc067e3738c1ac566,All observed ASCII and binary corpus consumers resolve to one category; actual bitmap/material/texture declaration verified after decompilation,sw_plc_cep/pkt_crps01.mdl; sw_plc_cep/pkt_skel01.mdl
sw_plc/pkt_socle.dds,sw_plc_cep/pkt_socle.dds,349572,50d933e633f55b3373f981cb21037c5d77dfabaf3e120de382c1c57c4e3a937d,All observed ASCII and binary corpus consumers resolve to one category; actual bitmap/material/texture declaration verified after decompilation,sw_plc_cep/pkt_sffount01.mdl; sw_plc_cep/pkt_sffount01.mdl; sw_plc_cep/pkt_socle02.mdl; sw_plc_cep/pkt_socle02.mdl
sw_plc/pkt_spacesuit.dds,sw_plc_cep/pkt_spacesuit.dds,349572,e7c3cc42cad0da1b02158bb234f81f469f177420ac246736dfe6f8e878661038,All observed ASCII and binary corpus consumers resolve to one category; actual bitmap/material/texture declaration verified after decompilation,sw_plc_cep/pkt_spcsuit2.mdl; sw_plc_cep/pkt_spcsuit2.mdl; sw_plc_cep/pkt_spcsuit2.mdl; sw_plc_cep/pkt_spcsuit2.mdl
sw_plc/pkt_spdra02.dds,sw_plc_cep/pkt_spdra02.dds,174904,59cb0d529a17a8e7d1175520593cf0af47999cbce5490ebb9700795933dcc673,All observed ASCII and binary corpus consumers resolve to one category; actual bitmap/material/texture declaration verified after decompilation,sw_plc_cep/pkt_lndspdr4.mdl
sw_plc/pkt_spdrwin01.dds,sw_plc_cep/pkt_spdrwin01.dds,87428,b82dd3283b4abca655cd6829d1473bf4fa8f9670588f0bed4e94d502332cb28b,All observed ASCII and binary corpus consumers resolve to one category; actual bitmap/material/texture declaration verified after decompilation,sw_plc_cep/pkt_jnkspdr1.mdl; sw_plc_cep/pkt_lndspdr1.mdl; sw_plc_cep/pkt_lndspdr1.mdl; sw_plc_cep/pkt_lndspdr2.mdl; sw_plc_cep/pkt_lndspdr2.mdl; sw_plc_cep/pkt_lndspdr2.mdl; sw_plc_cep/pkt_lndspdr2.mdl; sw_plc_cep/pkt_lndspdr4.mdl
sw_plc/pkt_spdrwin01.tga,sw_plc_cep/pkt_spdrwin01.tga,262188,39ee3bc5b81635ce4c8bbe5005782e23bb22bd14d4bfd2114ab8e3874bfdffe2,All observed ASCII and binary corpus consumers resolve to one category; actual bitmap/material/texture declaration verified after decompilation,sw_plc_cep/pkt_jnkspdr1.mdl; sw_plc_cep/pkt_lndspdr1.mdl; sw_plc_cep/pkt_lndspdr1.mdl; sw_plc_cep/pkt_lndspdr2.mdl; sw_plc_cep/pkt_lndspdr2.mdl; sw_plc_cep/pkt_lndspdr2.mdl; sw_plc_cep/pkt_lndspdr2.mdl; sw_plc_cep/pkt_lndspdr4.mdl
sw_plc/pkt_swoop.dds,sw_plc_cep/pkt_swoop.dds,349572,a53de2f8bd5ae33df5544a5ccbc0d2bb3ddcd597670c4b388c6f459c621c885d,All observed ASCII and binary corpus consumers resolve to one category; actual bitmap/material/texture declaration verified after decompilation,sw_plc_cep/pkt_debris02.mdl; sw_plc_cep/pkt_sbike01.mdl; sw_plc_cep/pkt_sbike01.mdl; sw_plc_cep/pkt_sbike01.mdl; sw_plc_cep/pkt_sbike01.mdl; sw_plc_cep/pkt_sbike02.mdl; sw_plc_cep/pkt_sbike02.mdl; sw_plc_cep/pkt_sbike02.mdl
sw_plc/pkt_swpbike2.dds,sw_plc_cep/pkt_swpbike2.dds,349572,c7bc478fdd91d25915cce9de5a5e1c0ef96cd85afa053fa06f1fa53fcc4a6f18,All observed ASCII and binary corpus consumers resolve to one category; actual bitmap/material/texture declaration verified after decompilation,sw_plc_cep/pkt_sbike02.mdl
sw_plc/pkt_swpengin.dds,sw_plc_cep/pkt_swpengin.dds,87428,b7165289f3d5f0b5dbfd9093e26dabf88d4deabc15d126b046917c9b2538b58b,All observed ASCII and binary corpus consumers resolve to one category; actual bitmap/material/texture declaration verified after decompilation,sw_plc_cep/pkt_hvrslede.mdl; sw_plc_cep/pkt_hvrslede.mdl
sw_plc/pkt_swpmon01.dds,sw_plc_cep/pkt_swpmon01.dds,10956,0be81818cd631dc0293b00d2ac7baf2e9dedaefffb309248fc5de9b36d0c2c9e,All observed ASCII and binary corpus consumers resolve to one category; actual bitmap/material/texture declaration verified after decompilation,sw_plc_cep/pkt_swpmon2.mdl
sw_plc/pkt_swscrn01.dds,sw_plc_cep/pkt_swscrn01.dds,87428,f496ae22d449b35ec2c997815a462413f6fc114c5d2a0ee8f9ba43b95186c6a7,All observed ASCII and binary corpus consumers resolve to one category; actual bitmap/material/texture declaration verified after decompilation,sw_plc_cep/pkt_swpmon2.mdl
sw_plc/pkt_swscrn01.tga,sw_plc_cep/pkt_swscrn01.tga,196652,9ca9cdb569e475122224322beacdbd89e3894e3b4405737ee2cb3e48894157df,All observed ASCII and binary corpus consumers resolve to one category; actual bitmap/material/texture declaration verified after decompilation,sw_plc_cep/pkt_swpmon2.mdl
sw_plc/pkt_swscrn01.txi,sw_plc_cep/pkt_swscrn01.txi,64,fac0b41278e444ec7d58542d2a0af16f7736a431eec4cb39ecdb8ebdd6370f32,All observed ASCII and binary corpus consumers resolve to one category; actual bitmap/material/texture declaration verified after decompilation,sw_plc_cep/pkt_swpmon2.mdl
sw_plc/pkt_swscrn02.dds,sw_plc_cep/pkt_swscrn02.dds,87428,1684e897c013f89a63f5e5eea57d87fde73ba89c4fcb31cb8833a457d44fb981,All observed ASCII and binary corpus consumers resolve to one category; actual bitmap/material/texture declaration verified after decompilation,sw_plc_cep/pkt_swpmon02.mdl
sw_plc/pkt_swscrn02.tga,sw_plc_cep/pkt_swscrn02.tga,196652,efae73bd1c56dc529cb9523fef31940f7d1a27da1a67200f99a8a64cf2204414,All observed ASCII and binary corpus consumers resolve to one category; actual bitmap/material/texture declaration verified after decompilation,sw_plc_cep/pkt_swpmon02.mdl
sw_plc/pkt_swscrn02.txi,sw_plc_cep/pkt_swscrn02.txi,64,fac0b41278e444ec7d58542d2a0af16f7736a431eec4cb39ecdb8ebdd6370f32,All observed ASCII and binary corpus consumers resolve to one category; actual bitmap/material/texture declaration verified after decompilation,sw_plc_cep/pkt_swpmon02.mdl
sw_plc/pkt_swscrn03.dds,sw_plc_cep/pkt_swscrn03.dds,87428,4989bcfcb86dbd34bd89c0379f7f05bb7049ae711796febca8c42fe86598690b,All observed ASCII and binary corpus consumers resolve to one category; actual bitmap/material/texture declaration verified after decompilation,sw_plc_cep/pkt_swpmon03.mdl
sw_plc/pkt_swscrn03.tga,sw_plc_cep/pkt_swscrn03.tga,196652,aed22f631d9a5e212cd0972fe05b73044311b6f5056f7835ba908330b82e1cdd,All observed ASCII and binary corpus consumers resolve to one category; actual bitmap/material/texture declaration verified after decompilation,sw_plc_cep/pkt_swpmon03.mdl
sw_plc/pkt_swscrn03.txi,sw_plc_cep/pkt_swscrn03.txi,64,fac0b41278e444ec7d58542d2a0af16f7736a431eec4cb39ecdb8ebdd6370f32,All observed ASCII and binary corpus consumers resolve to one category; actual bitmap/material/texture declaration verified after decompilation,sw_plc_cep/pkt_swpmon03.mdl
sw_plc/pkt_table.dds,sw_plc_cep/pkt_table.dds,87428,c0596a31ad09d97f3e43bac9dff725564e2305dd85cc0d4996501d570b66f9ad,All observed ASCII and binary corpus consumers resolve to one category; actual bitmap/material/texture declaration verified after decompilation,sw_plc_cep/pkt_kttable.mdl
sw_plc/pkt_tools.dds,sw_plc_cep/pkt_tools.dds,43724,b9222a6aca3751cd302b3ab9a76b0caed220943eac306e768de183149e8d1ca4,All observed ASCII and binary corpus consumers resolve to one category; actual bitmap/material/texture declaration verified after decompilation,sw_plc_cep/pkt_kttools.mdl
sw_plc/pkt_troplanta.dds,sw_plc_cep/pkt_troplanta.dds,87428,e1d762908c7f2d6a99868f30dc6b6f0a19881a3565644c170a6e97bb12942f62,All observed ASCII and binary corpus consumers resolve to one category; actual bitmap/material/texture declaration verified after decompilation,sw_plc_cep/pkt_trplnta.mdl; sw_plc_cep/pkt_trplnta.mdl
sw_plc/pkt_troplantb.dds,sw_plc_cep/pkt_troplantb.dds,87428,22a990762aa2b38472ef47a9fe27983a83c9fb3c47b1ac39daebd99a29774231,All observed ASCII and binary corpus consumers resolve to one category; actual bitmap/material/texture declaration verified after decompilation,sw_plc_cep/pkt_trplntb.mdl; sw_plc_cep/pkt_trplntb.mdl
sw_plc/pkt_walhang.dds,sw_plc_cep/pkt_walhang.dds,43724,d8d9175cb7c2a888dfd769c71e1dc124026d1ee704cf9d6f2fc6cbc32f2272ec,All observed ASCII and binary corpus consumers resolve to one category; actual bitmap/material/texture declaration verified after decompilation,sw_plc_cep/pkt_wallhang.mdl
sw_plc/pkt_walhang2b.dds,sw_plc_cep/pkt_walhang2b.dds,43724,e4d7939cedf728414968ef6d2bf6078b4c5e5927c70d0d9a7c4c4025f3b57549,All observed ASCII and binary corpus consumers resolve to one category; actual bitmap/material/texture declaration verified after decompilation,sw_plc_cep/pkt_wallha2b.mdl
sw_plc/pkt_wallpnl.dds,sw_plc_cep/pkt_wallpnl.dds,43724,527dcf2d092e48ed35f5fa93c1954b93edd39f14d2270fa7dc1f56763021add7,All observed ASCII and binary corpus consumers resolve to one category; actual bitmap/material/texture declaration verified after decompilation,sw_plc_cep/pkt_medcan.mdl
sw_plc/pkt_wrktable.dds,sw_plc_cep/pkt_wrktable.dds,87428,f1c9574b66e5780ca55e4e2898367b08205a006c969c104e91eb12be490d395a,All observed ASCII and binary corpus consumers resolve to one category; actual bitmap/material/texture declaration verified after decompilation,sw_plc_cep/pkt_wrktbl.mdl
sw_plc/pkt_wrktable2.dds,sw_plc_cep/pkt_wrktable2.dds,43724,4443ab4637a316982bd741b5bbf971b2a73b85d4497dcd33e92a879ec0efccff,All observed ASCII and binary corpus consumers resolve to one category; actual bitmap/material/texture declaration verified after decompilation,sw_plc_cep/pkt_wrktbl2.mdl
sw_plc/plc_bar.dds,sw_plc_cep/plc_bar.dds,43724,37cbbcfa2bd426f811527362ed233b62c1499e14018b3ee04ebcaa7fe85c0da8,All observed ASCII and binary corpus consumers resolve to one category; actual bitmap/material/texture declaration verified after decompilation,sw_plc_cep/zlc_d01.mdl; sw_plc_cep/zlc_d02.mdl; sw_plc_cep/zlc_d03.mdl; sw_plc_cep/zlc_d04.mdl
sw_plc/plc_cake1.dds,sw_plc_mdrn/plc_cake1.dds,43724,e0ff385f8a74f89aa210a80f27bca7839517aa251d17836e9585e6121f1480c7,All observed ASCII and binary corpus consumers resolve to one category; actual bitmap/material/texture declaration verified after decompilation,sw_plc_mdrn/plc_mgck1.mdl; sw_plc_mdrn/plc_mgck1.mdl; sw_plc_mdrn/plc_mgck1.mdl; sw_plc_mdrn/plc_mgsbc.mdl
sw_plc/plc_cake2.dds,sw_plc_mdrn/plc_cake2.dds,43724,a1484a5b61a5d7792218b46ac82e65e8492d69b9fe41fdf3c4c11303172d8122,All observed ASCII and binary corpus consumers resolve to one category; actual bitmap/material/texture declaration verified after decompilation,sw_plc_mdrn/plc_mgck1.mdl
sw_plc/plc_crater.dds,sw_plc_cep/plc_crater.dds,43724,64ac84a9fcf8fd0cb06211670ae13dee3498c1b801619df173e6efc25207d850,All observed ASCII and binary corpus consumers resolve to one category; actual bitmap/material/texture declaration verified after decompilation,sw_plc_cep/zlc_a83.mdl; sw_plc_cep/zlc_a83.mdl; sw_plc_cep/zlc_a83.mdl; sw_plc_cep/zlc_a83.mdl; sw_plc_cep/zlc_a84.mdl; sw_plc_cep/zlc_a84.mdl; sw_plc_cep/zlc_a84.mdl; sw_plc_cep/zlc_a84.mdl
sw_plc/plc_flag100.dds,sw_plc_cep/plc_flag100.dds,10956,8ec7e9d3e63c00afc8d58f06fea3707c59d2feb4e56761b34ba44967a3349569,All observed ASCII and binary corpus consumers resolve to one category; actual bitmap/material/texture declaration verified after decompilation,sw_plc_cep/zlc_r10.mdl
sw_plc/plc_forgecob.dds,sw_plc_cep/plc_forgecob.dds,43724,32ba6b5cf1c0309f43a660f4d3ace4dfb77ed064c3c68b09ebfb992786dd3fef,All observed ASCII and binary corpus consumers resolve to one category; actual bitmap/material/texture declaration verified after decompilation,sw_plc_cep/zlc_e01.mdl; sw_plc_cep/zlc_e01.mdl; sw_plc_cep/zlc_e01.mdl; sw_plc_cep/zlc_e01.mdl
sw_plc/plc_forgegold.tga,sw_plc_cep/plc_forgegold.tga,16402,5cfe163df4432050be0b9b849c88e3baaa955ba394fa8e3498a46cc2b9379445,All observed ASCII and binary corpus consumers resolve to one category; actual bitmap/material/texture declaration verified after decompilation,sw_plc_cep/zlc_e01.mdl
sw_plc/plc_forgelava.tga,sw_plc_cep/plc_forgelava.tga,262162,1080d92a3f301d9a8ef84a4ae27c817402fe8ca718f00477730020893a390197,All observed ASCII and binary corpus consumers resolve to one category; actual bitmap/material/texture declaration verified after decompilation,sw_plc_cep/zlc_e01.mdl; sw_plc_cep/zlc_e01.mdl
sw_plc/plc_forgelava.txi,sw_plc_cep/plc_forgelava.txi,291,3e8a49295cdf2977c9cc4ad7a319c4058ff7ab2bc2a798181aa847cade800575,All observed ASCII and binary corpus consumers resolve to one category; actual bitmap/material/texture declaration verified after decompilation,sw_plc_cep/zlc_e01.mdl; sw_plc_cep/zlc_e01.mdl
sw_plc/plc_forgelea.dds,sw_plc_cep/plc_forgelea.dds,43724,b2a68dc8545375cc60b6b2052430b5d215651c6b67891649207f8cf3a2fb895e,All observed ASCII and binary corpus consumers resolve to one category; actual bitmap/material/texture declaration verified after decompilation,sw_plc_cep/zlc_e01.mdl; sw_plc_cep/zlc_e01.mdl; sw_plc_cep/zlc_e01.mdl; sw_plc_cep/zlc_e01.mdl
sw_plc/plc_forgewood.dds,sw_plc_cep/plc_forgewood.dds,43724,976e3eef23ea7d55b867ec75463fd8b0761d1f21a74a2dccba0b41ca80a778f8,All observed ASCII and binary corpus consumers resolve to one category; actual bitmap/material/texture declaration verified after decompilation,sw_plc_cep/zlc_e01.mdl; sw_plc_cep/zlc_e01.mdl; sw_plc_cep/zlc_e01.mdl; sw_plc_cep/zlc_e01.mdl; sw_plc_cep/zlc_e01.mdl; sw_plc_cep/zlc_e01.mdl; sw_plc_cep/zlc_e01.mdl; sw_plc_cep/zlc_e01.mdl
sw_plc/plc_loafbread.dds,sw_plc_mdrn/plc_loafbread.dds,43724,1bb436a1acc08456a1374c0588b473839a6db7a750ddd6a3c033f8b7023905d9,All observed ASCII and binary corpus consumers resolve to one category; actual bitmap/material/texture declaration verified after decompilation,sw_plc_mdrn/plc_mgsbl1.mdl
sw_plc/plc_strings.dds,sw_plc_cep/plc_strings.dds,1412,950e3aacbd423a25cb2e4adfb6d996f5776e4e23168e9c8edfea35d302409eb7,All observed ASCII and binary corpus consumers resolve to one category; actual bitmap/material/texture declaration verified after decompilation,sw_plc_cep/zlc_s50.mdl
sw_plc/plc_strings.tga,sw_plc_cep/plc_strings.tga,4114,0b449d9e25547f36d3d71c186f59eee8572a16539c6375f26a13de1349618760,All observed ASCII and binary corpus consumers resolve to one category; actual bitmap/material/texture declaration verified after decompilation,sw_plc_cep/zlc_s50.mdl
sw_plc/plc_subdroid.dds,sw_plc_mdrn/plc_subdroid.dds,43724,88883ee47e02f852086d4d9bb92bb320d155d2515ec9442577de6e6916fa3f9b,All observed ASCII and binary corpus consumers resolve to one category; actual bitmap/material/texture declaration verified after decompilation,sw_plc_mdrn/plc_subdroid2.mdl; sw_plc_mdrn/plc_subdroid2.mdl
sw_plc/plushwall_f2.mdl,sw_plc_mdrn/plushwall_f2.mdl,2276,6f101c3a81d43066ce72e906a9135b12086a226893168645a561701b3e20415b,placeables.2da explicitly labels this model [mdrn]; preserve same-stem companions,
sw_plc/plushwall_f2.pwk,sw_plc_mdrn/plushwall_f2.pwk,591,ea021399b28fa0a12fd3e581537583fd7c82e3d160adfa104c1dd8f44d50be7e,placeables.2da explicitly labels this model [mdrn]; preserve same-stem companions,
sw_plc/ppgrn.dds,sw_plc_mdrn/ppgrn.dds,43724,b24a38e9608c7da9c41ef5e5ca412016f56f3fb3f5ef9b9a054708a2dd4f7c7d,All observed ASCII and binary corpus consumers resolve to one category; actual bitmap/material/texture declaration verified after decompilation,sw_plc_mdrn/pingpong.mdl; sw_plc_mdrn/skeeball.mdl; sw_plc_mdrn/skeeball.mdl
sw_plc/ppred.dds,sw_plc_mdrn/ppred.dds,43724,65a7262d3fdda66dab777dde819e1ed7a7cca12e34bf28d5cad7ca607678bf26,All observed ASCII and binary corpus consumers resolve to one category; actual bitmap/material/texture declaration verified after decompilation,sw_plc_mdrn/pingpong.mdl; sw_plc_mdrn/pingpong.mdl; sw_plc_mdrn/pingpong.mdl; sw_plc_mdrn/pingpong.mdl; sw_plc_mdrn/skeeball.mdl
sw_plc/ppwht.dds,sw_plc_mdrn/ppwht.dds,10956,a8257c6c3c4ff5870c8c8724f5de03a7b2b32138c208161e0fd47e9110c44685,All observed ASCII and binary corpus consumers resolve to one category; actual bitmap/material/texture declaration verified after decompilation,sw_plc_mdrn/pingpong.mdl; sw_plc_mdrn/pingpong.mdl; sw_plc_mdrn/pingpong.mdl; sw_plc_mdrn/pingpong.mdl; sw_plc_mdrn/skeeball.mdl
sw_plc/pswitch1.dds,sw_plc_mdrn/pswitch1.dds,174796,10652f826de47f0740546d42a3da5e7d1a52e549f220588f4605e40a6a90aac5,All observed ASCII and binary corpus consumers resolve to one category; actual bitmap/material/texture declaration verified after decompilation,sw_plc_mdrn/powerbox.mdl
sw_plc/pswitch2.dds,sw_plc_mdrn/pswitch2.dds,10956,58de9af841e67e8e29881092f2dce15ee8b87b48ff2780fd6af29fbc67ad0363,All observed ASCII and binary corpus consumers resolve to one category; actual bitmap/material/texture declaration verified after decompilation,sw_plc_mdrn/powerbox.mdl
sw_plc/pumpkinplant.dds,sw_plc_mdrn/pumpkinplant.dds,87428,ca7e259653166dcac379a4f8ae00e05c2d4521296c9a71df09ae0c132e769518,All observed ASCII and binary corpus consumers resolve to one category; actual bitmap/material/texture declaration verified after decompilation,sw_plc_mdrn/plc_pumpkinplant.mdl
sw_plc/push1box.dds,sw_plc_mdrn/push1box.dds,2764,71512b347570f5c7b130fdfa2c9ff82e4f822b2908115812afa4610ff399b614,All observed ASCII and binary corpus consumers resolve to one category; actual bitmap/material/texture declaration verified after decompilation,sw_plc_mdrn/mod01_o01_06.mdl; sw_plc_mdrn/mod01_o01_06.mdl
sw_plc/push1box.tga,sw_plc_mdrn/push1box.tga,812,277aa82ac7a9fa498cb123d344dff2c8c3e53a66c9ca6b566dc0d73f3e2154d2,All observed ASCII and binary corpus consumers resolve to one category; actual bitmap/material/texture declaration verified after decompilation,sw_plc_mdrn/mod01_o01_06.mdl; sw_plc_mdrn/mod01_o01_06.mdl
sw_plc/push2box.dds,sw_plc_mdrn/push2box.dds,2764,71512b347570f5c7b130fdfa2c9ff82e4f822b2908115812afa4610ff399b614,All observed ASCII and binary corpus consumers resolve to one category; actual bitmap/material/texture declaration verified after decompilation,sw_plc_mdrn/mod01_o01_06.mdl; sw_plc_mdrn/mod01_o01_06.mdl
sw_plc/push2box.tga,sw_plc_mdrn/push2box.tga,812,277aa82ac7a9fa498cb123d344dff2c8c3e53a66c9ca6b566dc0d73f3e2154d2,All observed ASCII and binary corpus consumers resolve to one category; actual bitmap/material/texture declaration verified after decompilation,sw_plc_mdrn/mod01_o01_06.mdl; sw_plc_mdrn/mod01_o01_06.mdl
sw_plc/pw_f1.tga,sw_plc_mdrn/pw_f1.tga,196652,0a68e6852d93f8f8105cea58179bb4aae5d8f5b8629fc153785c100ab6b80789,All observed ASCII and binary corpus consumers resolve to one category; actual bitmap/material/texture declaration verified after decompilation,sw_plc_mdrn/phod_pil1.mdl; sw_plc_mdrn/plushwall_f1.mdl; sw_plc_mdrn/xiahwall_001.mdl
sw_plc/pw_f10.tga,sw_plc_mdrn/pw_f10.tga,196652,aff6ad1752e52c71739eea40933e81c4e24b5869635129178fc212a459215669,All observed ASCII and binary corpus consumers resolve to one category; actual bitmap/material/texture declaration verified after decompilation,sw_plc_mdrn/phod_pil7.mdl; sw_plc_mdrn/plushwall_f10.mdl; sw_plc_mdrn/xiahwall_010.mdl
sw_plc/pw_f11.tga,sw_plc_mdrn/pw_f11.tga,196652,ad349cba6b6977d7fddb16b4df5e0a4eb85028da5ed59369773f082a708ab384,All observed ASCII and binary corpus consumers resolve to one category; actual bitmap/material/texture declaration verified after decompilation,sw_plc_mdrn/plushwall_f11.mdl; sw_plc_mdrn/xiahwall_011.mdl
sw_plc/pw_f12.dds,sw_plc_mdrn/pw_f12.dds,174904,068a8d4e9f4fac851f6685328e948f91cbf5b0ce0cb4e23b009b6e0924cad16f,All observed ASCII and binary corpus consumers resolve to one category; actual bitmap/material/texture declaration verified after decompilation,sw_plc_mdrn/plushwall_f12.mdl; sw_plc_mdrn/xiahwall_012.mdl
sw_plc/pw_f13.dds,sw_plc_mdrn/pw_f13.dds,174904,6d22c86a417c29e9aae90013ff65285f124fe60a53e493a1fa906d7158a90533,All observed ASCII and binary corpus consumers resolve to one category; actual bitmap/material/texture declaration verified after decompilation,sw_plc_mdrn/plushwall_f13.mdl; sw_plc_mdrn/xiahwall_013.mdl
sw_plc/pw_f14.dds,sw_plc_mdrn/pw_f14.dds,174904,ebbd9e004f9170e8f36482983845d69c02796f2b6f9bc91a30dd3d38d3f6261f,All observed ASCII and binary corpus consumers resolve to one category; actual bitmap/material/texture declaration verified after decompilation,sw_plc_mdrn/plushwall_f14.mdl; sw_plc_mdrn/xiahwall_014.mdl
sw_plc/pw_f15.tga,sw_plc_mdrn/pw_f15.tga,1048620,b4e85d3e93c23bbd2a43b2b56537c1831756fb7361d43654b240768f0ae0339f,All observed ASCII and binary corpus consumers resolve to one category; actual bitmap/material/texture declaration verified after decompilation,sw_plc_mdrn/plushwall_f15.mdl; sw_plc_mdrn/xiahwall_015.mdl
sw_plc/pw_f2.tga,sw_plc_mdrn/pw_f2.tga,196652,5901a029134cbab0450905eaa1598e63117671e8f18d00ddfaeacc0aa7a94a0a,Actual bitmap dependency of a moved [mdrn] model; all raw corpus consumers belong to modern placeables,sw_plc_mdrn/plushwall_f2.mdl; sw_plc_mdrn/xiahwall_002.mdl
sw_plc/pw_f3.dds,sw_plc_mdrn/pw_f3.dds,174904,5d6b9fc36893dd85a6607f5161e519a97da7b0055768f48dd2e5137d8fe9e437,All observed ASCII and binary corpus consumers resolve to one category; actual bitmap/material/texture declaration verified after decompilation,sw_plc_mdrn/phod_pil3.mdl; sw_plc_mdrn/plushwall_f3.mdl; sw_plc_mdrn/xiahwall_003.mdl
sw_plc/pw_f4.tga,sw_plc_mdrn/pw_f4.tga,196652,ed89c29b0549bfd3fde493ca75ab3456228027fec671d8cea10ebde982569660,All observed ASCII and binary corpus consumers resolve to one category; actual bitmap/material/texture declaration verified after decompilation,sw_plc_mdrn/phod_pil4.mdl; sw_plc_mdrn/plushwall_f4.mdl; sw_plc_mdrn/xiahwall_004.mdl
sw_plc/pw_f5.dds,sw_plc_mdrn/pw_f5.dds,174904,cecd1400888e07521a759bddc3c2b8a18254c4b5ca70cb92639751dd8f36103d,All observed ASCII and binary corpus consumers resolve to one category; actual bitmap/material/texture declaration verified after decompilation,sw_plc_mdrn/phod_pil5.mdl; sw_plc_mdrn/plushwall_f5.mdl; sw_plc_mdrn/xiahwall_005.mdl
sw_plc/pw_f6.tga,sw_plc_mdrn/pw_f6.tga,196652,1c0983a112420cd9efad242ea3b09326b65e2364c294f264b25e2605f219ef39,All observed ASCII and binary corpus consumers resolve to one category; actual bitmap/material/texture declaration verified after decompilation,sw_plc_mdrn/plushwall_f6.mdl; sw_plc_mdrn/xiahwall_006.mdl
sw_plc/pw_f7.tga,sw_plc_mdrn/pw_f7.tga,196652,1dc0c4ce3e38bccb67554812d45094e17e8093a64ef0b92adc5effbf16d68a8c,All observed ASCII and binary corpus consumers resolve to one category; actual bitmap/material/texture declaration verified after decompilation,sw_plc_mdrn/plushwall_f7.mdl; sw_plc_mdrn/xiahwall_007.mdl
sw_plc/pw_f8.tga,sw_plc_mdrn/pw_f8.tga,196652,19ef40a4ac1261fe3a65fd6d7e3b8fadf1b808f0cfe6c7ce04b7b5973c05272f,All observed ASCII and binary corpus consumers resolve to one category; actual bitmap/material/texture declaration verified after decompilation,sw_plc_mdrn/phod_pil6.mdl; sw_plc_mdrn/plushwall_f8.mdl; sw_plc_mdrn/xiahwall_008.mdl
sw_plc/pw_f9.dds,sw_plc_mdrn/pw_f9.dds,174904,4fb31304fc27256043d1a3f29432fffde3118a8dd4dc08d060e4a094b58585a8,All observed ASCII and binary corpus consumers resolve to one category; actual bitmap/material/texture declaration verified after decompilation,sw_plc_mdrn/plushwall_f9.mdl; sw_plc_mdrn/xiahwall_009.mdl
sw_plc/racktex.dds,sw_plc_mdrn/racktex.dds,174796,c35e4178f99b392896923acffa2495ee1cabe3b90aabdbfef40f55617b414dcd,All observed ASCII and binary corpus consumers resolve to one category; actual bitmap/material/texture declaration verified after decompilation,sw_plc_mdrn/serverrack.mdl; sw_plc_mdrn/serverrack.mdl; sw_plc_mdrn/serverrack.mdl; sw_plc_mdrn/serverrack.mdl; sw_plc_mdrn/serverrack.mdl
sw_plc/reptile_skin2.dds,sw_plc_mdrn/reptile_skin2.dds,43724,4300ae54de6e04a5a83ab67b8023859c12f7d2da83b7fb52bfb3d3c8371d8b7a,All observed ASCII and binary corpus consumers resolve to one category; actual bitmap/material/texture declaration verified after decompilation,sw_plc_mdrn/g_trollst1.mdl; sw_plc_mdrn/g_trollst1.mdl; sw_plc_mdrn/g_trollst1.mdl; sw_plc_mdrn/g_trollst1.mdl; sw_plc_mdrn/g_trollst1.mdl; sw_plc_mdrn/g_trollst1.mdl; sw_plc_mdrn/g_trollst1.mdl; sw_plc_mdrn/g_trollst1.mdl
sw_plc/rfl.dds,sw_weapon/rfl.dds,43724,039644add7d847b453b7a6da5bff3d30e426c1ccc534725d90429e1758ca7556,All observed ASCII and binary corpus consumers resolve to one category; actual bitmap/material/texture declaration verified after decompilation,sw_weapon/wbwsl_m_191.mdl; sw_weapon/wbwsl_m_192.mdl; sw_weapon/wbwxl_m_191.mdl; sw_weapon/wbwxl_m_192.mdl
sw_plc/rot1metal.dds,sw_plc_mdrn/rot1metal.dds,2764,20f7913ffce0e2ff3d2332ec412bf6b0c5478e6f2410822ba6db313c55ab4d73,All observed ASCII and binary corpus consumers resolve to one category; actual bitmap/material/texture declaration verified after decompilation,sw_plc_mdrn/mod01_o01_06.mdl; sw_plc_mdrn/mod01_o01_06.mdl
sw_plc/rot1metal.tga,sw_plc_mdrn/rot1metal.tga,812,f1828eb07685c34dbb1d1f21babcdce0b3e764b5549a5a8c55b06b3e1bb6adf9,All observed ASCII and binary corpus consumers resolve to one category; actual bitmap/material/texture declaration verified after decompilation,sw_plc_mdrn/mod01_o01_06.mdl; sw_plc_mdrn/mod01_o01_06.mdl
sw_plc/rot2chrome.dds,sw_plc_mdrn/rot2chrome.dds,716,14d742c87f5bc15e56e88a36f512c4c4f6529baf76439e6080764042dea5a6f2,All observed ASCII and binary corpus consumers resolve to one category; actual bitmap/material/texture declaration verified after decompilation,sw_plc_mdrn/mod01_o01_06.mdl; sw_plc_mdrn/mod01_o01_06.mdl; sw_plc_mdrn/mod01_o01_06.mdl
sw_plc/rot2chrome.tga,sw_plc_mdrn/rot2chrome.tga,236,5f344c318687bf6650717a66f6ce70aab7ac694e03fb26e26f4e4aad621a7be9,All observed ASCII and binary corpus consumers resolve to one category; actual bitmap/material/texture declaration verified after decompilation,sw_plc_mdrn/mod01_o01_06.mdl; sw_plc_mdrn/mod01_o01_06.mdl; sw_plc_mdrn/mod01_o01_06.mdl
sw_plc/rot2metal.dds,sw_plc_mdrn/rot2metal.dds,2764,20f7913ffce0e2ff3d2332ec412bf6b0c5478e6f2410822ba6db313c55ab4d73,All observed ASCII and binary corpus consumers resolve to one category; actual bitmap/material/texture declaration verified after decompilation,sw_plc_mdrn/mod01_o01_06.mdl; sw_plc_mdrn/mod01_o01_06.mdl
sw_plc/rot2metal.tga,sw_plc_mdrn/rot2metal.tga,812,f1828eb07685c34dbb1d1f21babcdce0b3e764b5549a5a8c55b06b3e1bb6adf9,All observed ASCII and binary corpus consumers resolve to one category; actual bitmap/material/texture declaration verified after decompilation,sw_plc_mdrn/mod01_o01_06.mdl; sw_plc_mdrn/mod01_o01_06.mdl
sw_plc/s01_512.dds,sw_plc_mdrn/s01_512.dds,174796,22adcd8cd7d817eaf12c9f2f097904bc50b50e4aa660f2d58f31c1e1afe75b57,All observed ASCII and binary corpus consumers resolve to one category; actual bitmap/material/texture declaration verified after decompilation,sw_plc_mdrn/ffshuttle4.mdl; sw_plc_mdrn/ffshuttle4lg.mdl
sw_plc/s02_512.dds,sw_plc_mdrn/s02_512.dds,174796,144b3b1b972078a9dcb6092238b3b0d3cd06bfd38f9878fe932423c80f96620b,All observed ASCII and binary corpus consumers resolve to one category; actual bitmap/material/texture declaration verified after decompilation,sw_plc_mdrn/ffshuttle3.mdl; sw_plc_mdrn/ffshuttle3lg.mdl
sw_plc/sattelite1.dds,sw_plc_mdrn/sattelite1.dds,43724,599eeaa9ff8282f1f0e6eec4eaac127ec7562ee5a14ff2d0d93b7c447a9ce592,All observed ASCII and binary corpus consumers resolve to one category; actual bitmap/material/texture declaration verified after decompilation,sw_plc_mdrn/p_antena1.mdl
sw_plc/sentry8n.dds,sw_plc_mdrn/sentry8n.dds,21884,855b9ab844e28973865af93c88e68efea01734a2954fb49aad2dd3a0db005570,All observed ASCII and binary corpus consumers resolve to one category; actual bitmap/material/texture declaration verified after decompilation,sw_plc_mdrn/p_sentrygun1.mdl
sw_plc/serverback.dds,sw_plc_mdrn/serverback.dds,10956,9723fb7f9bc875dce3cb8fc313593a3ec300143f2294c68b166beb38a45bcb68,All observed ASCII and binary corpus consumers resolve to one category; actual bitmap/material/texture declaration verified after decompilation,sw_plc_mdrn/serverrack.mdl; sw_plc_mdrn/serverrack.mdl; sw_plc_mdrn/serverrack.mdl; sw_plc_mdrn/serverrack.mdl; sw_plc_mdrn/serverrack.mdl; sw_plc_mdrn/serverrack.mdl; sw_plc_mdrn/serverrack.mdl; sw_plc_mdrn/serverrack.mdl
sw_plc/serverbody.dds,sw_plc_mdrn/serverbody.dds,43724,ffd02272c67355f0bd634bc8537836145691f2a8a3b746077843147d3a2d4199,All observed ASCII and binary corpus consumers resolve to one category; actual bitmap/material/texture declaration verified after decompilation,sw_plc_mdrn/serverrack.mdl; sw_plc_mdrn/serverrack.mdl; sw_plc_mdrn/serverrack.mdl; sw_plc_mdrn/serverrack.mdl; sw_plc_mdrn/serverrack.mdl; sw_plc_mdrn/serverrack.mdl; sw_plc_mdrn/serverrack.mdl; sw_plc_mdrn/serverrack.mdl
sw_plc/serverfront.dds,sw_plc_mdrn/serverfront.dds,10956,624ecc7685a171ea8144f93951bafd26859c30aca1f29b3ac322e53ebe8db1b6,All observed ASCII and binary corpus consumers resolve to one category; actual bitmap/material/texture declaration verified after decompilation,sw_plc_mdrn/serverrack.mdl; sw_plc_mdrn/serverrack.mdl; sw_plc_mdrn/serverrack.mdl; sw_plc_mdrn/serverrack.mdl; sw_plc_mdrn/serverrack.mdl; sw_plc_mdrn/serverrack.mdl; sw_plc_mdrn/serverrack.mdl; sw_plc_mdrn/serverrack.mdl
sw_plc/serverkb.dds,sw_plc_mdrn/serverkb.dds,43724,0ee19187f92db6b9c7a14e2d42e7a7402fc3629739e711ea528ed4708e5cb57d,All observed ASCII and binary corpus consumers resolve to one category; actual bitmap/material/texture declaration verified after decompilation,sw_plc_mdrn/serverrack.mdl
sw_plc/serverlight.dds,sw_plc_mdrn/serverlight.dds,10956,74239e24cada87788ddb54175948216f8476585d41b2293ac9320939d29c7cf8,All observed ASCII and binary corpus consumers resolve to one category; actual bitmap/material/texture declaration verified after decompilation,sw_plc_mdrn/serverrack.mdl; sw_plc_mdrn/serverrack.mdl; sw_plc_mdrn/serverrack.mdl; sw_plc_mdrn/serverrack.mdl; sw_plc_mdrn/serverrack.mdl; sw_plc_mdrn/serverrack.mdl; sw_plc_mdrn/serverrack.mdl; sw_plc_mdrn/serverrack.mdl
sw_plc/serverlight.txi,sw_plc_mdrn/serverlight.txi,48,71136bd247f4b48d182144de485fc98a84ef0df8edb058f421a0cb1b50b2546a,All observed ASCII and binary corpus consumers resolve to one category; actual bitmap/material/texture declaration verified after decompilation,sw_plc_mdrn/serverrack.mdl; sw_plc_mdrn/serverrack.mdl; sw_plc_mdrn/serverrack.mdl; sw_plc_mdrn/serverrack.mdl; sw_plc_mdrn/serverrack.mdl; sw_plc_mdrn/serverrack.mdl; sw_plc_mdrn/serverrack.mdl; sw_plc_mdrn/serverrack.mdl
sw_plc/servernp.dds,sw_plc_mdrn/servernp.dds,10956,0bb8589353f0de31b95a0b79bf49b46672b2d21bbb8614f1b2f11807b979cabb,All observed ASCII and binary corpus consumers resolve to one category; actual bitmap/material/texture declaration verified after decompilation,sw_plc_mdrn/serverrack.mdl
sw_plc/serverscreen.dds,sw_plc_mdrn/serverscreen.dds,174796,2a1ec857d7b4438bf938eb35adc8f89a4f3a409c69c063bbafa13298e835b6f0,All observed ASCII and binary corpus consumers resolve to one category; actual bitmap/material/texture declaration verified after decompilation,sw_plc_mdrn/serverrack.mdl
sw_plc/servertb.dds,sw_plc_mdrn/servertb.dds,2764,ed93ce2d3a5e1365d0eef2adc52122937bf5bc60a53c8cb2d41e4446f00aeac7,All observed ASCII and binary corpus consumers resolve to one category; actual bitmap/material/texture declaration verified after decompilation,sw_plc_mdrn/serverrack.mdl
sw_plc/sf_barqs.dds,sw_plc_mdrn/sf_barqs.dds,2764,9862fc3043af5b933740ae7fc67c879cea57565a5fbc3bede13c39e314ed411c,All observed ASCII and binary corpus consumers resolve to one category; actual bitmap/material/texture declaration verified after decompilation,sw_plc_mdrn/sodafount.mdl
sw_plc/sf_coke.dds,sw_plc_mdrn/sf_coke.dds,10956,128081cb3db379378b01522b7383d76f29d83963517b9df6c2c6b37ae0a44aae,All observed ASCII and binary corpus consumers resolve to one category; actual bitmap/material/texture declaration verified after decompilation,sw_plc_mdrn/sodafount.mdl; sw_plc_mdrn/sodafount.mdl; sw_plc_mdrn/sodafount.mdl
sw_plc/sf_dc.dds,sw_plc_mdrn/sf_dc.dds,2764,b8b1210ca651288675d48d8a2961868da19144c04993fcf872851bf5594dd624,All observed ASCII and binary corpus consumers resolve to one category; actual bitmap/material/texture declaration verified after decompilation,sw_plc_mdrn/sodafount.mdl
sw_plc/sf_dp.dds,sw_plc_mdrn/sf_dp.dds,2764,15fcb84adba4c887f38711b5843928cd45e5fc55ade715f039b40fb88aaa7f83,All observed ASCII and binary corpus consumers resolve to one category; actual bitmap/material/texture declaration verified after decompilation,sw_plc_mdrn/sodafount.mdl
sw_plc/sf_face.dds,sw_plc_mdrn/sf_face.dds,43724,d6004fc6bd801649d10cddc5f95570f5dd912053e03beeaddae57859444a7da8,All observed ASCII and binary corpus consumers resolve to one category; actual bitmap/material/texture declaration verified after decompilation,sw_plc_mdrn/sodafount.mdl; sw_plc_mdrn/sodafount.mdl
sw_plc/sf_sprite.dds,sw_plc_mdrn/sf_sprite.dds,2764,2e89876053998484a6f583b57744a09745594136654e0e1b4d0f8f3da86efd26,All observed ASCII and binary corpus consumers resolve to one category; actual bitmap/material/texture declaration verified after decompilation,sw_plc_mdrn/sodafount.mdl
sw_plc/sfp_eqpss01.dds,sw_plc_cep/sfp_eqpss01.dds,5500,08a969d7d27c100b1c0d4e4ab30def3916c899a53e8de1132220ce4f6121fb45,All observed ASCII and binary corpus consumers resolve to one category; actual bitmap/material/texture declaration verified after decompilation,sw_plc_cep/jzsfp_ksk01.mdl
sw_plc/sfp_kskb01.dds,sw_plc_cep/sfp_kskb01.dds,43724,82bddcd642cf178b46e528557411a61685f06ad6e5fa2d67039718121f676af6,All observed ASCII and binary corpus consumers resolve to one category; actual bitmap/material/texture declaration verified after decompilation,sw_plc_cep/jzsfp_ksk01.mdl
sw_plc/sfp_mtlkb01.dds,sw_plc_cep/sfp_mtlkb01.dds,43724,614f2d6745faba0e7abdd15ab17c9ed617c468533305ff154e9135d802be0aeb,All observed ASCII and binary corpus consumers resolve to one category; actual bitmap/material/texture declaration verified after decompilation,sw_plc_cep/jzsfp_ksk01.mdl
sw_plc/sfp_mtlkb02.dds,sw_plc_cep/sfp_mtlkb02.dds,43724,49aa2bfd8be19898bb476c383c8d563f3f1aa7be48ba001e4b7017fb328f3dc9,All observed ASCII and binary corpus consumers resolve to one category; actual bitmap/material/texture declaration verified after decompilation,sw_plc_cep/jzsfp_ksk01.mdl
sw_plc/sfp_mtlkb03.dds,sw_plc_cep/sfp_mtlkb03.dds,43724,78f2fd14260f1d4687197192561dc1c8a3b510866ade1e52f573119676720411,All observed ASCII and binary corpus consumers resolve to one category; actual bitmap/material/texture declaration verified after decompilation,sw_plc_cep/jzsfp_ksk01.mdl
sw_plc/sgp_anbnkss01.dds,sw_plc_cep/sgp_anbnkss01.dds,21884,2b2892ab6124ffe1c7c5df6e56d01b21d39d33578865bec58146e7d18c5ed8b6,All observed ASCII and binary corpus consumers resolve to one category; actual bitmap/material/texture declaration verified after decompilation,sw_plc_cep/sgp_trml01.mdl
sw_plc/sgp_anbnkss01.tga,sw_plc_cep/sgp_anbnkss01.tga,98348,61b94f193051d020a7b27e9f72751162530b13f90e2d593f9ba6ff1e5c462fc4,All observed ASCII and binary corpus consumers resolve to one category; actual bitmap/material/texture declaration verified after decompilation,sw_plc_cep/sgp_trml01.mdl
sw_plc/sgp_anbnkss01.txi,sw_plc_cep/sgp_anbnkss01.txi,63,5926611a8753883c15290228cc06b6a2e68d5833d7ec5df571f1264ed1e1ecbe,All observed ASCII and binary corpus consumers resolve to one category; actual bitmap/material/texture declaration verified after decompilation,sw_plc_cep/sgp_trml01.mdl
sw_plc/sgp_anbnktr01.dds,sw_plc_cep/sgp_anbnktr01.dds,87420,2bd21fcc3341bf466136372db1a1a9c5bf2bf6803ce9cac26e30c7d0b328e0d6,All observed ASCII and binary corpus consumers resolve to one category; actual bitmap/material/texture declaration verified after decompilation,sw_plc_cep/sgp_trml01.mdl; sw_plc_cep/sgp_trml07.mdl
sw_plc/sgp_anbnktr01.tga,sw_plc_cep/sgp_anbnktr01.tga,393234,2e2925cd64365bc3ebac358a4bc57a23894d5e4e8665bc41e06477f25596da54,All observed ASCII and binary corpus consumers resolve to one category; actual bitmap/material/texture declaration verified after decompilation,sw_plc_cep/sgp_trml01.mdl; sw_plc_cep/sgp_trml07.mdl
sw_plc/sgp_anbnktr01.txi,sw_plc_cep/sgp_anbnktr01.txi,63,5926611a8753883c15290228cc06b6a2e68d5833d7ec5df571f1264ed1e1ecbe,All observed ASCII and binary corpus consumers resolve to one category; actual bitmap/material/texture declaration verified after decompilation,sw_plc_cep/sgp_trml01.mdl; sw_plc_cep/sgp_trml07.mdl
sw_plc/sgp_anbzrtr01.dds,sw_plc_cep/sgp_anbzrtr01.dds,87420,cf4c223b1fc6bcfd2c46b8068dd37a8b73a889eb40cbb338d926c18fec35dc6c,All observed ASCII and binary corpus consumers resolve to one category; actual bitmap/material/texture declaration verified after decompilation,sw_plc_cep/sgp_trml02.mdl
sw_plc/sgp_anbzrtr01.tga,sw_plc_cep/sgp_anbzrtr01.tga,393234,7493e4acd4d028a79870e36b16dd9fbeb99851847eb814cb06f90357f448f2e5,All observed ASCII and binary corpus consumers resolve to one category; actual bitmap/material/texture declaration verified after decompilation,sw_plc_cep/sgp_trml02.mdl
sw_plc/sgp_anbzrtr01.txi,sw_plc_cep/sgp_anbzrtr01.txi,63,5926611a8753883c15290228cc06b6a2e68d5833d7ec5df571f1264ed1e1ecbe,All observed ASCII and binary corpus consumers resolve to one category; actual bitmap/material/texture declaration verified after decompilation,sw_plc_cep/sgp_trml02.mdl
sw_plc/sgp_anclntr01.dds,sw_plc_cep/sgp_anclntr01.dds,87420,5252d60d022b9e9ebd77e3e3869fc316ee680dc7d328a22f479e55f103ccae0f,All observed ASCII and binary corpus consumers resolve to one category; actual bitmap/material/texture declaration verified after decompilation,sw_plc_cep/sgp_trml03.mdl; sw_plc_cep/sgp_trml05.mdl
sw_plc/sgp_anclntr01.tga,sw_plc_cep/sgp_anclntr01.tga,393234,1edc847100e7b3904f8cfd74d54c5202e7d4565059ea391e951fe8bc378e6abe,All observed ASCII and binary corpus consumers resolve to one category; actual bitmap/material/texture declaration verified after decompilation,sw_plc_cep/sgp_trml03.mdl; sw_plc_cep/sgp_trml05.mdl
sw_plc/sgp_anclntr01.txi,sw_plc_cep/sgp_anclntr01.txi,63,5926611a8753883c15290228cc06b6a2e68d5833d7ec5df571f1264ed1e1ecbe,All observed ASCII and binary corpus consumers resolve to one category; actual bitmap/material/texture declaration verified after decompilation,sw_plc_cep/sgp_trml03.mdl; sw_plc_cep/sgp_trml05.mdl
sw_plc/sgp_ancltcrft01.dds,sw_plc_cep/sgp_ancltcrft01.dds,87420,244e4964f25a67885f51b7b9c6c67c07c8ca233156a555287911e452ea26d9a5,All observed ASCII and binary corpus consumers resolve to one category; actual bitmap/material/texture declaration verified after decompilation,sw_plc_cep/sgp_mach01.mdl
sw_plc/sgp_ancltcrft01.tga,sw_plc_cep/sgp_ancltcrft01.tga,393234,492d8023143c5818c5c26f6ff986fe387cfb299e3765864be38ecac02d47fa81,All observed ASCII and binary corpus consumers resolve to one category; actual bitmap/material/texture declaration verified after decompilation,sw_plc_cep/sgp_mach01.mdl
sw_plc/sgp_ancltcrft01.txi,sw_plc_cep/sgp_ancltcrft01.txi,63,5926611a8753883c15290228cc06b6a2e68d5833d7ec5df571f1264ed1e1ecbe,All observed ASCII and binary corpus consumers resolve to one category; actual bitmap/material/texture declaration verified after decompilation,sw_plc_cep/sgp_mach01.mdl
sw_plc/sgp_anmsntr01.dds,sw_plc_cep/sgp_anmsntr01.dds,43740,3600708a49edbc62cb8576ca2703d4c36620400db4027d9366fd9b64af8bffec,All observed ASCII and binary corpus consumers resolve to one category; actual bitmap/material/texture declaration verified after decompilation,sw_plc_cep/sgp_trml06.mdl
sw_plc/sgp_anmsntr01.tga,sw_plc_cep/sgp_anmsntr01.tga,196626,ebf4103cb8f520681ef89936e33f14895e447b9e284c5843efdf42373ceff89a,All observed ASCII and binary corpus consumers resolve to one category; actual bitmap/material/texture declaration verified after decompilation,sw_plc_cep/sgp_trml06.mdl
sw_plc/sgp_anmsntr01.txi,sw_plc_cep/sgp_anmsntr01.txi,63,5926611a8753883c15290228cc06b6a2e68d5833d7ec5df571f1264ed1e1ecbe,All observed ASCII and binary corpus consumers resolve to one category; actual bitmap/material/texture declaration verified after decompilation,sw_plc_cep/sgp_trml06.mdl
sw_plc/sgp_antrvtr01.dds,sw_plc_cep/sgp_antrvtr01.dds,87420,33e1b8ff61efb7dbaa7cb7cdef7af7aa46b40bceef593c1c3d079326c503fa76,All observed ASCII and binary corpus consumers resolve to one category; actual bitmap/material/texture declaration verified after decompilation,sw_plc_cep/sgp_trml09.mdl
sw_plc/sgp_antrvtr01.tga,sw_plc_cep/sgp_antrvtr01.tga,393234,73e57c11b9c1d3553d64390cd565b557fa8fa1125f4b0a14c63dab340a832aa4,All observed ASCII and binary corpus consumers resolve to one category; actual bitmap/material/texture declaration verified after decompilation,sw_plc_cep/sgp_trml09.mdl
sw_plc/sgp_antrvtr01.txi,sw_plc_cep/sgp_antrvtr01.txi,63,5926611a8753883c15290228cc06b6a2e68d5833d7ec5df571f1264ed1e1ecbe,All observed ASCII and binary corpus consumers resolve to one category; actual bitmap/material/texture declaration verified after decompilation,sw_plc_cep/sgp_trml09.mdl
sw_plc/sgp_bank.dds,sw_plc_cep/sgp_bank.dds,10956,932fbc182978b1747046f6042acb089b7b5c007fd42eeb53e235973962a5f1d1,All observed ASCII and binary corpus consumers resolve to one category; actual bitmap/material/texture declaration verified after decompilation,sw_plc_cep/jsfp_sgna01.mdl
sw_plc/sgp_bankb.dds,sw_plc_cep/sgp_bankb.dds,10956,d8254a4c53d039ef1b48e6fc78556774c225035e8a2d288f0493afff625ee379,All observed ASCII and binary corpus consumers resolve to one category; actual bitmap/material/texture declaration verified after decompilation,sw_plc_cep/jsfp_sgnd01.mdl
sw_plc/sgp_c3abgold.dds,sw_plc_cep/sgp_c3abgold.dds,10956,fb4d1a044120a31d0fe5f436c203418f7d0f172f3baca022961ab4e77a818a96,All observed ASCII and binary corpus consumers resolve to one category; actual bitmap/material/texture declaration verified after decompilation,sw_plc_cep/jsfp_drod01.mdl
sw_plc/sgp_cantina.dds,sw_plc_cep/sgp_cantina.dds,10956,93f668903167581fba63bc1941d99817e181894d3741e3da888acaf59edab2c5,All observed ASCII and binary corpus consumers resolve to one category; actual bitmap/material/texture declaration verified after decompilation,sw_plc_cep/jsfp_sgna02.mdl
sw_plc/sgp_cantinab.dds,sw_plc_cep/sgp_cantinab.dds,10956,f63715a35f0b1f436d9b2b1ecdc6ac84e0e1d65bf8e9efe66aedb65ffc93b22b,All observed ASCII and binary corpus consumers resolve to one category; actual bitmap/material/texture declaration verified after decompilation,sw_plc_cep/jsfp_sgnd02.mdl
sw_plc/sgp_capitol.dds,sw_plc_cep/sgp_capitol.dds,10956,393f5f28649236b104453146372ffca89ab6ef3fc8573c458055ba8444c6226f,All observed ASCII and binary corpus consumers resolve to one category; actual bitmap/material/texture declaration verified after decompilation,sw_plc_cep/jsfp_sgna03.mdl
sw_plc/sgp_capitolb.dds,sw_plc_cep/sgp_capitolb.dds,10956,3f1a5ee552ffcdf7a36497bc45e2a55c8953b61b0e91560fce886737a0067add,All observed ASCII and binary corpus consumers resolve to one category; actual bitmap/material/texture declaration verified after decompilation,sw_plc_cep/jsfp_sgnd03.mdl
sw_plc/sgp_cloning.dds,sw_plc_cep/sgp_cloning.dds,10956,5c269bdd9d6e26179fdc11ea9bbe320b59e0262f3f15865f5f106840f5da41fa,All observed ASCII and binary corpus consumers resolve to one category; actual bitmap/material/texture declaration verified after decompilation,sw_plc_cep/jsfp_sgna04.mdl
sw_plc/sgp_cloningb.dds,sw_plc_cep/sgp_cloningb.dds,10956,e2e06bef6caba70285629541f3ad4524a85229cde68529095a010fb37f6fad26,All observed ASCII and binary corpus consumers resolve to one category; actual bitmap/material/texture declaration verified after decompilation,sw_plc_cep/jsfp_sgnd04.mdl
sw_plc/sgp_combat.dds,sw_plc_cep/sgp_combat.dds,10956,67b7ea292729523563e56db64e642356330728c64fb3cd8872ed167918c4daae,All observed ASCII and binary corpus consumers resolve to one category; actual bitmap/material/texture declaration verified after decompilation,sw_plc_cep/jsfp_sgna05.mdl
sw_plc/sgp_combatb.dds,sw_plc_cep/sgp_combatb.dds,10956,583ac74b70962859c69efb4a5b091362913251cb5daaf66f7d2d6e1de5561f86,All observed ASCII and binary corpus consumers resolve to one category; actual bitmap/material/texture declaration verified after decompilation,sw_plc_cep/jsfp_sgnd05.mdl
sw_plc/sgp_commerce.dds,sw_plc_cep/sgp_commerce.dds,10956,f2cd92efac53c0e5214520bf0a76de0362fe70d02b02b4f9f432ec38cc6d2ad9,All observed ASCII and binary corpus consumers resolve to one category; actual bitmap/material/texture declaration verified after decompilation,sw_plc_cep/jsfp_sgna06.mdl
sw_plc/sgp_commerceb.dds,sw_plc_cep/sgp_commerceb.dds,10956,901951c9f710ccd027128ab5dfc84298a88d52957f299a28ea027bcee268b290,All observed ASCII and binary corpus consumers resolve to one category; actual bitmap/material/texture declaration verified after decompilation,sw_plc_cep/jsfp_sgnd06.mdl
sw_plc/sgp_glassa.dds,sw_plc_cep/sgp_glassa.dds,43748,2a1edf0ac4c8b1b184bdb17fd0145db21a58b5a46f931a6859bdd735c8f0c445,All observed ASCII and binary corpus consumers resolve to one category; actual bitmap/material/texture declaration verified after decompilation,sw_plc_cep/sgp_fdc01.mdl
sw_plc/sgp_hospital.dds,sw_plc_cep/sgp_hospital.dds,10956,979ca711927662469a752bec10e0e4535bc117f44b27a2997eb5de53db37e319,All observed ASCII and binary corpus consumers resolve to one category; actual bitmap/material/texture declaration verified after decompilation,sw_plc_cep/jsfp_sgna07.mdl
sw_plc/sgp_hospitalb.dds,sw_plc_cep/sgp_hospitalb.dds,10956,5339e649bf2ff81f108f56b64fa830ba045b2681b019f0683d8b613aa31ae749,All observed ASCII and binary corpus consumers resolve to one category; actual bitmap/material/texture declaration verified after decompilation,sw_plc_cep/jsfp_sgnd07.mdl
sw_plc/sgp_hotel.dds,sw_plc_cep/sgp_hotel.dds,10956,6fb867dda355be1131eff0815b28f2c31a1b08fa82f5f63d739af0198cea8d2e,All observed ASCII and binary corpus consumers resolve to one category; actual bitmap/material/texture declaration verified after decompilation,sw_plc_cep/jsfp_sgna08.mdl
sw_plc/sgp_hotelb.dds,sw_plc_cep/sgp_hotelb.dds,10956,127aa02743143808d4518c513d313324043a54fac4f0da2a927de3b828837667,All observed ASCII and binary corpus consumers resolve to one category; actual bitmap/material/texture declaration verified after decompilation,sw_plc_cep/jsfp_sgnd08.mdl
sw_plc/sgp_library.dds,sw_plc_cep/sgp_library.dds,10956,4ee676742b33b034f79c1f90a444ee6516daabd74093c62535c6bbed8b4d4e29,All observed ASCII and binary corpus consumers resolve to one category; actual bitmap/material/texture declaration verified after decompilation,sw_plc_cep/jsfp_sgna09.mdl
sw_plc/sgp_libraryb.dds,sw_plc_cep/sgp_libraryb.dds,10956,aafebba72fca806986303356b382b0300678d18abdf9c0053b500c9132e05711,All observed ASCII and binary corpus consumers resolve to one category; actual bitmap/material/texture declaration verified after decompilation,sw_plc_cep/jsfp_sgnd09.mdl
sw_plc/sgp_parking.dds,sw_plc_cep/sgp_parking.dds,10956,7f95bd186e59ef8db57037819110e8d1e2e3a0a888023212f2157748de65e5fd,All observed ASCII and binary corpus consumers resolve to one category; actual bitmap/material/texture declaration verified after decompilation,sw_plc_cep/jsfp_sgna10.mdl
sw_plc/sgp_parkingb.dds,sw_plc_cep/sgp_parkingb.dds,10956,5fbf489bb6e61e115904388568be2acee7217f1204b26cff4eb4082345e17553,All observed ASCII and binary corpus consumers resolve to one category; actual bitmap/material/texture declaration verified after decompilation,sw_plc_cep/jsfp_sgnd10.mdl
sw_plc/sgp_shuttle.dds,sw_plc_cep/sgp_shuttle.dds,10956,d5175b8f8cad45f531f27556b43c73610bd9e475ee55e0dc6b66052bf2502742,All observed ASCII and binary corpus consumers resolve to one category; actual bitmap/material/texture declaration verified after decompilation,sw_plc_cep/jsfp_sgna11.mdl
sw_plc/sgp_shuttleb.dds,sw_plc_cep/sgp_shuttleb.dds,10956,583b3ab4a0ec8300067b52b899527b2bd43437d5fa9294b21eb754f0c2d3b1c0,All observed ASCII and binary corpus consumers resolve to one category; actual bitmap/material/texture declaration verified after decompilation,sw_plc_cep/jsfp_sgnd11.mdl
sw_plc/sgp_skills.dds,sw_plc_cep/sgp_skills.dds,10956,a180c9eddb8d97d19522ced8c7d57ef1a4eb4aacba59761e00e7b018fd1ad76a,All observed ASCII and binary corpus consumers resolve to one category; actual bitmap/material/texture declaration verified after decompilation,sw_plc_cep/jsfp_sgna12.mdl
sw_plc/sgp_skillsb.dds,sw_plc_cep/sgp_skillsb.dds,10956,8ed7d75d2dcb843b1dde03e6ad354c320589ec79f3066f778039bae4c7d36d7e,All observed ASCII and binary corpus consumers resolve to one category; actual bitmap/material/texture declaration verified after decompilation,sw_plc_cep/jsfp_sgnd12.mdl
sw_plc/sgp_starport.dds,sw_plc_cep/sgp_starport.dds,10956,ddfcb8af2da259c2473cf0f9b65d7fd65d1d7f1842d07d19ad82ac1eedff87f5,All observed ASCII and binary corpus consumers resolve to one category; actual bitmap/material/texture declaration verified after decompilation,sw_plc_cep/jsfp_sgna13.mdl
sw_plc/sgp_starportb.dds,sw_plc_cep/sgp_starportb.dds,10956,0fd43bf4450c19cbbfe7aef160c5074573cef1988e1169f1d88387ecbc55d913,All observed ASCII and binary corpus consumers resolve to one category; actual bitmap/material/texture declaration verified after decompilation,sw_plc_cep/jsfp_sgnd13.mdl
sw_plc/sgp_tex001.dds,sw_plc_cep/sgp_tex001.dds,174796,89ec7cd08ba06262315ad5b93b59bf7628f954c4df58ccfd90f514f58649070f,All observed ASCII and binary corpus consumers resolve to one category; actual bitmap/material/texture declaration verified after decompilation,sw_plc_cep/sgp_sdebr01.mdl
sw_plc/sgp_tex002.dds,sw_plc_cep/sgp_tex002.dds,174796,31e9c7706005255942f9f64602492621dba79294e72379cade5775e5fccf03da,All observed ASCII and binary corpus consumers resolve to one category; actual bitmap/material/texture declaration verified after decompilation,sw_plc_cep/sgp_sdebr02.mdl; sw_plc_cep/sgp_sdebr03.mdl
sw_plc/sgp_tex003.dds,sw_plc_cep/sgp_tex003.dds,174796,54028a54b6ecf78acd415114d988dcf84bfc3c3d1c8f7a0a066d5cb469b0891f,All observed ASCII and binary corpus consumers resolve to one category; actual bitmap/material/texture declaration verified after decompilation,sw_plc_cep/sgp_sdebr04.mdl
sw_plc/sgp_tex004.dds,sw_plc_cep/sgp_tex004.dds,10956,f63e743f4f0ca217fdbc1521af1fba962df8c66d5aff6a3fb891c5d4322a3d3e,All observed ASCII and binary corpus consumers resolve to one category; actual bitmap/material/texture declaration verified after decompilation,sw_plc_cep/sgp_dice01.mdl
sw_plc/sgp_tex005.dds,sw_plc_cep/sgp_tex005.dds,21892,41e593001eb695815f3b21ed2af8c6695f540fe87cc5473808ee02c3e2f14431,All observed ASCII and binary corpus consumers resolve to one category; actual bitmap/material/texture declaration verified after decompilation,sw_plc_cep/sgp_trml02.mdl; sw_plc_cep/sgp_trml03.mdl
sw_plc/sgp_tex006.dds,sw_plc_cep/sgp_tex006.dds,21884,526ef7e0a7d1ce448c64e28f277156f7d2c374a8bf6a0e5c25aac16a987a460f,All observed ASCII and binary corpus consumers resolve to one category; actual bitmap/material/texture declaration verified after decompilation,sw_plc_cep/sgp_fdc01.mdl
sw_plc/sgp_tex007.dds,sw_plc_cep/sgp_tex007.dds,43724,7cda0e6900e8e6e5009a8dad6d65208cc51daf618e2fdc98b941c55f82708a34,All observed ASCII and binary corpus consumers resolve to one category; actual bitmap/material/texture declaration verified after decompilation,sw_plc_cep/sgp_fdc01.mdl
sw_plc/sgp_tex008.dds,sw_plc_cep/sgp_tex008.dds,43724,3705e9f88218178338eea1a3a14c274ea0f4ac77fe30a2b2edc9f226e8980436,All observed ASCII and binary corpus consumers resolve to one category; actual bitmap/material/texture declaration verified after decompilation,sw_plc_cep/sgp_fdc01.mdl
sw_plc/sgp_tex009.dds,sw_plc_cep/sgp_tex009.dds,43724,efb866fd906c61ce7081f257716dfe6533c255b57e45e0f328c4b49883b6b377,All observed ASCII and binary corpus consumers resolve to one category; actual bitmap/material/texture declaration verified after decompilation,sw_plc_cep/jsfp_epv01.mdl; sw_plc_cep/jsfp_epv02.mdl
sw_plc/sgp_tex010.dds,sw_plc_cep/sgp_tex010.dds,43724,0e705471dd4c90b4a01d0c7ca251b42a86a9247e3ddf185778327e43a8362c1d,All observed ASCII and binary corpus consumers resolve to one category; actual bitmap/material/texture declaration verified after decompilation,sw_plc_cep/jsfp_epv01.mdl; sw_plc_cep/jsfp_epv02.mdl
sw_plc/sgp_tex011.dds,sw_plc_cep/sgp_tex011.dds,10972,83e305a0eae14dbb149f0fbdaae1714d26e38053a6252da8e389403bbf6a6c2b,All observed ASCII and binary corpus consumers resolve to one category; actual bitmap/material/texture declaration verified after decompilation,sw_plc_cep/jsfp_epv01.mdl; sw_plc_cep/jsfp_epv02.mdl
sw_plc/sgp_tex012.dds,sw_plc_cep/sgp_tex012.dds,43724,750d5a8fdb08e826961a8059bf45a1ef28ab2d35d98ccfb3ee9e6be5bbab5cee,All observed ASCII and binary corpus consumers resolve to one category; actual bitmap/material/texture declaration verified after decompilation,sw_plc_cep/jsfp_epv01.mdl; sw_plc_cep/jsfp_epv02.mdl
sw_plc/sgp_tex013.dds,sw_plc_cep/sgp_tex013.dds,43724,960984f9664fa07e51cc8f55e7fcd7cdd73b02be8b82f99010020989e75244a6,All observed ASCII and binary corpus consumers resolve to one category; actual bitmap/material/texture declaration verified after decompilation,sw_plc_cep/jsfp_epv02.mdl
sw_plc/sgp_tex014.dds,sw_plc_cep/sgp_tex014.dds,43724,7c9186280bffcc582ae493a13f096b13beebe9a453d6abe39a0070e4452a3d83,All observed ASCII and binary corpus consumers resolve to one category; actual bitmap/material/texture declaration verified after decompilation,sw_plc_cep/jsfp_epv01.mdl; sw_plc_cep/jsfp_epv02.mdl
sw_plc/sgp_tex015.dds,sw_plc_cep/sgp_tex015.dds,10972,381f779772c48768f336ee0a53d5fc40148b17ab6571ea27b2b89a212ccf1d78,All observed ASCII and binary corpus consumers resolve to one category; actual bitmap/material/texture declaration verified after decompilation,sw_plc_cep/jsfp_epv01.mdl; sw_plc_cep/jsfp_epv02.mdl
sw_plc/sgp_tex016.dds,sw_plc_cep/sgp_tex016.dds,43724,3f1bbd0312f7fa8e404f8ee49adb088b10fa30918ec37d3f8acade0e8a36308c,All observed ASCII and binary corpus consumers resolve to one category; actual bitmap/material/texture declaration verified after decompilation,sw_plc_cep/jsfp_epv01.mdl; sw_plc_cep/jsfp_epv02.mdl
sw_plc/sgp_tex017.dds,sw_plc_cep/sgp_tex017.dds,43724,e61f5f5f68b0b21aff5698b449b460b2236a2c212f27106cf8efa54a27c38148,All observed ASCII and binary corpus consumers resolve to one category; actual bitmap/material/texture declaration verified after decompilation,sw_plc_cep/jsfp_epv02.mdl
sw_plc/sgp_tex018.dds,sw_plc_cep/sgp_tex018.dds,43724,f68daac59f1b78feafb9e3bcf84cc4a47c4b8276c764ce7152c047c75f232ea0,All observed ASCII and binary corpus consumers resolve to one category; actual bitmap/material/texture declaration verified after decompilation,sw_plc_cep/jsfp_epv02.mdl
sw_plc/sgp_tex019.dds,sw_plc_cep/sgp_tex019.dds,43724,bfa4d215728b73ef1cb5b3fcae83a1ced826dba7032320b5e5b916db07878092,All observed ASCII and binary corpus consumers resolve to one category; actual bitmap/material/texture declaration verified after decompilation,sw_plc_cep/jsfp_epv02.mdl
sw_plc/sgp_tex020.dds,sw_plc_cep/sgp_tex020.dds,716,6eb23d8b38371e5cc6c6cf84b0d7c985ea6dbd15aa6df7c705c0f8b8d82c2076,All observed ASCII and binary corpus consumers resolve to one category; actual bitmap/material/texture declaration verified after decompilation,sw_plc_cep/jsfp_epv01.mdl
sw_plc/sgp_tex021.dds,sw_plc_cep/sgp_tex021.dds,21884,765d60fc3ff36806e1427e94c77c6611657a4643c3a789f9d66b371d1f5611bd,All observed ASCII and binary corpus consumers resolve to one category; actual bitmap/material/texture declaration verified after decompilation,sw_plc_cep/jsfp_epv01.mdl; sw_plc_cep/jsfp_epv02.mdl
sw_plc/sgp_tex022.dds,sw_plc_cep/sgp_tex022.dds,21884,5d8dc8456486b423d587555656748fad7aa80dcf3d9bde29f3b00ba55fe7cffd,All observed ASCII and binary corpus consumers resolve to one category; actual bitmap/material/texture declaration verified after decompilation,sw_plc_cep/jsfp_epv01.mdl; sw_plc_cep/jsfp_epv02.mdl
sw_plc/sgp_tex023.dds,sw_plc_cep/sgp_tex023.dds,21884,46ab5597fba408ddebd66c97a5a269c7baebd24e6d85ca420b1c619cd63c8184,All observed ASCII and binary corpus consumers resolve to one category; actual bitmap/material/texture declaration verified after decompilation,sw_plc_cep/jsfp_epv01.mdl; sw_plc_cep/jsfp_epv02.mdl
sw_plc/sgp_tex024.dds,sw_plc_cep/sgp_tex024.dds,21884,53a9cde33f4345aed668b0fb2233f0c3662b512618389e9dc9295ada5db92470,All observed ASCII and binary corpus consumers resolve to one category; actual bitmap/material/texture declaration verified after decompilation,sw_plc_cep/jsfp_epv01.mdl; sw_plc_cep/jsfp_epv02.mdl
sw_plc/sgp_tex025.dds,sw_plc_cep/sgp_tex025.dds,21884,3124efc8916ad1e05c45f8e1c7f8b02dfd66a41f00881354aa6ecb256a73939f,All observed ASCII and binary corpus consumers resolve to one category; actual bitmap/material/texture declaration verified after decompilation,sw_plc_cep/jsfp_epv01.mdl
sw_plc/sgp_tex026.dds,sw_plc_cep/sgp_tex026.dds,43724,07d4401ca86ed5bfb3b5c881aef65a0358211a144a13d10f3428757654d51f1c,All observed ASCII and binary corpus consumers resolve to one category; actual bitmap/material/texture declaration verified after decompilation,sw_plc_cep/jsfp_epv01.mdl; sw_plc_cep/jsfp_epv02.mdl
sw_plc/sgp_tex027.dds,sw_plc_cep/sgp_tex027.dds,21884,3d11fad717804bf093f283c3e2e5f0eded026cbea0d603c336edcb2c2f3300e5,All observed ASCII and binary corpus consumers resolve to one category; actual bitmap/material/texture declaration verified after decompilation,sw_plc_cep/jsfp_epv01.mdl; sw_plc_cep/jsfp_epv02.mdl
sw_plc/sgp_tex028.dds,sw_plc_cep/sgp_tex028.dds,21884,96dc2014beb2bc8f5dc1ffe2cac29f35c54ef684b7ddaa158cde8567aead59de,All observed ASCII and binary corpus consumers resolve to one category; actual bitmap/material/texture declaration verified after decompilation,sw_plc_cep/jsfp_epv01.mdl
sw_plc/sgp_tex029.dds,sw_plc_cep/sgp_tex029.dds,43724,02e1ba1d7af8785632b192e9a2c849924e61e44244b1524ba9251f6ec40ce3dd,All observed ASCII and binary corpus consumers resolve to one category; actual bitmap/material/texture declaration verified after decompilation,sw_plc_cep/jsfp_epv02.mdl
sw_plc/sgp_tex030.dds,sw_plc_cep/sgp_tex030.dds,21884,2eb26f3529255d36fdf8997b52a695e6eae7927118cba0150a7845ad2eaef3fa,All observed ASCII and binary corpus consumers resolve to one category; actual bitmap/material/texture declaration verified after decompilation,sw_plc_cep/jsfp_epv01.mdl
sw_plc/sgp_tex031.dds,sw_plc_cep/sgp_tex031.dds,2764,7405fede4875e54015fec723a41c2e0c1ec1c1919928e7ce3842f1630ef78ad2,All observed ASCII and binary corpus consumers resolve to one category; actual bitmap/material/texture declaration verified after decompilation,sw_plc_cep/sgp_dct01.mdl
sw_plc/sgp_tex032.dds,sw_plc_cep/sgp_tex032.dds,43724,42720665f39bd1f88d74264e33e14f5c9736cce441f531f74b8fdb1a62a3c317,All observed ASCII and binary corpus consumers resolve to one category; actual bitmap/material/texture declaration verified after decompilation,sw_plc_cep/sgp_csl01.mdl
sw_plc/sgp_tex033.dds,sw_plc_cep/sgp_tex033.dds,5508,d034c80618af1769eadf8cc682b8309facda748bd0d2003f1335ea12c8253c06,All observed ASCII and binary corpus consumers resolve to one category; actual bitmap/material/texture declaration verified after decompilation,sw_plc_cep/sgp_csl01.mdl
sw_plc/sgp_tex034.dds,sw_plc_cep/sgp_tex034.dds,10956,3213b064b730ae693a0b47a9bacfb2d5a668b07ebe303165039786ce6e6994df,All observed ASCII and binary corpus consumers resolve to one category; actual bitmap/material/texture declaration verified after decompilation,sw_plc_cep/sgp_csl02.mdl
sw_plc/sgp_tex036.dds,sw_plc_cep/sgp_tex036.dds,43724,7a027c02797656e4473f27abc741e7f1d117648d6b8a4d918af8c4c9de7affab,All observed ASCII and binary corpus consumers resolve to one category; actual bitmap/material/texture declaration verified after decompilation,sw_plc_cep/sgp_eqpt01.mdl; sw_plc_cep/sgp_eqpt01.mdl
sw_plc/sgp_tex037.dds,sw_plc_cep/sgp_tex037.dds,5500,579334a3890b563b66e24665579867f035ad96e86d6a789f05043dca92cefc34,All observed ASCII and binary corpus consumers resolve to one category; actual bitmap/material/texture declaration verified after decompilation,sw_plc_cep/sgp_btl01.mdl
sw_plc/sgp_tex038.dds,sw_plc_cep/sgp_tex038.dds,5500,ca82ecad0ba8c3ccbea343a6b0512dc8cb0598c1a641500861ef82ecf29e3774,All observed ASCII and binary corpus consumers resolve to one category; actual bitmap/material/texture declaration verified after decompilation,sw_plc_cep/sgp_btl01.mdl
sw_plc/sgp_tex039.dds,sw_plc_cep/sgp_tex039.dds,5500,0f3fff46184773eda8f263aef8ce2cce98ce84ec3463c9bec5d8e3fa6cfbb19c,All observed ASCII and binary corpus consumers resolve to one category; actual bitmap/material/texture declaration verified after decompilation,sw_plc_cep/sgp_btl02.mdl
sw_plc/sgp_tex040.dds,sw_plc_cep/sgp_tex040.dds,43724,124bc895e1496eb38f3fa364be3b7094883199c961c0b6042bdb59fd14979471,All observed ASCII and binary corpus consumers resolve to one category; actual bitmap/material/texture declaration verified after decompilation,sw_plc_cep/sgp_chr02.mdl
sw_plc/sgp_tex041.dds,sw_plc_cep/sgp_tex041.dds,43724,66dffa3b0bb46dccb676a908f34aa0fbee17cabd435868cd7dd668bb33609d3d,All observed ASCII and binary corpus consumers resolve to one category; actual bitmap/material/texture declaration verified after decompilation,sw_plc_cep/sgp_chr03.mdl
sw_plc/sgp_tex042.dds,sw_plc_cep/sgp_tex042.dds,43724,7d2d0e3d01a9a6310fe98653641e482549b365bfc633c43a706476d8766d2379,All observed ASCII and binary corpus consumers resolve to one category; actual bitmap/material/texture declaration verified after decompilation,sw_plc_cep/sgp_chr01.mdl; sw_plc_cep/sgp_cot01.mdl
sw_plc/sgp_tex043.dds,sw_plc_cep/sgp_tex043.dds,43724,828b1c854f5a4dc768b5629663bf49abe8002fa748d3b8f87a3f0ed8bb6c33f3,All observed ASCII and binary corpus consumers resolve to one category; actual bitmap/material/texture declaration verified after decompilation,sw_plc_cep/sgp_cot02.mdl
sw_plc/sgp_tex044.dds,sw_plc_cep/sgp_tex044.dds,43724,e77df3b3f57042522cad176d748c804e9986d082d69f79fe9d302f9aaf857a8f,All observed ASCII and binary corpus consumers resolve to one category; actual bitmap/material/texture declaration verified after decompilation,sw_plc_cep/sgp_cot03.mdl
sw_plc/sgp_tex045.dds,sw_plc_cep/sgp_tex045.dds,43724,95d3bfa8dda471db43624f3b0915fc712ae4817886936978a220bfebe625e6b7,All observed ASCII and binary corpus consumers resolve to one category; actual bitmap/material/texture declaration verified after decompilation,sw_plc_cep/sgp_ash01.mdl
sw_plc/sgp_tex046.dds,sw_plc_cep/sgp_tex046.dds,5508,ba16d6e08d2d9721beda5a7dee22dfabda1cdbfb40b83c43698c09f2c468bfb6,All observed ASCII and binary corpus consumers resolve to one category; actual bitmap/material/texture declaration verified after decompilation,sw_plc_cep/sgp_chr03.mdl
sw_plc/sgp_tex047.dds,sw_plc_cep/sgp_tex047.dds,10956,508ae3fbe777b72b29788222258cd71ffaeecc7505794fdc32b6cd3e900bb6cc,All observed ASCII and binary corpus consumers resolve to one category; actual bitmap/material/texture declaration verified after decompilation,sw_plc_cep/sgp_ash01.mdl
sw_plc/sgp_tex048.dds,sw_plc_cep/sgp_tex048.dds,43724,8562a4ea103fe4d614d63a6b9a80175cd55d0a7175152f42678eb920e6ec09a7,All observed ASCII and binary corpus consumers resolve to one category; actual bitmap/material/texture declaration verified after decompilation,sw_plc_cep/sgp_tent01.mdl; sw_plc_cep/sgp_tent05.mdl; sw_plc_cep/sgp_tent06.mdl
sw_plc/sgp_tex049.dds,sw_plc_cep/sgp_tex049.dds,43724,58a2f282b084dd50ba7339056c6844cde81507d64551d502d1737a02c7993986,All observed ASCII and binary corpus consumers resolve to one category; actual bitmap/material/texture declaration verified after decompilation,sw_plc_cep/sgp_tent01.mdl; sw_plc_cep/sgp_tent05.mdl; sw_plc_cep/sgp_tent06.mdl
sw_plc/sgp_tex050.dds,sw_plc_cep/sgp_tex050.dds,43724,5a4248a35430db09cb57cb22f01e02ad1ab2af47ce353491b57fa408b2457386,All observed ASCII and binary corpus consumers resolve to one category; actual bitmap/material/texture declaration verified after decompilation,sw_plc_cep/sgp_tent01.mdl; sw_plc_cep/sgp_tent02.mdl
sw_plc/sgp_tex051.dds,sw_plc_cep/sgp_tex051.dds,43724,f6e46651b2ec06aa02e8315a2ae54bcd882e68a2da8481b5cbbd819ffb90bded,All observed ASCII and binary corpus consumers resolve to one category; actual bitmap/material/texture declaration verified after decompilation,sw_plc_cep/sgp_tent02.mdl
sw_plc/sgp_tex053.dds,sw_plc_cep/sgp_tex053.dds,5500,8541a572f0a143e8e3cb9a411555e43e041c95b708833eb2362181c607efa5c4,All observed ASCII and binary corpus consumers resolve to one category; actual bitmap/material/texture declaration verified after decompilation,sw_plc_cep/sgp_spt02.mdl; sw_plc_cep/sgp_spt03.mdl
sw_plc/sgp_tex054.dds,sw_plc_cep/sgp_tex054.dds,43724,7f36b3985f0ec0b6d62cb7272f287920472faaf19e453cb2b40c32a6ea20ff40,All observed ASCII and binary corpus consumers resolve to one category; actual bitmap/material/texture declaration verified after decompilation,sw_plc_cep/sgp_spt02.mdl
sw_plc/sgp_tex055.dds,sw_plc_cep/sgp_tex055.dds,43724,8a8e98062b6e5911e148fb6b7d332f03dc1c81972e58e3ac7c50abc85d211302,All observed ASCII and binary corpus consumers resolve to one category; actual bitmap/material/texture declaration verified after decompilation,sw_plc_cep/sgp_spt03.mdl
sw_plc/sgp_tex056.dds,sw_plc_cep/sgp_tex056.dds,43724,c1b0ae1a7bab66f3d3c0fcc5ec60a9647c9e271b0dd3613adeb97cbc77f89b35,All observed ASCII and binary corpus consumers resolve to one category; actual bitmap/material/texture declaration verified after decompilation,sw_plc_cep/sgp_stool02.mdl
sw_plc/sgp_tex057.dds,sw_plc_cep/sgp_tex057.dds,43724,d3d10abca5977716a9e447f9636a018117e785d9aec5ceb221bbbcf806fb7843,All observed ASCII and binary corpus consumers resolve to one category; actual bitmap/material/texture declaration verified after decompilation,sw_plc_cep/sgp_tent05.mdl; sw_plc_cep/sgp_tent06.mdl
sw_plc/sgp_tex058.dds,sw_plc_cep/sgp_tex058.dds,43724,b3d73213166c6470a53eea1ad441948d42b729c85e7e428b9f7675dd48aa1a86,All observed ASCII and binary corpus consumers resolve to one category; actual bitmap/material/texture declaration verified after decompilation,sw_plc_cep/sgp_tent03.mdl
sw_plc/sgp_tex059.dds,sw_plc_cep/sgp_tex059.dds,43724,0e0250b3e068c303e549c73cf0ac3bb156339b19b281b6a62b0f2e2cd2a3d258,All observed ASCII and binary corpus consumers resolve to one category; actual bitmap/material/texture declaration verified after decompilation,sw_plc_cep/sgp_tent04.mdl
sw_plc/sgp_tex060.dds,sw_plc_cep/sgp_tex060.dds,43724,7d7589f94eb149e4d65d51f538300ea5ec797eaf1cc62e08104ee55317e09efc,All observed ASCII and binary corpus consumers resolve to one category; actual bitmap/material/texture declaration verified after decompilation,sw_plc_cep/sgp_tent04.mdl
sw_plc/sgp_tex062.dds,sw_plc_cep/sgp_tex062.dds,2764,440694c4bb10f9a840849eec9a6c659f6ce69718637c059f6b8440cde94a7b0e,All observed ASCII and binary corpus consumers resolve to one category; actual bitmap/material/texture declaration verified after decompilation,sw_plc_cep/sgp_dice02.mdl
sw_plc/sgp_tex064.dds,sw_plc_cep/sgp_tex064.dds,10956,24a8d7756ba06b98acec17053b7fc4a61e57a0a7b3fb93b65df603dbb7641129,All observed ASCII and binary corpus consumers resolve to one category; actual bitmap/material/texture declaration verified after decompilation,sw_plc_cep/sgp_card02.mdl
sw_plc/sgp_tex065.dds,sw_plc_cep/sgp_tex065.dds,43724,898129b589732747e71abe48b3727597c55477dccaf4c0cf74f7ef68371c222a,All observed ASCII and binary corpus consumers resolve to one category; actual bitmap/material/texture declaration verified after decompilation,sw_plc_cep/sgp_mach01.mdl
sw_plc/sgp_tex066.dds,sw_plc_cep/sgp_tex066.dds,10956,c38f74479618146a89359c463688fad857e7b980dadbb02ac6d0f6bab5d9d985,All observed ASCII and binary corpus consumers resolve to one category; actual bitmap/material/texture declaration verified after decompilation,sw_plc_cep/sgp_glue01.mdl
sw_plc/sgp_tex067.dds,sw_plc_cep/sgp_tex067.dds,5508,0eaf828f21232001c77d7a8aed278806b65988c27a9458ef330f45c091f7d03b,All observed ASCII and binary corpus consumers resolve to one category; actual bitmap/material/texture declaration verified after decompilation,sw_plc_cep/sgp_glue01.mdl
sw_plc/sgp_tex068.dds,sw_plc_cep/sgp_tex068.dds,43724,0d8204bf6dd40330ebc17a81567f0663e8757d25eb34438dedf7d49e87890059,All observed ASCII and binary corpus consumers resolve to one category; actual bitmap/material/texture declaration verified after decompilation,sw_plc_cep/sgp_ammo01.mdl
sw_plc/sgp_tex069.dds,sw_plc_cep/sgp_tex069.dds,43724,d8d32b7dfd54fd36f34ea9f3b4512497d4c8e5a381336d05d19c1f9c2dedb772,All observed ASCII and binary corpus consumers resolve to one category; actual bitmap/material/texture declaration verified after decompilation,sw_plc_cep/sgp_ammo02.mdl
sw_plc/sgp_tex070.dds,sw_plc_cep/sgp_tex070.dds,2764,e8114fb03c4cc905e1a9c62d2a8fb334665218d89f7f6181d9a44b3aaf06b909,All observed ASCII and binary corpus consumers resolve to one category; actual bitmap/material/texture declaration verified after decompilation,sw_plc_cep/sgp_ammo03.mdl
sw_plc/sgp_tex072.dds,sw_plc_cep/sgp_tex072.dds,10956,1ae1e66089ade62499d4392d108f91b5e6966e508970213793ebd1ea79e22590,All observed ASCII and binary corpus consumers resolve to one category; actual bitmap/material/texture declaration verified after decompilation,sw_plc_cep/sgp_armr01.mdl
sw_plc/sgp_tex073.dds,sw_plc_cep/sgp_tex073.dds,10956,abc218e3907a9c1c07d041658714cc0cccae16fdc9d8ebd4abdd26e74f8c4d40,All observed ASCII and binary corpus consumers resolve to one category; actual bitmap/material/texture declaration verified after decompilation,sw_plc_cep/sgp_armr02.mdl
sw_plc/sgp_tex074.dds,sw_plc_cep/sgp_tex074.dds,10956,7e6987de200cc46f74ea2a6bc4f1ca5948203536af3ce16a909c1feaa5d93c12,All observed ASCII and binary corpus consumers resolve to one category; actual bitmap/material/texture declaration verified after decompilation,sw_plc_cep/sgp_armr03.mdl
sw_plc/sgp_tex075.dds,sw_plc_cep/sgp_tex075.dds,2764,3ed798081c99c487c80c2ed87e8d49423618e29730bdc65ea8c8b0a790f989a6,All observed ASCII and binary corpus consumers resolve to one category; actual bitmap/material/texture declaration verified after decompilation,sw_plc_cep/sgp_cake01.mdl
sw_plc/sgp_tex076.dds,sw_plc_cep/sgp_tex076.dds,43724,abfbe9ce2b73d84574aa190085f6bdc592219021e6d8ca21c9f68a5b8e40954d,All observed ASCII and binary corpus consumers resolve to one category; actual bitmap/material/texture declaration verified after decompilation,sw_plc_cep/sgp_cann01.mdl
sw_plc/sgp_tex078.dds,sw_plc_cep/sgp_tex078.dds,10956,52cbfc3476d36c4ee588ac43d193c335686555ff3fad3a07a3f59c544a31735e,All observed ASCII and binary corpus consumers resolve to one category; actual bitmap/material/texture declaration verified after decompilation,sw_plc_cep/sgp_bag02.mdl
sw_plc/sgp_tex079.dds,sw_plc_cep/sgp_tex079.dds,43724,20543ab979e21de6cdf386f1253edaf6eaf1378c49ada09a3a147d2fb6e62d68,All observed ASCII and binary corpus consumers resolve to one category; actual bitmap/material/texture declaration verified after decompilation,sw_plc_cep/sgp_comp04.mdl
sw_plc/sgp_tex081.dds,sw_plc_cep/sgp_tex081.dds,10956,dbb9eb5eb921bc4bdd6b33f851baeafff4028f87f9cd49280aea6f6832d45531,All observed ASCII and binary corpus consumers resolve to one category; actual bitmap/material/texture declaration verified after decompilation,sw_plc_cep/sgp_crt02.mdl
sw_plc/sgp_tex082.dds,sw_plc_cep/sgp_tex082.dds,10956,24f9936da2d0f82faf40364ebf7c585ad2880c3341ed8df6587e96bff6b92fbc,All observed ASCII and binary corpus consumers resolve to one category; actual bitmap/material/texture declaration verified after decompilation,sw_plc_cep/sgp_cloth01.mdl
sw_plc/sgp_tex089.dds,sw_plc_cep/sgp_tex089.dds,10956,c0c2bc3726e785ebb0e483bb168ad2bc55379edf3c479b0e98347f270de80d68,All observed ASCII and binary corpus consumers resolve to one category; actual bitmap/material/texture declaration verified after decompilation,sw_plc_cep/sgp_drink01.mdl
sw_plc/sgp_tex090.dds,sw_plc_cep/sgp_tex090.dds,10956,4933569b4d1ff76d774b72d83c26f2d8202637c06e7017c0a5b167be8014d4a1,All observed ASCII and binary corpus consumers resolve to one category; actual bitmap/material/texture declaration verified after decompilation,sw_plc_cep/sgp_drink02.mdl
sw_plc/sgp_tex098.dds,sw_plc_cep/sgp_tex098.dds,10956,1910b399d86028efce4300f862b3590cdfa97126594ad1a8b1712429249e64b5,All observed ASCII and binary corpus consumers resolve to one category; actual bitmap/material/texture declaration verified after decompilation,sw_plc_cep/sgp_comp17.mdl
sw_plc/sgp_tex099.dds,sw_plc_cep/sgp_tex099.dds,43724,c1115631c4975da10a3baa3518edc75fbc996478da7ff8145c45de72d63cf70a,All observed ASCII and binary corpus consumers resolve to one category; actual bitmap/material/texture declaration verified after decompilation,sw_plc_cep/sgp_bldg01.mdl
sw_plc/sgp_tex101.dds,sw_plc_cep/sgp_tex101.dds,43724,bc9eebf2991f1b83455de81fc25f71de69edd79cf52730579bc5372d0e9087c3,All observed ASCII and binary corpus consumers resolve to one category; actual bitmap/material/texture declaration verified after decompilation,sw_plc_cep/sgp_turb01.mdl; sw_plc_cep/sgp_turb01.mdl
sw_plc/sgp_tex103.dds,sw_plc_cep/sgp_tex103.dds,10956,8c06f0020d3062f559e34cebce35071220fe185317a78cb772ff83b5294daa70,All observed ASCII and binary corpus consumers resolve to one category; actual bitmap/material/texture declaration verified after decompilation,sw_plc_cep/sgp_meat01.mdl
sw_plc/sgp_tex104.dds,sw_plc_cep/sgp_tex104.dds,43724,3d0c8dc13281e44c39984bdfaf71aa1f718140eb1dc3f691cfb386ae87a5edbb,All observed ASCII and binary corpus consumers resolve to one category; actual bitmap/material/texture declaration verified after decompilation,sw_plc_cep/sgp_var01.mdl
sw_plc/sgp_tex105.dds,sw_plc_cep/sgp_tex105.dds,21884,2ca65c02e2502fd02d548f3a3633614c018816c7319c7ceb80403a66099b31b7,All observed ASCII and binary corpus consumers resolve to one category; actual bitmap/material/texture declaration verified after decompilation,sw_plc_cep/sgp_tent02.mdl
sw_plc/sgp_tex106.dds,sw_plc_cep/sgp_tex106.dds,43724,18b37a80145ad9c7c3c654f12bde0c2a48814b3fe12f8847e86ce69c750f9956,All observed ASCII and binary corpus consumers resolve to one category; actual bitmap/material/texture declaration verified after decompilation,sw_plc_cep/sgp_htch01.mdl
sw_plc/sgp_tex107.dds,sw_plc_cep/sgp_tex107.dds,43724,bbf3c0638a1207e5659d04563e2dd44282a86cf5dd864a01227579be90190604,All observed ASCII and binary corpus consumers resolve to one category; actual bitmap/material/texture declaration verified after decompilation,sw_plc_cep/jsfp_ctrn01.mdl; sw_plc_cep/jsfp_ctrn02.mdl; sw_plc_cep/jsfp_ctrn03.mdl; sw_plc_cep/sgp_tnk01.mdl
sw_plc/sgp_tex108.dds,sw_plc_cep/sgp_tex108.dds,21884,d90efce7ac466e6a986879c5aafa57ef6abb0f2b6432fe58e7cbb7549f9e9bbb,All observed ASCII and binary corpus consumers resolve to one category; actual bitmap/material/texture declaration verified after decompilation,sw_plc_cep/jsfp_ctrn01.mdl; sw_plc_cep/jsfp_ctrn02.mdl; sw_plc_cep/jsfp_ctrn03.mdl; sw_plc_cep/sgp_tnk01.mdl
sw_plc/sgp_tex109.dds,sw_plc_cep/sgp_tex109.dds,10956,36fa74c142f5e1a20a67efb899639192f58d401ed62f56993d75dd95bbb73174,All observed ASCII and binary corpus consumers resolve to one category; actual bitmap/material/texture declaration verified after decompilation,sw_plc_cep/sgp_dcp01.mdl
sw_plc/sgp_tex110.dds,sw_plc_cep/sgp_tex110.dds,43724,8771e7cd98d7d97aa287f05a51d67635603fa8b61bec3b22332d0ca8c3905e48,All observed ASCII and binary corpus consumers resolve to one category; actual bitmap/material/texture declaration verified after decompilation,sw_plc_cep/sgp_tent03.mdl
sw_plc/sgp_tex111.dds,sw_plc_cep/sgp_tex111.dds,43724,1ea669014316f4437b34de0f0c1a501e135b3604a406544751c245a08be552fd,All observed ASCII and binary corpus consumers resolve to one category; actual bitmap/material/texture declaration verified after decompilation,sw_plc_cep/sgp_tent07.mdl; sw_plc_cep/sgp_tent08.mdl
sw_plc/sgp_tex112.dds,sw_plc_cep/sgp_tex112.dds,43724,fe3bd83f1a29ee860ab0f042458dd32a02bf756c27a44fa8696006184dc1e418,All observed ASCII and binary corpus consumers resolve to one category; actual bitmap/material/texture declaration verified after decompilation,sw_plc_cep/sgp_tent02.mdl; sw_plc_cep/sgp_tent07.mdl; sw_plc_cep/sgp_tent08.mdl
sw_plc/sgp_tex113.dds,sw_plc_cep/sgp_tex113.dds,43724,ef9e0759d80ac9526d61e196d636dbc685975814b1e8f24c5622edb7b16f8ac8,All observed ASCII and binary corpus consumers resolve to one category; actual bitmap/material/texture declaration verified after decompilation,sw_plc_cep/sgp_tent07.mdl; sw_plc_cep/sgp_tent08.mdl
sw_plc/sgp_tex114.dds,sw_plc_cep/sgp_tex114.dds,43724,1e3b6b4b767a5c4e283e85577f04d6918a4ca3ab79cc43da11560291f488fd6e,All observed ASCII and binary corpus consumers resolve to one category; actual bitmap/material/texture declaration verified after decompilation,sw_plc_cep/sgp_tent07.mdl; sw_plc_cep/sgp_tent08.mdl
sw_plc/sgp_tex115.dds,sw_plc_cep/sgp_tex115.dds,43724,85a0ecc0a4236efbdae488209f19ba300e89d8e0254ce546ff84a64e248aabc3,All observed ASCII and binary corpus consumers resolve to one category; actual bitmap/material/texture declaration verified after decompilation,sw_plc_cep/sgp_trml04.mdl
sw_plc/sgp_tex116.dds,sw_plc_cep/sgp_tex116.dds,43724,090cd93f25ed84d2df11aebde2e02d000ea8499fda83e2e0d067370573970264,All observed ASCII and binary corpus consumers resolve to one category; actual bitmap/material/texture declaration verified after decompilation,sw_plc_cep/sgp_trml04.mdl
sw_plc/sgp_tex117.dds,sw_plc_cep/sgp_tex117.dds,5500,34d11588974f8af2a32f2f612997741e4e5553d48fedb30d95d4c2c28cc629c8,All observed ASCII and binary corpus consumers resolve to one category; actual bitmap/material/texture declaration verified after decompilation,sw_plc_cep/sgp_trml04.mdl
sw_plc/sgp_tex118.dds,sw_plc_cep/sgp_tex118.dds,43724,80eaa9b2e58463eef5f316dbfe28a89d3e77dab3bf5774f00a467a2af6a79012,All observed ASCII and binary corpus consumers resolve to one category; actual bitmap/material/texture declaration verified after decompilation,sw_plc_cep/sgp_trml08.mdl
sw_plc/sgp_tex119.dds,sw_plc_cep/sgp_tex119.dds,21892,eb08319640807e9c890e418dd3490a36ae74e57b0c75f89f0b815619f0312d08,All observed ASCII and binary corpus consumers resolve to one category; actual bitmap/material/texture declaration verified after decompilation,sw_plc_cep/sgp_trml08.mdl
sw_plc/sgp_tex120.dds,sw_plc_cep/sgp_tex120.dds,43724,0f746d418d4f86d857be064660ffe348af23e4c8989718b6da1cbb595e560894,All observed ASCII and binary corpus consumers resolve to one category; actual bitmap/material/texture declaration verified after decompilation,sw_plc_cep/sgp_trml07.mdl
sw_plc/sgp_tex121.dds,sw_plc_cep/sgp_tex121.dds,43724,f0b2b5ee85a7d4049551aad06609fc92e9cb9b7f2f53a82d7787acd34784cadb,All observed ASCII and binary corpus consumers resolve to one category; actual bitmap/material/texture declaration verified after decompilation,sw_plc_cep/sgp_trml03.mdl; sw_plc_cep/sgp_trml05.mdl
sw_plc/sgp_tex122.dds,sw_plc_cep/sgp_tex122.dds,43724,f9593fbffd8964cc7dc69b2d8ba24a13cd64d7177f6f912dda2cf590a94e5116,All observed ASCII and binary corpus consumers resolve to one category; actual bitmap/material/texture declaration verified after decompilation,sw_plc_cep/sgp_trml04.mdl
sw_plc/sgp_tex123.dds,sw_plc_cep/sgp_tex123.dds,10956,a61c8f583defccfc60789a84e681629a7d07d2006d01d8bd88b76b4409d82809,All observed ASCII and binary corpus consumers resolve to one category; actual bitmap/material/texture declaration verified after decompilation,sw_plc_cep/sgp_trml05.mdl
sw_plc/sgp_tex124.dds,sw_plc_cep/sgp_tex124.dds,43724,79bbdf2a3d326556ceb2bc745bc42af471e5d17eb28db51a943816cdf9fbc1fa,All observed ASCII and binary corpus consumers resolve to one category; actual bitmap/material/texture declaration verified after decompilation,sw_plc_cep/sgp_trml01.mdl; sw_plc_cep/sgp_trml02.mdl; sw_plc_cep/sgp_trml03.mdl; sw_plc_cep/sgp_trml05.mdl; sw_plc_cep/sgp_trml06.mdl; sw_plc_cep/sgp_trml06.mdl; sw_plc_cep/sgp_trml07.mdl; sw_plc_cep/sgp_trml09.mdl
sw_plc/sgp_tex126.dds,sw_plc_cep/sgp_tex126.dds,43724,0e778b6e4a2949a1262844c194feb91f32ba5a5f21e011b41a42ebe98b1f5ae2,All observed ASCII and binary corpus consumers resolve to one category; actual bitmap/material/texture declaration verified after decompilation,sw_plc_cep/sgp_trml01.mdl; sw_plc_cep/sgp_trml02.mdl; sw_plc_cep/sgp_trml03.mdl; sw_plc_cep/sgp_trml05.mdl; sw_plc_cep/sgp_trml06.mdl; sw_plc_cep/sgp_trml07.mdl; sw_plc_cep/sgp_trml09.mdl
sw_plc/sgp_tex127.dds,sw_plc_cep/sgp_tex127.dds,43724,e9d0409657ad18bdf8cd20ca9e0df3de4d5e2e621f6cb2b24db00b398ed8b57b,All observed ASCII and binary corpus consumers resolve to one category; actual bitmap/material/texture declaration verified after decompilation,sw_plc_cep/sgp_trml07.mdl
sw_plc/sgp_tex128.dds,sw_plc_cep/sgp_tex128.dds,43724,5f7295109c8794d0900b8f88ac87e0e0797a69f4bc92090588cc78d16cd889af,All observed ASCII and binary corpus consumers resolve to one category; actual bitmap/material/texture declaration verified after decompilation,sw_plc_cep/sgp_trml07.mdl; sw_plc_cep/sgp_trml09.mdl
sw_plc/sgp_tex129.dds,sw_plc_cep/sgp_tex129.dds,5500,3dc98a8c58d5a4379a4defc12f97e9db4cb6bffddb58f061a81b188124fb08bc,All observed ASCII and binary corpus consumers resolve to one category; actual bitmap/material/texture declaration verified after decompilation,sw_plc_cep/sgp_ldgr01.mdl
sw_plc/sgp_tex131.dds,sw_plc_cep/sgp_tex131.dds,87420,7ea8f3c0bb4f50084fcb4b7a44507fabdcb4088789d3a7c4a884d0f6e08ac916,All observed ASCII and binary corpus consumers resolve to one category; actual bitmap/material/texture declaration verified after decompilation,sw_plc_cep/jsfp_drod01.mdl
sw_plc/sgp_tex132.dds,sw_plc_cep/sgp_tex132.dds,174796,3ef1fa0367eda8a5f523168878d780db08f03b773edd1444b7c4dbbd4db4dce4,All observed ASCII and binary corpus consumers resolve to one category; actual bitmap/material/texture declaration verified after decompilation,sw_plc_cep/sgp_supp01.mdl
sw_plc/sgp_tex133.dds,sw_plc_cep/sgp_tex133.dds,21884,aa900c4a1fac8aa508614e4b46ad8f4fef3d68877210790f97e381684e90d75b,All observed ASCII and binary corpus consumers resolve to one category; actual bitmap/material/texture declaration verified after decompilation,sw_plc_cep/sgp_pipes01.mdl; sw_plc_cep/sgp_pipes02.mdl
sw_plc/sgp_tex134.dds,sw_plc_cep/sgp_tex134.dds,43724,30602af4d41c28c16dc3a3208881ff7389c7563219f8fdd9fa765accda8ccea4,All observed ASCII and binary corpus consumers resolve to one category; actual bitmap/material/texture declaration verified after decompilation,sw_plc_cep/sgp_pipes01.mdl; sw_plc_cep/sgp_pipes02.mdl
sw_plc/sgp_tex135.dds,sw_plc_cep/sgp_tex135.dds,21884,310b2c0754a5f2bcf435c6e2300b827e07371a52e12079ce1181927cca3a20ca,All observed ASCII and binary corpus consumers resolve to one category; actual bitmap/material/texture declaration verified after decompilation,sw_plc_cep/sgp_pipes01.mdl; sw_plc_cep/sgp_pipes02.mdl
sw_plc/sgp_tex136.dds,sw_plc_cep/sgp_tex136.dds,21884,b068344b8fd96001d7dde147e63037a5396fd56354f702752e99e97d2631d632,All observed ASCII and binary corpus consumers resolve to one category; actual bitmap/material/texture declaration verified after decompilation,sw_plc_cep/jsfp_ctrn01.mdl; sw_plc_cep/jsfp_ctrn02.mdl; sw_plc_cep/jsfp_ctrn03.mdl; sw_plc_cep/sgp_tnk01.mdl
sw_plc/sgp_tex137.dds,sw_plc_cep/sgp_tex137.dds,10956,3d72d6673b3c627492221d9cbcef7c4bd7f6784ebd3277d8ad5f740ca6d8bd76,All observed ASCII and binary corpus consumers resolve to one category; actual bitmap/material/texture declaration verified after decompilation,sw_plc_cep/sgp_tube01.mdl
sw_plc/sgp_tex138.dds,sw_plc_cep/sgp_tex138.dds,43724,4ade00c9883ee6b324aae0eb6298994df773949ec5a88f7094f7cdb1156d9145,All observed ASCII and binary corpus consumers resolve to one category; actual bitmap/material/texture declaration verified after decompilation,sw_plc_cep/sgp_tube01.mdl
sw_plc/sgp_tex139.dds,sw_plc_cep/sgp_tex139.dds,43724,d655d2f694a32660958338345ff9582af73a123549cc869743b99ce826541dc1,All observed ASCII and binary corpus consumers resolve to one category; actual bitmap/material/texture declaration verified after decompilation,sw_plc_cep/sgp_trml05.mdl
sw_plc/sgp_tex140.dds,sw_plc_cep/sgp_tex140.dds,43724,e0d7865e8274bcaf58a569eef7df2544553245c8f28732efdad9a5c521a047ea,All observed ASCII and binary corpus consumers resolve to one category; actual bitmap/material/texture declaration verified after decompilation,sw_plc_cep/sgp_cdt01.mdl
sw_plc/sgp_tex141.dds,sw_plc_cep/sgp_tex141.dds,5508,62ff7d21e5cbb15a974df46a9eab2f089cdbbf9a1d2b4417eba4aea772cd0a94,All observed ASCII and binary corpus consumers resolve to one category; actual bitmap/material/texture declaration verified after decompilation,sw_plc_cep/sgp_cdt01.mdl
sw_plc/sgp_tex142.dds,sw_plc_cep/sgp_tex142.dds,43724,caf646e408f312a413c21a5d8c095ef2ddf8c48a8fc77007bfd4ce161015546e,All observed ASCII and binary corpus consumers resolve to one category; actual bitmap/material/texture declaration verified after decompilation,sw_plc_cep/sgp_techp01.mdl
sw_plc/sgp_tex143.dds,sw_plc_cep/sgp_tex143.dds,2764,0f5b7a87fad821fda72bde35fd50c200a129a4d345fab9b13368ddb9d9d377f3,All observed ASCII and binary corpus consumers resolve to one category; actual bitmap/material/texture declaration verified after decompilation,sw_plc_cep/jsfp_condt01.mdl
sw_plc/sgp_tex144.dds,sw_plc_cep/sgp_tex144.dds,21884,f4c9bc201de9e3c7f4170556b16ea9355c6a4eee96aa24cc176f6b27d2916518,All observed ASCII and binary corpus consumers resolve to one category; actual bitmap/material/texture declaration verified after decompilation,sw_plc_cep/jsfp_condt01.mdl
sw_plc/sgp_tex145.dds,sw_plc_cep/sgp_tex145.dds,43724,0e7cd929c85c3b26d57e3a4daf9d80ea5d7ba1209b2485d90c58f97cd1c8cc5b,All observed ASCII and binary corpus consumers resolve to one category; actual bitmap/material/texture declaration verified after decompilation,sw_plc_cep/jsfp_condt01.mdl
sw_plc/sgp_tex146.dds,sw_plc_cep/sgp_tex146.dds,21884,016c95f5f0a0605ddae0c92360af35bd67282845ed744a0b576faa87d934b38c,All observed ASCII and binary corpus consumers resolve to one category; actual bitmap/material/texture declaration verified after decompilation,sw_plc_cep/jsfp_condt01.mdl
sw_plc/sgp_tex147.dds,sw_plc_cep/sgp_tex147.dds,43724,5f032053a04a1090a554086f35c59114de45d3349c40988b36b704d52c23074c,All observed ASCII and binary corpus consumers resolve to one category; actual bitmap/material/texture declaration verified after decompilation,sw_plc_cep/sgp_shpc01.mdl
sw_plc/sgp_tex148.dds,sw_plc_cep/sgp_tex148.dds,43724,d935bd1aa392b4fa5a94f1838f26eeec6d1b92303c53fb56d01316510c414232,All observed ASCII and binary corpus consumers resolve to one category; actual bitmap/material/texture declaration verified after decompilation,sw_plc_cep/sgp_shpc02.mdl
sw_plc/sgp_tex149.dds,sw_plc_cep/sgp_tex149.dds,43724,f48ff02073c80618eb0e7f6d25f19600bbc38260fe75f6531bbe57b443a0ac2e,All observed ASCII and binary corpus consumers resolve to one category; actual bitmap/material/texture declaration verified after decompilation,sw_plc_cep/sgp_shpc04.mdl
sw_plc/sgp_tex150.dds,sw_plc_cep/sgp_tex150.dds,43724,9f7c49f6cee7717d7009f4ddf4bee7fdc94369bebd7f18b790f1234c76a68bd8,All observed ASCII and binary corpus consumers resolve to one category; actual bitmap/material/texture declaration verified after decompilation,sw_plc_cep/sgp_shpc03.mdl
sw_plc/sgp_tex151.dds,sw_plc_cep/sgp_tex151.dds,43724,513fcafd8328c98cac4bdb5b4598c8527da2c8108dd153efd98332fcb2d6b360,All observed ASCII and binary corpus consumers resolve to one category; actual bitmap/material/texture declaration verified after decompilation,sw_plc_cep/sgp_shpc05.mdl
sw_plc/sgp_tex152.dds,sw_plc_cep/sgp_tex152.dds,43724,403f47b9948c43534ec8e73cf83c3b9487ff0c5480bd19de453f5c442281eff9,All observed ASCII and binary corpus consumers resolve to one category; actual bitmap/material/texture declaration verified after decompilation,sw_plc_cep/sgp_shpc06.mdl
sw_plc/sgp_tex153.dds,sw_plc_cep/sgp_tex153.dds,43724,036d74b13357981c8a1aefc2b595de4d9bc3dad8b94da38aa417f1d984bd08f4,All observed ASCII and binary corpus consumers resolve to one category; actual bitmap/material/texture declaration verified after decompilation,sw_plc_cep/sgp_shpc07.mdl
sw_plc/sgp_tex154.dds,sw_plc_cep/sgp_tex154.dds,87420,82ca950588b763eaade60b995c946598c7bc885943f410a2973b7b273e542e23,All observed ASCII and binary corpus consumers resolve to one category; actual bitmap/material/texture declaration verified after decompilation,sw_plc_cep/sgp_shpc08.mdl
sw_plc/sgp_tex155.dds,sw_plc_cep/sgp_tex155.dds,10956,f55d71ffdcf9f740274bdf07c3dce2feb1ce6e59855fceceb8ed8c03117d1c09,All observed ASCII and binary corpus consumers resolve to one category; actual bitmap/material/texture declaration verified after decompilation,sw_plc_cep/sgp_shpc08.mdl
sw_plc/sgp_tex156.dds,sw_plc_cep/sgp_tex156.dds,43724,2c687a6363be0e99f1e4d8e8fa3f1f9893d34d94c9cea4f477f2d465e3a89424,All observed ASCII and binary corpus consumers resolve to one category; actual bitmap/material/texture declaration verified after decompilation,sw_plc_cep/sgp_shpc09.mdl
sw_plc/sgp_tex157.dds,sw_plc_cep/sgp_tex157.dds,10956,fbe62b96bd00d3d82d874af6a977a41406377679ae4ff7fd1df5fa19edbc32cb,All observed ASCII and binary corpus consumers resolve to one category; actual bitmap/material/texture declaration verified after decompilation,sw_plc_cep/sgp_shpc09.mdl
sw_plc/sgp_tex158.dds,sw_plc_cep/sgp_tex158.dds,43724,c9fca17bb331a67dab828edd4ff0cc8e9a093fd73c5b0b2e86098968f4192e57,All observed ASCII and binary corpus consumers resolve to one category; actual bitmap/material/texture declaration verified after decompilation,sw_plc_cep/sgp_shpc10.mdl
sw_plc/sgp_tex159.dds,sw_plc_cep/sgp_tex159.dds,43724,d1fa92c297239bdb676cbaa28c3aa6b885d4841a95fba6de41fc6eaf12149c11,All observed ASCII and binary corpus consumers resolve to one category; actual bitmap/material/texture declaration verified after decompilation,sw_plc_cep/sgp_shpc11.mdl
sw_plc/sgp_tex160.dds,sw_plc_cep/sgp_tex160.dds,43724,39b6283db1a5b3735624699055206287746b21d13995abab181e505073c8218e,All observed ASCII and binary corpus consumers resolve to one category; actual bitmap/material/texture declaration verified after decompilation,sw_plc_cep/sgp_shpc12.mdl
sw_plc/sgp_tex161.dds,sw_plc_cep/sgp_tex161.dds,43724,dfd67cf46e7722ae6ab449069c15d91523412b2ff110d7598f94ada593066706,All observed ASCII and binary corpus consumers resolve to one category; actual bitmap/material/texture declaration verified after decompilation,sw_plc_cep/sgp_shpc13.mdl
sw_plc/sgp_tex162.dds,sw_plc_cep/sgp_tex162.dds,43724,746ae3ff362fa32c71cc8b0a09f27279883d114151da51b8c9403786e2f9f1ca,All observed ASCII and binary corpus consumers resolve to one category; actual bitmap/material/texture declaration verified after decompilation,sw_plc_cep/sgp_shpc14.mdl
sw_plc/sgp_tex163.dds,sw_plc_cep/sgp_tex163.dds,10956,80b20c82f1aa27423cef4df75e2ab0d09ba2edcc3591a7572777e0393e0d263c,All observed ASCII and binary corpus consumers resolve to one category; actual bitmap/material/texture declaration verified after decompilation,sw_plc_cep/jsfp_sgn02.mdl; sw_plc_cep/sgp_sgn02.mdl; sw_plc_cep/sgp_sgn03.mdl
sw_plc/sgp_tex165.dds,sw_plc_cep/sgp_tex165.dds,10956,160377e063107860ef46226a9247ac34f5d831f2e7f96bcaf8dff3a43ee5e690,All observed ASCII and binary corpus consumers resolve to one category; actual bitmap/material/texture declaration verified after decompilation,sw_plc_cep/jsfp_sgn04.mdl
sw_plc/sgp_tex167.dds,sw_plc_cep/sgp_tex167.dds,43724,fdc844ca168233aabe20dadc87d64f836e60d0dfd150f780a7a8f7c78c88b4bb,All observed ASCII and binary corpus consumers resolve to one category; actual bitmap/material/texture declaration verified after decompilation,sw_plc_cep/sgp_swit01.mdl
sw_plc/sgp_tex168.dds,sw_plc_cep/sgp_tex168.dds,43724,715a46c3e5536f89ea6652b3fb4db3f4820cd59ecc1704b6bd71da54bb2257a7,All observed ASCII and binary corpus consumers resolve to one category; actual bitmap/material/texture declaration verified after decompilation,sw_plc_cep/sgp_dbr01.mdl
sw_plc/sgp_tex169.dds,sw_plc_cep/sgp_tex169.dds,21892,49969b08637338d2c73e1b6e465c08884a3c0b5f2020a574f628494aff684274,All observed ASCII and binary corpus consumers resolve to one category; actual bitmap/material/texture declaration verified after decompilation,sw_plc_cep/jsfp_ctrn01.mdl; sw_plc_cep/jsfp_ctrn02.mdl; sw_plc_cep/jsfp_ctrn03.mdl; sw_plc_cep/sgp_tnk01.mdl
sw_plc/sgp_tex170.dds,sw_plc_cep/sgp_tex170.dds,174796,cda8d2f1b793a83c0ee6d17ed8b15c986bcd77ee9cabcdee62209ee17df7c49c,All observed ASCII and binary corpus consumers resolve to one category; actual bitmap/material/texture declaration verified after decompilation,sw_plc_cep/jsfp_trsfo01.mdl; sw_plc_cep/jsfp_trsfo02.mdl; sw_plc_cep/jsfp_trsfo03.mdl; sw_plc_cep/jsfp_trsfo04.mdl
sw_plc/sgp_tex171.dds,sw_plc_cep/sgp_tex171.dds,43724,474b76dfd632ca6cf680fd9fe636317b5796bd53adebd7b38a59ccdc8aba734c,All observed ASCII and binary corpus consumers resolve to one category; actual bitmap/material/texture declaration verified after decompilation,sw_plc_cep/sgp_tube01.mdl
sw_plc/sgp_tex172.dds,sw_plc_cep/sgp_tex172.dds,21892,30942e03d3b72ceab7e4b0d934e589649f6abaafb7a9c258ab93dc1b68e410e3,All observed ASCII and binary corpus consumers resolve to one category; actual bitmap/material/texture declaration verified after decompilation,sw_plc_cep/sgp_atfct01.mdl
sw_plc/sgp_tex175.dds,sw_plc_cep/sgp_tex175.dds,10956,5ca74b35abc27087742c287100e990fc70eee09c644b9647f7059a6262c992aa,All observed ASCII and binary corpus consumers resolve to one category; actual bitmap/material/texture declaration verified after decompilation,sw_plc_cep/sgp_brfc01.mdl
sw_plc/sgp_tex176.dds,sw_plc_cep/sgp_tex176.dds,10956,a515529c55b425c3b66927e39e24045bc31ea022fb4e02daeb57ce3827495cfc,All observed ASCII and binary corpus consumers resolve to one category; actual bitmap/material/texture declaration verified after decompilation,sw_plc_cep/sgp_cmr01.mdl
sw_plc/sgp_tex177.dds,sw_plc_cep/sgp_tex177.dds,43724,fd0fbb85d7836716c8e6deae9b48721173d92e2248e1c0af094e183d4864401c,All observed ASCII and binary corpus consumers resolve to one category; actual bitmap/material/texture declaration verified after decompilation,sw_plc_cep/sgp_cnt01.mdl
sw_plc/sgp_tex178.dds,sw_plc_cep/sgp_tex178.dds,43724,af1f7e1cf63b652953ef1cf64644e529ac0be7a5089e423e2c41845dd724fb91,All observed ASCII and binary corpus consumers resolve to one category; actual bitmap/material/texture declaration verified after decompilation,sw_plc_cep/sgp_mdc01.mdl
sw_plc/sgp_tex179.dds,sw_plc_cep/sgp_tex179.dds,43724,dc21e786302ae6710bb9782d449b9cf8be91535003c0631739a092714c0cfd45,All observed ASCII and binary corpus consumers resolve to one category; actual bitmap/material/texture declaration verified after decompilation,sw_plc_cep/sgp_eng01.mdl
sw_plc/sgp_tex180.dds,sw_plc_cep/sgp_tex180.dds,43724,633b9f1fcee8b4dd416591f797e679cee7ffef78aa75a34f782d268f564b9c72,All observed ASCII and binary corpus consumers resolve to one category; actual bitmap/material/texture declaration verified after decompilation,sw_plc_cep/sgp_kst01.mdl
sw_plc/sgp_tex181.dds,sw_plc_cep/sgp_tex181.dds,21892,7f655f3a5266590c1752c4ece489d816cdcca4478d162569461887577e75bd25,All observed ASCII and binary corpus consumers resolve to one category; actual bitmap/material/texture declaration verified after decompilation,sw_plc_cep/sgp_kst01.mdl
sw_plc/sgp_tex183.dds,sw_plc_cep/sgp_tex183.dds,43724,06f77a35313726ce8cb4167a86b6bc8dde811069ddcbbd53ad7953b953452398,All observed ASCII and binary corpus consumers resolve to one category; actual bitmap/material/texture declaration verified after decompilation,sw_plc_cep/sgp_dsk01.mdl
sw_plc/sgp_tex184.dds,sw_plc_cep/sgp_tex184.dds,21884,15b4faaebd403f556d246464d5112ad8534c10c5b08a495e85c4641f9471f0c6,All observed ASCII and binary corpus consumers resolve to one category; actual bitmap/material/texture declaration verified after decompilation,sw_plc_cep/sgp_dsk01.mdl
sw_plc/sgp_tex185.dds,sw_plc_cep/sgp_tex185.dds,2764,dfd1a87283bdd1e7cabb469ae7e90002370c07dbd7c9f3c230b7a3be80b9dd66,All observed ASCII and binary corpus consumers resolve to one category; actual bitmap/material/texture declaration verified after decompilation,sw_plc_cep/sgp_bbl01.mdl
sw_plc/sgp_tex186.dds,sw_plc_cep/sgp_tex186.dds,21892,f9cefbe18b1298bc5a0bac594294e47e063cfc790cefb0f23d2cd074fdc8a350,All observed ASCII and binary corpus consumers resolve to one category; actual bitmap/material/texture declaration verified after decompilation,sw_plc_cep/sgp_bbl01.mdl
sw_plc/sgp_tex187.dds,sw_plc_cep/sgp_tex187.dds,43724,24b9c9fb6264f3212f750a019ba1231df7ea804f55f201f9d4006c7b6e53da8f,All observed ASCII and binary corpus consumers resolve to one category; actual bitmap/material/texture declaration verified after decompilation,sw_plc_cep/sgp_tkg01.mdl
sw_plc/sgp_tex188.dds,sw_plc_cep/sgp_tex188.dds,43724,b78c139d113286019bb8ea393809bd7c99cb86844ca3f670a9e93fa5063a7247,All observed ASCII and binary corpus consumers resolve to one category; actual bitmap/material/texture declaration verified after decompilation,sw_plc_cep/jsfp_sgn04.mdl; sw_plc_cep/jsfp_sgna01.mdl; sw_plc_cep/jsfp_sgna02.mdl; sw_plc_cep/jsfp_sgna03.mdl; sw_plc_cep/jsfp_sgna04.mdl; sw_plc_cep/jsfp_sgna05.mdl; sw_plc_cep/jsfp_sgna06.mdl; sw_plc_cep/jsfp_sgna07.mdl
sw_plc/sgp_tex189.dds,sw_plc_cep/sgp_tex189.dds,43724,2df51b49e738149405c49ef7dc206ad8f401bf8a0fce872042ff29e869bc2480,All observed ASCII and binary corpus consumers resolve to one category; actual bitmap/material/texture declaration verified after decompilation,sw_plc_cep/jsfp_sgn02.mdl
sw_plc/sgp_tex190.dds,sw_plc_cep/sgp_tex190.dds,21884,074eea6c9a2fa450370dcff5ad82eeb596808320d14ac2828a2093fc68bd0919,All observed ASCII and binary corpus consumers resolve to one category; actual bitmap/material/texture declaration verified after decompilation,sw_plc_cep/sgp_tent08.mdl
sw_plc/sgp_tex191.dds,sw_plc_cep/sgp_tex191.dds,21884,9954f115857a564b20e58338d4a15c7cb722b3e340be8e69dd830a7708a598ee,All observed ASCII and binary corpus consumers resolve to one category; actual bitmap/material/texture declaration verified after decompilation,sw_plc_cep/sgp_crt01.mdl
sw_plc/sgp_theatre.dds,sw_plc_cep/sgp_theatre.dds,10956,5b5bee99b0a3446c26557a6f0f67c17c4376add71675898978e6565520712c9c,All observed ASCII and binary corpus consumers resolve to one category; actual bitmap/material/texture declaration verified after decompilation,sw_plc_cep/jsfp_sgna14.mdl
sw_plc/sgp_theatreb.dds,sw_plc_cep/sgp_theatreb.dds,10956,2b8c788adac7c0322147a119a60edc0dae931c55c37b6060aa2fc5f95bde2121,All observed ASCII and binary corpus consumers resolve to one category; actual bitmap/material/texture declaration verified after decompilation,sw_plc_cep/jsfp_sgnd14.mdl
sw_plc/shiny.tga,sw_plc_mdrn/shiny.tga,210483,95874667ee3b0877d159b3943de1702e1231692cdd35bd192e6b6d4843b08456,All observed ASCII and binary corpus consumers resolve to one category; actual bitmap/material/texture declaration verified after decompilation,sw_plc_mdrn/jukebox.mdl; sw_plc_mdrn/jukebox.mdl; sw_plc_mdrn/jukebox.mdl
sw_plc/showerbutton.tga,sw_plc_mdrn/showerbutton.tga,262188,09003fb512a26cdbeafbfafc6fcf338054529a0cd91f32ac1f89f7dfa8853355,All observed ASCII and binary corpus consumers resolve to one category; actual bitmap/material/texture declaration verified after decompilation,sw_plc_mdrn/xiashower_01.mdl
sw_plc/showerpipe.tga,sw_plc_mdrn/showerpipe.tga,262188,ff12218268f77f206905f11abf7a427a012636895bafd125719cd0be166c3e11,All observed ASCII and binary corpus consumers resolve to one category; actual bitmap/material/texture declaration verified after decompilation,sw_plc_mdrn/xiashower_01.mdl; sw_plc_mdrn/xiashower_01.mdl; sw_plc_mdrn/xiashower_01.mdl; sw_plc_mdrn/xiatnpaper_01.mdl; sw_plc_mdrn/xiatnpaper_01.mdl; sw_plc_mdrn/xiatnpaper_01.mdl; sw_plc_mdrn/xiatpaper_01.mdl; sw_plc_mdrn/xiatpaper_01.mdl
sw_plc/shpv3_lckr.dds,sw_plc_mdrn/shpv3_lckr.dds,43724,c514ed3a278968b3e4f4c9f037bc3ba2dcc1f83ff646869499ef25564b625c05,All observed ASCII and binary corpus consumers resolve to one category; actual bitmap/material/texture declaration verified after decompilation,sw_plc_mdrn/shpv3_lkr.mdl
sw_plc/shpv3_metal03.dds,sw_plc_mdrn/shpv3_metal03.dds,43724,5c01a044683a7b24525fce60356a83ea7565157809a6221b8ebad97194849e43,All observed ASCII and binary corpus consumers resolve to one category; actual bitmap/material/texture declaration verified after decompilation,sw_plc_mdrn/shpv3_lkr.mdl
sw_plc/shpv4_lckr.dds,sw_plc_mdrn/shpv4_lckr.dds,43724,4a8cc88ffd9ef0515545ca7834f75eef24e620dcdb4d9cbcd631f2efc3607df7,All observed ASCII and binary corpus consumers resolve to one category; actual bitmap/material/texture declaration verified after decompilation,sw_plc_mdrn/shpv4_lkr.mdl
sw_plc/shpv4_metal03.dds,sw_plc_mdrn/shpv4_metal03.dds,43724,8c0f15f655279ba8b001ee4a82cc55bc651f1e22f9846624e165c34f9ecbd624,All observed ASCII and binary corpus consumers resolve to one category; actual bitmap/material/texture declaration verified after decompilation,sw_plc_mdrn/shpv4_lkr.mdl
sw_plc/shpv6_lckr.dds,sw_plc_mdrn/shpv6_lckr.dds,43724,982f0b39df920954e8aaa00ca7ed5a0693544e4a3fcad5de1ed76f3987ed36b8,All observed ASCII and binary corpus consumers resolve to one category; actual bitmap/material/texture declaration verified after decompilation,sw_plc_mdrn/shpv6_lkr.mdl
sw_plc/shpv6_metal03.dds,sw_plc_mdrn/shpv6_metal03.dds,43724,da2e2482a619c93f7b4d6862675a4daa93adb924e8664b4e73d3e786d4f80c91,All observed ASCII and binary corpus consumers resolve to one category; actual bitmap/material/texture declaration verified after decompilation,sw_plc_mdrn/shpv6_lkr.mdl
sw_plc/shutbluem.dds,sw_plc_mdrn/shutbluem.dds,2764,893b1a5e2eedc9cc490fe68553cf7da34a2c4506ea3753835f3cc61b61ca3148,All observed ASCII and binary corpus consumers resolve to one category; actual bitmap/material/texture declaration verified after decompilation,sw_plc_mdrn/fireflyshuttle.mdl; sw_plc_mdrn/fireflyshuttle.mdl
sw_plc/shutdoorm.dds,sw_plc_mdrn/shutdoorm.dds,2764,c02dabcfe9c129230dbd7c45537dc71382c476d7df8e2583882f1075f9b4870e,All observed ASCII and binary corpus consumers resolve to one category; actual bitmap/material/texture declaration verified after decompilation,sw_plc_mdrn/fireflyshuttle.mdl
sw_plc/shutmains.dds,sw_plc_mdrn/shutmains.dds,21884,84c8e3863986c5a7404f02acfc3bda749f7f3f0535fccb97efc07cf6c8c54bf5,All observed ASCII and binary corpus consumers resolve to one category; actual bitmap/material/texture declaration verified after decompilation,sw_plc_mdrn/fireflyshuttle.mdl
sw_plc/shuttleheads.dds,sw_plc_mdrn/shuttleheads.dds,43724,2422b79ec21a9b39beb93602b8c27b127231bec14e4f811d8bfbc59392422ad0,All observed ASCII and binary corpus consumers resolve to one category; actual bitmap/material/texture declaration verified after decompilation,sw_plc_mdrn/fireflyshuttle.mdl
sw_plc/shuttlemech1.dds,sw_plc_mdrn/shuttlemech1.dds,10972,4fc0897375303f5e533c4b46160dbfd07600c9b919d615c12b2c37db2b7e074f,All observed ASCII and binary corpus consumers resolve to one category; actual bitmap/material/texture declaration verified after decompilation,sw_plc_mdrn/fireflyshuttle.mdl
sw_plc/shuttlemech2.dds,sw_plc_mdrn/shuttlemech2.dds,10956,50d3b632dfb7ed7e10a798ec1212d70359be49d4b2b39e5800ebe7d98b068f4c,All observed ASCII and binary corpus consumers resolve to one category; actual bitmap/material/texture declaration verified after decompilation,sw_plc_mdrn/fireflyshuttle.mdl
sw_plc/shuttleunderm.dds,sw_plc_mdrn/shuttleunderm.dds,2764,bf42d1a49174b7347eec712eb2992c7b13d9412276d764e3acc101c2e1f4366a,All observed ASCII and binary corpus consumers resolve to one category; actual bitmap/material/texture declaration verified after decompilation,sw_plc_mdrn/fireflyshuttle.mdl; sw_plc_mdrn/fireflyshuttle.mdl
sw_plc/shutwiglm.dds,sw_plc_mdrn/shutwiglm.dds,10972,124b5660ead3bcf2f9e708357ac8e69c7f29aba08c4bc97c18155da1e2828564,All observed ASCII and binary corpus consumers resolve to one category; actual bitmap/material/texture declaration verified after decompilation,sw_plc_mdrn/fireflyshuttle.mdl
sw_plc/shutwigrm.dds,sw_plc_mdrn/shutwigrm.dds,10972,656c6779fd3591385e33979d84ad1ffebac4c3e60fe80e3dafdbea7b2a48adc1,All observed ASCII and binary corpus consumers resolve to one category; actual bitmap/material/texture declaration verified after decompilation,sw_plc_mdrn/fireflyshuttle.mdl
sw_plc/sign_combat.dds,sw_plc_mdrn/sign_combat.dds,43724,f28f1b9a4c2874d012901153a440b2c033abdd96d8d3adfe344d5ad9db388f48,All observed ASCII and binary corpus consumers resolve to one category; actual bitmap/material/texture declaration verified after decompilation,sw_plc_mdrn/purp_sign7.mdl
sw_plc/sign_desk.dds,sw_plc_mdrn/sign_desk.dds,43724,92d35cf79013ffb4f2b692940ce94625e2662b80fd43c54e4daea4831af82643,All observed ASCII and binary corpus consumers resolve to one category; actual bitmap/material/texture declaration verified after decompilation,sw_plc_mdrn/purp_sign3.mdl
sw_plc/sign_storage.dds,sw_plc_mdrn/sign_storage.dds,43724,14999a58107091fc6d4f83791ab8535500ab38278ea1b17a0703b59548951b12,All observed ASCII and binary corpus consumers resolve to one category; actual bitmap/material/texture declaration verified after decompilation,sw_plc_mdrn/purp_sign8.mdl
sw_plc/sign_tools_store.tga,sw_plc_cep/sign_tools_store.tga,98348,e2f113a4a64620c2be3288bf4c65c1f829cee82c5c7a60e01dc979d51949f269,All observed ASCII and binary corpus consumers resolve to one category; actual bitmap/material/texture declaration verified after decompilation,sw_plc_cep/vos_sign_tls.mdl
sw_plc/sign_vest.dds,sw_plc_mdrn/sign_vest.dds,43724,012fca9aa25b9ce3a00933876ae437956b20ff8fa8f14134ad1d26e4d7c02464,All observed ASCII and binary corpus consumers resolve to one category; actual bitmap/material/texture declaration verified after decompilation,sw_plc_mdrn/purp_sign12.mdl
sw_plc/sja_bacta.dds,sw_plc_cep/sja_bacta.dds,21884,f184f9dad22c85409ddcdb4d92605ae0d9f280fa740e33bb66f850079d8cdb52,All observed ASCII and binary corpus consumers resolve to one category; actual bitmap/material/texture declaration verified after decompilation,sw_plc_cep/sja_bacta01.mdl
sw_plc/sja_pconv.dds,sw_plc_cep/sja_pconv.dds,87420,5dddf26cfa680edcc44a369a8d6017be8e177621952c8341fc975a00f84aa662,All observed ASCII and binary corpus consumers resolve to one category; actual bitmap/material/texture declaration verified after decompilation,sw_plc_cep/sja_pconv01.mdl
sw_plc/sja_pconvb.dds,sw_plc_cep/sja_pconvb.dds,174796,704c8cda7da6bb0ae00bc11200f3bea8ac120154da3a1e8123aadd739066f809,All observed ASCII and binary corpus consumers resolve to one category; actual bitmap/material/texture declaration verified after decompilation,sw_plc_cep/sja_pconv01.mdl
sw_plc/sja_tpod01.dds,sw_plc_cep/sja_tpod01.dds,699084,fa907f28fc3099f93accb4efc12360ef1e9dafa48a0b03bbc0e2d1ef1bc00278,All observed ASCII and binary corpus consumers resolve to one category; actual bitmap/material/texture declaration verified after decompilation,sw_plc_cep/jsa_tpod01.mdl; sw_plc_cep/jsa_tpod01.mdl; sw_plc_cep/jsa_tpod01.mdl; sw_plc_cep/jsa_tpod01.mdl; sw_plc_cep/jsa_tpod01.mdl
sw_plc/sja_tpod02.dds,sw_plc_cep/sja_tpod02.dds,699084,f60639f0d3833869280adc5bf8f57b0a8244e93f3c05bc6c97d8ec3c0c3e9b70,All observed ASCII and binary corpus consumers resolve to one category; actual bitmap/material/texture declaration verified after decompilation,sw_plc_cep/jsa_tpod02.mdl; sw_plc_cep/jsa_tpod02.mdl; sw_plc_cep/jsa_tpod02.mdl; sw_plc_cep/jsa_tpod02.mdl; sw_plc_cep/jsa_tpod02.mdl
sw_plc/sja_tpod03.dds,sw_plc_cep/sja_tpod03.dds,699084,340c4c9f7c5728f05e681f3e4832905134a49b257659b313a111aa49079f4600,All observed ASCII and binary corpus consumers resolve to one category; actual bitmap/material/texture declaration verified after decompilation,sw_plc_cep/jsa_tpod03.mdl; sw_plc_cep/jsa_tpod03.mdl; sw_plc_cep/jsa_tpod03.mdl; sw_plc_cep/jsa_tpod03.mdl; sw_plc_cep/jsa_tpod03.mdl
sw_plc/skeelogo.dds,sw_plc_mdrn/skeelogo.dds,43724,a34acc4df08df122c22ae76c284d0b12500288caf8ebe3fdea9572ede8796789,All observed ASCII and binary corpus consumers resolve to one category; actual bitmap/material/texture declaration verified after decompilation,sw_plc_mdrn/skeeball.mdl
sw_plc/spdbk01.dds,sw_plc_cep/spdbk01.dds,43724,19b41129bdbb5188b37eedb34fafb0f1bf3e4dbd5b3ef21a4aedf11f9b6ccf97,All observed ASCII and binary corpus consumers resolve to one category; actual bitmap/material/texture declaration verified after decompilation,sw_plc_cep/jzc_sdrbk01b.mdl
sw_plc/spdbk02.dds,sw_plc_cep/spdbk02.dds,43724,5b17dc3fdc518f58c53ffc871b4a10a406fc0aaaa6cb027cbada01861c8fb599,All observed ASCII and binary corpus consumers resolve to one category; actual bitmap/material/texture declaration verified after decompilation,sw_plc_cep/jzc_sdrbk01c.mdl
sw_plc/spdbk03.dds,sw_plc_cep/spdbk03.dds,43724,1e0294db039220442f3eefc92fe819a4beb3d5e5b84493ecf9313a82844c9b75,All observed ASCII and binary corpus consumers resolve to one category; actual bitmap/material/texture declaration verified after decompilation,sw_plc_cep/jzc_sdrbk01d.mdl
sw_plc/spdbk04.dds,sw_plc_cep/spdbk04.dds,43724,8330fc4fca2704bbfd2fc5e11798cfba9a5959c43780140412d3d4cb0c9f7ab9,All observed ASCII and binary corpus consumers resolve to one category; actual bitmap/material/texture declaration verified after decompilation,sw_plc_cep/jzc_sdrbk01e.mdl
sw_plc/spinosaurus.dds,sw_cr_creature/spinosaurus.dds,349572,20c2b81b3909acf090ac02856289677e78cd0bf3a77be974444c1da68efeb309,All observed ASCII and binary corpus consumers resolve to one category; actual bitmap/material/texture declaration verified after decompilation,sw_cr_creature/c_spinosaurus.mdl; sw_cr_creature/c_spinosaurus.mdl
sw_plc/spport.dds,sw_plc_mdrn/spport.dds,43724,9b2c3d64882586385c00e8a2351200be7de2bb871bf3fd12b73911868b8bef68,All observed ASCII and binary corpus consumers resolve to one category; actual bitmap/material/texture declaration verified after decompilation,sw_plc_mdrn/holo1.mdl; sw_plc_mdrn/holo1.mdl; sw_plc_mdrn/holo1.mdl; sw_plc_mdrn/holo1.mdl; sw_plc_mdrn/holo1.mdl; sw_plc_mdrn/holo1.mdl; sw_plc_mdrn/holo1.mdl; sw_plc_mdrn/holo1.mdl
sw_plc/steam_t_grey.dds,sw_plc_mdrn/steam_t_grey.dds,174796,0301b7e554c10da232631092836db85fc52486d40c7ec596ca33eea35cfc3aca,All observed ASCII and binary corpus consumers resolve to one category; actual bitmap/material/texture declaration verified after decompilation,sw_plc_mdrn/railline_bfr.mdl; sw_plc_mdrn/railline_bfr.mdl; sw_plc_mdrn/railline_bfr.mdl; sw_plc_mdrn/railline_bfr.mdl
sw_plc/steam_t_wood1.dds,sw_plc_mdrn/steam_t_wood1.dds,174796,23c031379c157b83bbce5ef8f21c8d61ece10a9666cf90d5419c1d425471ee9c,All observed ASCII and binary corpus consumers resolve to one category; actual bitmap/material/texture declaration verified after decompilation,sw_plc_mdrn/railline_bfr.mdl; sw_plc_mdrn/railline_bfr.mdl; sw_plc_mdrn/railline_bfr.mdl; sw_plc_mdrn/railline_bfr.mdl; sw_plc_mdrn/railline_bfr.mdl
sw_plc/steam_t_wood2.dds,sw_plc_mdrn/steam_t_wood2.dds,10956,92a696dc261f614e374fb8dd90b4075c365cf4551174c882ca83b8640dc7c95c,All observed ASCII and binary corpus consumers resolve to one category; actual bitmap/material/texture declaration verified after decompilation,sw_plc_mdrn/railline_bfr.mdl; sw_plc_mdrn/railline_bfr.mdl; sw_plc_mdrn/railline_bfr.mdl
sw_plc/steam_t_woodp.dds,sw_plc_mdrn/steam_t_woodp.dds,174796,007cba03c806b55fe44e0af9aef390896ef0ea640d9b236f9e4534aa7356829f,All observed ASCII and binary corpus consumers resolve to one category; actual bitmap/material/texture declaration verified after decompilation,sw_plc_mdrn/railline_bfr.mdl; sw_plc_mdrn/railline_bfr.mdl
sw_plc/steampipe1.dds,sw_plc_mdrn/steampipe1.dds,2764,30e118daa51e8e258c47366955f919bd095966648e7f03b4c13783594195308c,All observed ASCII and binary corpus consumers resolve to one category; actual bitmap/material/texture declaration verified after decompilation,sw_plc_mdrn/mod01_o01_06.mdl; sw_plc_mdrn/mod01_o01_06.mdl; sw_plc_mdrn/mod01_o01_06.mdl
sw_plc/steampipe1.tga,sw_plc_mdrn/steampipe1.tga,812,0543e866015ea9f08d222b7212fcf827a578007e9ec4feb9f664b8a4469f7e13,All observed ASCII and binary corpus consumers resolve to one category; actual bitmap/material/texture declaration verified after decompilation,sw_plc_mdrn/mod01_o01_06.mdl; sw_plc_mdrn/mod01_o01_06.mdl; sw_plc_mdrn/mod01_o01_06.mdl
sw_plc/stem01.dds,sw_plc_cep/stem01.dds,43724,b064e152492d6f4ff5832f80b1982118e31aa8df0ffea7763890792c5cc9a7c2,All observed ASCII and binary corpus consumers resolve to one category; actual bitmap/material/texture declaration verified after decompilation,sw_plc_cep/zlc_m43.mdl
sw_plc/stone_strk.dds,sw_plc_cep/stone_strk.dds,43724,868f420cd6ccc2eaa573a03bb2798673defcaeea88ceedf6329e21b736f59ff5,All observed ASCII and binary corpus consumers resolve to one category; actual bitmap/material/texture declaration verified after decompilation,sw_plc_cep/zlc_x25.mdl
sw_plc/suttletailm.dds,sw_plc_mdrn/suttletailm.dds,10972,c3113cd1abfcc8f553502262716ade7710e2cd0b41c5869c59fa630170e92978,All observed ASCII and binary corpus consumers resolve to one category; actual bitmap/material/texture declaration verified after decompilation,sw_plc_mdrn/fireflyshuttle.mdl
sw_plc/svd.dds,sw_weapon/svd.dds,87420,a2413ba972af4cf45f7480cc6c4345a811a6e633903b324912a6cff59043f304,All observed ASCII and binary corpus consumers resolve to one category; actual bitmap/material/texture declaration verified after decompilation,sw_weapon/wbwsl_m_203.mdl; sw_weapon/wbwsl_m_204.mdl; sw_weapon/wbwxl_m_013.mdl; sw_weapon/wbwxl_m_014.mdl
sw_plc/t_10mmamo.dds,sw_plc_mdrn/t_10mmamo.dds,87428,348250dd9495a216518cbc8a91102c362acaa3da237dc3b9359454b9135093b0,All observed ASCII and binary corpus consumers resolve to one category; actual bitmap/material/texture declaration verified after decompilation,sw_plc_mdrn/p_10mmamo.mdl
sw_plc/t_308amobx.dds,sw_plc_mdrn/t_308amobx.dds,87428,483172e7a55644779aef2496b6589909f1465c596c94c95d5bc7c133071b4fdf,All observed ASCII and binary corpus consumers resolve to one category; actual bitmap/material/texture declaration verified after decompilation,sw_plc_mdrn/p_308amo.mdl
sw_plc/t_44magnmamo.dds,sw_plc_mdrn/t_44magnmamo.dds,87428,29569a8a51fcc46d48ba9eebca16a2686a50ba03a572febabff9c8d868bdc099,All observed ASCII and binary corpus consumers resolve to one category; actual bitmap/material/texture declaration verified after decompilation,sw_plc_mdrn/p_44magnmamo.mdl
sw_plc/t_50calamo.dds,sw_plc_mdrn/t_50calamo.dds,349572,a187f772ee262efcf7083f2c35e5fe85ba9971ef3c969f77cd5378d12197327c,All observed ASCII and binary corpus consumers resolve to one category; actual bitmap/material/texture declaration verified after decompilation,sw_plc_mdrn/p_amobx01.mdl; sw_plc_mdrn/p_amobx01.mdl
sw_plc/t_afeteriatray01.dds,sw_plc_mdrn/t_afeteriatray01.dds,21892,fc1cce0fbcd346c239053ffa2a1a68e6f00ee13484f4212066cd845e5e593d23,All observed ASCII and binary corpus consumers resolve to one category; actual bitmap/material/texture declaration verified after decompilation,sw_plc_mdrn/p_afeteriatray01.mdl
sw_plc/t_alinblasteramo.dds,sw_plc_mdrn/t_alinblasteramo.dds,21892,4939b4beaf5665056167c92bf3f6fdd22efe20791f9591750d0fa562537da86d,All observed ASCII and binary corpus consumers resolve to one category; actual bitmap/material/texture declaration verified after decompilation,sw_plc_mdrn/p_alinpwrcell.mdl
sw_plc/t_amodispenser01.dds,sw_plc_mdrn/t_amodispenser01.dds,349572,95af9cfc5d520c419773b4d646e5bde4113a695330897696f72394db48119ea2,All observed ASCII and binary corpus consumers resolve to one category; actual bitmap/material/texture declaration verified after decompilation,sw_plc_mdrn/p_x1odispenser01.mdl
sw_plc/t_ashtray01.dds,sw_plc_mdrn/t_ashtray01.dds,87428,8c55821cb474afaa2c46d8103160f6f82d77e894c95fd194a38161956f8ace0a,All observed ASCII and binary corpus consumers resolve to one category; actual bitmap/material/texture declaration verified after decompilation,sw_plc_mdrn/p_ashtray01.mdl; sw_plc_mdrn/p_ashtray02.mdl
sw_plc/t_asssheettube01.dds,sw_plc_mdrn/t_asssheettube01.dds,349572,12ddd40fa6eef0abe31edab9aafa6adab06f43456355960a1327dbf9a04dfcaf,All observed ASCII and binary corpus consumers resolve to one category; actual bitmap/material/texture declaration verified after decompilation,sw_plc_mdrn/p_x4x4brainjar02.mdl; sw_plc_mdrn/p_x4x4brainjar03.mdl
sw_plc/t_bathtub01.dds,sw_plc_mdrn/t_bathtub01.dds,349572,c563ad0036b490c89d0316d4f37cfee81962222136ca4a85e9e8a79a471860b3,All observed ASCII and binary corpus consumers resolve to one category; actual bitmap/material/texture declaration verified after decompilation,sw_plc_mdrn/p_bathtub01.mdl
sw_plc/t_bathtub01_cln.dds,sw_plc_mdrn/t_bathtub01_cln.dds,349572,e617354fcb9b08e7693f08632f4097a9aa594e6d8511f86d5f8fbff213c97ae9,All observed ASCII and binary corpus consumers resolve to one category; actual bitmap/material/texture declaration verified after decompilation,sw_plc_mdrn/p_bathtubclner01.mdl
sw_plc/t_bnkrwalkways01.dds,sw_plc_mdrn/t_bnkrwalkways01.dds,349572,af0df12d85ed4b98fb81a89e0f5828ee8758449583006b8737e4796158454e70,All observed ASCII and binary corpus consumers resolve to one category; actual bitmap/material/texture declaration verified after decompilation,sw_plc_mdrn/p_x1x1flagpol01.mdl
sw_plc/t_bobbypinbx.dds,sw_plc_mdrn/t_bobbypinbx.dds,87428,c24456ed9526a727753ca643ddb621e30213fe89ac2e7c8bde458dd2ee03f459,All observed ASCII and binary corpus consumers resolve to one category; actual bitmap/material/texture declaration verified after decompilation,sw_plc_mdrn/p_bobbypinbx.mdl
sw_plc/t_bookacme01.dds,sw_plc_mdrn/t_bookacme01.dds,87428,5eebf549d71e31ebabd3b67429422b5f6ec9ea534743d6e23125fe9e00c3ace3,All observed ASCII and binary corpus consumers resolve to one category; actual bitmap/material/texture declaration verified after decompilation,sw_plc_mdrn/p_bookacme04.mdl; sw_plc_mdrn/p_bookacme05.mdl; sw_plc_mdrn/p_bookacme06.mdl; sw_plc_mdrn/p_bookacme07.mdl; sw_plc_mdrn/p_bookacme08.mdl
sw_plc/t_bookacmeruin01.dds,sw_plc_mdrn/t_bookacmeruin01.dds,87428,093dc21395db09e6e629e2c5a1fbc5b0fd213f5e07b8c06b1d7be0f873dba27b,All observed ASCII and binary corpus consumers resolve to one category; actual bitmap/material/texture declaration verified after decompilation,sw_plc_mdrn/p_brndbook03.mdl; sw_plc_mdrn/p_brndbook05.mdl; sw_plc_mdrn/p_brndbook06.mdl; sw_plc_mdrn/p_brndbook07.mdl; sw_plc_mdrn/p_brndbook08.mdl
sw_plc/t_brhmnskel.dds,sw_plc_mdrn/t_brhmnskel.dds,349572,2c3117426ed21d808de5023da71b749f8fa301de4959328f8f591b2b96a25f32,All observed ASCII and binary corpus consumers resolve to one category; actual bitmap/material/texture declaration verified after decompilation,sw_plc_mdrn/p_x4x4bonetree02.mdl
sw_plc/t_buffout01.dds,sw_plc_mdrn/t_buffout01.dds,87428,e8fdc0f304429378ae18d96c86a222cccd352565ce8e7bb10c0a00ff7a61a3b9,All observed ASCII and binary corpus consumers resolve to one category; actual bitmap/material/texture declaration verified after decompilation,sw_plc_mdrn/p_buffout01.mdl
sw_plc/t_campgrill01.dds,sw_plc_mdrn/t_campgrill01.dds,349572,ee36aecf15537edf1c89a94bff1ebe9ab38ac408c574ea93f497b19d4ff56e27,All observed ASCII and binary corpus consumers resolve to one category; actual bitmap/material/texture declaration verified after decompilation,sw_plc_mdrn/p_campgrill01.mdl; sw_plc_mdrn/p_x4distillery01.mdl; sw_plc_mdrn/p_x4distillery01.mdl
sw_plc/t_cavesandyflr01.dds,sw_plc_mdrn/t_cavesandyflr01.dds,1398148,46f749ff1b96f72947ee030fe979c85353fd1e391dfcbdfccf2f69bb1fa0eca7,All observed ASCII and binary corpus consumers resolve to one category; actual bitmap/material/texture declaration verified after decompilation,sw_plc_mdrn/p_burialmound03.mdl
sw_plc/t_ceramic01.dds,sw_plc_mdrn/t_ceramic01.dds,87428,8730d0293f312bee37eedaa0f5536675944d14de5b57ca433693f2f25a00f7f7,All observed ASCII and binary corpus consumers resolve to one category; actual bitmap/material/texture declaration verified after decompilation,sw_plc_mdrn/p_x4onshinejug01.mdl
sw_plc/t_chessbrd.dds,sw_plc_mdrn/t_chessbrd.dds,349572,d54f9695f6671aadeae083b3fc7773ec8f0191ef20efe68a248d186b478cbd9c,All observed ASCII and binary corpus consumers resolve to one category; actual bitmap/material/texture declaration verified after decompilation,sw_plc_mdrn/p_chessbrd.mdl
sw_plc/t_cinderblk01.dds,sw_plc_mdrn/t_cinderblk01.dds,87428,4600921492ede6cd35796b4731570807f85193eac508595151574dab4d553e67,All observed ASCII and binary corpus consumers resolve to one category; actual bitmap/material/texture declaration verified after decompilation,sw_plc_mdrn/p_campfire03.mdl
sw_plc/t_coffeemug01.dds,sw_plc_mdrn/t_coffeemug01.dds,21892,1adf48f517f950948b5d2788bdcc4d9dfd48659626726f9904b12d1d1d03ca2d,All observed ASCII and binary corpus consumers resolve to one category; actual bitmap/material/texture declaration verified after decompilation,sw_plc_mdrn/p_coffeemug01.mdl
sw_plc/t_computerrack01.dds,sw_plc_mdrn/t_computerrack01.dds,349572,851d84184aa944579819dc27c38539f242843ceb5471689db7f7085e6ea3d127,All observed ASCII and binary corpus consumers resolve to one category; actual bitmap/material/texture declaration verified after decompilation,sw_plc_mdrn/p_computerrack01.mdl; sw_plc_mdrn/p_computerrack01.mdl; sw_plc_mdrn/p_computerrack01.mdl; sw_plc_mdrn/p_computerrack01.mdl
sw_plc/t_cons01.dds,sw_plc_mdrn/t_cons01.dds,349572,14c14a9cf5087277ef42b31eb71df36450bd87356004422627f2afb7b1170c99,All observed ASCII and binary corpus consumers resolve to one category; actual bitmap/material/texture declaration verified after decompilation,sw_plc_mdrn/p_cons01.mdl
sw_plc/t_cons02.dds,sw_plc_mdrn/t_cons02.dds,1398148,63b84f49fdbe75292d2f59f6fa0018b3401abd15630cf15a192e6d9a5ade04db,All observed ASCII and binary corpus consumers resolve to one category; actual bitmap/material/texture declaration verified after decompilation,sw_plc_mdrn/p_cons02.mdl; sw_plc_mdrn/p_cons02.mdl; sw_plc_mdrn/p_cons02.mdl; sw_plc_mdrn/p_cons02.mdl; sw_plc_mdrn/p_consr02.mdl; sw_plc_mdrn/p_consr02.mdl; sw_plc_mdrn/p_x3acemonitor01.mdl; sw_plc_mdrn/p_x3acemonitor01.mdl
sw_plc/t_consr02.dds,sw_plc_mdrn/t_consr02.dds,1398148,fca71ce8a1bcef888a9eb299c69fdccc97fdd998107238bd13f97b085b4a4edd,All observed ASCII and binary corpus consumers resolve to one category; actual bitmap/material/texture declaration verified after decompilation,sw_plc_mdrn/p_consr02.mdl; sw_plc_mdrn/p_consr02.mdl; sw_plc_mdrn/p_consr02.mdl
sw_plc/t_cratelrg01.dds,sw_plc_mdrn/t_cratelrg01.dds,1398148,7036eea9d9dca52cdef57d0d1f0996e323307a210e2bdc4e0d6344183919b696,All observed ASCII and binary corpus consumers resolve to one category; actual bitmap/material/texture declaration verified after decompilation,sw_plc_mdrn/p_cratelrg01.mdl
sw_plc/t_displaycase.dds,sw_plc_mdrn/t_displaycase.dds,349572,02f7af394ea3a6f07b5399ab735f528e82106903d453ae5610df0f7c60995dba,All observed ASCII and binary corpus consumers resolve to one category; actual bitmap/material/texture declaration verified after decompilation,sw_plc_mdrn/p_displaycase.mdl; sw_plc_mdrn/p_displaycase.mdl; sw_plc_mdrn/p_displaycase.mdl
sw_plc/t_dumpster.dds,sw_plc_mdrn/t_dumpster.dds,349572,6126b02c65ae463164737e492cb630892aece4ca528ca095903f03d0c2a1f370,All observed ASCII and binary corpus consumers resolve to one category; actual bitmap/material/texture declaration verified after decompilation,sw_plc_mdrn/p_dumpster02.mdl; sw_plc_mdrn/p_dumpster02.mdl; sw_plc_mdrn/p_dumpster02.mdl
sw_plc/t_eccell.dds,sw_plc_mdrn/t_eccell.dds,87428,46ae9e1b2259a434e2d7884f341b84f40ab7b129779ce213e5007c0d798b2148,All observed ASCII and binary corpus consumers resolve to one category; actual bitmap/material/texture declaration verified after decompilation,sw_plc_mdrn/p_eccell.mdl
sw_plc/t_echanistgear01.dds,sw_plc_mdrn/t_echanistgear01.dds,87428,88576fd104a514945c1e042c6dfdb8f32fdbf86d5fb2b19549cf34ea9f03514c,All observed ASCII and binary corpus consumers resolve to one category; actual bitmap/material/texture declaration verified after decompilation,sw_plc_mdrn/p_chanistgearsml.mdl
sw_plc/t_ectricbxhlk01b.dds,sw_plc_mdrn/t_ectricbxhlk01b.dds,43748,24dc8c02b19f978b5136084dc30219fd352848d16050ebb2d99221fdb6f4ed1f,All observed ASCII and binary corpus consumers resolve to one category; actual bitmap/material/texture declaration verified after decompilation,sw_plc_mdrn/p_electricbx1hlk.mdl; sw_plc_mdrn/p_ricbx1hlkstc01.mdl
sw_plc/t_electricbx.dds,sw_plc_mdrn/t_electricbx.dds,349572,63aa0329d3b1772934d0258549a933d0c03cfb4ac9421469e5b3bbef160910c9,All observed ASCII and binary corpus consumers resolve to one category; actual bitmap/material/texture declaration verified after decompilation,sw_plc_mdrn/p_electricbx1.mdl
sw_plc/t_enclbse01quad.dds,sw_plc_mdrn/t_enclbse01quad.dds,349572,707140841d73d9a222981a473ab2d497660f7797b1e842fef29cb8e2c804acdb,All observed ASCII and binary corpus consumers resolve to one category; actual bitmap/material/texture declaration verified after decompilation,sw_plc_mdrn/p_deathclawcagdr.mdl; sw_plc_mdrn/p_enclcomtwr.mdl; sw_plc_mdrn/p_enclcomtwr.mdl; sw_plc_mdrn/p_enclcomtwr.mdl; sw_plc_mdrn/p_enclcrate01.mdl; sw_plc_mdrn/p_enclcrate01.mdl
sw_plc/t_enclbse03quad.dds,sw_plc_mdrn/t_enclbse03quad.dds,349572,b8de1184c1d74e2d6f6c4b89c10529476f2d69219b3c583d26ee493655fbf5be,All observed ASCII and binary corpus consumers resolve to one category; actual bitmap/material/texture declaration verified after decompilation,sw_plc_mdrn/p_enclcomtwr.mdl; sw_plc_mdrn/p_enclcomtwr.mdl; sw_plc_mdrn/p_enclcomtwr.mdl
sw_plc/t_enclpod01.dds,sw_plc_mdrn/t_enclpod01.dds,349572,f5c1b6ad1aaa8262215a45ac00822202194e559ae2909183d38467411d27473f,All observed ASCII and binary corpus consumers resolve to one category; actual bitmap/material/texture declaration verified after decompilation,sw_plc_mdrn/p_itdlpleximap01.mdl; sw_plc_mdrn/p_itdlpleximap01.mdl; sw_plc_mdrn/p_itdlpleximap01.mdl; sw_plc_mdrn/p_itdlpleximap01.mdl
sw_plc/t_eriswheelmtl01.dds,sw_plc_mdrn/t_eriswheelmtl01.dds,1398148,e34228204a789941f68ee31d863088b563dc5fa72297133ec39b9b54a6606848,All observed ASCII and binary corpus consumers resolve to one category; actual bitmap/material/texture declaration verified after decompilation,sw_plc_mdrn/p_x4otinggallery.mdl
sw_plc/t_errackscreen01.dds,sw_plc_mdrn/t_errackscreen01.dds,21892,84cc43d5aa08ec86a60946d1370b03592c408686214ba012291db5cc06041e09,All observed ASCII and binary corpus consumers resolve to one category; actual bitmap/material/texture declaration verified after decompilation,sw_plc_mdrn/p_computerrack01.mdl
sw_plc/t_flatmop01.dds,sw_plc_mdrn/t_flatmop01.dds,87428,4636994b1dbeefe06c409cfd18eb0c008814afb700b38d6921cee742918b66b3,All observed ASCII and binary corpus consumers resolve to one category; actual bitmap/material/texture declaration verified after decompilation,sw_plc_mdrn/p_flatmop01.mdl
sw_plc/t_generator01.dds,sw_plc_mdrn/t_generator01.dds,349572,8912ef079f70d39cbb7870661376a6513f2f134c144ae0e39da33ab20d53fc7b,All observed ASCII and binary corpus consumers resolve to one category; actual bitmap/material/texture declaration verified after decompilation,sw_plc_mdrn/p_generator01.mdl
sw_plc/t_glasstile01.dds,sw_plc_mdrn/t_glasstile01.dds,21892,51dd66298ef2a3bffdcc010bdba8eb5c8a1633483aa01410cccfc7495213001c,All observed ASCII and binary corpus consumers resolve to one category; actual bitmap/material/texture declaration verified after decompilation,sw_plc_mdrn/p_deathclawcagdr.mdl; sw_plc_mdrn/p_enclcomtwr.mdl; sw_plc_mdrn/p_enclcomtwr.mdl; sw_plc_mdrn/p_x1x1chincomtwr.mdl; sw_plc_mdrn/p_x1x1chincomtwr.mdl
sw_plc/t_globe01.dds,sw_plc_mdrn/t_globe01.dds,87428,173c9be3438feb23dab963d502a447e433fc7c61aa6757ae2cd8624a68b24f97,All observed ASCII and binary corpus consumers resolve to one category; actual bitmap/material/texture declaration verified after decompilation,sw_plc_mdrn/p_globe01.mdl; sw_plc_mdrn/p_globe01.mdl
sw_plc/t_gorarmparts.dds,sw_plc_mdrn/t_gorarmparts.dds,87428,9b50b78de331add87afa72f0ccb83c995f553c70718138974571711c76e68651,All observed ASCII and binary corpus consumers resolve to one category; actual bitmap/material/texture declaration verified after decompilation,sw_plc_mdrn/p_bodypart01.mdl
sw_plc/t_gorlegparts.dds,sw_plc_mdrn/t_gorlegparts.dds,87428,5685a40fe0d0fe70dd0bcb0c4797cfa4ff46b9137e2487ec334013963b80d128,All observed ASCII and binary corpus consumers resolve to one category; actual bitmap/material/texture declaration verified after decompilation,sw_plc_mdrn/p_bodypart02.mdl
sw_plc/t_gortorsobits01.dds,sw_plc_mdrn/t_gortorsobits01.dds,349572,ffebba56767c9d94c6725625c4ccd99a3d88d11ce7e41f503a3df9a145b20ad9,All observed ASCII and binary corpus consumers resolve to one category; actual bitmap/material/texture declaration verified after decompilation,sw_plc_mdrn/p_bodypart03.mdl; sw_plc_mdrn/p_bodypart04.mdl
sw_plc/t_grayswatch01.dds,sw_plc_mdrn/t_grayswatch01.dds,5508,54772f09f71d9186c4b48a9f14c393d261cb7436ec98d54450e5770a9e295622,All observed ASCII and binary corpus consumers resolve to one category; actual bitmap/material/texture declaration verified after decompilation,sw_plc_mdrn/p_cons02.mdl
sw_plc/t_grbgcanurb01.dds,sw_plc_mdrn/t_grbgcanurb01.dds,174820,9c45764f70ec42a9e5e13572ee1368d5ce58156919aefb9ddf0c21fabfba265a,All observed ASCII and binary corpus consumers resolve to one category; actual bitmap/material/texture declaration verified after decompilation,sw_plc_mdrn/p_grbgcanurb01.mdl; sw_plc_mdrn/p_grbgcanurb02.mdl; sw_plc_mdrn/p_grbgcanurb03.mdl
sw_plc/t_grdngnome.dds,sw_plc_mdrn/t_grdngnome.dds,349572,55ba3ff103489397f3ff4f73eadfbb67f46135782f8e03fcdbbea1f0fed3b91c,All observed ASCII and binary corpus consumers resolve to one category; actual bitmap/material/texture declaration verified after decompilation,sw_plc_mdrn/p_grdngnome.mdl
sw_plc/t_grocery01.dds,sw_plc_mdrn/t_grocery01.dds,349572,ea73be3d7c3e442ea64bee1d3f42bf958da77701688870a214e1cdbd53259052,All observed ASCII and binary corpus consumers resolve to one category; actual bitmap/material/texture declaration verified after decompilation,sw_plc_mdrn/p_splaycounter01.mdl; sw_plc_mdrn/p_splaycounter02.mdl; sw_plc_mdrn/p_unterendcapl01.mdl
sw_plc/t_hnlinkfnckit01.dds,sw_plc_mdrn/t_hnlinkfnckit01.dds,349572,61045bb19d671dc0947bed13e0511148d2dd42be4eafb5fad483946fb9971336,All observed ASCII and binary corpus consumers resolve to one category; actual bitmap/material/texture declaration verified after decompilation,sw_plc_mdrn/p_clfnc02.mdl; sw_plc_mdrn/p_clfnc02.mdl; sw_plc_mdrn/p_clfnc03.mdl; sw_plc_mdrn/p_clfnc03.mdl; sw_plc_mdrn/p_clfnc04.mdl; sw_plc_mdrn/p_clfnc04.mdl; sw_plc_mdrn/p_clfnccorin01.mdl; sw_plc_mdrn/p_clfnccorin01.mdl
sw_plc/t_hootinggallery.dds,sw_plc_mdrn/t_hootinggallery.dds,1398148,9057951ca4355ac66eccf55660ed8aa50e80d861cfe2d95d0129bbc566b5935a,All observed ASCII and binary corpus consumers resolve to one category; actual bitmap/material/texture declaration verified after decompilation,sw_plc_mdrn/p_x4otinggallery.mdl
sw_plc/t_humanskel01.dds,sw_plc_mdrn/t_humanskel01.dds,349572,b98388185159d73ad8e32e4c32900fcd726f53e8c38cbf4e2a320efd30d4b86d,All observed ASCII and binary corpus consumers resolve to one category; actual bitmap/material/texture declaration verified after decompilation,sw_plc_mdrn/p_x4x4bonetree02.mdl; sw_plc_mdrn/p_x4x4bonetree04.mdl; sw_plc_mdrn/p_x4x4bonetree05.mdl
sw_plc/t_hydros01.dds,sw_plc_mdrn/t_hydros01.dds,349572,5c004e9380e7620175e0611cc93aaa3b7c8ea39169b8994c44408fba771295ae,All observed ASCII and binary corpus consumers resolve to one category; actual bitmap/material/texture declaration verified after decompilation,sw_plc_mdrn/p_x4drowir1way01.mdl; sw_plc_mdrn/p_x4drowir1way02.mdl; sw_plc_mdrn/p_x4hydropodsm01.mdl; sw_plc_mdrn/p_x4hydropodsm01.mdl; sw_plc_mdrn/p_x4x4brainjar02.mdl; sw_plc_mdrn/p_x4x4brainjar02.mdl; sw_plc_mdrn/p_x4x4brainjar03.mdl; sw_plc_mdrn/p_x4x4brainjar03.mdl
sw_plc/t_hydros02.dds,sw_plc_mdrn/t_hydros02.dds,349572,1f41cb1600bfd8b98b263f67d79350d48855b0d06757181e34578fa097cd9f3b,All observed ASCII and binary corpus consumers resolve to one category; actual bitmap/material/texture declaration verified after decompilation,sw_plc_mdrn/p_x4hydropodsm01.mdl; sw_plc_mdrn/p_x4x4hydropod01.mdl
sw_plc/t_intercom01.dds,sw_plc_mdrn/t_intercom01.dds,349572,10feec1fbe3171e5c259b668aedd0baad570b985ac8cf376bbe36e2a25282981,All observed ASCII and binary corpus consumers resolve to one category; actual bitmap/material/texture declaration verified after decompilation,sw_plc_mdrn/p_intercom01.mdl
sw_plc/t_iongenerator01.dds,sw_plc_mdrn/t_iongenerator01.dds,349572,2fab3b105f70c19b94fdf835fbdde19b2cc5b386be7dfa35468246f0ffdb8e3f,All observed ASCII and binary corpus consumers resolve to one category; actual bitmap/material/texture declaration verified after decompilation,sw_plc_mdrn/p_iongenerator01.mdl
sw_plc/t_jbbubbles.dds,sw_plc_mdrn/t_jbbubbles.dds,43748,59c587e8d6c319784626e2546e67a6ba425a700cfb559f30d1208a000a631213,All observed ASCII and binary corpus consumers resolve to one category; actual bitmap/material/texture declaration verified after decompilation,sw_plc_mdrn/p_jkbxcln01.mdl
sw_plc/t_jblittubescln.dds,sw_plc_mdrn/t_jblittubescln.dds,87428,bbfe1a8f7a8b558c6ce0c60d257bc99af1af6743dad14e30481705680a8279a1,All observed ASCII and binary corpus consumers resolve to one category; actual bitmap/material/texture declaration verified after decompilation,sw_plc_mdrn/p_jkbxcln01.mdl; sw_plc_mdrn/p_jkbxcln01.mdl
sw_plc/t_jbscreen.dds,sw_plc_mdrn/t_jbscreen.dds,5508,7b92cbc19a1fcfe23a83c8ad8faf56d9b6511909f3c2ce338df29aff43a0f2a9,All observed ASCII and binary corpus consumers resolve to one category; actual bitmap/material/texture declaration verified after decompilation,sw_plc_mdrn/p_jkbxcln01.mdl
sw_plc/t_jkbxcln.dds,sw_plc_mdrn/t_jkbxcln.dds,349572,c16e287c2cb260959fbbb53827a19f5c68f435540bd680151aa9cfead2902093,All observed ASCII and binary corpus consumers resolve to one category; actual bitmap/material/texture declaration verified after decompilation,sw_plc_mdrn/p_jkbxcln01.mdl
sw_plc/t_lc02cratelrg01.dds,sw_plc_mdrn/t_lc02cratelrg01.dds,1398148,d5582f21c893da3b64eacda136a6cb1ab3e555319740b5e49cc08aeebd0a8ef4,All observed ASCII and binary corpus consumers resolve to one category; actual bitmap/material/texture declaration verified after decompilation,sw_plc_mdrn/p_x11cratelrgred.mdl
sw_plc/t_lc02cratelrg02.dds,sw_plc_mdrn/t_lc02cratelrg02.dds,1398148,18d9d64e954937543a1b99d107618c120ff5faf4a55b04793b45a12758557b0d,All observed ASCII and binary corpus consumers resolve to one category; actual bitmap/material/texture declaration verified after decompilation,sw_plc_mdrn/p_x1cratelrggrey.mdl
sw_plc/t_lectricbxhlk01.dds,sw_plc_mdrn/t_lectricbxhlk01.dds,349572,859985d1596f53802532cade97ffd3f59a94a8ad172b76f62874d639d7998878,All observed ASCII and binary corpus consumers resolve to one category; actual bitmap/material/texture declaration verified after decompilation,sw_plc_mdrn/p_electricbx1hlk.mdl; sw_plc_mdrn/p_electricbx1hlk.mdl; sw_plc_mdrn/p_electricbx1hlk.mdl; sw_plc_mdrn/p_electricbx1hlk.mdl; sw_plc_mdrn/p_ricbx1hlkstc01.mdl
sw_plc/t_mainfrm01.dds,sw_plc_mdrn/t_mainfrm01.dds,1398148,a9c3ab8bff323bb72fe3833e58ebae4d0c8ca523444649acd9c3ed836623df11,All observed ASCII and binary corpus consumers resolve to one category; actual bitmap/material/texture declaration verified after decompilation,sw_plc_mdrn/p_mainfrm01.mdl; sw_plc_mdrn/p_mainfrm01.mdl; sw_plc_mdrn/p_mainfrm01.mdl; sw_plc_mdrn/p_mainfrm01.mdl; sw_plc_mdrn/p_mainfrm01.mdl; sw_plc_mdrn/p_mainfrm01.mdl; sw_plc_mdrn/p_mainfrm01.mdl; sw_plc_mdrn/p_mainfrm01off.mdl
sw_plc/t_mainfrmr01.dds,sw_plc_mdrn/t_mainfrmr01.dds,1398148,d39c34fed479b0bdb77a373967099fd5303067172c67bb6b32eff610c7375ee1,All observed ASCII and binary corpus consumers resolve to one category; actual bitmap/material/texture declaration verified after decompilation,sw_plc_mdrn/p_mainfrmsmlr01.mdl
sw_plc/t_mentats01.dds,sw_plc_mdrn/t_mentats01.dds,21892,7f9c8f8feaef90475cf80914aa8100bcedacfc16bafacfbffe2ae39b652a19cb,All observed ASCII and binary corpus consumers resolve to one category; actual bitmap/material/texture declaration verified after decompilation,sw_plc_mdrn/p_mentats01.mdl
sw_plc/t_mopbucket01.dds,sw_plc_mdrn/t_mopbucket01.dds,349572,319039edb9dee92f84da33d4c94ad50ae61e478f45e4a4c26e1dc28c7f409002,All observed ASCII and binary corpus consumers resolve to one category; actual bitmap/material/texture declaration verified after decompilation,sw_plc_mdrn/p_mopbucket01.mdl
sw_plc/t_mtlconsbse01.dds,sw_plc_mdrn/t_mtlconsbse01.dds,349572,2d1e451334df89f463817a00fea8bcf71f7a134ea7a2c4ffe05d35c0eecaf449,All observed ASCII and binary corpus consumers resolve to one category; actual bitmap/material/texture declaration verified after decompilation,sw_plc_mdrn/p_cmeconsolpnl01.mdl; sw_plc_mdrn/p_cmeconsolpnl02.mdl; sw_plc_mdrn/p_cmeconsolpnl03.mdl; sw_plc_mdrn/p_econsolstack02.mdl; sw_plc_mdrn/p_nsolpnlonoff01.mdl; sw_plc_mdrn/p_nsolpnlonoff02.mdl; sw_plc_mdrn/p_nsolpnlonoff03.mdl; sw_plc_mdrn/p_nsolpnlonoff04.mdl
sw_plc/t_mtlconsbse02.dds,sw_plc_mdrn/t_mtlconsbse02.dds,349572,a50678da27a5bb9667c8be8806cc19ca3fcdb808515dd119f1dab4e50a6a9356,All observed ASCII and binary corpus consumers resolve to one category; actual bitmap/material/texture declaration verified after decompilation,sw_plc_mdrn/p_cmeconsolpnl01.mdl; sw_plc_mdrn/p_cmeconsolpnl01.mdl; sw_plc_mdrn/p_cmeconsolpnl01.mdl; sw_plc_mdrn/p_cmeconsolpnl01.mdl; sw_plc_mdrn/p_cmeconsolpnl01.mdl; sw_plc_mdrn/p_cmeconsolpnl01.mdl; sw_plc_mdrn/p_cmeconsolpnl02.mdl; sw_plc_mdrn/p_cmeconsolpnl02.mdl
sw_plc/t_mtlconsbse05.dds,sw_plc_mdrn/t_mtlconsbse05.dds,349572,55b581a23ffeffd425b87cc57a813eadb1151c750af70a6264b7735b3a570be5,All observed ASCII and binary corpus consumers resolve to one category; actual bitmap/material/texture declaration verified after decompilation,sw_plc_mdrn/p_gconsolstack01.mdl; sw_plc_mdrn/p_gconsolstack02.mdl; sw_plc_mdrn/p_ltgconsolpnl01.mdl; sw_plc_mdrn/p_ltgconsolpnl02.mdl; sw_plc_mdrn/p_ltgconsolpnl03.mdl; sw_plc_mdrn/p_ltgconsolpnl04.mdl; sw_plc_mdrn/p_ltgconsolpnl05.mdl; sw_plc_mdrn/p_ltgconsolpnl06.mdl
sw_plc/t_musicnotes.dds,sw_plc_mdrn/t_musicnotes.dds,43812,71e7dfd55e71756a0368d141e6e3329c8113408b63a17c2af6daed62ec33d217,All observed ASCII and binary corpus consumers resolve to one category; actual bitmap/material/texture declaration verified after decompilation,sw_plc_mdrn/p_jkbxcln01.mdl
sw_plc/t_mz01.dds,sw_plc_mdrn/t_mz01.dds,1398148,ab35d2c881fccffceb50101bd7e3f6280503d5c19c95860dec4e5a6b991bc799,All observed ASCII and binary corpus consumers resolve to one category; actual bitmap/material/texture declaration verified after decompilation,sw_plc_mdrn/p_x5x5biotank.mdl; sw_plc_mdrn/p_x5x5crystal01.mdl; sw_plc_mdrn/p_x5x5crystal02.mdl
sw_plc/t_mz01drty.dds,sw_plc_mdrn/t_mz01drty.dds,1398148,263c9288c5b2bac41fdb4a895a94e1378ee80013352bd1ae98067fa21e12b2cd,All observed ASCII and binary corpus consumers resolve to one category; actual bitmap/material/texture declaration verified after decompilation,sw_plc_mdrn/p_x5x5trashpil01.mdl; sw_plc_mdrn/p_x5x5trashpil02.mdl; sw_plc_mdrn/p_x5x5trashpil03.mdl; sw_plc_mdrn/p_x5x5trashpil04.mdl; sw_plc_mdrn/p_x5x5trashpil05.mdl; sw_plc_mdrn/p_x5x5trashpil06.mdl
sw_plc/t_mz02.dds,sw_plc_mdrn/t_mz02.dds,1398148,57d4e4d130596e9137b2f30b82187b2608846c510251cc5378eb79f818bc9d11,All observed ASCII and binary corpus consumers resolve to one category; actual bitmap/material/texture declaration verified after decompilation,sw_plc_mdrn/p_x55alinwrkbnch.mdl; sw_plc_mdrn/p_x5x5biotank.mdl
sw_plc/t_mz02drty.dds,sw_plc_mdrn/t_mz02drty.dds,1398148,a7cfffa61920a758339b9c46d91a84c0b6f1034e799cddffdfb11d9d0739d9f7,All observed ASCII and binary corpus consumers resolve to one category; actual bitmap/material/texture declaration verified after decompilation,sw_plc_mdrn/p_x5x5trashpil01.mdl; sw_plc_mdrn/p_x5x5trashpil02.mdl; sw_plc_mdrn/p_x5x5trashpil03.mdl; sw_plc_mdrn/p_x5x5trashpil04.mdl; sw_plc_mdrn/p_x5x5trashpil05.mdl; sw_plc_mdrn/p_x5x5trashpil06.mdl
sw_plc/t_mz02mtltile.dds,sw_plc_mdrn/t_mz02mtltile.dds,349572,730989298e8e4b308653968b4d124f02e1462f52c6193cad12ff8ed59636c2a7,All observed ASCII and binary corpus consumers resolve to one category; actual bitmap/material/texture declaration verified after decompilation,sw_plc_mdrn/p_x5x5biotank.mdl
sw_plc/t_mz03.dds,sw_plc_mdrn/t_mz03.dds,1398148,9ac473160fc6a660b94a1d22886bbfa825fe3c67886628a01e453bc531ef85ac,All observed ASCII and binary corpus consumers resolve to one category; actual bitmap/material/texture declaration verified after decompilation,sw_plc_mdrn/p_x55alinwrkbnch.mdl; sw_plc_mdrn/p_x5x5biotank.mdl
sw_plc/t_mz03drty.dds,sw_plc_mdrn/t_mz03drty.dds,1398148,62c14ff489d739f2e0d8ab95ed313008d24eda031ba47b225a28faa07cd73842,All observed ASCII and binary corpus consumers resolve to one category; actual bitmap/material/texture declaration verified after decompilation,sw_plc_mdrn/p_x5x5trashpil01.mdl; sw_plc_mdrn/p_x5x5trashpil02.mdl; sw_plc_mdrn/p_x5x5trashpil03.mdl; sw_plc_mdrn/p_x5x5trashpil04.mdl; sw_plc_mdrn/p_x5x5trashpil05.mdl; sw_plc_mdrn/p_x5x5trashpil06.mdl
sw_plc/t_mz04.dds,sw_plc_mdrn/t_mz04.dds,1398148,debc16a76eca9a1f8155d1b87501617c4484cce22a5d73ba33aa8dbc99d3a516,All observed ASCII and binary corpus consumers resolve to one category; actual bitmap/material/texture declaration verified after decompilation,sw_plc_mdrn/p_x55alinwrkbnch.mdl; sw_plc_mdrn/p_x5x5trashpil01.mdl; sw_plc_mdrn/p_x5x5trashpil02.mdl; sw_plc_mdrn/p_x5x5trashpil03.mdl; sw_plc_mdrn/p_x5x5trashpil04.mdl; sw_plc_mdrn/p_x5x5trashpil05.mdl; sw_plc_mdrn/p_x5x5trashpil06.mdl
sw_plc/t_mz05.dds,sw_plc_mdrn/t_mz05.dds,1398148,4888ff29ade8e0f977a076f6e17753e912d90e683483d9852cf2f94ab8e15655,All observed ASCII and binary corpus consumers resolve to one category; actual bitmap/material/texture declaration verified after decompilation,sw_plc_mdrn/p_x55alinwrkbnch.mdl; sw_plc_mdrn/p_x55mzclipbrd01.mdl; sw_plc_mdrn/p_x55mzclipbrd01.mdl
sw_plc/t_mzglass01.dds,sw_plc_mdrn/t_mzglass01.dds,5508,3dc9c10820bbf7e40c2890f3cb62a5f6dfae8d8f18fdae7833cb816b02d6f35c,All observed ASCII and binary corpus consumers resolve to one category; actual bitmap/material/texture declaration verified after decompilation,sw_plc_mdrn/p_x5x5biotank.mdl; sw_plc_mdrn/p_x5x5crystal01.mdl; sw_plc_mdrn/p_x5x5crystal02.mdl
sw_plc/t_nclnotacrate01.dds,sw_plc_mdrn/t_nclnotacrate01.dds,349572,1bfa89a59dfc30d18e10a0bd32b687e251afc6f3cbb3046e459419bb30a2b892,All observed ASCII and binary corpus consumers resolve to one category; actual bitmap/material/texture declaration verified after decompilation,sw_plc_mdrn/p_enclcrate01.mdl; sw_plc_mdrn/p_enclcrate01.mdl
sw_plc/t_oasisbark01.dds,sw_plc_mdrn/t_oasisbark01.dds,349572,8741decccaba3799e17adbca7b3710f924949ce38ed4cdab37ca2da66324dde5,All observed ASCII and binary corpus consumers resolve to one category; actual bitmap/material/texture declaration verified after decompilation,sw_plc_mdrn/p_x4x4bonetree02.mdl; sw_plc_mdrn/p_x4x4bonetree04.mdl; sw_plc_mdrn/p_x4x4bonetree05.mdl
sw_plc/t_ockcanynrubl01.dds,sw_plc_mdrn/t_ockcanynrubl01.dds,349572,64e938148532aba0099004fbdb6ca0a3cb105635599bdcc3b3007a6bc91eec5d,All observed ASCII and binary corpus consumers resolve to one category; actual bitmap/material/texture declaration verified after decompilation,sw_plc_mdrn/p_burialmound03.mdl
sw_plc/t_passcard01.dds,sw_plc_mdrn/t_passcard01.dds,87428,7160f5501c5550a84f79e016b98d2a0d447f5800cf8e16961dcfd3d553e5b282,All observed ASCII and binary corpus consumers resolve to one category; actual bitmap/material/texture declaration verified after decompilation,sw_plc_mdrn/p_passcardblue.mdl; sw_plc_mdrn/p_passcardred.mdl
sw_plc/t_pbfnc.dds,sw_plc_mdrn/t_pbfnc.dds,349572,f6572d7c9a5c22936118007ea057fd1a9d51b68d8128601f95344986c4f25272,All observed ASCII and binary corpus consumers resolve to one category; actual bitmap/material/texture declaration verified after decompilation,sw_plc_mdrn/p_bwcrnrlt01.mdl; sw_plc_mdrn/p_bwcrnrrt01.mdl; sw_plc_mdrn/p_bwfnc01.mdl; sw_plc_mdrn/p_bwpost01.mdl
sw_plc/t_plate01.dds,sw_plc_mdrn/t_plate01.dds,21892,3974a9ba64045af0fec9a008f0f267f71d0e01e4e173f454ff21481fc2217f6e,All observed ASCII and binary corpus consumers resolve to one category; actual bitmap/material/texture declaration verified after decompilation,sw_plc_mdrn/p_plate01.mdl
sw_plc/t_pleximap01.dds,sw_plc_mdrn/t_pleximap01.dds,349572,606973070902ce0b646f97f6b363c73408275f63da5742fe444475a821b187be,All observed ASCII and binary corpus consumers resolve to one category; actual bitmap/material/texture declaration verified after decompilation,sw_plc_mdrn/p_itdlpleximap01.mdl; sw_plc_mdrn/p_itdlpleximap01.mdl
sw_plc/t_portblbnkr01.dds,sw_plc_mdrn/t_portblbnkr01.dds,349572,e49e8b88049203ea86d566685f9545586a9d2a4520f2ad0068861f3a2f821a54,All observed ASCII and binary corpus consumers resolve to one category; actual bitmap/material/texture declaration verified after decompilation,sw_plc_mdrn/p_deathclawcag.mdl; sw_plc_mdrn/p_deathclawcagdr.mdl; sw_plc_mdrn/p_deathclawcagdr.mdl
sw_plc/t_portblbnkr02.dds,sw_plc_mdrn/t_portblbnkr02.dds,349572,49dad8c48b333d9a85ef395c394da0e1aac2811109002e2f6c2051f3227abb95,All observed ASCII and binary corpus consumers resolve to one category; actual bitmap/material/texture declaration verified after decompilation,sw_plc_mdrn/p_deathclawcag.mdl; sw_plc_mdrn/p_deathclawcagdr.mdl; sw_plc_mdrn/p_deathclawcagdr.mdl; sw_plc_mdrn/p_deathclawcagdr.mdl
sw_plc/t_rinkingglass01.dds,sw_plc_mdrn/t_rinkingglass01.dds,21892,1df204460c16b5d34c491b921e03db7611e43ad92dd25ca375ddd6c33b895512,All observed ASCII and binary corpus consumers resolve to one category; actual bitmap/material/texture declaration verified after decompilation,sw_plc_mdrn/p_rinkingglass01.mdl
sw_plc/t_rlpnlsscreen01.dds,sw_plc_mdrn/t_rlpnlsscreen01.dds,43748,195b22778656709895048b35160c065e67d50726c9f60dbb010773a922c3c2a6,All observed ASCII and binary corpus consumers resolve to one category; actual bitmap/material/texture declaration verified after decompilation,sw_plc_mdrn/p_mainfrmonoff.mdl
sw_plc/t_scroltape01.dds,sw_plc_mdrn/t_scroltape01.dds,21924,8cee82d7bb746574ffc9c88557d80923697b298608584c8e2c34594809a44614,All observed ASCII and binary corpus consumers resolve to one category; actual bitmap/material/texture declaration verified after decompilation,sw_plc_mdrn/p_cons02.mdl; sw_plc_mdrn/p_consr02.mdl; sw_plc_mdrn/p_x3acemonitor01.mdl
sw_plc/t_shotgnshellbx.dds,sw_plc_mdrn/t_shotgnshellbx.dds,87428,e2ed2df9e6d368006a29e0218cada8ed86ae3c3d8d6d044eb6a961058870b5e5,All observed ASCII and binary corpus consumers resolve to one category; actual bitmap/material/texture declaration verified after decompilation,sw_plc_mdrn/p_shotgnshellbx.mdl
sw_plc/t_sinwave01.dds,sw_plc_mdrn/t_sinwave01.dds,10980,4f4e9dffe71477006864d661a4f8f38bbcaae390fd7483094d0e5127494149ca,All observed ASCII and binary corpus consumers resolve to one category; actual bitmap/material/texture declaration verified after decompilation,sw_plc_mdrn/p_computerrack01.mdl
sw_plc/t_sinwave02.dds,sw_plc_mdrn/t_sinwave02.dds,10980,fa243bae220745bd634841fc36d146daa39f77056ad2365f62d469fc7f0a7a9b,All observed ASCII and binary corpus consumers resolve to one category; actual bitmap/material/texture declaration verified after decompilation,sw_plc_mdrn/p_x3acemonitor01.mdl
sw_plc/t_sinwave03.dds,sw_plc_mdrn/t_sinwave03.dds,21892,9003ece0437507613dc8bc01b77e0996e3d7de1f02cbda0e23b38c351f66a324,All observed ASCII and binary corpus consumers resolve to one category; actual bitmap/material/texture declaration verified after decompilation,sw_plc_mdrn/p_x3acemonitor01.mdl
sw_plc/t_splaycaseglass.dds,sw_plc_mdrn/t_splaycaseglass.dds,87428,9689f656be34c874aecde9994521d4abf6a06d90b820af4ab70efb985638ac95,All observed ASCII and binary corpus consumers resolve to one category; actual bitmap/material/texture declaration verified after decompilation,sw_plc_mdrn/p_displaycase.mdl; sw_plc_mdrn/p_displaycase.mdl; sw_plc_mdrn/p_displaycase.mdl; sw_plc_mdrn/p_displaycase.mdl
sw_plc/t_stalldivider01.dds,sw_plc_mdrn/t_stalldivider01.dds,349572,e8db1cec98638c1758628e0e03337fd2c9c06dd8c9388f97d18cfa5c0fbf05e0,All observed ASCII and binary corpus consumers resolve to one category; actual bitmap/material/texture declaration verified after decompilation,sw_plc_mdrn/p_stalldivider01.mdl; sw_plc_mdrn/p_stalldivider01.mdl
sw_plc/t_stillbrl01.dds,sw_plc_mdrn/t_stillbrl01.dds,349572,c3e0f23af25473ab31fc9365dfdf091376d6df76c66bdbdb0f9edcd9b7075f62,All observed ASCII and binary corpus consumers resolve to one category; actual bitmap/material/texture declaration verified after decompilation,sw_plc_mdrn/p_x4distillery01.mdl; sw_plc_mdrn/p_x4distillery01.mdl; sw_plc_mdrn/p_x4distillery01.mdl
sw_plc/t_stillmtl01.dds,sw_plc_mdrn/t_stillmtl01.dds,349572,2fdfb1bab09e549425727c785eee9a4f97e78f81f74ac29e4d976f12faebe3a7,All observed ASCII and binary corpus consumers resolve to one category; actual bitmap/material/texture declaration verified after decompilation,sw_plc_mdrn/p_x4distillery01.mdl; sw_plc_mdrn/p_x4distillery01.mdl; sw_plc_mdrn/p_x4distillery01.mdl; sw_plc_mdrn/p_x4distillery01.mdl; sw_plc_mdrn/p_x4distillery01.mdl
sw_plc/t_tapemach01.dds,sw_plc_mdrn/t_tapemach01.dds,349572,acb1e956c4d4509672acd760b176eb02c93d2ada0f4982a0ad301472ecf77fc9,All observed ASCII and binary corpus consumers resolve to one category; actual bitmap/material/texture declaration verified after decompilation,sw_plc_mdrn/p_tapemachoff01.mdl; sw_plc_mdrn/p_tapemachoff01.mdl; sw_plc_mdrn/p_tapemachoff01.mdl
sw_plc/t_tblvlt01.dds,sw_plc_mdrn/t_tblvlt01.dds,349572,8331658b33c6c49387b1f2a59adcc3c351f0e921f8ec17f9c52c1265c935b153,All observed ASCII and binary corpus consumers resolve to one category; actual bitmap/material/texture declaration verified after decompilation,sw_plc_mdrn/p_x11genmtltbl01.mdl
sw_plc/t_term01.dds,sw_plc_mdrn/t_term01.dds,349572,3bf40ad9367f27567cf51288ceb5376ef53e7ac9d564ec496d6333d7a3d493e7,All observed ASCII and binary corpus consumers resolve to one category; actual bitmap/material/texture declaration verified after decompilation,sw_plc_mdrn/p_x3acemonitor01.mdl
sw_plc/t_termscreen01.dds,sw_plc_mdrn/t_termscreen01.dds,87428,ae7e0feac2c5453ac7677687d582c52a7fbff58ab0906d99034fc02676ed0380,All observed ASCII and binary corpus consumers resolve to one category; actual bitmap/material/texture declaration verified after decompilation,sw_plc_mdrn/p_mainfrm01.mdl; sw_plc_mdrn/p_mainfrm01off.mdl; sw_plc_mdrn/p_x3acemonitor01.mdl; sw_plc_mdrn/p_x3acemonitor01.mdl
sw_plc/t_urbductwrk01.dds,sw_plc_mdrn/t_urbductwrk01.dds,349572,bd0514d36ccf157676e67c87f303eb5290f6bc249121a9b95120b8ad154d1354,All observed ASCII and binary corpus consumers resolve to one category; actual bitmap/material/texture declaration verified after decompilation,sw_plc_mdrn/p_x3uctwrkvent01.mdl
sw_plc/t_vcntrlpnls02.dds,sw_plc_mdrn/t_vcntrlpnls02.dds,349572,2ce674d655eeb929be964379429480df87f84fc47fa90b1a3a4653acf626b316,All observed ASCII and binary corpus consumers resolve to one category; actual bitmap/material/texture declaration verified after decompilation,sw_plc_mdrn/p_mainfrmonoff.mdl; sw_plc_mdrn/p_mainfrmonoff.mdl; sw_plc_mdrn/p_mainfrmonoff.mdl; sw_plc_mdrn/p_mainfrmonoff.mdl
sw_plc/t_vendortrunk01.dds,sw_plc_mdrn/t_vendortrunk01.dds,349572,db56430f92d86763e80a05d270e8a20af2c8ba6b552be73c3b6606ae530c6716,All observed ASCII and binary corpus consumers resolve to one category; actual bitmap/material/texture declaration verified after decompilation,sw_plc_mdrn/p_vendortrunk01.mdl; sw_plc_mdrn/p_vendortrunk01.mdl; sw_plc_mdrn/p_vendortrunk01.mdl
sw_plc/t_whiskeybtl01.dds,sw_plc_mdrn/t_whiskeybtl01.dds,87428,655b811d39dc88e10a239306d31832a4cbc66efbbaa3be51c79e056004f4adb3,All observed ASCII and binary corpus consumers resolve to one category; actual bitmap/material/texture declaration verified after decompilation,sw_plc_mdrn/p_hiskeybtl01emp.mdl; sw_plc_mdrn/p_hiskeybtl01emp.mdl; sw_plc_mdrn/p_hiskeybtl01emp.mdl; sw_plc_mdrn/p_whiskeybtl01.mdl; sw_plc_mdrn/p_whiskeybtl01.mdl; sw_plc_mdrn/p_whiskeybtl01.mdl; sw_plc_mdrn/p_whiskeybtl01.mdl
sw_plc/t_whiskeybtl02.dds,sw_plc_mdrn/t_whiskeybtl02.dds,87428,02fb098567cc956084f6d1f2481a4c45f182ea11b2be6d544a16184cbb6a45db,All observed ASCII and binary corpus consumers resolve to one category; actual bitmap/material/texture declaration verified after decompilation,sw_plc_mdrn/p_whiskeybtl02.mdl; sw_plc_mdrn/p_whiskeybtl02.mdl; sw_plc_mdrn/p_whiskeybtl02.mdl
sw_plc/t_wooddetails.dds,sw_plc_mdrn/t_wooddetails.dds,349572,18cc276eae724429af332f6eba75be4801de06d7cee01be97b7257b13d407bae,All observed ASCII and binary corpus consumers resolve to one category; actual bitmap/material/texture declaration verified after decompilation,sw_plc_mdrn/p_campfire03.mdl; sw_plc_mdrn/p_campfire03.mdl; sw_plc_mdrn/p_campfire03.mdl; sw_plc_mdrn/p_campfire03.mdl; sw_plc_mdrn/p_campfire03.mdl; sw_plc_mdrn/p_campfire03.mdl; sw_plc_mdrn/p_campfire03.mdl; sw_plc_mdrn/p_campfire04.mdl
sw_plc/t_woodsiding01.dds,sw_plc_mdrn/t_woodsiding01.dds,1398148,7ef2fc6e614e09d16231e092dfe3e7526d7264e94f02b0f6609919872cc889d5,All observed ASCII and binary corpus consumers resolve to one category; actual bitmap/material/texture declaration verified after decompilation,sw_plc_mdrn/p_x5x5trashpil03.mdl; sw_plc_mdrn/p_x5x5trashpil04.mdl; sw_plc_mdrn/p_x5x5trashpil06.mdl
sw_plc/t_x1gastank01new.dds,sw_plc_mdrn/t_x1gastank01new.dds,1398148,6c5a2d8dbb4cf262b9a60b482fa57407bb297a2112d81a134eef4c357c6cba49,All observed ASCII and binary corpus consumers resolve to one category; actual bitmap/material/texture declaration verified after decompilation,sw_plc_mdrn/p_x1gastankcntrl.mdl; sw_plc_mdrn/p_x1x1gastank.mdl
sw_plc/t_x1gastank02new.dds,sw_plc_mdrn/t_x1gastank02new.dds,1398148,352aac73a24f86c979396347cafbd04ff657a8217c1d548e8b70d769ee41da53,All observed ASCII and binary corpus consumers resolve to one category; actual bitmap/material/texture declaration verified after decompilation,sw_plc_mdrn/p_x1gastankcntrl.mdl; sw_plc_mdrn/p_x1x1gastank.mdl
sw_plc/t_x1gastank03new.dds,sw_plc_mdrn/t_x1gastank03new.dds,349572,0b07f8521e27721a74d1e316f71e248ab583c594ad840b591a15d2953b6d5b27,All observed ASCII and binary corpus consumers resolve to one category; actual bitmap/material/texture declaration verified after decompilation,sw_plc_mdrn/p_x1x1gastank.mdl
sw_plc/t_x1linkfnckit01.dds,sw_plc_mdrn/t_x1linkfnckit01.dds,349572,26bf015d846bce77ed7edff0aa6901e7ab30c077d8ae0a00e95576f940537ccc,All observed ASCII and binary corpus consumers resolve to one category; actual bitmap/material/texture declaration verified after decompilation,sw_plc_mdrn/p_x1x1clfnc04.mdl; sw_plc_mdrn/p_x1x1clfnc04.mdl
sw_plc/t_x1nclbse01quad.dds,sw_plc_mdrn/t_x1nclbse01quad.dds,349572,1a9521cf75e5006d9fc564a3e8f5fdb7f47ec3fd3feec6cc2215b89884b57add,All observed ASCII and binary corpus consumers resolve to one category; actual bitmap/material/texture declaration verified after decompilation,sw_plc_mdrn/p_x1x1chincomtwr.mdl; sw_plc_mdrn/p_x1x1chincomtwr.mdl; sw_plc_mdrn/p_x1x1chincomtwr.mdl
sw_plc/t_x1nclbse03quad.dds,sw_plc_mdrn/t_x1nclbse03quad.dds,349572,34bfc87b4f001b693cea0d37d4e7c5fa6486a7b3bff13a27fc3f0bc16514feb4,All observed ASCII and binary corpus consumers resolve to one category; actual bitmap/material/texture declaration verified after decompilation,sw_plc_mdrn/p_x1x1chincomtwr.mdl; sw_plc_mdrn/p_x1x1chincomtwr.mdl; sw_plc_mdrn/p_x1x1chincomtwr.mdl
sw_plc/t_x1x1amobx.dds,sw_plc_mdrn/t_x1x1amobx.dds,87428,bcdd213fbc29d7c5df84b72690b407dca7e13d1ec50cdec38d8252dadc93aa7d,All observed ASCII and binary corpus consumers resolve to one category; actual bitmap/material/texture declaration verified after decompilation,sw_plc_mdrn/p_x1x1amobx.mdl; sw_plc_mdrn/p_x1x1amobx.mdl
sw_plc/t_x1x1chimera01.dds,sw_plc_mdrn/t_x1x1chimera01.dds,1398148,6941e8efbddf85f02aba484a78168fd9ff6f532f2fa9bb3e0e0890b45b901955,All observed ASCII and binary corpus consumers resolve to one category; actual bitmap/material/texture declaration verified after decompilation,sw_plc_mdrn/p_x1chimerastc01.mdl
sw_plc/t_x1x1chimera02.dds,sw_plc_mdrn/t_x1x1chimera02.dds,1398148,91fd4066558c45dd20995e0b8308418cd33add3fcb7ef721f1b8a531dc0866ac,All observed ASCII and binary corpus consumers resolve to one category; actual bitmap/material/texture declaration verified after decompilation,sw_plc_mdrn/p_x11chimeragn01.mdl; sw_plc_mdrn/p_x1chimerastc01.mdl
sw_plc/t_x1x1chimera03.dds,sw_plc_mdrn/t_x1x1chimera03.dds,1398148,238bc2601bc0326c5db1476f9a72164e5de78b8ba145e053dba3d909e90abeee,All observed ASCII and binary corpus consumers resolve to one category; actual bitmap/material/texture declaration verified after decompilation,sw_plc_mdrn/p_x11chimeragn01.mdl; sw_plc_mdrn/p_x1chimerastc01.mdl
sw_plc/t_x1x1crate.dds,sw_plc_mdrn/t_x1x1crate.dds,1398148,c936294f91e53889e0f9cedd643e06debd496f4636aca31c14f8e3937c06dae1,All observed ASCII and binary corpus consumers resolve to one category; actual bitmap/material/texture declaration verified after decompilation,sw_plc_mdrn/p_x1x1crate.mdl; sw_plc_mdrn/p_x1x1crateopen.mdl
sw_plc/t_x1x1gastank01.dds,sw_plc_mdrn/t_x1x1gastank01.dds,1398148,a8da6c43eaa807d8d1f95bbc0c402f1d6d9dce47b775465ed9f13d3e29061d84,All observed ASCII and binary corpus consumers resolve to one category; actual bitmap/material/texture declaration verified after decompilation,sw_plc_mdrn/p_x1x1gassmtank.mdl
sw_plc/t_x1x1gastank02.dds,sw_plc_mdrn/t_x1x1gastank02.dds,1398148,d384a15c36045f842d2fc8475863d83be113a7f26e971668fa92dfdff1c73d20,All observed ASCII and binary corpus consumers resolve to one category; actual bitmap/material/texture declaration verified after decompilation,sw_plc_mdrn/p_x1x1gassmtank.mdl
sw_plc/t_x2x2fan.dds,sw_plc_mdrn/t_x2x2fan.dds,349572,0d27f3886912ba46bcef9468c5a81cb5165f274d258a859e29065987cf7736a6,All observed ASCII and binary corpus consumers resolve to one category; actual bitmap/material/texture declaration verified after decompilation,sw_plc_mdrn/p_x2x2fan.mdl; sw_plc_mdrn/p_x2x2fan.mdl; sw_plc_mdrn/p_x2x2fan.mdl
sw_plc/t_x3x3aquapura.dds,sw_plc_mdrn/t_x3x3aquapura.dds,21892,a0bd240899f2410f5939de0aa6b929f35a0c39ffb7372be00553be8f81b2cfd7,All observed ASCII and binary corpus consumers resolve to one category; actual bitmap/material/texture declaration verified after decompilation,sw_plc_mdrn/p_x3x3aquapura.mdl
sw_plc/t_x3x3brhmnegg.dds,sw_plc_mdrn/t_x3x3brhmnegg.dds,699108,a4156f4946a029c3c9a554dfe0e8643f16a14cf3609c2b3010b61bc350a14ee0,All observed ASCII and binary corpus consumers resolve to one category; actual bitmap/material/texture declaration verified after decompilation,sw_plc_mdrn/p_x3rhmneggpil01.mdl; sw_plc_mdrn/p_x3rhmneggpil02.mdl
sw_plc/t_x44strtlittr01.dds,sw_plc_mdrn/t_x44strtlittr01.dds,699108,f7e84f30792ecbcf8023f11305adee00a892e491cb12ddd4f3805e10bcd9c625,All observed ASCII and binary corpus consumers resolve to one category; actual bitmap/material/texture declaration verified after decompilation,sw_plc_mdrn/p_x44strtlittr01.mdl; sw_plc_mdrn/p_x44strtlittr02.mdl; sw_plc_mdrn/p_x4edgeshaded01.mdl; sw_plc_mdrn/p_x4strtlittr01a.mdl; sw_plc_mdrn/p_x4strtlittr01a.mdl; sw_plc_mdrn/p_x4strtlittr02a.mdl; sw_plc_mdrn/p_x4strtlittr02a.mdl; sw_plc_mdrn/p_x4tlittrdark01.mdl
sw_plc/t_x4rainliquid01.dds,sw_plc_mdrn/t_x4rainliquid01.dds,349572,bd5d852e67187febe821e3e2be3635901cdebc6f6ac37f2867946932cf332e82,All observed ASCII and binary corpus consumers resolve to one category; actual bitmap/material/texture declaration verified after decompilation,sw_plc_mdrn/p_x4x4brainjar02.mdl; sw_plc_mdrn/p_x4x4brainjar03.mdl
sw_plc/t_x4x4brain.dds,sw_plc_mdrn/t_x4x4brain.dds,349572,ba7d49420f0a46718e13be7ba975fb66725bb7c526d29130766c1a04012cf3c1,All observed ASCII and binary corpus consumers resolve to one category; actual bitmap/material/texture declaration verified after decompilation,sw_plc_mdrn/p_x4x4brainjar02.mdl; sw_plc_mdrn/p_x4x4brainjar02.mdl; sw_plc_mdrn/p_x4x4brainjar02.mdl; sw_plc_mdrn/p_x4x4brainjar02.mdl; sw_plc_mdrn/p_x4x4brainjar03.mdl; sw_plc_mdrn/p_x4x4brainjar03.mdl; sw_plc_mdrn/p_x4x4brainjar03.mdl; sw_plc_mdrn/p_x4x4brainjar03.mdl
sw_plc/t_x4x4churchpew.dds,sw_plc_mdrn/t_x4x4churchpew.dds,87428,5496741ea5de597d96adf6f1837ee76f4ea5e647632bdee606cdb0ff46864281,All observed ASCII and binary corpus consumers resolve to one category; actual bitmap/material/texture declaration verified after decompilation,sw_plc_mdrn/p_x4x4altar01.mdl
sw_plc/t_x4x4dirtgrass.dds,sw_plc_mdrn/t_x4x4dirtgrass.dds,349572,d9e379cfa1089b91942fe4ce445f9d7e5aa3d937055eeb1bb55d0f9b71db12db,All observed ASCII and binary corpus consumers resolve to one category; actual bitmap/material/texture declaration verified after decompilation,sw_plc_mdrn/p_x4hydropodsm01.mdl; sw_plc_mdrn/p_x4x4hydropod01.mdl
sw_plc/t_x4x4evilbook.dds,sw_plc_mdrn/t_x4x4evilbook.dds,87428,13deda56f2df2d03732fecbf952d3e32b0e32d258f0bed30468fcc6c544962b3,All observed ASCII and binary corpus consumers resolve to one category; actual bitmap/material/texture declaration verified after decompilation,sw_plc_mdrn/p_x4erevilbook01.mdl
sw_plc/t_x55abomination.dds,sw_plc_mdrn/t_x55abomination.dds,1398148,cf14c036f36d3eb006cf7e6d71e4fa3962ff0157fcfb17d21cc4ec5772b48ac7,All observed ASCII and binary corpus consumers resolve to one category; actual bitmap/material/texture declaration verified after decompilation,sw_plc_mdrn/p_x5x5biotank.mdl
sw_plc/t_x55mzclipbrd01.dds,sw_plc_mdrn/t_x55mzclipbrd01.dds,87428,2e74031e469da475dd98e67a1eebe98f80235f6a1997d3e1e11d2ce220f78569,All observed ASCII and binary corpus consumers resolve to one category; actual bitmap/material/texture declaration verified after decompilation,sw_plc_mdrn/p_x55mzclipbrd01.mdl
sw_plc/t_x5umpstertrash.dds,sw_plc_mdrn/t_x5umpstertrash.dds,1398148,ef3c5c78e27e2d4e876a25b9490034d69adf3aeaa4ad95865cf7368e5074c235,All observed ASCII and binary corpus consumers resolve to one category; actual bitmap/material/texture declaration verified after decompilation,sw_plc_mdrn/p_x5x5trashpil01.mdl; sw_plc_mdrn/p_x5x5trashpil02.mdl; sw_plc_mdrn/p_x5x5trashpil03.mdl; sw_plc_mdrn/p_x5x5trashpil04.mdl; sw_plc_mdrn/p_x5x5trashpil05.mdl; sw_plc_mdrn/p_x5x5trashpil06.mdl
sw_plc/tanktest.dds,sw_plc_mdrn/tanktest.dds,87420,5652f7dbef2cea7bf085bcbf9e7cde1d5cb9fddbbd7a82b233fd08e5b4ee4de5,All observed ASCII and binary corpus consumers resolve to one category; actual bitmap/material/texture declaration verified after decompilation,sw_plc_mdrn/p_misc1.mdl
sw_plc/tdd02_flrbrks.tga,sw_plc_cep/tdd02_flrbrks.tga,16428,4f16efc2d8ab7a816c8d8c14ada53a8fae6a338af0ba8dfd62d1f3b9556f8c1c,All observed ASCII and binary corpus consumers resolve to one category; actual bitmap/material/texture declaration verified after decompilation,sw_plc_cep/zlc_16l.mdl
sw_plc/tdd02_genstn2.dds,sw_plc_cep/tdd02_genstn2.dds,43724,53879a781796f594d220640130d2020f1eb5e99502a2a9a4724b421317a4975f,All observed ASCII and binary corpus consumers resolve to one category; actual bitmap/material/texture declaration verified after decompilation,sw_plc_cep/zlc_16l.mdl
sw_plc/tdd02_wallgen.dds,sw_plc_cep/tdd02_wallgen.dds,43724,4afdb6ee867ea2115ded2a769e47be578f08654216b38c336469ebc06072a24f,All observed ASCII and binary corpus consumers resolve to one category; actual bitmap/material/texture declaration verified after decompilation,sw_plc_cep/zlc_18l.mdl
sw_plc/tel_fl02.dds,sw_plc_cep/tel_fl02.dds,10956,2ea5368f332ac3bb2b32d0091cae2d21e1f4725269e6225470b8ca54e5f86e87,All observed ASCII and binary corpus consumers resolve to one category; actual bitmap/material/texture declaration verified after decompilation,sw_plc_cep/pkt_tlcrate3.mdl
sw_plc/tel_fl06.dds,sw_plc_cep/tel_fl06.dds,43724,e4114b6d7681ab21bcbc71f3210e187dc342a6ab59dacd52037a0bef4de66b44,All observed ASCII and binary corpus consumers resolve to one category; actual bitmap/material/texture declaration verified after decompilation,sw_plc_cep/pkt_telscaf1.mdl; sw_plc_cep/pkt_telscaf2.mdl
sw_plc/tel_fl08.dds,sw_plc_cep/tel_fl08.dds,10956,75ebfb73e390fb4236bb875191d15ea11946f131cde287b9babdf0d2ccce437c,All observed ASCII and binary corpus consumers resolve to one category; actual bitmap/material/texture declaration verified after decompilation,sw_plc_cep/pkt_tlcrate1.mdl
sw_plc/tel_tr02.dds,sw_plc_cep/tel_tr02.dds,43724,d21dde069f8c43cddb643f2e710c03272d766a5c0b306126aa5f9d7b1444b361,All observed ASCII and binary corpus consumers resolve to one category; actual bitmap/material/texture declaration verified after decompilation,sw_plc_cep/pkt_telscaf1.mdl; sw_plc_cep/pkt_telscaf2.mdl; sw_plc_cep/pkt_tlcrate1.mdl; sw_plc_cep/pkt_tlcrate2.mdl; sw_plc_cep/pkt_tlcrate3.mdl
sw_plc/tel_wl04.dds,sw_plc_cep/tel_wl04.dds,43724,9a9993ab7a22767be15dfa7f3e7d024d2caf4fca4933ab4fa3e58c7592f845c5,All observed ASCII and binary corpus consumers resolve to one category; actual bitmap/material/texture declaration verified after decompilation,sw_plc_cep/pkt_tlcrate2.mdl
sw_plc/tex00c.dds,sw_plc_mdrn/tex00c.dds,174796,3aa48b19d138cd7360f9e344f4014c82232177f8a01cca700502f599f23420b5,All observed ASCII and binary corpus consumers resolve to one category; actual bitmap/material/texture declaration verified after decompilation,sw_plc_mdrn/v002.mdl; sw_plc_mdrn/v004.mdl; sw_plc_mdrn/v015.mdl
sw_plc/tex01c.dds,sw_plc_mdrn/tex01c.dds,174796,cca7f313268d1c6d908f78ea617124c8a9afb8bef57277d7ad6432433c49b710,All observed ASCII and binary corpus consumers resolve to one category; actual bitmap/material/texture declaration verified after decompilation,sw_plc_mdrn/v001.mdl; sw_plc_mdrn/v002.mdl; sw_plc_mdrn/v004.mdl; sw_plc_mdrn/v007.mdl; sw_plc_mdrn/v008.mdl; sw_plc_mdrn/v010.mdl; sw_plc_mdrn/v011.mdl; sw_plc_mdrn/v015.mdl
sw_plc/tex02c.dds,sw_plc_mdrn/tex02c.dds,174796,23a1b87702df4eba434fbc848d0a1fd61e89080598134abc5b86a43cb9e53d2e,All observed ASCII and binary corpus consumers resolve to one category; actual bitmap/material/texture declaration verified after decompilation,sw_plc_mdrn/v004.mdl; sw_plc_mdrn/v005.mdl; sw_plc_mdrn/v006.mdl; sw_plc_mdrn/v010.mdl; sw_plc_mdrn/v011.mdl; sw_plc_mdrn/v015.mdl
sw_plc/tex03c.dds,sw_plc_mdrn/tex03c.dds,174796,812b58efc9981560138a5603cc7493a3305be57d131fc6de28770b2530402be8,All observed ASCII and binary corpus consumers resolve to one category; actual bitmap/material/texture declaration verified after decompilation,sw_plc_mdrn/v002.mdl; sw_plc_mdrn/v004.mdl; sw_plc_mdrn/v005.mdl; sw_plc_mdrn/v006.mdl; sw_plc_mdrn/v007.mdl; sw_plc_mdrn/v008.mdl; sw_plc_mdrn/v009.mdl; sw_plc_mdrn/v010.mdl
sw_plc/tex04c.dds,sw_plc_mdrn/tex04c.dds,174796,27e1dc75c915c3e2e445c209e5ceeca30cab23ca6a72b63db8a8808c108eb1ba,All observed ASCII and binary corpus consumers resolve to one category; actual bitmap/material/texture declaration verified after decompilation,sw_plc_mdrn/v001.mdl; sw_plc_mdrn/v002.mdl; sw_plc_mdrn/v004.mdl; sw_plc_mdrn/v005.mdl; sw_plc_mdrn/v006.mdl; sw_plc_mdrn/v007.mdl; sw_plc_mdrn/v008.mdl; sw_plc_mdrn/v009.mdl
sw_plc/tibanna.dds,sw_plc_mdrn/tibanna.dds,87420,4f3046ebeab23b03b2679e78aada4b99ca977da78ec67793712e1c06204fca72,All observed ASCII and binary corpus consumers resolve to one category; actual bitmap/material/texture declaration verified after decompilation,sw_plc_mdrn/ffmarket.mdl; sw_plc_mdrn/ffmarket.mdl; sw_plc_mdrn/ffmarket.mdl; sw_plc_mdrn/ffmarket.mdl; sw_plc_mdrn/ffmarket.mdl; sw_plc_mdrn/ffmarket.mdl; sw_plc_mdrn/ffmarket.mdl; sw_plc_mdrn/ffmarket.mdl
sw_plc/tie_advanced01.dds,sw_plc_mdrn/tie_advanced01.dds,87428,575442e7eb19291d84c04fa2515edde90cc652d435c4f551a985100cb70dda4a,All observed ASCII and binary corpus consumers resolve to one category; actual bitmap/material/texture declaration verified after decompilation,sw_plc_mdrn/tieadvenced01.mdl; sw_plc_mdrn/tieadvenced01.mdl
sw_plc/topbot.dds,sw_plc_mdrn/topbot.dds,2764,2992a77c67d70e28d8d5e655081d868932e2c84a3666afdf9f337d3cc6875104,All observed ASCII and binary corpus consumers resolve to one category; actual bitmap/material/texture declaration verified after decompilation,sw_plc_mdrn/firefly_popcan.mdl; sw_plc_mdrn/firefly_popcan.mdl; sw_plc_mdrn/firefly_popcan.mdl; sw_plc_mdrn/firefly_popcan.mdl; sw_plc_mdrn/firefly_popcan.mdl; sw_plc_mdrn/firefly_popcan.mdl; sw_plc_mdrn/firefly_popcan.mdl; sw_plc_mdrn/firefly_popcan.mdl
sw_plc/torosaurus.dds,sw_cr_creature/torosaurus.dds,87428,ae591243990e5f206ba207f84ce4d6fe0c2dc1bfdb04b898a6155b0b3de19759,All observed ASCII and binary corpus consumers resolve to one category; actual bitmap/material/texture declaration verified after decompilation,sw_cr_creature/c_torosaurus.mdl; sw_cr_creature/c_torosaurus.mdl
sw_plc/triceratops.dds,sw_cr_creature/triceratops.dds,349572,ff7632145703cec8fc4780964224f0e3c0b2ed7c09ec105249ed36720a751013,All observed ASCII and binary corpus consumers resolve to one category; actual bitmap/material/texture declaration verified after decompilation,sw_cr_creature/c_triceratops.mdl; sw_cr_creature/c_triceratops.mdl; sw_cr_creature/c_triceratops.mdl
sw_plc/turret.dds,sw_plc_mdrn/turret.dds,2764,5d640ab6b54fa7c8f132d6e310ad2c1b60413f6348f61f6964953720f52fd9cc,All observed ASCII and binary corpus consumers resolve to one category; actual bitmap/material/texture declaration verified after decompilation,sw_plc_mdrn/p_apc.mdl; sw_plc_mdrn/p_apc.mdl
sw_plc/tx_barkep1.dds,sw_plc_mdrn/tx_barkep1.dds,87428,b9e4a5a4dc03cf6ae77ed7091f84592ce053e155038584239fc0c0871185bdd0,All observed ASCII and binary corpus consumers resolve to one category; actual bitmap/material/texture declaration verified after decompilation,sw_plc_mdrn/plc_mwact1.mdl; sw_plc_mdrn/plc_mwact2.mdl; sw_plc_mdrn/plc_mwact3.mdl; sw_plc_mdrn/plc_mwact4.mdl; sw_plc_mdrn/plc_mwep01.mdl; sw_plc_mdrn/plc_mwep02.mdl; sw_plc_mdrn/plc_mwep03.mdl
sw_plc/tx_ep_01.dds,sw_plc_mdrn/tx_ep_01.dds,87428,197797b97ccbb53a9784638801aa403f275931c3f0e1956eac4bc4a58fb484bd,All observed ASCII and binary corpus consumers resolve to one category; actual bitmap/material/texture declaration verified after decompilation,sw_plc_mdrn/plc_mwact4.mdl; sw_plc_mdrn/plc_mwep01.mdl; sw_plc_mdrn/plc_mwep02.mdl; sw_plc_mdrn/plc_mwep03.mdl
sw_plc/tx_ep_02.dds,sw_plc_mdrn/tx_ep_02.dds,87428,ee42918e74b8119b1ff9e065f40985944ceed2d1fcaf62411b10a8a596227d7f,All observed ASCII and binary corpus consumers resolve to one category; actual bitmap/material/texture declaration verified after decompilation,sw_plc_mdrn/plc_mwep01.mdl; sw_plc_mdrn/plc_mwep02.mdl; sw_plc_mdrn/plc_mwep03.mdl
sw_plc/tx_ep_03.dds,sw_plc_mdrn/tx_ep_03.dds,87428,2a3d85a253b8efe2653a157024d54c43251080bb429096a776e5704fcff6b1a4,All observed ASCII and binary corpus consumers resolve to one category; actual bitmap/material/texture declaration verified after decompilation,sw_plc_mdrn/plc_mwact3.mdl; sw_plc_mdrn/plc_mwact4.mdl; sw_plc_mdrn/plc_mwep01.mdl; sw_plc_mdrn/plc_mwep02.mdl; sw_plc_mdrn/plc_mwep03.mdl
sw_plc/tx_ep_04.dds,sw_plc_mdrn/tx_ep_04.dds,87428,d113011a41dfbe36ee9fb45a7a2cbfeb08b8c4449d8655856c0e1b17ec9882d3,All observed ASCII and binary corpus consumers resolve to one category; actual bitmap/material/texture declaration verified after decompilation,sw_plc_mdrn/plc_mwact3.mdl
sw_plc/tx_m_01.dds,sw_plc_mdrn/tx_m_01.dds,87428,6eb377667c442b11fd3ab5aa729236cb9af9b44ed966de5a500a12025bbf3099,All observed ASCII and binary corpus consumers resolve to one category; actual bitmap/material/texture declaration verified after decompilation,sw_plc_mdrn/plc_mwact1.mdl; sw_plc_mdrn/plc_mwact2.mdl
sw_plc/tx_m_02.dds,sw_plc_mdrn/tx_m_02.dds,87428,842418664a5afea5c34a567ad4fa11d9fa275e344086697e3ab7d3872c6a4448,All observed ASCII and binary corpus consumers resolve to one category; actual bitmap/material/texture declaration verified after decompilation,sw_plc_mdrn/plc_mwact1.mdl
sw_plc/tx_m_04.dds,sw_plc_mdrn/tx_m_04.dds,87428,2ac1d6ad77d53abfb92b6a30f62f01da2c3e8861cbb110cc6ac5a61ef4469ff1,All observed ASCII and binary corpus consumers resolve to one category; actual bitmap/material/texture declaration verified after decompilation,sw_plc_mdrn/plc_mwact2.mdl
sw_plc/tx_m_05.dds,sw_plc_mdrn/tx_m_05.dds,87428,00915644d38f7c7d71f518a82143d9c0c6d56a167d8da7e18ad744a11b9392ae,All observed ASCII and binary corpus consumers resolve to one category; actual bitmap/material/texture declaration verified after decompilation,sw_plc_mdrn/plc_mwact3.mdl; sw_plc_mdrn/plc_mwact4.mdl
sw_plc/tx_vine_01.dds,sw_plc_mdrn/tx_vine_01.dds,87460,8578bbf27fc3ad1b23affc3926b80ccdd218c307095794e167a8dbbd07877219,All observed ASCII and binary corpus consumers resolve to one category; actual bitmap/material/texture declaration verified after decompilation,sw_plc_mdrn/plc_mwep01.mdl; sw_plc_mdrn/plc_mwep02.mdl; sw_plc_mdrn/plc_mwep03.mdl
sw_plc/tyrannosaurus.dds,sw_cr_creature/tyrannosaurus.dds,349572,3f54701023464af042c6d03cd0be4eeada41ba6035c0bcc8ab8496511cc5583c,All observed ASCII and binary corpus consumers resolve to one category; actual bitmap/material/texture declaration verified after decompilation,sw_cr_creature/c_tyrannosaurus.mdl; sw_cr_creature/c_tyrannosaurus.mdl
sw_plc/upd1-msc-bin.dds,sw_plc_mdrn/upd1-msc-bin.dds,174796,380d8bfb17f0c99e0e7f26946cab999215c1c8704dc9cfccc6232eb4bf9433bb,All observed ASCII and binary corpus consumers resolve to one category; actual bitmap/material/texture declaration verified after decompilation,sw_plc_mdrn/udp-p-21.mdl; sw_plc_mdrn/udp-p-21.mdl; sw_plc_mdrn/udp-p-21.mdl; sw_plc_mdrn/udp-p-21.mdl
sw_plc/upd1-msc-vend1.dds,sw_plc_mdrn/upd1-msc-vend1.dds,174796,259949138adeb829afbe2550a3a0fa71009b0d7deea72b720712017a557cab80,All observed ASCII and binary corpus consumers resolve to one category; actual bitmap/material/texture declaration verified after decompilation,sw_plc_mdrn/udp-p-02.mdl
sw_plc/upd1-msc-vend1a.dds,sw_plc_mdrn/upd1-msc-vend1a.dds,174796,f44ef7109b42b83f58d9e30be5e0f45ff21df5a64a060bacb1b8cb8340fbc610,All observed ASCII and binary corpus consumers resolve to one category; actual bitmap/material/texture declaration verified after decompilation,sw_plc_mdrn/udp-p-02.mdl
sw_plc/upd1-msc-vend2.dds,sw_plc_mdrn/upd1-msc-vend2.dds,349572,b53435b765baeade6873ff41d7ae24c1d7f10fc78999d5f0c337a99d75476490,All observed ASCII and binary corpus consumers resolve to one category; actual bitmap/material/texture declaration verified after decompilation,sw_plc_mdrn/udp-p-06.mdl
sw_plc/upd1-msc-vend2a.dds,sw_plc_mdrn/upd1-msc-vend2a.dds,174796,ec749db3cf1e31acea0f3709a828549c2ab23723d8049ea46c2fcfdcb9b73f9b,All observed ASCII and binary corpus consumers resolve to one category; actual bitmap/material/texture declaration verified after decompilation,sw_plc_mdrn/udp-p-06.mdl
sw_plc/upd1-msc-vend2b.dds,sw_plc_mdrn/upd1-msc-vend2b.dds,174796,17ebde139f7c96b4122899cb221062dd235dcd3a1222b8eeafc9f2497910ac9e,All observed ASCII and binary corpus consumers resolve to one category; actual bitmap/material/texture declaration verified after decompilation,sw_plc_mdrn/udp-p-06.mdl
sw_plc/v_sky_gun.dds,sw_plc_mdrn/v_sky_gun.dds,43724,640e2f29957c25c45599e2c79830bb63b61ee559d86c8082eb44b9cafc0cd618,All observed ASCII and binary corpus consumers resolve to one category; actual bitmap/material/texture declaration verified after decompilation,sw_plc_mdrn/v_skyhopper.mdl
sw_plc/vine_f.dds,sw_plc_mdrn/vine_f.dds,87428,1cdf637e5052575f5249cba7690aa0e3e53a2d4ea7143507ca80d83cd6d3ae96,All observed ASCII and binary corpus consumers resolve to one category; actual bitmap/material/texture declaration verified after decompilation,sw_plc_mdrn/plc_vines.mdl
sw_plc/vm_rndtable.tga,sw_plc_mdrn/vm_rndtable.tga,195119,b49c654e3224e115ce04ea91cc4237a3f76f0a1651dd23cc9eb8d70bc0224bd2,All observed ASCII and binary corpus consumers resolve to one category; actual bitmap/material/texture declaration verified after decompilation,sw_plc_mdrn/purp_roundtable.mdl
sw_plc/vp_blocks52.dds,sw_plc_mdrn/vp_blocks52.dds,43724,cbb9b5f137ee4eb5406ba01c907e2f27756c48aac51e18a5d7bea77894a3fc4a,All observed ASCII and binary corpus consumers resolve to one category; actual bitmap/material/texture declaration verified after decompilation,sw_plc_mdrn/p_jruin_01.mdl; sw_plc_mdrn/p_jruin_01.mdl; sw_plc_mdrn/p_jruin_01.mdl; sw_plc_mdrn/p_jruin_01.mdl; sw_plc_mdrn/p_jruin_01.mdl; sw_plc_mdrn/p_jruin_01.mdl; sw_plc_mdrn/p_jruin_01.mdl; sw_plc_mdrn/p_jruin_01.mdl
sw_plc/vp_vines.dds,sw_plc_mdrn/vp_vines.dds,349572,399df1aa663ce789f1102ec366ae7e36f46999f4d185cf8655d6a10401687eeb,All observed ASCII and binary corpus consumers resolve to one category; actual bitmap/material/texture declaration verified after decompilation,sw_plc_mdrn/p_jruin_01.mdl; sw_plc_mdrn/p_jruin_02.mdl; sw_plc_mdrn/p_jruin_02.mdl; sw_plc_mdrn/p_jruin_05.mdl
sw_plc/wall_dwoods1.dds,sw_plc_mdrn/wall_dwoods1.dds,5500,7cce42863a9020cf4e051da40bdb7cac7017ba9d4d4106d0ded74b3357687f3a,All observed ASCII and binary corpus consumers resolve to one category; actual bitmap/material/texture declaration verified after decompilation,sw_plc_mdrn/wall_dwood1.mdl
sw_plc/wall_dwoods2.dds,sw_plc_mdrn/wall_dwoods2.dds,21884,073687a92dabdb664036caa260a49f30230b9e164abd06d9f220a453bac651ea,All observed ASCII and binary corpus consumers resolve to one category; actual bitmap/material/texture declaration verified after decompilation,sw_plc_mdrn/wall_dwood2.mdl
sw_plc/wall_dwoods3.dds,sw_plc_mdrn/wall_dwoods3.dds,21884,426addfd06a22160893cf0239f3419a4d4dd8326882234f0c573f2a1b0ee0bcc,All observed ASCII and binary corpus consumers resolve to one category; actual bitmap/material/texture declaration verified after decompilation,sw_plc_mdrn/wall_dwood3.mdl
sw_plc/wall_dwoods4.dds,sw_plc_mdrn/wall_dwoods4.dds,21884,dcef61946c595305ab09853bcb08e624bbd65bd6d704331537e3680d09978964,All observed ASCII and binary corpus consumers resolve to one category; actual bitmap/material/texture declaration verified after decompilation,sw_plc_mdrn/wall_dwood4.mdl
sw_plc/wall_dwoods5.dds,sw_plc_mdrn/wall_dwoods5.dds,21884,221d01d762cefb080156d893d459d490e57d0e6d818a898dafe7542dfde85f69,All observed ASCII and binary corpus consumers resolve to one category; actual bitmap/material/texture declaration verified after decompilation,sw_plc_mdrn/wall_dwood5.mdl
sw_plc/wall_dwoods6.dds,sw_plc_mdrn/wall_dwoods6.dds,21884,9d0e839dc90c34f9c5acb9891db5354da6f8ef209a074f99a77e883e53b0e9b7,All observed ASCII and binary corpus consumers resolve to one category; actual bitmap/material/texture declaration verified after decompilation,sw_plc_mdrn/wall_dwood6.mdl
sw_plc/wall_wood1.dds,sw_plc_mdrn/wall_wood1.dds,43724,aa1b706a433a1682771962795032bc0db521d1f9342e3b73e608b92a323df777,All observed ASCII and binary corpus consumers resolve to one category; actual bitmap/material/texture declaration verified after decompilation,sw_plc_mdrn/wall_wood1_l.mdl; sw_plc_mdrn/wall_wood1_m.mdl; sw_plc_mdrn/wall_wood1_t.mdl
sw_plc/wall_wood2.dds,sw_plc_mdrn/wall_wood2.dds,174796,f421e76dfa0e1e09efad0c0a7fea75f0e1550dc4b6f3c628d89b25b3895d4d82,All observed ASCII and binary corpus consumers resolve to one category; actual bitmap/material/texture declaration verified after decompilation,sw_plc_mdrn/wall_wood2_s.mdl; sw_plc_mdrn/wall_wood2_t.mdl
sw_plc/wall_wood3.dds,sw_plc_mdrn/wall_wood3.dds,174796,e82158345004f6d94ea4108c13cf9353de152a1cb2ec0345852dcf48d153146a,All observed ASCII and binary corpus consumers resolve to one category; actual bitmap/material/texture declaration verified after decompilation,sw_plc_mdrn/wall_wood3_t.mdl
sw_plc/wall_wood4.dds,sw_plc_mdrn/wall_wood4.dds,174796,537c00b7b5ce81c278d00e4668d1a7bfb9878c95873609251857dbbac200e2ea,All observed ASCII and binary corpus consumers resolve to one category; actual bitmap/material/texture declaration verified after decompilation,sw_plc_mdrn/wall_wood4_s.mdl; sw_plc_mdrn/wall_wood4_t.mdl
sw_plc/wall_wood5.dds,sw_plc_mdrn/wall_wood5.dds,174796,29df2b27ec667ee9a18589f6bdf40963da51f5b58806e2df26fdbaffde15550d,All observed ASCII and binary corpus consumers resolve to one category; actual bitmap/material/texture declaration verified after decompilation,sw_plc_mdrn/wall_wood5_t.mdl
sw_plc/wall_wood6.dds,sw_plc_mdrn/wall_wood6.dds,174796,e36b15720d1b476016229ecb6b9849c2b4025500b5b19ce775729ee3d5677660,All observed ASCII and binary corpus consumers resolve to one category; actual bitmap/material/texture declaration verified after decompilation,sw_plc_mdrn/wall_wood6_t.mdl
sw_plc/weapon_generic.tga,sw_cr_vehicle/weapon_generic.tga,196626,c7ca83739e98b5d38f06231f319e271c5db9f414f88070d7d0e6d48efc72b7b0,All observed ASCII and binary corpus consumers resolve to one category; actual bitmap/material/texture declaration verified after decompilation,sw_cr_vehicle/c_spacemine.mtr
sw_plc/weed_bud.dds,sw_plc_mdrn/weed_bud.dds,21884,75f3a0ce238d44f8b6c110707af9d4aff392b056e90d18111d35d6bbabb6c5c6,All observed ASCII and binary corpus consumers resolve to one category; actual bitmap/material/texture declaration verified after decompilation,sw_plc_mdrn/plc_tbw01.mdl
sw_plc/weed_leaf.dds,sw_plc_mdrn/weed_leaf.dds,174820,146692a5b8be0fc847746da8fe35fd452f872ef906647bb40dfb5075f92bf242,All observed ASCII and binary corpus consumers resolve to one category; actual bitmap/material/texture declaration verified after decompilation,sw_plc_mdrn/plc_tbw01.mdl
sw_plc/wheelbevel.dds,sw_plc_mdrn/wheelbevel.dds,43724,f9cd68f25f6a15c66affd8ce761ffafafd3639c09c5cb7af37121ef86f0462d6,All observed ASCII and binary corpus consumers resolve to one category; actual bitmap/material/texture declaration verified after decompilation,sw_plc_mdrn/mod01_o01_06.mdl; sw_plc_mdrn/mod01_o01_06.mdl
sw_plc/wheelbevel.tga,sw_plc_mdrn/wheelbevel.tga,12332,7153c12a14c58cab02bcdd59e8994e89e83c0d670e88c164dceed915a098ca9d,All observed ASCII and binary corpus consumers resolve to one category; actual bitmap/material/texture declaration verified after decompilation,sw_plc_mdrn/mod01_o01_06.mdl; sw_plc_mdrn/mod01_o01_06.mdl
sw_plc/wheelhilo.dds,sw_plc_mdrn/wheelhilo.dds,10956,91635e10976b5d6206dd9d287666e298722b2ea0596a9cb6d92e0155e342d976,All observed ASCII and binary corpus consumers resolve to one category; actual bitmap/material/texture declaration verified after decompilation,sw_plc_mdrn/mod01_o01_06.mdl
sw_plc/wheelhilo.tga,sw_plc_mdrn/wheelhilo.tga,3116,c794c81f6bbbeeafc8d1a8e82c9b4c37bfc03528fce9d6daf36d00fb157283ea,All observed ASCII and binary corpus consumers resolve to one category; actual bitmap/material/texture declaration verified after decompilation,sw_plc_mdrn/mod01_o01_06.mdl
sw_plc/wheeltop.dds,sw_plc_mdrn/wheeltop.dds,2764,365c15508afa6af63764d8291271099decdee3ba1d9e01fd2efc5862ccb9c2bc,All observed ASCII and binary corpus consumers resolve to one category; actual bitmap/material/texture declaration verified after decompilation,sw_plc_mdrn/mod01_o01_06.mdl; sw_plc_mdrn/mod01_o01_06.mdl
sw_plc/wheeltop.tga,sw_plc_mdrn/wheeltop.tga,812,5c855f82753fcceb9fb637dcc22de3a7c718cc0cd487b397cfe4122fd11bb3cd,All observed ASCII and binary corpus consumers resolve to one category; actual bitmap/material/texture declaration verified after decompilation,sw_plc_mdrn/mod01_o01_06.mdl; sw_plc_mdrn/mod01_o01_06.mdl
sw_plc/wilkob1.dds,sw_plc_mdrn/wilkob1.dds,87428,8adccdfad60c1baa72fde948676cd048ec97ba6b0a40edd5b540106de9e903b6,All observed ASCII and binary corpus consumers resolve to one category; actual bitmap/material/texture declaration verified after decompilation,sw_plc_mdrn/psi_barrel8.mdl; sw_plc_mdrn/psi_barrel8.mdl
sw_plc/wilkoc1.dds,sw_plc_mdrn/wilkoc1.dds,87428,97f2def861cc31336c229b9f15ad5d30153a8c68579989c9958c44825b0e963d,All observed ASCII and binary corpus consumers resolve to one category; actual bitmap/material/texture declaration verified after decompilation,sw_plc_mdrn/psi_crate4.mdl
sw_plc/window_tall_bars.tga,sw_plc_mdrn/window_tall_bars.tga,24594,b78eec3c6e988359b9ef3f1a471476e2017d2e8701723afdd2b264abdacbfed5,All observed ASCII and binary corpus consumers resolve to one category; actual bitmap/material/texture declaration verified after decompilation,sw_plc_mdrn/vos_window_4.mdl
sw_plc/wms01_corner01.dds,sw_plc_mdrn/wms01_corner01.dds,349572,55b3f50d96436bb7847cb7e68fe6a55258c14fd9dcc33ffb1547d3dd1a56bb5b,All observed ASCII and binary corpus consumers resolve to one category; actual bitmap/material/texture declaration verified after decompilation,sw_plc_mdrn/p_jruin_02.mdl
sw_plc/wood_fence.dds,sw_t_modernex/wood_fence.dds,43724,62432f7122ef46e7a25406b8b9c365a668c3965347354f0e130f3f1935c2de1e,All observed ASCII and binary corpus consumers resolve to one category; actual bitmap/material/texture declaration verified after decompilation,sw_t_modernex/dgt04_d17_01.mdl; sw_t_modernex/dgt04_d17_01.mdl; sw_t_modernex/dgt04_d17_01.mdl; sw_t_modernex/dgt04_d17_01.mdl; sw_t_modernex/dgt04_d17_01.mdl; sw_t_modernex/dgt04_d17_01.mdl; sw_t_modernex/dgt04_d17_01.mdl; sw_t_modernex/dgt04_d17_01.mdl
sw_plc/workers.dds,sw_plc_cep/workers.dds,10956,3d585a38e5da994bd891940614ee6293297e6a82f94c138c79decd12a728d205,All observed ASCII and binary corpus consumers resolve to one category; actual bitmap/material/texture declaration verified after decompilation,sw_plc_cep/zlc_a50.mdl
sw_plc/xiashowerdrain.tga,sw_plc_mdrn/xiashowerdrain.tga,16428,1846ecbbcdf7d55a79b0568d9790e1459cf73164731ce298f25346f537d7a559,All observed ASCII and binary corpus consumers resolve to one category; actual bitmap/material/texture declaration verified after decompilation,sw_plc_mdrn/xiashowerd_01.mdl
sw_plc/xiashowerfloor.tga,sw_plc_mdrn/xiashowerfloor.tga,262188,926b59f1fbea23ed0c49c4817907d9cca5c30dbc1c606a708b8f19a977d4f3eb,All observed ASCII and binary corpus consumers resolve to one category; actual bitmap/material/texture declaration verified after decompilation,sw_plc_mdrn/xiashowerf_01.mdl
sw_plc/xiatarget01.tga,sw_plc_mdrn/xiatarget01.tga,262188,b72ae61e78df1fb0f88a1eff1846cf2f7feb4cfb89fd259fde81f9447575c822,All observed ASCII and binary corpus consumers resolve to one category; actual bitmap/material/texture declaration verified after decompilation,sw_plc_mdrn/xiatarget_01.mdl
sw_plc/xiawall16.tga,sw_plc_mdrn/xiawall16.tga,262188,955e5878b6223ffb7160180a201434a1b755784bca83eb464410de196e419914,All observed ASCII and binary corpus consumers resolve to one category; actual bitmap/material/texture declaration verified after decompilation,sw_plc_mdrn/xiadwall_001.mdl; sw_plc_mdrn/xiadwall_001.mdl; sw_plc_mdrn/xiadwall_001.mdl; sw_plc_mdrn/xiahwall_016.mdl; sw_plc_mdrn/xiaqwall_001.mdl; sw_plc_mdrn/xiawall_001.mdl
sw_plc/xiawall17.tga,sw_plc_mdrn/xiawall17.tga,262188,32265b690f25cc8fa2f3001f1fca2f2dffbb7b33ab03a6f5f52332e458e4f03a,All observed ASCII and binary corpus consumers resolve to one category; actual bitmap/material/texture declaration verified after decompilation,sw_plc_mdrn/xiadwall_002.mdl; sw_plc_mdrn/xiadwall_002.mdl; sw_plc_mdrn/xiadwall_002.mdl; sw_plc_mdrn/xiahwall_017.mdl; sw_plc_mdrn/xiaqwall_002.mdl; sw_plc_mdrn/xiawall_002.mdl
sw_plc/xiawall18.tga,sw_plc_mdrn/xiawall18.tga,262188,e0d35a6fb4b6cb625335b92b3859e8c22eda13b9375f510a4b11256541480949,All observed ASCII and binary corpus consumers resolve to one category; actual bitmap/material/texture declaration verified after decompilation,sw_plc_mdrn/xiadwall_003.mdl; sw_plc_mdrn/xiadwall_003.mdl; sw_plc_mdrn/xiadwall_003.mdl; sw_plc_mdrn/xiahwall_018.mdl; sw_plc_mdrn/xiaqwall_003.mdl; sw_plc_mdrn/xiawall_003.mdl
sw_plc/xiawall19.tga,sw_plc_mdrn/xiawall19.tga,262188,697dbd9883bd9969f029222b0369ab4af1f74a85138b43b1d840bd6689021a23,All observed ASCII and binary corpus consumers resolve to one category; actual bitmap/material/texture declaration verified after decompilation,sw_plc_mdrn/xiadwall_004.mdl; sw_plc_mdrn/xiadwall_004.mdl; sw_plc_mdrn/xiadwall_004.mdl; sw_plc_mdrn/xiahwall_019.mdl; sw_plc_mdrn/xiaqwall_004.mdl; sw_plc_mdrn/xiawall_004.mdl
sw_plc/xiawall20.tga,sw_plc_mdrn/xiawall20.tga,262188,26f35435966f938a99e72c4526c65cfdebc872dfb991852397040aaf929bd883,All observed ASCII and binary corpus consumers resolve to one category; actual bitmap/material/texture declaration verified after decompilation,sw_plc_mdrn/xiadwall_005.mdl; sw_plc_mdrn/xiadwall_005.mdl; sw_plc_mdrn/xiadwall_005.mdl; sw_plc_mdrn/xiahwall_020.mdl; sw_plc_mdrn/xiaqwall_005.mdl; sw_plc_mdrn/xiawall_005.mdl
sw_plc/xiawall21.tga,sw_plc_mdrn/xiawall21.tga,262188,dff36fc95a0dec7b70a81fdeb285354a9552e94a528a10494852f2aafab318a0,All observed ASCII and binary corpus consumers resolve to one category; actual bitmap/material/texture declaration verified after decompilation,sw_plc_mdrn/xiadwall_006.mdl; sw_plc_mdrn/xiadwall_006.mdl; sw_plc_mdrn/xiadwall_006.mdl; sw_plc_mdrn/xiahwall_021.mdl; sw_plc_mdrn/xiaqwall_006.mdl; sw_plc_mdrn/xiawall_006.mdl
sw_plc/xiawall22.tga,sw_plc_mdrn/xiawall22.tga,262188,5a3555f62f384ddff0ead299927a8b10e6e70a080b9288e5a429c314d9515799,All observed ASCII and binary corpus consumers resolve to one category; actual bitmap/material/texture declaration verified after decompilation,sw_plc_mdrn/mdrnfloor_xiam.mdl; sw_plc_mdrn/mdrnfloor_xiam.mdl; sw_plc_mdrn/mdrnfloor_xiam.mdl; sw_plc_mdrn/mdrnfloor_xiam.mdl; sw_plc_mdrn/mdrnfloor_xian.mdl; sw_plc_mdrn/xiadwall_007.mdl; sw_plc_mdrn/xiadwall_007.mdl; sw_plc_mdrn/xiadwall_007.mdl
sw_plc/xiawall23.tga,sw_plc_mdrn/xiawall23.tga,262188,64c015ac0bc8a7c8d9f4925c1512c61cae339c2af664204de24c1a71de015e9f,All observed ASCII and binary corpus consumers resolve to one category; actual bitmap/material/texture declaration verified after decompilation,sw_plc_mdrn/xiadwall_008.mdl; sw_plc_mdrn/xiadwall_008.mdl; sw_plc_mdrn/xiadwall_008.mdl; sw_plc_mdrn/xiadwall_009.mdl; sw_plc_mdrn/xiahwall_023.mdl; sw_plc_mdrn/xiaqwall_008.mdl; sw_plc_mdrn/xiawall_008.mdl
sw_plc/xiawall24.dds,sw_plc_mdrn/xiawall24.dds,87536,ad4f8f0c14f5aa9fccfb59eef0ba90ba4ea197611c9df2b2bc2611ea9cd93f34,All observed ASCII and binary corpus consumers resolve to one category; actual bitmap/material/texture declaration verified after decompilation,sw_plc_mdrn/xiadwall_009.mdl; sw_plc_mdrn/xiadwall_009.mdl; sw_plc_mdrn/xiahwall_024.mdl; sw_plc_mdrn/xiahwall_024.mdl; sw_plc_mdrn/xiaqwall_009.mdl; sw_plc_mdrn/xiawall_009.mdl
sw_plc/xiawall24.tga,sw_plc_mdrn/xiawall24.tga,262188,3ed47729ebcf72d75dfea165166c296a4d927eab5b324a201461020b3364a300,All observed ASCII and binary corpus consumers resolve to one category; actual bitmap/material/texture declaration verified after decompilation,sw_plc_mdrn/xiadwall_009.mdl; sw_plc_mdrn/xiadwall_009.mdl; sw_plc_mdrn/xiahwall_024.mdl; sw_plc_mdrn/xiahwall_024.mdl; sw_plc_mdrn/xiaqwall_009.mdl; sw_plc_mdrn/xiawall_009.mdl
sw_plc/xiawall25.tga,sw_plc_mdrn/xiawall25.tga,262188,d7d5ab7e7fa9ba61613910837d2584023a6cd2dfe027e8ac168e3b4517ed9b0f,All observed ASCII and binary corpus consumers resolve to one category; actual bitmap/material/texture declaration verified after decompilation,sw_plc_mdrn/xiadwall_010.mdl; sw_plc_mdrn/xiadwall_010.mdl; sw_plc_mdrn/xiadwall_010.mdl; sw_plc_mdrn/xiahwall_025.mdl; sw_plc_mdrn/xiaqwall_010.mdl; sw_plc_mdrn/xiawall_010.mdl
sw_plc/xiawall26.tga,sw_plc_mdrn/xiawall26.tga,262188,5a94e9b1646a4c935cf9e1944e2a852df7e7b81e68686b741dd0e77e6a9d694e,All observed ASCII and binary corpus consumers resolve to one category; actual bitmap/material/texture declaration verified after decompilation,sw_plc_mdrn/xiadwall_011.mdl; sw_plc_mdrn/xiadwall_011.mdl; sw_plc_mdrn/xiadwall_011.mdl; sw_plc_mdrn/xiahwall_026.mdl; sw_plc_mdrn/xiaqwall_011.mdl; sw_plc_mdrn/xiawall_011.mdl
sw_plc/xiawall27.tga,sw_plc_mdrn/xiawall27.tga,262188,5cf6be2db1bbf641b0fd58993bb878714fde86d749dbb749837c99d5c25d37c7,All observed ASCII and binary corpus consumers resolve to one category; actual bitmap/material/texture declaration verified after decompilation,sw_plc_mdrn/xiadwall_012.mdl; sw_plc_mdrn/xiadwall_012.mdl; sw_plc_mdrn/xiadwall_012.mdl; sw_plc_mdrn/xiahwall_027.mdl; sw_plc_mdrn/xiaqwall_012.mdl; sw_plc_mdrn/xiawall_012.mdl
sw_plc/xiawall28.tga,sw_plc_mdrn/xiawall28.tga,262188,07097d02591b02be4e29557d05b7659ded69349ea3a8bcea6600ce90335b7ce5,All observed ASCII and binary corpus consumers resolve to one category; actual bitmap/material/texture declaration verified after decompilation,sw_plc_mdrn/xiadwall_013.mdl; sw_plc_mdrn/xiadwall_013.mdl; sw_plc_mdrn/xiadwall_013.mdl; sw_plc_mdrn/xiadwall_014.mdl; sw_plc_mdrn/xiadwall_014.mdl; sw_plc_mdrn/xiahwall_028.mdl; sw_plc_mdrn/xiaqwall_013.mdl; sw_plc_mdrn/xiawall_013.mdl
sw_plc/xiawall29.tga,sw_plc_mdrn/xiawall29.tga,262188,19d29e3773e80229b2da0ffc3234d6d94cb223870edf0320efaa8790c804fee8,All observed ASCII and binary corpus consumers resolve to one category; actual bitmap/material/texture declaration verified after decompilation,sw_plc_mdrn/xiadwall_014.mdl; sw_plc_mdrn/xiahwall_029.mdl; sw_plc_mdrn/xiaqwall_014.mdl; sw_plc_mdrn/xiawall_014.mdl
sw_plc/xiawall30.tga,sw_plc_mdrn/xiawall30.tga,262188,d1c36fc556110dc91e718b6ec4dfc5c6306d785a471fc11ba9d7c2ed42220895,All observed ASCII and binary corpus consumers resolve to one category; actual bitmap/material/texture declaration verified after decompilation,sw_plc_mdrn/xiadwall_015.mdl; sw_plc_mdrn/xiadwall_015.mdl; sw_plc_mdrn/xiadwall_015.mdl; sw_plc_mdrn/xiahwall_030.mdl; sw_plc_mdrn/xiaqwall_015.mdl; sw_plc_mdrn/xiawall_015.mdl
sw_plc/xiawall31.tga,sw_plc_mdrn/xiawall31.tga,262188,bdbae2510734fcbb093fed0bd9dc2f0ae805b94f94226b88fe586aab96627f73,All observed ASCII and binary corpus consumers resolve to one category; actual bitmap/material/texture declaration verified after decompilation,sw_plc_mdrn/xiadwall_016.mdl; sw_plc_mdrn/xiadwall_016.mdl; sw_plc_mdrn/xiadwall_016.mdl; sw_plc_mdrn/xiahwall_031.mdl; sw_plc_mdrn/xiaqwall_016.mdl; sw_plc_mdrn/xiawall_016.mdl
sw_plc/xiawall32.tga,sw_plc_mdrn/xiawall32.tga,262188,dad10ef82c41f4cd1dc7c6d0c8d04feb0d6e9ad1bf1876d8794185fd5beff0d8,All observed ASCII and binary corpus consumers resolve to one category; actual bitmap/material/texture declaration verified after decompilation,sw_plc_mdrn/xiadwall_017.mdl; sw_plc_mdrn/xiadwall_017.mdl; sw_plc_mdrn/xiadwall_017.mdl; sw_plc_mdrn/xiahwall_032.mdl; sw_plc_mdrn/xiaqwall_017.mdl; sw_plc_mdrn/xiawall_017.mdl
sw_plc/xiawall33.tga,sw_plc_mdrn/xiawall33.tga,262188,446060708dd4f7e0e4590a9e44a2cc953a478b79eeb217162751d1f83a0635c5,All observed ASCII and binary corpus consumers resolve to one category; actual bitmap/material/texture declaration verified after decompilation,sw_plc_mdrn/xiadwall_018.mdl; sw_plc_mdrn/xiadwall_018.mdl; sw_plc_mdrn/xiadwall_018.mdl; sw_plc_mdrn/xiahwall_033.mdl; sw_plc_mdrn/xiaqwall_018.mdl; sw_plc_mdrn/xiawall_018.mdl
sw_plc/xiawall34.tga,sw_plc_mdrn/xiawall34.tga,262188,f4c47418effe7d4b25880fe62b996d228b62f72ce6ef04f98ef7ad14b3bec8ce,All observed ASCII and binary corpus consumers resolve to one category; actual bitmap/material/texture declaration verified after decompilation,sw_plc_mdrn/xiadwall_019.mdl; sw_plc_mdrn/xiadwall_019.mdl; sw_plc_mdrn/xiadwall_019.mdl; sw_plc_mdrn/xiahwall_034.mdl; sw_plc_mdrn/xiaqwall_019.mdl; sw_plc_mdrn/xiawall_019.mdl
sw_plc/zab-horns-imp_N.dds,sw_pt_head/zab-horns-imp_N.dds,349680,44006815404b106ee3a149b51c61fbf8b10a726ef000ad954045ed7b43052152,All observed ASCII and binary corpus consumers resolve to one category; actual bitmap/material/texture declaration verified after decompilation,sw_pt_head/zab-horns-imp.mtr
sw_plc/zab-horns-imp_S.dds,sw_pt_head/zab-horns-imp_S.dds,43832,3fd7c4089b922a8d2843cf3f59e6cd1205e2d97e463bd01dd039ebfec9d623a3,All observed ASCII and binary corpus consumers resolve to one category; actual bitmap/material/texture declaration verified after decompilation,sw_pt_head/zab-horns-imp.mtr
sw_plc/zab-horns-rep_N.dds,sw_pt_head/zab-horns-rep_N.dds,349680,2b181b7dc5865de9171246dcfe4395fe51bd678c8f61560ec6fc088b97e92921,All observed ASCII and binary corpus consumers resolve to one category; actual bitmap/material/texture declaration verified after decompilation,sw_pt_head/zab-horns-rep.mtr
sw_plc/zab-horns-rep_S.dds,sw_pt_head/zab-horns-rep_S.dds,43832,a3aad94ecffdaade8fc1fcaf2f17048a207661e342fb408cd4defdab6f68bcde,All observed ASCII and binary corpus consumers resolve to one category; actual bitmap/material/texture declaration verified after decompilation,sw_pt_head/zab-horns-rep.mtr
sw_plc_cep/OriArt_256256.dds,sw_plc/OriArt_256256.dds,43724,fabd722baf90e4b5864da14856fc05802a36462b2a30789d28728ffd5dc0bc60,All observed ASCII and binary corpus consumers resolve to one category; actual bitmap/material/texture declaration verified after decompilation,sw_plc/ori_f12.mdl; sw_plc/ori_f13.mdl; sw_plc/ori_f13.mdl; sw_plc/ori_f13.mdl; sw_plc/ori_f13.mdl; sw_plc/ori_f16.mdl; sw_plc/ori_f16.mdl; sw_plc/ori_f16.mdl
sw_plc_cep/Stone_cobra.dds,sw_plc/Stone_cobra.dds,1398148,e7a0292e62c40ae0a1b0fbca562b18c974a0e4b264812a8378ae061e9f53fa22,All observed ASCII and binary corpus consumers resolve to one category; actual bitmap/material/texture declaration verified after decompilation,sw_plc/cobra_01.mdl
sw_plc_cep/Tatami1_128.dds,sw_plc/Tatami1_128.dds,10956,8f8a0cf942e4a7b9d8a856cf6088d89a7401da4c5cd9bfa9b0a3d8d00834c952,All observed ASCII and binary corpus consumers resolve to one category; actual bitmap/material/texture declaration verified after decompilation,sw_plc/ori_c01.mdl; sw_plc/ori_c02.mdl; sw_plc/ori_c02.mdl; sw_plc/ori_c02.mdl; sw_plc/ori_c02.mdl; sw_plc/ori_c03.mdl; sw_plc/ori_c03.mdl; sw_plc/ori_c03.mdl
sw_plc_cep/aged_steel.dds,sw_plc/aged_steel.dds,174796,f5a84b16252e1607448690f0f2c9d47621f1c43b21a66e24f2e5ef407aa3fe89,All observed ASCII and binary corpus consumers resolve to one category; actual bitmap/material/texture declaration verified after decompilation,sw_plc/abp_dagger1_1.mdl; sw_plc/abp_dagger1_1.mdl; sw_plc/abp_dagger1_1.mdl; sw_plc/abp_weaprack_1.mdl; sw_plc/abp_weaprack_1.mdl; sw_plc/abp_weaprack_1.mdl; sw_plc/abp_weaprack_1.mdl; sw_plc/abp_weaprack_3.mdl
sw_plc_cep/aged_steel_dk.dds,sw_plc/aged_steel_dk.dds,174796,6c724fe80ed2f1c31c6d055cf06539f019a8c192cf925399c8afc00639b8e4b9,All observed ASCII and binary corpus consumers resolve to one category; actual bitmap/material/texture declaration verified after decompilation,sw_plc/abp_weaprack_1.mdl; sw_plc/abp_weaprack_1.mdl; sw_plc/abp_weaprack_1.mdl; sw_plc/abp_weaprack_1.mdl; sw_plc/abp_weaprack_1.mdl; sw_plc/abp_weaprack_1.mdl; sw_plc/abp_weaprack_1.mdl; sw_plc/abp_weaprack_1.mdl
sw_plc_cep/aged_wood.dds,sw_plc/aged_wood.dds,174796,8094c039f4220d00aa096baa61c9668f1716940cf0baa63c61c2344e59bc4d3f,All observed ASCII and binary corpus consumers resolve to one category; actual bitmap/material/texture declaration verified after decompilation,sw_plc/abp_weaprack_7.mdl
sw_plc_cep/aged_wood2.dds,sw_plc/aged_wood2.dds,174796,4a44984f74178d5f278106e55a51dacd1f0fc9a2d397bea01c255c284b69207f,All observed ASCII and binary corpus consumers resolve to one category; actual bitmap/material/texture declaration verified after decompilation,sw_plc/abp_weaprack_1.mdl; sw_plc/abp_weaprack_1.mdl; sw_plc/abp_weaprack_1.mdl; sw_plc/abp_weaprack_1.mdl; sw_plc/abp_weaprack_1.mdl; sw_plc/abp_weaprack_1.mdl; sw_plc/abp_weaprack_1.mdl; sw_plc/abp_weaprack_1.mdl
sw_plc_cep/arf_blue2.dds,sw_plc/arf_blue2.dds,87420,bb85b07c562112763b5e7a9b87550cf9ac311a3525b7645c50db57ca12bce65a,All observed ASCII and binary corpus consumers resolve to one category; actual bitmap/material/texture declaration verified after decompilation,sw_plc/arf_floor133.mdl; sw_plc/arf_floor203.mdl
sw_plc_cep/arf_blue3.dds,sw_plc/arf_blue3.dds,87420,6fda2474980eba3f1bddc5a62c50a327b559d5bae83fc4037d7dca960bd05535,All observed ASCII and binary corpus consumers resolve to one category; actual bitmap/material/texture declaration verified after decompilation,sw_plc/arf_floor134.mdl; sw_plc/arf_floor204.mdl
sw_plc_cep/arf_blue4.dds,sw_plc/arf_blue4.dds,87420,e1cbf897584c8c4117780fe6011a28961d2ae25a790101bc88d6ff6678bbaf74,All observed ASCII and binary corpus consumers resolve to one category; actual bitmap/material/texture declaration verified after decompilation,sw_plc/arf_floor135.mdl; sw_plc/arf_floor205.mdl
sw_plc_cep/arf_blueclassic.dds,sw_plc/arf_blueclassic.dds,87420,432db8192f8d7481d25d5e60d13835f1310fb1f001f76a7acad87f8d5fc8b14c,All observed ASCII and binary corpus consumers resolve to one category; actual bitmap/material/texture declaration verified after decompilation,sw_plc/arf_floor138.mdl; sw_plc/arf_floor208.mdl
sw_plc_cep/arf_brownmatch1.dds,sw_plc/arf_brownmatch1.dds,87420,7b893df48bb28b3655925929965d7bcb9777b7d453bb112e9104be3fe27414c2,All observed ASCII and binary corpus consumers resolve to one category; actual bitmap/material/texture declaration verified after decompilation,sw_plc/arf_floor143.mdl; sw_plc/arf_floor213.mdl
sw_plc_cep/arf_classicred.dds,sw_plc/arf_classicred.dds,87420,7e25a58306ef7abb2044ce3fc66eb276f2edc5603517f196d941dd1844104759,All observed ASCII and binary corpus consumers resolve to one category; actual bitmap/material/texture declaration verified after decompilation,sw_plc/arf_floor149.mdl; sw_plc/arf_floor219.mdl
sw_plc_cep/arf_greenery2.dds,sw_plc/arf_greenery2.dds,87420,da17286049059d277eacb88308c3583544ac110565b40695cfde0dbe4a197cb7,All observed ASCII and binary corpus consumers resolve to one category; actual bitmap/material/texture declaration verified after decompilation,sw_plc/arf_floor161.mdl; sw_plc/arf_floor231.mdl
sw_plc_cep/arf_lgmarb01.dds,sw_plc/arf_lgmarb01.dds,174796,4032bdb22a21f78ce90e068e4ab21e001ca04a3cf99423e2a72c087c4cdc275e,All observed ASCII and binary corpus consumers resolve to one category; actual bitmap/material/texture declaration verified after decompilation,sw_plc/arf_floor046.mdl
sw_plc_cep/arf_lgmarb02.dds,sw_plc/arf_lgmarb02.dds,174796,1e26851900257a163a4207cc1e4e77951b29973ee305ffa587bdfb50f38ce7af,All observed ASCII and binary corpus consumers resolve to one category; actual bitmap/material/texture declaration verified after decompilation,sw_plc/arf_floor047.mdl
sw_plc_cep/arf_lgmarb03.dds,sw_plc/arf_lgmarb03.dds,174796,7c69a2114c8fce251cc2504535ecfeeba47e63a91af49f6d631c663d1339a874,All observed ASCII and binary corpus consumers resolve to one category; actual bitmap/material/texture declaration verified after decompilation,sw_plc/arf_floor048.mdl
sw_plc_cep/arf_lgmarb04.dds,sw_plc/arf_lgmarb04.dds,174796,ab835e2081081308d5f271c378d9fd6271861a350d0faac889ff6f693a280fc3,All observed ASCII and binary corpus consumers resolve to one category; actual bitmap/material/texture declaration verified after decompilation,sw_plc/arf_floor049.mdl
sw_plc_cep/arf_lgmarb05.dds,sw_plc/arf_lgmarb05.dds,174796,731deccffaef70adb196b8c24e306943bbee306b15280e7042f65f38c7af2160,All observed ASCII and binary corpus consumers resolve to one category; actual bitmap/material/texture declaration verified after decompilation,sw_plc/arf_floor050.mdl
sw_plc_cep/arf_lgmarb06.dds,sw_plc/arf_lgmarb06.dds,174796,0459d9199a59bb9b5e74ac040401031a34fd261af45d6e5fe44b85b1e16b833e,All observed ASCII and binary corpus consumers resolve to one category; actual bitmap/material/texture declaration verified after decompilation,sw_plc/arf_floor051.mdl
sw_plc_cep/arf_lgmarb07.dds,sw_plc/arf_lgmarb07.dds,174796,6bc428746c06dd5366f96f4b0c3083b464cdd46f04aff5598ca0c6ab05ebc637,All observed ASCII and binary corpus consumers resolve to one category; actual bitmap/material/texture declaration verified after decompilation,sw_plc/arf_floor052.mdl
sw_plc_cep/arf_lgtile1.dds,sw_plc/arf_lgtile1.dds,174796,d8f6de5115e8d0902596cf1323913d0b26b7ca0ce0955bd1ff1dbcf2dfad7402,All observed ASCII and binary corpus consumers resolve to one category; actual bitmap/material/texture declaration verified after decompilation,sw_plc/arf_floor290.mdl
sw_plc_cep/arf_lgtile10.dds,sw_plc/arf_lgtile10.dds,174796,4a16bca824b88b8d06722de2204af0e8df3c86b5c74f96aa6a3a0e14bd783302,All observed ASCII and binary corpus consumers resolve to one category; actual bitmap/material/texture declaration verified after decompilation,sw_plc/arf_floor298.mdl
sw_plc_cep/arf_lgtile17.dds,sw_plc/arf_lgtile17.dds,174796,3cf0dd05ae95a5901071091586f3c4e0f816d4778a4e69fb7bdc9a38c77a4468,All observed ASCII and binary corpus consumers resolve to one category; actual bitmap/material/texture declaration verified after decompilation,sw_plc/arf_floor304.mdl
sw_plc_cep/arf_lgtile23.dds,sw_plc/arf_lgtile23.dds,174796,d65fc106ad3057e5eebce3c45c9136923592fa1a47a8a0c8a3d4707230454f90,All observed ASCII and binary corpus consumers resolve to one category; actual bitmap/material/texture declaration verified after decompilation,sw_plc/arf_floor310.mdl
sw_plc_cep/arf_lgtile24.dds,sw_plc/arf_lgtile24.dds,174796,c9b687864171849b772c7f7eb7148e18a74149faf9f6ca2920c9dc77eabe2560,All observed ASCII and binary corpus consumers resolve to one category; actual bitmap/material/texture declaration verified after decompilation,sw_plc/arf_floor311.mdl
sw_plc_cep/arf_lgtile25.dds,sw_plc/arf_lgtile25.dds,174796,6c5d4615d0abe1f3f770f2acbc8f8df47844eace697c53c2a8fbc09d8f14e21b,All observed ASCII and binary corpus consumers resolve to one category; actual bitmap/material/texture declaration verified after decompilation,sw_plc/arf_floor312.mdl
sw_plc_cep/arf_lgtile26.dds,sw_plc/arf_lgtile26.dds,174796,c6ea789de968638b9c5cfb51a9ed352d6f819a9b03262cb487c8ac45364a7952,All observed ASCII and binary corpus consumers resolve to one category; actual bitmap/material/texture declaration verified after decompilation,sw_plc/arf_floor313.mdl
sw_plc_cep/arf_lgtile3.dds,sw_plc/arf_lgtile3.dds,174796,0e6fe00172f63fad5952658334bc0825881789393917aac351130f31880a3e6e,All observed ASCII and binary corpus consumers resolve to one category; actual bitmap/material/texture declaration verified after decompilation,sw_plc/arf_floor292.mdl
sw_plc_cep/arf_lgtile33.dds,sw_plc/arf_lgtile33.dds,174796,98eb4a343435d5dc20c2dec3035ba502a7708f68685f9fdd7ce0aa48635b6aec,All observed ASCII and binary corpus consumers resolve to one category; actual bitmap/material/texture declaration verified after decompilation,sw_plc/arf_floor316.mdl
sw_plc_cep/arf_lgtile36.dds,sw_plc/arf_lgtile36.dds,174796,31266b82604bfd6a5b761a16ef884929dbbe1d817d19af12148ad9a79b926f0a,All observed ASCII and binary corpus consumers resolve to one category; actual bitmap/material/texture declaration verified after decompilation,sw_plc/arf_floor319.mdl
sw_plc_cep/arf_lgtile37.dds,sw_plc/arf_lgtile37.dds,174796,c51e770d7c9153d9f1baa6cd11e1a1207f6e18ea5d836cddbf35ed4d84c6ef73,All observed ASCII and binary corpus consumers resolve to one category; actual bitmap/material/texture declaration verified after decompilation,sw_plc/arf_floor320.mdl
sw_plc_cep/arf_lgtile4.dds,sw_plc/arf_lgtile4.dds,174796,767b5d5efe3693ffb7cae2b1f66b14409a662951569e855c7fa8d4610490a79a,All observed ASCII and binary corpus consumers resolve to one category; actual bitmap/material/texture declaration verified after decompilation,sw_plc/arf_floor293.mdl
sw_plc_cep/arf_lgtile45.dds,sw_plc/arf_lgtile45.dds,174796,3dd6638383899bfd61a738533a36347e041b0eb430fc2c2e42b34da5418f61e2,All observed ASCII and binary corpus consumers resolve to one category; actual bitmap/material/texture declaration verified after decompilation,sw_plc/arf_floor021.mdl
sw_plc_cep/arf_lgtile46.dds,sw_plc/arf_lgtile46.dds,174796,b18df6e93469fdb7ab8074d678127e02324b8268e1a6c76d489f121a6b263412,All observed ASCII and binary corpus consumers resolve to one category; actual bitmap/material/texture declaration verified after decompilation,sw_plc/arf_floor023.mdl
sw_plc_cep/arf_lgtile47.dds,sw_plc/arf_lgtile47.dds,174796,866cc45913b1c9c930cb448ae70603d67d55dcda1a86493c7c85d58be5b4afb7,All observed ASCII and binary corpus consumers resolve to one category; actual bitmap/material/texture declaration verified after decompilation,sw_plc/arf_floor022.mdl
sw_plc_cep/arf_lgtile48.dds,sw_plc/arf_lgtile48.dds,174796,9871758c1137c915288b389825ff3c5ef4dddf80720337718c1919c61588ebe4,All observed ASCII and binary corpus consumers resolve to one category; actual bitmap/material/texture declaration verified after decompilation,sw_plc/arf_floor024.mdl
sw_plc_cep/arf_lgtile48b.dds,sw_plc/arf_lgtile48b.dds,174796,9dcc1a471873e726c7c748ebd524c25df25e156949fb8a508562a27124a6447b,All observed ASCII and binary corpus consumers resolve to one category; actual bitmap/material/texture declaration verified after decompilation,sw_plc/arf_floor025.mdl
sw_plc_cep/arf_lgtile49.dds,sw_plc/arf_lgtile49.dds,174796,abc3473a7c48df2f6749a95ea2a116b7d3d671ed4f83762bb705395c618d38a1,All observed ASCII and binary corpus consumers resolve to one category; actual bitmap/material/texture declaration verified after decompilation,sw_plc/arf_floor027.mdl
sw_plc_cep/arf_lgtile49b.dds,sw_plc/arf_lgtile49b.dds,174796,8ec891f65cbebade3ba6acdf7a87241be4f7ef27c19e8391feaedc62324428a7,All observed ASCII and binary corpus consumers resolve to one category; actual bitmap/material/texture declaration verified after decompilation,sw_plc/arf_floor028.mdl
sw_plc_cep/arf_lgtile50.dds,sw_plc/arf_lgtile50.dds,174796,33b36570ba6d38c6f0fff09846204389568a7581555098bea6f3e2a34dab92c0,All observed ASCII and binary corpus consumers resolve to one category; actual bitmap/material/texture declaration verified after decompilation,sw_plc/arf_floor026.mdl
sw_plc_cep/arf_lgtile51.dds,sw_plc/arf_lgtile51.dds,174796,84b9bac32663cab2ae8655c36a10789db166d548db1520e8f8ce5ffc88a11a85,All observed ASCII and binary corpus consumers resolve to one category; actual bitmap/material/texture declaration verified after decompilation,sw_plc/arf_floor029.mdl
sw_plc_cep/arf_lgtile51b.dds,sw_plc/arf_lgtile51b.dds,174796,adfc6ca0fcd405846101fa72a9d5c7d70f0af301f182c6c00ad8dddc80c57b6b,All observed ASCII and binary corpus consumers resolve to one category; actual bitmap/material/texture declaration verified after decompilation,sw_plc/arf_floor030.mdl
sw_plc_cep/arf_lgtile52.dds,sw_plc/arf_lgtile52.dds,174796,c07c9149dafc3ba39f82b3c166ef37897ac74e638a7ab342efdea30a21542d17,All observed ASCII and binary corpus consumers resolve to one category; actual bitmap/material/texture declaration verified after decompilation,sw_plc/arf_floor032.mdl
sw_plc_cep/arf_lgtile52b.dds,sw_plc/arf_lgtile52b.dds,174796,fcc0cfefbff046a4f298b466c18cd8da45e3dfd340fbda4b76bff2c579031de1,All observed ASCII and binary corpus consumers resolve to one category; actual bitmap/material/texture declaration verified after decompilation,sw_plc/arf_floor033.mdl
sw_plc_cep/arf_lgtile53.dds,sw_plc/arf_lgtile53.dds,174796,f679f2bd0c52e87a70f2624dde0526877413e8b54ab164ee12af599006bb0fe5,All observed ASCII and binary corpus consumers resolve to one category; actual bitmap/material/texture declaration verified after decompilation,sw_plc/arf_floor031.mdl
sw_plc_cep/arf_lgtile54.dds,sw_plc/arf_lgtile54.dds,174796,5582f5e89a7ddbf86cecbb5f89314567c3841900d70a863cb503b9d0cf157644,All observed ASCII and binary corpus consumers resolve to one category; actual bitmap/material/texture declaration verified after decompilation,sw_plc/arf_floor034.mdl
sw_plc_cep/arf_lgtile54b.dds,sw_plc/arf_lgtile54b.dds,174796,0abee2baeead866f9d6636569167cd3aee3800c27e8241795418a5d4f9784788,All observed ASCII and binary corpus consumers resolve to one category; actual bitmap/material/texture declaration verified after decompilation,sw_plc/arf_floor035.mdl
sw_plc_cep/arf_lgtile6.dds,sw_plc/arf_lgtile6.dds,174796,4320c1ed5f0dd07eb34602f93a910416d062266411c9563f225beb4a14f6df45,All observed ASCII and binary corpus consumers resolve to one category; actual bitmap/material/texture declaration verified after decompilation,sw_plc/arf_floor295.mdl
sw_plc_cep/arf_lgtile62.dds,sw_plc/arf_lgtile62.dds,174796,22bbbc00ab611c3c9bc18a71884ef4f95556f1caa82679a902ac9f9ae04ba73d,All observed ASCII and binary corpus consumers resolve to one category; actual bitmap/material/texture declaration verified after decompilation,sw_plc/arf_floor003.mdl
sw_plc_cep/arf_lgtile63.dds,sw_plc/arf_lgtile63.dds,174796,2c252350197e380d680fba1e7c5087487c1cf1be85a7af8aefc624b0e610989a,All observed ASCII and binary corpus consumers resolve to one category; actual bitmap/material/texture declaration verified after decompilation,sw_plc/arf_floor005.mdl
sw_plc_cep/arf_lgtile64.dds,sw_plc/arf_lgtile64.dds,174796,cdb045ea3198a9cd51525e98e3e44d34ac1fd74bce0a9a6b23b622954e8492fc,All observed ASCII and binary corpus consumers resolve to one category; actual bitmap/material/texture declaration verified after decompilation,sw_plc/arf_floor006.mdl
sw_plc_cep/arf_lgtile65.dds,sw_plc/arf_lgtile65.dds,174796,204f2ec1c1a362350c85a9cb491aba7de37a065acde364c9854ec7b5933919dc,All observed ASCII and binary corpus consumers resolve to one category; actual bitmap/material/texture declaration verified after decompilation,sw_plc/arf_floor009.mdl
sw_plc_cep/arf_lgtile66.dds,sw_plc/arf_lgtile66.dds,174796,f3ca7018b5e599970459e414fd7939808951164f816195431ba8e2146e194678,All observed ASCII and binary corpus consumers resolve to one category; actual bitmap/material/texture declaration verified after decompilation,sw_plc/arf_floor010.mdl
sw_plc_cep/arf_lgtile67.dds,sw_plc/arf_lgtile67.dds,174796,bd6f9a58494e5099b2faf8ce073d5e263180267033082e472d6c02cb27e16912,All observed ASCII and binary corpus consumers resolve to one category; actual bitmap/material/texture declaration verified after decompilation,sw_plc/arf_floor007.mdl
sw_plc_cep/arf_lgtile69.dds,sw_plc/arf_lgtile69.dds,174796,dd8364f43f5d01c10c19c82eac09b2a94f7f99e18c499e3fb1683bbe3148e361,All observed ASCII and binary corpus consumers resolve to one category; actual bitmap/material/texture declaration verified after decompilation,sw_plc/arf_floor004.mdl
sw_plc_cep/arf_lgtile70.dds,sw_plc/arf_lgtile70.dds,174796,3073e473b6c19cf24fb639afd9392cb89e35e0e7309385c793e6594df1f8f2d4,All observed ASCII and binary corpus consumers resolve to one category; actual bitmap/material/texture declaration verified after decompilation,sw_plc/arf_floor008.mdl
sw_plc_cep/arf_lgtile8.dds,sw_plc/arf_lgtile8.dds,174796,09a45b239fc31384837c863f8ce87fe4c26b635e29f6d57f09af255d64c174ee,All observed ASCII and binary corpus consumers resolve to one category; actual bitmap/material/texture declaration verified after decompilation,sw_plc/arf_floor296.mdl
sw_plc_cep/arf_lgtile9.dds,sw_plc/arf_lgtile9.dds,174796,cb8517017bd86bdd1937a71bee8be3c2882556aa757ccdfa49584d6811efe558,All observed ASCII and binary corpus consumers resolve to one category; actual bitmap/material/texture declaration verified after decompilation,sw_plc/arf_floor297.mdl
sw_plc_cep/arf_marbletile.dds,sw_plc/arf_marbletile.dds,43724,b99ecd1a19da06ffb5b245fd9a25303646e81ddb1dd6819e21c087f02cd0389b,All observed ASCII and binary corpus consumers resolve to one category; actual bitmap/material/texture declaration verified after decompilation,sw_plc/arf_floor054.mdl; sw_plc/arf_floor054.mdl; sw_plc/arf_floor057.mdl
sw_plc_cep/arf_marbletiles2.dds,sw_plc/arf_marbletiles2.dds,43724,9ffc638866b06afb1a73e3cf7f2d8541b991576c1d382dcaa9f1d209d6cc81d2,All observed ASCII and binary corpus consumers resolve to one category; actual bitmap/material/texture declaration verified after decompilation,sw_plc/arf_floor055.mdl
sw_plc_cep/arf_marbletiles3.dds,sw_plc/arf_marbletiles3.dds,43724,af10bd0c8e4f988373be617667d796c1cde568c3b0873b53efc0f33a079d0bde,All observed ASCII and binary corpus consumers resolve to one category; actual bitmap/material/texture declaration verified after decompilation,sw_plc/arf_floor056.mdl
sw_plc_cep/arf_marbletiles4.dds,sw_plc/arf_marbletiles4.dds,43724,2c8dc73107d93a1ce39386e4d829ca19396420b46ab27ab39ef738931670edad,All observed ASCII and binary corpus consumers resolve to one category; actual bitmap/material/texture declaration verified after decompilation,sw_plc/arf_floor058.mdl
sw_plc_cep/arf_marbletiles5.dds,sw_plc/arf_marbletiles5.dds,43724,47b03486b2b4ea0d96b38aae78b927493f3e2d0723e46a69fba08a7ae6e2f083,All observed ASCII and binary corpus consumers resolve to one category; actual bitmap/material/texture declaration verified after decompilation,sw_plc/arf_floor059.mdl
sw_plc_cep/arf_marbletiles6.dds,sw_plc/arf_marbletiles6.dds,43724,aa86006181d67e2e81d610222584188fe0041b7ece222b2159c49466963904ee,All observed ASCII and binary corpus consumers resolve to one category; actual bitmap/material/texture declaration verified after decompilation,sw_plc/arf_floor060.mdl
sw_plc_cep/arf_match4.dds,sw_plc/arf_match4.dds,87420,6b71dcc8363c2ec4bfdecc09e2a3d707229daca5420f1d81a4145583d168a060,All observed ASCII and binary corpus consumers resolve to one category; actual bitmap/material/texture declaration verified after decompilation,sw_plc/arf_floor163.mdl; sw_plc/arf_floor233.mdl
sw_plc_cep/arf_mosaicwood1.dds,sw_plc/arf_mosaicwood1.dds,174796,94540b465ceda516afffdaca15634dd8ca091ac8965705525a79ed99ccfe0849,All observed ASCII and binary corpus consumers resolve to one category; actual bitmap/material/texture declaration verified after decompilation,sw_plc/arf_floor101.mdl
sw_plc_cep/arf_mosaicwood10.dds,sw_plc/arf_mosaicwood10.dds,43724,e5012003fbc98545e1999bbf0764f0b45db04048cad8e4472e049559c423e38a,All observed ASCII and binary corpus consumers resolve to one category; actual bitmap/material/texture declaration verified after decompilation,sw_plc/arf_floor110.mdl
sw_plc_cep/arf_mosaicwood2.dds,sw_plc/arf_mosaicwood2.dds,174796,436f21dab18e233a275f9fbccaccdf8cbadbb7b0866c5eee7690c94833e2bb94,All observed ASCII and binary corpus consumers resolve to one category; actual bitmap/material/texture declaration verified after decompilation,sw_plc/arf_floor102.mdl
sw_plc_cep/arf_mosaicwood3.dds,sw_plc/arf_mosaicwood3.dds,174796,2f2b4cf61235d4faf9b5a9b3b27121ec0ebcc6bb9a1aa4491cd907d945a5b5be,All observed ASCII and binary corpus consumers resolve to one category; actual bitmap/material/texture declaration verified after decompilation,sw_plc/arf_floor103.mdl
sw_plc_cep/arf_mosaicwood4.dds,sw_plc/arf_mosaicwood4.dds,174796,d071bcac085d18af1ae01ed7b59c654a833d79bab26adb353883a01784f03fab,All observed ASCII and binary corpus consumers resolve to one category; actual bitmap/material/texture declaration verified after decompilation,sw_plc/arf_floor104.mdl
sw_plc_cep/arf_mosaicwood5.dds,sw_plc/arf_mosaicwood5.dds,43724,14dadbbc546ec531fc45667f97256634e7d9d4cfc0e10acbcce60b12b8ea9ca3,All observed ASCII and binary corpus consumers resolve to one category; actual bitmap/material/texture declaration verified after decompilation,sw_plc/arf_floor105.mdl
sw_plc_cep/arf_mosaicwood6.dds,sw_plc/arf_mosaicwood6.dds,174796,0d011446ec68f455e4a921e816771a055ae44d9b37cbb5458efe2e083e2399f0,All observed ASCII and binary corpus consumers resolve to one category; actual bitmap/material/texture declaration verified after decompilation,sw_plc/arf_floor106.mdl
sw_plc_cep/arf_mosaicwood7.dds,sw_plc/arf_mosaicwood7.dds,174796,57fe45fc4df3a3f7d4f4446590d0d5a90202cee479d314d97f9ca56fb278e2e1,All observed ASCII and binary corpus consumers resolve to one category; actual bitmap/material/texture declaration verified after decompilation,sw_plc/arf_floor107.mdl
sw_plc_cep/arf_mosaicwood8.dds,sw_plc/arf_mosaicwood8.dds,43724,7f6d99733221917af747ec8674a79b77c83ec59952b2370358beeef859124680,All observed ASCII and binary corpus consumers resolve to one category; actual bitmap/material/texture declaration verified after decompilation,sw_plc/arf_floor108.mdl
sw_plc_cep/arf_mosaicwood9.dds,sw_plc/arf_mosaicwood9.dds,43724,18ba72d49c9b3c9974249498590377b932379ec26fa5fb5047ffc5558e60bd81,All observed ASCII and binary corpus consumers resolve to one category; actual bitmap/material/texture declaration verified after decompilation,sw_plc/arf_floor109.mdl
sw_plc_cep/arf_parquet2.dds,sw_plc/arf_parquet2.dds,174796,27a3f6c938cc33abccc099b2006f65ac2c7201508ae2a50fba0f968f28dc313c,All observed ASCII and binary corpus consumers resolve to one category; actual bitmap/material/texture declaration verified after decompilation,sw_plc/arf_floor121.mdl
sw_plc_cep/arf_parquet5.dds,sw_plc/arf_parquet5.dds,43724,03eb3cc2956eca4f48bedcca850727ae3b8f8076357025a1395ec372261da914,All observed ASCII and binary corpus consumers resolve to one category; actual bitmap/material/texture declaration verified after decompilation,sw_plc/arf_floor124.mdl
sw_plc_cep/arf_regalblack1.dds,sw_plc/arf_regalblack1.dds,87420,cb303c5080f8b3b777a9a19d3a31649b2965e267a563e6dc27c3b83d6b7225a5,All observed ASCII and binary corpus consumers resolve to one category; actual bitmap/material/texture declaration verified after decompilation,sw_plc/arf_floor170.mdl; sw_plc/arf_floor240.mdl
sw_plc_cep/arf_regalblue2.dds,sw_plc/arf_regalblue2.dds,87420,54a7a22dcfaa733669edd6e3dcccae668cb4575784e32ae8937e467de91c2020,All observed ASCII and binary corpus consumers resolve to one category; actual bitmap/material/texture declaration verified after decompilation,sw_plc/arf_floor171.mdl; sw_plc/arf_floor241.mdl
sw_plc_cep/arf_regalcreme2.dds,sw_plc/arf_regalcreme2.dds,87420,6e85e135530a6ed7ce77bf04f744df805a47dad713675eac4fb2f6eca3e6d98c,All observed ASCII and binary corpus consumers resolve to one category; actual bitmap/material/texture declaration verified after decompilation,sw_plc/arf_floor172.mdl; sw_plc/arf_floor242.mdl
sw_plc_cep/arf_regalred1.dds,sw_plc/arf_regalred1.dds,87420,a165e396575146586c3ee3cbcb157955de96040b7be22a67e2a6253d9d027622,All observed ASCII and binary corpus consumers resolve to one category; actual bitmap/material/texture declaration verified after decompilation,sw_plc/arf_floor173.mdl; sw_plc/arf_floor243.mdl
sw_plc_cep/arf_regalred2.dds,sw_plc/arf_regalred2.dds,87420,e77a7acfdfb8e1548b9420d2441a3ddf35d5f7377579dc14d94532e2773d4df9,All observed ASCII and binary corpus consumers resolve to one category; actual bitmap/material/texture declaration verified after decompilation,sw_plc/arf_floor174.mdl; sw_plc/arf_floor244.mdl
sw_plc_cep/arf_roundgreen.dds,sw_plc/arf_roundgreen.dds,43724,0c703470271c3ddc44207ac0dcf16fea6abaf7807ce41e8dd96d46b2d9e4ce33,All observed ASCII and binary corpus consumers resolve to one category; actual bitmap/material/texture declaration verified after decompilation,sw_plc/arf_floor196.mdl
sw_plc_cep/arf_rugset1rnd.dds,sw_plc/arf_rugset1rnd.dds,43724,a4a400b779312502fe3439861e6aee53c6ff1ae019fa5ff4bd93760c5c809d57,All observed ASCII and binary corpus consumers resolve to one category; actual bitmap/material/texture declaration verified after decompilation,sw_plc/arf_floor192.mdl
sw_plc_cep/arf_rugset4rnd.dds,sw_plc/arf_rugset4rnd.dds,43724,f2394a53bf5988b676370a518349dc2af5e225797bb11ae9da704873b36e367d,All observed ASCII and binary corpus consumers resolve to one category; actual bitmap/material/texture declaration verified after decompilation,sw_plc/arf_floor193.mdl
sw_plc_cep/arf_rugset5rnd.dds,sw_plc/arf_rugset5rnd.dds,43724,da5272a954f8bd1f15c8a1017fefb777c23e5b1eef2db5aa1b0479b34e12bf22,All observed ASCII and binary corpus consumers resolve to one category; actual bitmap/material/texture declaration verified after decompilation,sw_plc/arf_floor194.mdl
sw_plc_cep/arf_rugset6rnd.dds,sw_plc/arf_rugset6rnd.dds,43724,9d1076a047ed50f2d7f0a3dd717b7bdc81b2639dea16b4c2f131264be88f04ce,All observed ASCII and binary corpus consumers resolve to one category; actual bitmap/material/texture declaration verified after decompilation,sw_plc/arf_floor195.mdl
sw_plc_cep/arf_safari2.dds,sw_plc/arf_safari2.dds,87420,4d21bf6d9e804080b7ef16454670dc45acbbb9f3f4b911947bb77ac5e63118b0,All observed ASCII and binary corpus consumers resolve to one category; actual bitmap/material/texture declaration verified after decompilation,sw_plc/arf_floor176.mdl
sw_plc_cep/arf_scrolled.dds,sw_plc/arf_scrolled.dds,87420,122c98a434c15216a80a1c0e288eb2e8ede8f029c1444986273f2e9dac7251b9,All observed ASCII and binary corpus consumers resolve to one category; actual bitmap/material/texture declaration verified after decompilation,sw_plc/arf_floor184.mdl; sw_plc/arf_floor254.mdl
sw_plc_cep/arf_smtile12.dds,sw_plc/arf_smtile12.dds,43724,2625d1514bbca3dfc7ccf7ca4e31e3cbf5b2aaee99c65ad8cc4ac5c527524e13,All observed ASCII and binary corpus consumers resolve to one category; actual bitmap/material/texture declaration verified after decompilation,sw_plc/arf_floor334.mdl
sw_plc_cep/arf_smtile33.dds,sw_plc/arf_smtile33.dds,43724,795e13a1d913dfc219b40cf3c8e35ed266236a7bcc642ed968159941983910c3,All observed ASCII and binary corpus consumers resolve to one category; actual bitmap/material/texture declaration verified after decompilation,sw_plc/arf_floor359.mdl
sw_plc_cep/arf_smtile36.dds,sw_plc/arf_smtile36.dds,43724,785b5af283df38bde407a8e3ed683161b96b762549236625ea1116e2c2d6d277,All observed ASCII and binary corpus consumers resolve to one category; actual bitmap/material/texture declaration verified after decompilation,sw_plc/arf_floor362.mdl
sw_plc_cep/arf_smtile37.dds,sw_plc/arf_smtile37.dds,43724,59aa7411aaf34a50e0ad5aa10424747f5664e9c2aa82c44072fbd57623845626,All observed ASCII and binary corpus consumers resolve to one category; actual bitmap/material/texture declaration verified after decompilation,sw_plc/arf_floor363.mdl
sw_plc_cep/arf_smtile4.dds,sw_plc/arf_smtile4.dds,43724,08fc25df73d275d11c174bc53d2c46f0f15090e1b0b9cd366dbdbb51440a8d3d,All observed ASCII and binary corpus consumers resolve to one category; actual bitmap/material/texture declaration verified after decompilation,sw_plc/arf_floor326.mdl
sw_plc_cep/arf_smtile50.dds,sw_plc/arf_smtile50.dds,43724,fb9e9aa7d0d172e6c046f59c426b9b13a878c55cad0410f41b08a6495258de0b,All observed ASCII and binary corpus consumers resolve to one category; actual bitmap/material/texture declaration verified after decompilation,sw_plc/arf_floor379.mdl
sw_plc_cep/arf_smtile51.dds,sw_plc/arf_smtile51.dds,43724,a27e490c7fd70d78902411b6ccdc9a458c81cbe6910afa203a14c1cef8fb3743,All observed ASCII and binary corpus consumers resolve to one category; actual bitmap/material/texture declaration verified after decompilation,sw_plc/arf_floor380.mdl
sw_plc_cep/arf_smtile51b.dds,sw_plc/arf_smtile51b.dds,43724,4587d69c6043eeb29056fafd88207fe13e0b23032899f4d3c41dfa02d1272b9b,All observed ASCII and binary corpus consumers resolve to one category; actual bitmap/material/texture declaration verified after decompilation,sw_plc/arf_floor381.mdl
sw_plc_cep/arf_smtile52.dds,sw_plc/arf_smtile52.dds,43724,e727ec0ed181e3a243ad1752b7cded3dba8d6745088d9993a48408dd746b55b6,All observed ASCII and binary corpus consumers resolve to one category; actual bitmap/material/texture declaration verified after decompilation,sw_plc/arf_floor382.mdl
sw_plc_cep/arf_smtile52b.dds,sw_plc/arf_smtile52b.dds,43724,27a6ea969911fba35e76e1a10c0b394633b6f245303bd714a7d29483190d3b35,All observed ASCII and binary corpus consumers resolve to one category; actual bitmap/material/texture declaration verified after decompilation,sw_plc/arf_floor383.mdl
sw_plc_cep/arf_smtile53.dds,sw_plc/arf_smtile53.dds,43724,13c5d3a092582a5baf4531573c0fc3486b5facdf751460836db7ff19e1697977,All observed ASCII and binary corpus consumers resolve to one category; actual bitmap/material/texture declaration verified after decompilation,sw_plc/arf_floor384.mdl
sw_plc_cep/arf_smtile6.dds,sw_plc/arf_smtile6.dds,43724,c71cac09a8e26c94bff8ca58f205deade54f22bfff4a9ac58f8561c4124ff798,All observed ASCII and binary corpus consumers resolve to one category; actual bitmap/material/texture declaration verified after decompilation,sw_plc/arf_floor328.mdl
sw_plc_cep/arf_smtile62.dds,sw_plc/arf_smtile62.dds,43724,35dc558fe55c5977d08837132ddabac0dceead49cb30f3210e1322b31436e142,All observed ASCII and binary corpus consumers resolve to one category; actual bitmap/material/texture declaration verified after decompilation,sw_plc/arf_floor397.mdl
sw_plc_cep/arf_smtile63.dds,sw_plc/arf_smtile63.dds,43724,8b7eba58e1f2386ae57b9d3f903ff397f023cf244692cc9082b46b8b61f78085,All observed ASCII and binary corpus consumers resolve to one category; actual bitmap/material/texture declaration verified after decompilation,sw_plc/arf_floor398.mdl
sw_plc_cep/arf_smtile64.dds,sw_plc/arf_smtile64.dds,43724,c2b7d6eb84b16b11f83828e8c5568f728b39e1092e65dad54f3529b622216d1a,All observed ASCII and binary corpus consumers resolve to one category; actual bitmap/material/texture declaration verified after decompilation,sw_plc/arf_floor399.mdl
sw_plc_cep/arf_smtile65.dds,sw_plc/arf_smtile65.dds,43724,35497893ffde9764bf1ca6fa5733228dde608eec50e6d4f8ffc1601e16c73cf0,All observed ASCII and binary corpus consumers resolve to one category; actual bitmap/material/texture declaration verified after decompilation,sw_plc/arf_floor400.mdl
sw_plc_cep/arf_smtile66.dds,sw_plc/arf_smtile66.dds,43724,62b80033b981c082bcd5028633819af61fdce7e5d94b3454cf91095d3e06beb3,All observed ASCII and binary corpus consumers resolve to one category; actual bitmap/material/texture declaration verified after decompilation,sw_plc/arf_floor401.mdl
sw_plc_cep/arf_smtile67.dds,sw_plc/arf_smtile67.dds,43724,9a7fa2cb49d9fb91b0ac536d1be79a4a904ded2512325997a72be9ed975a077b,All observed ASCII and binary corpus consumers resolve to one category; actual bitmap/material/texture declaration verified after decompilation,sw_plc/arf_floor402.mdl
sw_plc_cep/arf_smtile69.dds,sw_plc/arf_smtile69.dds,43724,3670b0e56333b3e19a7a532649e3870a033aa42a7ac7baa5d7a3e986beb592bc,All observed ASCII and binary corpus consumers resolve to one category; actual bitmap/material/texture declaration verified after decompilation,sw_plc/arf_floor404.mdl
sw_plc_cep/arf_smtile70.dds,sw_plc/arf_smtile70.dds,43724,052cfc7c839f7d7a3b3af370917b4e5b3f3d17ae0261741d1401056c8959bce5,All observed ASCII and binary corpus consumers resolve to one category; actual bitmap/material/texture declaration verified after decompilation,sw_plc/arf_floor405.mdl
sw_plc_cep/arf_smtile70s.dds,sw_plc/arf_smtile70s.dds,43724,bb0d73c99de872bf8cfa9924a1508bc7170403532350dd4624b73c468b677bea,All observed ASCII and binary corpus consumers resolve to one category; actual bitmap/material/texture declaration verified after decompilation,sw_plc/arf_floor406.mdl
sw_plc_cep/arf_smtile8.dds,sw_plc/arf_smtile8.dds,43724,9653dafc73e74c1e6c3c59931383b7729630e1d0eea48725f484c1fd9c11cc99,All observed ASCII and binary corpus consumers resolve to one category; actual bitmap/material/texture declaration verified after decompilation,sw_plc/arf_floor330.mdl
sw_plc_cep/arf_smtile9.dds,sw_plc/arf_smtile9.dds,43724,c7bde422a937acdc4e20f0a825386e13ec2298ad883bbf9188b3e8a7f3ed09c4,All observed ASCII and binary corpus consumers resolve to one category; actual bitmap/material/texture declaration verified after decompilation,sw_plc/arf_floor331.mdl
sw_plc_cep/arf_sqmosaic1.dds,sw_plc/arf_sqmosaic1.dds,43724,bb3570532650414c22866ce72f3ccf37c23c97b8005c21158ec0dbcc0dd26a8a,All observed ASCII and binary corpus consumers resolve to one category; actual bitmap/material/texture declaration verified after decompilation,sw_plc/arf_floor078.mdl
sw_plc_cep/arf_sqmosaic10.dds,sw_plc/arf_sqmosaic10.dds,174796,9402e6e7e0f49b1c4b3beb1d1ea135809f9fd379797f90bd0dd9113e152c5954,All observed ASCII and binary corpus consumers resolve to one category; actual bitmap/material/texture declaration verified after decompilation,sw_plc/arf_floor087.mdl
sw_plc_cep/arf_sqmosaic11.dds,sw_plc/arf_sqmosaic11.dds,43724,817df4ed18f4fdf984ea0199c907a3374a56a46aa2a24a698176104f10647cc8,All observed ASCII and binary corpus consumers resolve to one category; actual bitmap/material/texture declaration verified after decompilation,sw_plc/arf_floor088.mdl
sw_plc_cep/arf_sqmosaic12.dds,sw_plc/arf_sqmosaic12.dds,43724,9dea7c73d5bc9b6abacc1d37a538d92e0b50c0b91bd9989d72f355d7bcfe08c5,All observed ASCII and binary corpus consumers resolve to one category; actual bitmap/material/texture declaration verified after decompilation,sw_plc/arf_floor089.mdl
sw_plc_cep/arf_sqmosaic13.dds,sw_plc/arf_sqmosaic13.dds,43724,620be369b62ae5061f593a4b35d60690b660ab315480ac0d7e7958c8514ae0c4,All observed ASCII and binary corpus consumers resolve to one category; actual bitmap/material/texture declaration verified after decompilation,sw_plc/arf_floor090.mdl
sw_plc_cep/arf_sqmosaic14.dds,sw_plc/arf_sqmosaic14.dds,43724,d5714074b8d8acb3fdc9f1c000eedc1fed2b2732385ba3dda9334a106bf7b9c4,All observed ASCII and binary corpus consumers resolve to one category; actual bitmap/material/texture declaration verified after decompilation,sw_plc/arf_floor091.mdl
sw_plc_cep/arf_sqmosaic15.dds,sw_plc/arf_sqmosaic15.dds,43724,a6ee673b5a60c51ea8c135c27effcc98f95d19c7bcc55475f9eba02116fb1ad6,All observed ASCII and binary corpus consumers resolve to one category; actual bitmap/material/texture declaration verified after decompilation,sw_plc/arf_floor092.mdl
sw_plc_cep/arf_sqmosaic16.dds,sw_plc/arf_sqmosaic16.dds,43724,cdce6f3502e4aef0ee23c6f538ee45c1f7fd7c603ee3a17c31ec600c4e70c781,All observed ASCII and binary corpus consumers resolve to one category; actual bitmap/material/texture declaration verified after decompilation,sw_plc/arf_floor093.mdl
sw_plc_cep/arf_sqmosaic17.dds,sw_plc/arf_sqmosaic17.dds,43724,0434d2b31a767bd2695f6904e1dd146651dff7ce059bf84743b5a5bf554c5b11,All observed ASCII and binary corpus consumers resolve to one category; actual bitmap/material/texture declaration verified after decompilation,sw_plc/arf_floor094.mdl
sw_plc_cep/arf_sqmosaic18.dds,sw_plc/arf_sqmosaic18.dds,43724,736cc4d5c91a08aef98cfd06b2cdb5d03eb6faf1b52f3925c3b437fbf8fc8d8e,All observed ASCII and binary corpus consumers resolve to one category; actual bitmap/material/texture declaration verified after decompilation,sw_plc/arf_floor095.mdl
sw_plc_cep/arf_sqmosaic19.dds,sw_plc/arf_sqmosaic19.dds,174796,deb6e263ffe80a26b56db1149bba8106cbd4c645b5ef7a2d4fd51857cf89ee1e,All observed ASCII and binary corpus consumers resolve to one category; actual bitmap/material/texture declaration verified after decompilation,sw_plc/arf_floor096.mdl
sw_plc_cep/arf_sqmosaic2.dds,sw_plc/arf_sqmosaic2.dds,174796,dd765a17ab41be0583eb068885be7f39970d2e4168bafcb6d23a00bb8738d051,All observed ASCII and binary corpus consumers resolve to one category; actual bitmap/material/texture declaration verified after decompilation,sw_plc/arf_floor079.mdl
sw_plc_cep/arf_sqmosaic20.dds,sw_plc/arf_sqmosaic20.dds,43724,2f881ecbc9a0881accf88b17aef1cb17d1cb4c3494284511dc8b99e80aca0ac8,All observed ASCII and binary corpus consumers resolve to one category; actual bitmap/material/texture declaration verified after decompilation,sw_plc/arf_floor097.mdl
sw_plc_cep/arf_sqmosaic3.dds,sw_plc/arf_sqmosaic3.dds,43724,f8018db3975c16e54ebf89caabf5e1d5256d508c9da50c9bae3eef17b7332cb8,All observed ASCII and binary corpus consumers resolve to one category; actual bitmap/material/texture declaration verified after decompilation,sw_plc/arf_floor080.mdl
sw_plc_cep/arf_sqmosaic4.dds,sw_plc/arf_sqmosaic4.dds,43724,0170f3e5bc718045acc5a1fdf4f34968303b0161fa74145172ab768ef734884f,All observed ASCII and binary corpus consumers resolve to one category; actual bitmap/material/texture declaration verified after decompilation,sw_plc/arf_floor081.mdl
sw_plc_cep/arf_sqmosaic5.dds,sw_plc/arf_sqmosaic5.dds,174796,7d17d31058e46090098505b05633a36c80431655303aef40c0e2fb6f19fb9746,All observed ASCII and binary corpus consumers resolve to one category; actual bitmap/material/texture declaration verified after decompilation,sw_plc/arf_floor082.mdl
sw_plc_cep/arf_sqmosaic6.dds,sw_plc/arf_sqmosaic6.dds,174796,9402e6e7e0f49b1c4b3beb1d1ea135809f9fd379797f90bd0dd9113e152c5954,All observed ASCII and binary corpus consumers resolve to one category; actual bitmap/material/texture declaration verified after decompilation,sw_plc/arf_floor083.mdl
sw_plc_cep/arf_sqmosaic7.dds,sw_plc/arf_sqmosaic7.dds,43724,792a43de62971efa3b54c8c124e405c7f82f41a5ec5e74917dba0b0f4c10ca5a,All observed ASCII and binary corpus consumers resolve to one category; actual bitmap/material/texture declaration verified after decompilation,sw_plc/arf_floor084.mdl
sw_plc_cep/arf_sqmosaic8.dds,sw_plc/arf_sqmosaic8.dds,43724,d82bbcee5e4ebcbeb6bd3d49a7b5ab33b50f5572a918127c961faf0a7bbd6b60,All observed ASCII and binary corpus consumers resolve to one category; actual bitmap/material/texture declaration verified after decompilation,sw_plc/arf_floor085.mdl
sw_plc_cep/arf_sqmosaic9.dds,sw_plc/arf_sqmosaic9.dds,43724,bdcbe1608643b1ff3ecc4894b9a8c06be8d7e2b1973ad3629ef6f418f9d7bcab,All observed ASCII and binary corpus consumers resolve to one category; actual bitmap/material/texture declaration verified after decompilation,sw_plc/arf_floor086.mdl
sw_plc_cep/arf_stonemosaic1.dds,sw_plc/arf_stonemosaic1.dds,87420,e4c44e58b93d441b46b9c2f4b15b3ec6c2eb166fd434d7b8b9bc9a676c1ec3d8,All observed ASCII and binary corpus consumers resolve to one category; actual bitmap/material/texture declaration verified after decompilation,sw_plc/arf_floor098.mdl
sw_plc_cep/arf_stonemosaic2.dds,sw_plc/arf_stonemosaic2.dds,87420,0b24d1ada5a0957b9db40d6cd017be088030a8aa94d6482d6c8342751a1ced78,All observed ASCII and binary corpus consumers resolve to one category; actual bitmap/material/texture declaration verified after decompilation,sw_plc/arf_floor099.mdl
sw_plc_cep/arf_stonemosaic3.dds,sw_plc/arf_stonemosaic3.dds,87420,dac060a7639b75a674e52210ee2fe5ed39c6f026c807e0c1358435eb1905bbb9,All observed ASCII and binary corpus consumers resolve to one category; actual bitmap/material/texture declaration verified after decompilation,sw_plc/arf_floor100.mdl
sw_plc_cep/arf_tdove_border.dds,sw_plc/arf_tdove_border.dds,43724,43343ad3a5637b0c3246d6c6d18ccc0918715857ecdf3a7c63383435ec09868b,All observed ASCII and binary corpus consumers resolve to one category; actual bitmap/material/texture declaration verified after decompilation,sw_plc/arf_floor280.mdl
sw_plc_cep/arf_tdove_drkma.dds,sw_plc/arf_tdove_drkma.dds,43724,47009cfee76776ff8db3c6a24bba253c3f56368be2bbcaa98168d73016f254ea,All observed ASCII and binary corpus consumers resolve to one category; actual bitmap/material/texture declaration verified after decompilation,sw_plc/arf_floor282.mdl
sw_plc_cep/arf_tweeddark.dds,sw_plc/arf_tweeddark.dds,87420,0833ba203d40722e7e5ff44b8da431cf93a9bfc5bb2e9450841351e196295f5e,All observed ASCII and binary corpus consumers resolve to one category; actual bitmap/material/texture declaration verified after decompilation,sw_plc/arf_floor189.mdl; sw_plc/arf_floor259.mdl
sw_plc_cep/arf_tweedlight.dds,sw_plc/arf_tweedlight.dds,87420,9c29df8f49977394d2faa1d2923cc106cb78e9c461d43f64b6264de30e2e61e7,All observed ASCII and binary corpus consumers resolve to one category; actual bitmap/material/texture declaration verified after decompilation,sw_plc/arf_floor190.mdl; sw_plc/arf_floor260.mdl
sw_plc_cep/arf_woodrug.dds,sw_plc/arf_woodrug.dds,87420,eea13f3efc3b03876f33cb755d747cb193fa51155491b2e28c12fcb688d6b613,All observed ASCII and binary corpus consumers resolve to one category; actual bitmap/material/texture declaration verified after decompilation,sw_plc/arf_floor407.mdl
sw_plc_cep/bamboo6464.tga,sw_plc/bamboo6464.tga,12332,850f0b052bf1c408279b0572dbf0fd823d0519323efc4a2e646bb7c36416385b,All observed ASCII and binary corpus consumers resolve to one category; actual bitmap/material/texture declaration verified after decompilation,sw_plc/ori_g01.mdl; sw_plc/ori_g02.mdl; sw_plc/ori_g03.mdl; sw_plc/ori_g04.mdl
sw_plc_cep/bambooleaf128128.dds,sw_plc/bambooleaf128128.dds,87428,69fda4964c3d3b99cc432edd956bd6d8f68e0d9c54c8a239ff7aa044144145f1,All observed ASCII and binary corpus consumers resolve to one category; actual bitmap/material/texture declaration verified after decompilation,sw_plc/ori_g01.mdl; sw_plc/ori_g02.mdl; sw_plc/ori_g03.mdl; sw_plc/ori_g04.mdl
sw_plc_cep/banane.dds,sw_plc_mdrn/banane.dds,174796,c4ea8f64d5a1f8c14c48a4c595d44742128eb825726895f1b92fffabf140ed81,All observed ASCII and binary corpus consumers resolve to one category; actual bitmap/material/texture declaration verified after decompilation,sw_plc_mdrn/jez_banana01.mdl; sw_plc_mdrn/jez_banana02.mdl; sw_plc_mdrn/jez_banana03.mdl; sw_plc_mdrn/jez_banana05.mdl; sw_plc_mdrn/jez_banana05.mdl; sw_plc_mdrn/jez_banana05.mdl; sw_plc_mdrn/jez_banana05.mdl; sw_plc_mdrn/jez_banana05.mdl
sw_plc_cep/bartab.dds,sw_plc/bartab.dds,21892,20498838d655ba58d8ee99ba18bc99ac9459f1e20fe0e8190f6c1f008e34bedf,All observed ASCII and binary corpus consumers resolve to one category; actual bitmap/material/texture declaration verified after decompilation,sw_plc/plx_bar.mdl; sw_plc/plx_bar.mdl
sw_plc_cep/bay.dds,sw_cr_creature/bay.dds,174796,3a7fca9c307cb6855e7883e50331ab3666bc912e5d3b17dc28f1f658f0f02a85,All observed ASCII and binary corpus consumers resolve to one category; actual bitmap/material/texture declaration verified after decompilation,sw_cr_creature/nag.mdl; sw_cr_creature/nag.mdl; sw_cr_creature/nag.mdl; sw_cr_creature/nag.mdl; sw_cr_creature/nag.mdl; sw_cr_creature/nag.mdl; sw_cr_creature/nag.mdl; sw_cr_creature/nag.mdl
sw_plc_cep/blade64.dds,sw_plc/blade64.dds,2764,33842fa997cd4913ffa69e59a13a32400fea21f3248f63ff2916274c8f43939d,All observed ASCII and binary corpus consumers resolve to one category; actual bitmap/material/texture declaration verified after decompilation,sw_plc/ori_f15.mdl; sw_plc/ori_f15.mdl; sw_plc/ori_f15.mdl; sw_plc/ori_f15.mdl; sw_plc/ori_f15.mdl; sw_plc/ori_f15.mdl
sw_plc_cep/blade64.tga,sw_plc/blade64.tga,12332,fa43db8d284b2a9368c2b764a23750e771978065062e949f138f513ac7155e60,All observed ASCII and binary corpus consumers resolve to one category; actual bitmap/material/texture declaration verified after decompilation,sw_plc/ori_f15.mdl; sw_plc/ori_f15.mdl; sw_plc/ori_f15.mdl; sw_plc/ori_f15.mdl; sw_plc/ori_f15.mdl; sw_plc/ori_f15.mdl
sw_plc_cep/blossum1.dds,sw_plc/blossum1.dds,87428,79921b0fdf96bd22689c13de382673d867b07d9f6721e88866d0d210b934b2fa,All observed ASCII and binary corpus consumers resolve to one category; actual bitmap/material/texture declaration verified after decompilation,sw_plc/ori_i01.mdl; sw_plc/ori_i01.mdl; sw_plc/ori_i01.mdl; sw_plc/ori_i01.mdl; sw_plc/ori_i01.mdl; sw_plc/ori_i02.mdl; sw_plc/ori_i02.mdl; sw_plc/ori_i02.mdl
sw_plc_cep/boarded_tex_20.dds,sw_plc/boarded_tex_20.dds,43724,6d043d930aa82d518b59320625e61b7dcbd804d7796c8a11898bfd2d36b2b105,All observed ASCII and binary corpus consumers resolve to one category; actual bitmap/material/texture declaration verified after decompilation,sw_plc/plc_boarded20.mdl; sw_plc/plc_boarded20.mdl; sw_plc/plc_boarded20.mdl; sw_plc/plc_boarded20.mdl; sw_plc/plc_boarded20.mdl; sw_plc/plc_boarded20.mdl; sw_plc/plc_boarded20.mdl; sw_plc/plc_boarded20.mdl
sw_plc_cep/boarded_tex_34.dds,sw_plc/boarded_tex_34.dds,43724,65bd151b7290450065b981888e2ea89b0ecbbb8a11a5151c166b14b757a2b50a,All observed ASCII and binary corpus consumers resolve to one category; actual bitmap/material/texture declaration verified after decompilation,sw_plc/plc_boarded34.mdl; sw_plc/plc_boarded34.mdl; sw_plc/plc_boarded34.mdl; sw_plc/plc_boarded34.mdl; sw_plc/plc_boarded34.mdl; sw_plc/plc_boarded34.mdl; sw_plc/plc_boarded34.mdl; sw_plc/plc_boarded34.mdl
sw_plc_cep/boarded_tex_tp.tga,sw_plc/boarded_tex_tp.tga,1068,5cd83917cadbc7fb3742fad35c4cd21bbbbcbb77009b2e34e65717156895d374,All observed ASCII and binary corpus consumers resolve to one category; actual bitmap/material/texture declaration verified after decompilation,sw_plc/plc_boarded20.mdl; sw_plc/plc_boarded34.mdl
sw_plc_cep/bread.tga,sw_plc/bread.tga,178500,132ec7b35c54679542dabbca74abe408b2a6150be78cde769adaa066f9182035,All observed ASCII and binary corpus consumers resolve to one category; actual bitmap/material/texture declaration verified after decompilation,sw_plc/plc_bread.mdl; sw_plc/plc_frnclof.mdl
sw_plc_cep/bwd1_phod.dds,sw_plc/bwd1_phod.dds,174796,7d3b81301bd5b4127cfbb8b3f831ef078bd306571ec3951acd47e0417095e6ea,All observed ASCII and binary corpus consumers resolve to one category; actual bitmap/material/texture declaration verified after decompilation,sw_plc/phod_obl10.mdl; sw_plc/phod_obl10.mdl
sw_plc_cep/bwf1_phod.dds,sw_plc/bwf1_phod.dds,174796,cffe7519f0d3de2212a13a54d4b85a84e7a7461c6337e4caaa4c235a0334c85c,All observed ASCII and binary corpus consumers resolve to one category; actual bitmap/material/texture declaration verified after decompilation,sw_plc/phod_stpy01.mdl
sw_plc_cep/bwh1_phod.dds,sw_plc/bwh1_phod.dds,174796,529a4c20f029562dc1b154fc3c2e7b54a612a76f63718a065ef31b40dd1e397a,All observed ASCII and binary corpus consumers resolve to one category; actual bitmap/material/texture declaration verified after decompilation,sw_plc/phod_stpy03.mdl
sw_plc_cep/cav_crystal-02.tga,sw_plc/cav_crystal-02.tga,33307,b4ca4e0f9bd9816292cdd715a8ae6127bbea58a662f8d97e6b1471287de1aa07,All observed ASCII and binary corpus consumers resolve to one category; actual bitmap/material/texture declaration verified after decompilation,sw_plc/rom_i11.mdl
sw_plc_cep/cav_crystal-03.tga,sw_plc/cav_crystal-03.tga,33307,a8ac021d89335278d4dee9bbc7adae67b97fcdd694a50f5900d4ab079ade27ce,All observed ASCII and binary corpus consumers resolve to one category; actual bitmap/material/texture declaration verified after decompilation,sw_plc/tds10_i29.mdl
sw_plc_cep/cav_mushrooms-01.tga,sw_plc/cav_mushrooms-01.tga,262162,8ebabf9d414185e77fa41941c65bc97a63d37a350fc94d13560524c221700eba,All observed ASCII and binary corpus consumers resolve to one category; actual bitmap/material/texture declaration verified after decompilation,sw_plc/rom_a10.mdl; sw_plc/rom_a11.mdl; sw_plc/rom_a8.mdl; sw_plc/rom_a9.mdl
sw_plc_cep/celt_knots_1.tga,sw_plc/celt_knots_1.tga,393260,7403d6f8f2e4da6115bc1a0e8bc5e14e893f5bcc5940ae87970a14cc234ad463,All observed ASCII and binary corpus consumers resolve to one category; actual bitmap/material/texture declaration verified after decompilation,sw_plc/plcchair_a04.mdl
sw_plc_cep/cheveron.tga,sw_plc/cheveron.tga,196626,af741c77c6aed64b6255ab0bb7b5f467de2f6a12f4bb5440d603d10db7ac3b46,All observed ASCII and binary corpus consumers resolve to one category; actual bitmap/material/texture declaration verified after decompilation,sw_plc/dca04_c01_02.mdl; sw_plc/dca04_c01_02.mdl; sw_plc/dca04_c01_02.mdl; sw_plc/dca04_c01_02.mdl; sw_plc/dca04_c01_02.mdl; sw_plc/dca04_c01_02.mdl; sw_plc/dca04_c01_02.mdl; sw_plc/dca04_c01_02.mdl
sw_plc_cep/clamflesh.dds,sw_plc/clamflesh.dds,174796,3a29bf99de3e64b73076582b943fa6474a40481e25179382ca29f15aa1b8e30b,All observed ASCII and binary corpus consumers resolve to one category; actual bitmap/material/texture declaration verified after decompilation,sw_plc/clam_001.mdl; sw_plc/clam_001.mdl; sw_plc/clam_001.mdl; sw_plc/clam_001.mdl; sw_plc/clam_001.mdl; sw_plc/clam_001.mdl
sw_plc_cep/crow.tga,sw_cr_creature/crow.tga,1048620,0f525d516b3016b66bd9fea71aabf53f3aa6dc385892b7c241e00407107bea9a,All observed ASCII and binary corpus consumers resolve to one category; actual bitmap/material/texture declaration verified after decompilation,sw_cr_creature/c_crow_w.mdl; sw_cr_creature/c_crow_w.mdl; sw_cr_creature/c_crow_w.mdl; sw_cr_creature/c_crow_w.mdl; sw_cr_creature/c_crow_w.mdl; sw_cr_creature/c_crow_w.mdl; sw_cr_creature/c_crow_w.mdl; sw_cr_creature/c_crow_w.mdl
sw_plc_cep/d_whitetransp.mtr,sw_plc_swtor/d_whitetransp.mtr,10,09fbad32bbca46609a1875d90de2c7ffd88833ca766ce371ffee54c22bdb1121,All observed ASCII and binary corpus consumers resolve to one category; actual bitmap/material/texture declaration verified after decompilation,sw_plc_swtor/daf_sw381.mdl
sw_plc_cep/d_whitetransp.tga,sw_plc_swtor/d_whitetransp.tga,64,96b090dd2d9dcf8c312491e93fa66e7d3ba9fadac4797717012ddf2003e1f673,All observed ASCII and binary corpus consumers resolve to one category; actual bitmap/material/texture declaration verified after decompilation,sw_plc_swtor/daf_sw381.mdl
sw_plc_cep/dag_invtex.tga,sw_plc/dag_invtex.tga,262188,91a46cb1cd0ca24f6ee2772f5122fcb5b43d4fede2eabff67c949fc062ccfc4e,All observed ASCII and binary corpus consumers resolve to one category; actual bitmap/material/texture declaration verified after decompilation,sw_plc/dag_invground1x1.mdl; sw_plc/dag_invground4x4.mdl; sw_plc/dag_invground4x4.mdl; sw_plc/dag_invground4x4.mdl; sw_plc/dag_invground4x4.mdl; sw_plc/dag_invground4x4.mdl; sw_plc/dag_invground4x4.mdl; sw_plc/dag_invground4x4.mdl
sw_plc_cep/dag_treefolred.tga,sw_plc/dag_treefolred.tga,1048620,ddacf385395311d74da1876321acabff1602caabdc15d54dee30c74155b0dd1d,All observed ASCII and binary corpus consumers resolve to one category; actual bitmap/material/texture declaration verified after decompilation,sw_plc/dag_treeblood.mdl
sw_plc_cep/dl_box_black.tga,sw_plc/dl_box_black.tga,3090,8b79bd90521fc0ee217121931e7e934c2c58f619269a09e26eadd617bf230800,All observed ASCII and binary corpus consumers resolve to one category; actual bitmap/material/texture declaration verified after decompilation,sw_plc/dl_box_blk_300.mdl; sw_plc/dl_box_blk_300.mdl; sw_plc/dl_box_blk_300.mdl; sw_plc/dl_box_blk_300.mdl; sw_plc/dl_box_blk_300.mdl; sw_plc/dl_box_blk_300.mdl; sw_plc/dl_box_blk_300.mdl; sw_plc/dl_box_blk_800.mdl
sw_plc_cep/dust15.dds,sw_plc/dust15.dds,174796,13e1e8e1c9fe96d1a21128e53d3e6ace20bacd5d3a145aac9c323748fb724002,All observed ASCII and binary corpus consumers resolve to one category; actual bitmap/material/texture declaration verified after decompilation,sw_plc/st_pillar02.mdl; sw_plc/st_pillar02.mdl
sw_plc_cep/flame_blue.tga,sw_plc/flame_blue.tga,49196,3e8d4bc3db88cb119d47fbeef7e3c91b35d47ebfba6b72c92ed237a725c96c46,All observed ASCII and binary corpus consumers resolve to one category; actual bitmap/material/texture declaration verified after decompilation,sw_plc/plc_mf316.mdl; sw_plc/plc_mf322.mdl; sw_plc/plc_mf328.mdl
sw_plc_cep/flame_green.tga,sw_plc/flame_green.tga,49196,a75e90064962ffa6527ac26e505f22f0410531de0b2cfc1f73b1eaae041d31bd,All observed ASCII and binary corpus consumers resolve to one category; actual bitmap/material/texture declaration verified after decompilation,sw_plc/plc_mf317.mdl; sw_plc/plc_mf323.mdl; sw_plc/plc_mf329.mdl
sw_plc_cep/flame_purple.tga,sw_plc/flame_purple.tga,49196,cc02c363f2385154e3fb0ec99327ccd6b6d5ea46de8ce6eaea5f51a9aa15157a,All observed ASCII and binary corpus consumers resolve to one category; actual bitmap/material/texture declaration verified after decompilation,sw_plc/plc_mf318.mdl; sw_plc/plc_mf324.mdl; sw_plc/plc_mf330.mdl
sw_plc_cep/flame_red.tga,sw_plc/flame_red.tga,49196,1ccd491d77e9041afa0152bd399536d30be5d1d73f399f2d2393cd3a9db1378d,All observed ASCII and binary corpus consumers resolve to one category; actual bitmap/material/texture declaration verified after decompilation,sw_plc/plc_mf319.mdl; sw_plc/plc_mf325.mdl; sw_plc/plc_mf331.mdl
sw_plc_cep/flame_white.tga,sw_plc/flame_white.tga,49196,61dbb4fcafe009950a2c50477f469cc49ccd8adda380daa9a6c6e9c0272a0a24,All observed ASCII and binary corpus consumers resolve to one category; actual bitmap/material/texture declaration verified after decompilation,sw_plc/plc_mf320.mdl; sw_plc/plc_mf326.mdl; sw_plc/plc_mf332.mdl
sw_plc_cep/flame_yellow.tga,sw_plc/flame_yellow.tga,49196,5031935417fbdc17248e6d560ce53120e597b485b915901c3816f32185be6c87,All observed ASCII and binary corpus consumers resolve to one category; actual bitmap/material/texture declaration verified after decompilation,sw_plc/plc_mf321.mdl; sw_plc/plc_mf327.mdl; sw_plc/plc_mf333.mdl
sw_plc_cep/gg-flwr3.dds,sw_plc_mdrn/gg-flwr3.dds,87428,110f3dd7557426ec0db59a29d3bdf1da3466b333eee9aa218980557aad3ac847,All observed ASCII and binary corpus consumers resolve to one category; actual bitmap/material/texture declaration verified after decompilation,sw_plc_mdrn/udp-p-141.mdl; sw_plc_mdrn/udp-p-141.mdl; sw_plc_mdrn/udp-p-141.mdl; sw_plc_mdrn/udp-p-141.mdl; sw_plc_mdrn/udp-p-141.mdl; sw_plc_mdrn/udp-p-141.mdl; sw_plc_mdrn/udp-p-141.mdl; sw_plc_mdrn/udp-p-141.mdl
sw_plc_cep/gg-flwr7.dds,sw_plc_mdrn/gg-flwr7.dds,174796,abc8caccd7de79b9abe76e47da09f944f0f8da73805b85d40436df0c697de109,All observed ASCII and binary corpus consumers resolve to one category; actual bitmap/material/texture declaration verified after decompilation,sw_plc_mdrn/udp-p-138.mdl
sw_plc_cep/gg2-bur-bl2.dds,sw_plc_mdrn/gg2-bur-bl2.dds,174796,792c28f8029b415fae01ca29f146eac65250296a7cd679c6ca90ee252269e3e6,All observed ASCII and binary corpus consumers resolve to one category; actual bitmap/material/texture declaration verified after decompilation,sw_plc_mdrn/udp-p-147.mdl; sw_plc_mdrn/udp-p-147.mdl
sw_plc_cep/gg2-bur-rd2.dds,sw_plc_mdrn/gg2-bur-rd2.dds,174796,b1a139a750ec07fb04f261a1c286218490c7f8257b0428ef355b3ab5ffd975b8,All observed ASCII and binary corpus consumers resolve to one category; actual bitmap/material/texture declaration verified after decompilation,sw_plc_mdrn/udp-p-146.mdl; sw_plc_mdrn/udp-p-146.mdl
sw_plc_cep/gg2-h2-4.dds,sw_plc/gg2-h2-4.dds,174796,8089ab5f61ba48ab497cbca74940dfc07fc84d22ee1819caf8f6e9c55f62e79a,All observed ASCII and binary corpus consumers resolve to one category; actual bitmap/material/texture declaration verified after decompilation,sw_plc/gi-p-win2.mdl
sw_plc_cep/gg_grey.dds,sw_plc/gg_grey.dds,174796,8d33c6c8ab7a5639a67f39a07a52edd7b562343d20474f43c213517d716b7281,All observed ASCII and binary corpus consumers resolve to one category; actual bitmap/material/texture declaration verified after decompilation,sw_plc/gi-p-lit1.mdl; sw_plc/gi-p-lit1.mdl; sw_plc/gi-p-lit1.mdl; sw_plc/gi-p-lit1.mdl; sw_plc/gi-p-lit1.mdl; sw_plc/gi-p-lit1.mdl; sw_plc/gi-p-lit2.mdl; sw_plc/gi-p-lit2.mdl
sw_plc_cep/gi-ctn-blk2.dds,sw_plc/gi-ctn-blk2.dds,174796,088c6993cb86d03719e58ed099fe9569d9345cc4c4d8bb8aa49fd634f0c3d7de,All observed ASCII and binary corpus consumers resolve to one category; actual bitmap/material/texture declaration verified after decompilation,sw_plc/gi-p-blnd6c.mdl
sw_plc_cep/gi-ctn-gry2.dds,sw_plc/gi-ctn-gry2.dds,174796,90071b2a11677fd59c36e1b3fafb31fb8e56ce708977e281f9af3ef25bb86fb9,All observed ASCII and binary corpus consumers resolve to one category; actual bitmap/material/texture declaration verified after decompilation,sw_plc/gi-p-blnd2c.mdl; sw_plc/gi-p-blnd7c.mdl
sw_plc_cep/gi-ctn-red.dds,sw_plc/gi-ctn-red.dds,349572,129e4f0f91eecce3c6afe977a560710764147fe42a8a006bfcf855046302f1f8,All observed ASCII and binary corpus consumers resolve to one category; actual bitmap/material/texture declaration verified after decompilation,sw_plc/gi-p-blnd4o.mdl
sw_plc_cep/gi-ctn-red2.dds,sw_plc/gi-ctn-red2.dds,174796,6aa8e76d41d822ecb4e691bbff57d6959647e140adb8f802171406c5b41b0a75,All observed ASCII and binary corpus consumers resolve to one category; actual bitmap/material/texture declaration verified after decompilation,sw_plc/gi-p-blnd4c.mdl
sw_plc_cep/gi-ctn-wht2.dds,sw_plc/gi-ctn-wht2.dds,174796,5f164f3493f2c026b97c19a4a97e26c8cbd4a7a61ece9aa183d2a93d41d83ee2,All observed ASCII and binary corpus consumers resolve to one category; actual bitmap/material/texture declaration verified after decompilation,sw_plc/gi-p-blnd10c.mdl; sw_plc/gi-p-blnd5c.mdl
sw_plc_cep/gi-h6.dds,sw_plc/gi-h6.dds,174796,7211aefcc49ded6dc0cb6778b8c2e784f1fa0d8d46abb052860e63918ba3e280,All observed ASCII and binary corpus consumers resolve to one category; actual bitmap/material/texture declaration verified after decompilation,sw_plc/gi-p-column1.mdl; sw_plc/gi-p-column1.mdl; sw_plc/gi-p-column2.mdl; sw_plc/gi-p-column2.mdl; sw_plc/gi-p-column2.mdl
sw_plc_cep/gi-p-labels.dds,sw_plc/gi-p-labels.dds,174796,5de9172bba83c8bfcd1bbbb722914154d5e772d54e3e4f83892a85e2ece72924,All observed ASCII and binary corpus consumers resolve to one category; actual bitmap/material/texture declaration verified after decompilation,sw_plc/gi-p-shelf.mdl; sw_plc/gi-p-shelf.mdl; sw_plc/gi-p-shelf.mdl; sw_plc/gi-p-shelf.mdl; sw_plc/gi-p-shelf.mdl; sw_plc/gi-p-shelf.mdl; sw_plc/gi-p-shelf.mdl; sw_plc/gi-p-shelf.mdl
sw_plc_cep/gi-p-wd-edge.dds,sw_plc/gi-p-wd-edge.dds,174796,e58a05b82805442dca50150e00a1f4fb3892adbbd6ce9b3ed909da400d4e3484,All observed ASCII and binary corpus consumers resolve to one category; actual bitmap/material/texture declaration verified after decompilation,sw_plc/gi-p-clock.mdl; sw_plc/gi-p-dtable1.mdl; sw_plc/gi-p-dtable1.mdl; sw_plc/gi-p-dtable1.mdl; sw_plc/gi-p-dtable1.mdl; sw_plc/gi-p-dtable1.mdl; sw_plc/gi-p-dtable1.mdl; sw_plc/gi-p-dtable1.mdl
sw_plc_cep/gi-painting3.dds,sw_plc/gi-painting3.dds,43724,78e513b9f2da4da0c7a5281b68a5b9dfd68e0284498193be0b49996eefb35238,All observed ASCII and binary corpus consumers resolve to one category; actual bitmap/material/texture declaration verified after decompilation,sw_plc/gi-p-paint17.mdl
sw_plc_cep/gi-painting6.dds,sw_plc/gi-painting6.dds,43724,a57ff79103bd3078fb3e409188b83bdfcd32c6c342a36b3710d1b743c08f6df0,All observed ASCII and binary corpus consumers resolve to one category; actual bitmap/material/texture declaration verified after decompilation,sw_plc/gi-p-paint02.mdl
sw_plc_cep/gi-painting8.dds,sw_plc/gi-painting8.dds,43724,55e2276e47d77f20639a409abacedb894fa3e077c3145895ab98f38350167dfd,All observed ASCII and binary corpus consumers resolve to one category; actual bitmap/material/texture declaration verified after decompilation,sw_plc/gi-p-paint04.mdl
sw_plc_cep/glass2.dds,sw_plc_mdrn/glass2.dds,1412,9c2c0fb7d7f1dc4710251a1bb9ced63383616eae3079d6bc23096e8316225ceb,All observed ASCII and binary corpus consumers resolve to one category; actual bitmap/material/texture declaration verified after decompilation,sw_plc_mdrn/jukebox.mdl
sw_plc_cep/glowblue.tga,sw_weapon/glowblue.tga,3116,5e25329becaaa2a7855d8b913aa552301a96fabb3d074cf939e255205dfd64da,All observed ASCII and binary corpus consumers resolve to one category; actual bitmap/material/texture declaration verified after decompilation,sw_weapon/wbwsh_b_071.mdl; sw_weapon/wbwsh_t_171.mdl; sw_weapon/wbwsl_t_171.mdl; sw_weapon/wbwxl_b_022.mdl; sw_weapon/wbwxl_t_171.mdl; sw_weapon/wdbsw_t_251.mdl; sw_weapon/wdbsw_t_251.mdl; sw_weapon/wswbs_t_201.mdl
sw_plc_cep/glowgreen.tga,sw_weapon/glowgreen.tga,3116,3a6f45efe82a55ec3b41b761a61b4a0b09845680b4e2bcc37af255901281c206,All observed ASCII and binary corpus consumers resolve to one category; actual bitmap/material/texture declaration verified after decompilation,sw_weapon/wbwsh_t_081.mdl; sw_weapon/wbwsh_t_101.mdl; sw_weapon/wbwsh_t_101.mdl; sw_weapon/wbwsh_t_191.mdl; sw_weapon/wbwsh_t_201.mdl; sw_weapon/wbwsh_t_201.mdl; sw_weapon/wbwsl_t_191.mdl; sw_weapon/wbwsl_t_201.mdl
sw_plc_cep/glowred.tga,sw_weapon/glowred.tga,3116,81653e6b5c73c512ac9481d1d924da8d7689186f1c4d10cd794233bd3cfbfce3,All observed ASCII and binary corpus consumers resolve to one category; actual bitmap/material/texture declaration verified after decompilation,sw_weapon/wbwln_b_012.mdl; sw_weapon/wbwln_b_021.mdl; sw_weapon/wbwln_t_021.mdl; sw_weapon/wbwln_t_031.mdl; sw_weapon/wbwln_t_052.mdl; sw_weapon/wbwln_t_071.mdl; sw_weapon/wbwln_t_081.mdl; sw_weapon/wbwsh_b_012.mdl
sw_plc_cep/grs_bush-04.tga,sw_plc/grs_bush-04.tga,16402,7356cedc37115ad4bf1b5876111b9994f4eed9d6c0022f99f45e086b198a8d7e,All observed ASCII and binary corpus consumers resolve to one category; actual bitmap/material/texture declaration verified after decompilation,sw_plc/rom_i1.mdl
sw_plc_cep/grs_bush-05.tga,sw_plc/grs_bush-05.tga,65554,abc5f3e9185e2be2daf66702df6dbc71aba85d3d7e781181e597b080499f3d86,All observed ASCII and binary corpus consumers resolve to one category; actual bitmap/material/texture declaration verified after decompilation,sw_plc/rom_a1.mdl
sw_plc_cep/grs_bush-07.tga,sw_plc/grs_bush-07.tga,262162,68f2bf2bc0790694721b7f0223b2ec9258940823d4d112a938073e62c2bff6a3,All observed ASCII and binary corpus consumers resolve to one category; actual bitmap/material/texture declaration verified after decompilation,sw_plc/rom_a3.mdl
sw_plc_cep/grs_bush-08.tga,sw_plc/grs_bush-08.tga,16402,3d0951a731fa30a999a592284d03454177815ee9177913d4151972ba8a6c1254,All observed ASCII and binary corpus consumers resolve to one category; actual bitmap/material/texture declaration verified after decompilation,sw_plc/rom_dg4.mdl
sw_plc_cep/grs_bush-09.tga,sw_plc/grs_bush-09.tga,65554,8df2dced4b03852c826c22088fbc983f310a7910ba5c50f9ceb2b0e0335ace0d,All observed ASCII and binary corpus consumers resolve to one category; actual bitmap/material/texture declaration verified after decompilation,sw_plc/rom_a5.mdl
sw_plc_cep/grs_flowers-04.tga,sw_plc/grs_flowers-04.tga,32786,51c43b9821d3945c7852e4a836d5472803e5afb8818948a1f86a2e9e074a0c1e,All observed ASCII and binary corpus consumers resolve to one category; actual bitmap/material/texture declaration verified after decompilation,sw_plc/rom_i3.mdl
sw_plc_cep/grs_flowers-05.tga,sw_plc/grs_flowers-05.tga,65554,d6c98aa40ac6815f03d93b9598b1b90a24783af47bcb0869bb4eba121c722d6b,All observed ASCII and binary corpus consumers resolve to one category; actual bitmap/material/texture declaration verified after decompilation,sw_plc/rom_i4.mdl
sw_plc_cep/grs_flowers-06.tga,sw_plc/grs_flowers-06.tga,65554,dcb59a50b884ac619967803ec44623b0fc75bbf3c099550d3df8d81437708927,All observed ASCII and binary corpus consumers resolve to one category; actual bitmap/material/texture declaration verified after decompilation,sw_plc/rom_i5.mdl
sw_plc_cep/grs_flowers-07.tga,sw_plc/grs_flowers-07.tga,65554,3865a2e96500f6245be8f4f6c0f564efb211c97fe5da209219313620650e54f8,All observed ASCII and binary corpus consumers resolve to one category; actual bitmap/material/texture declaration verified after decompilation,sw_plc/rom_i6.mdl
sw_plc_cep/grs_flowers-08.tga,sw_plc/grs_flowers-08.tga,16402,c5a5220adc6af5ad00e90916d933dcb4dd189a05515d43080a6cf60595a70e0b,All observed ASCII and binary corpus consumers resolve to one category; actual bitmap/material/texture declaration verified after decompilation,sw_plc/rom_i7.mdl
sw_plc_cep/grs_flowers-10.tga,sw_plc/grs_flowers-10.tga,65554,cc9a89d4b33f28b43f99461632ab917a20c51661045c528d878830e8ba98331d,All observed ASCII and binary corpus consumers resolve to one category; actual bitmap/material/texture declaration verified after decompilation,sw_plc/rom_i2.mdl
sw_plc_cep/grs_flowers-11.tga,sw_plc/grs_flowers-11.tga,65554,fd7225a8ea798e94eace49947f3dff8cab00c7e4c448f863bc0974cdd3d80bd4,All observed ASCII and binary corpus consumers resolve to one category; actual bitmap/material/texture declaration verified after decompilation,sw_plc/rom_a6.mdl
sw_plc_cep/grs_foliage-01.tga,sw_plc/grs_foliage-01.tga,262162,49faa28b706c957f09ee3e18172230e0d5809edf123d3401c2fd3847db444e9f,All observed ASCII and binary corpus consumers resolve to one category; actual bitmap/material/texture declaration verified after decompilation,sw_plc/rom_a7.mdl
sw_plc_cep/grs_grass-03.tga,sw_plc/grs_grass-03.tga,32786,24f836d101743483fc986e17b4100707fe8a4c69a48527eb07e48b652df61285,All observed ASCII and binary corpus consumers resolve to one category; actual bitmap/material/texture declaration verified after decompilation,sw_plc/rom_i8.mdl
sw_plc_cep/grs_ivy-01.tga,sw_plc/grs_ivy-01.tga,262162,d064fbb3c664d7a87fe532b50f3ea56c6aefba1910ef4683e0acf2ec5eb25780,All observed ASCII and binary corpus consumers resolve to one category; actual bitmap/material/texture declaration verified after decompilation,sw_plc/tds10_i10.mdl
sw_plc_cep/grs_tree-sapling.tga,sw_plc/grs_tree-sapling.tga,65554,4a588fa7c7c525234c71391a57f3802df2b4e24a926dc21f82115d2ab89c45d7,All observed ASCII and binary corpus consumers resolve to one category; actual bitmap/material/texture declaration verified after decompilation,sw_plc/tds10_i14.mdl
sw_plc_cep/gxpa_flava.tga,sw_plc/gxpa_flava.tga,262188,8e3b18d98bfacd4e94eba86a2dbb10518ba1e953700b6517137a9a7de0057367,All observed ASCII and binary corpus consumers resolve to one category; actual bitmap/material/texture declaration verified after decompilation,sw_plc/glc_lava.mdl; sw_plc/glc_lava1.mdl; sw_plc/glc_lava2.mdl
sw_plc_cep/gxpa_slime.tga,sw_plc/gxpa_slime.tga,262188,55c5b64d4e565893a90279e9ff0f7ef834e0b8ac04270d6d6acbfb306c48332b,All observed ASCII and binary corpus consumers resolve to one category; actual bitmap/material/texture declaration verified after decompilation,sw_plc/glc_slime.mdl; sw_plc/glc_slime1.mdl; sw_plc/glc_slime2.mdl
sw_plc_cep/jz_app01.dds,sw_plc_mdrn/jz_app01.dds,174796,f143740f480178802c9b15415f29766ca3117af1572882de52d090c4884fef10,All observed ASCII and binary corpus consumers resolve to one category; actual bitmap/material/texture declaration verified after decompilation,sw_plc_mdrn/jz_oldradio01.mdl; sw_plc_mdrn/jz_oldtv_01.mdl; sw_plc_mdrn/jz_oldtv_01.mdl; sw_plc_mdrn/jz_oldtv_01.mdl; sw_plc_mdrn/jz_oldtv_01.mdl; sw_plc_mdrn/jz_oldtv_01.mdl; sw_plc_mdrn/jz_oldtv_01.mdl; sw_plc_mdrn/jz_oldtv_01.mdl
sw_plc_cep/jz_app02.dds,sw_plc_mdrn/jz_app02.dds,174796,d3a7f95e42b507c8ffa9cec057ba60c717c9a340b85da20b08d2e8d369e0a52b,All observed ASCII and binary corpus consumers resolve to one category; actual bitmap/material/texture declaration verified after decompilation,sw_plc_mdrn/jz_radio01.mdl
sw_plc_cep/jz_autopsy1.dds,sw_plc_mdrn/jz_autopsy1.dds,174796,4c9d775e008c2a7f0dab66290366c98ede8aec7b1ddea73fedad2be152333c84,All observed ASCII and binary corpus consumers resolve to one category; actual bitmap/material/texture declaration verified after decompilation,sw_plc_mdrn/jz_autopsy01.mdl; sw_plc_mdrn/jz_autopsy01.mdl; sw_plc_mdrn/jz_autopsy01.mdl; sw_plc_mdrn/jz_autopsy01.mdl; sw_plc_mdrn/jz_autopsy01.mdl; sw_plc_mdrn/jz_autopsy01.mdl; sw_plc_mdrn/jz_autopsy01.mdl; sw_plc_mdrn/jz_autopsy01.mdl
sw_plc_cep/jz_boite01.dds,sw_plc_mdrn/jz_boite01.dds,21884,0e02db58a64c92c8912248d59fc5fed2d494ecd0ed6a41b34d00c273d1e1b17b,All observed ASCII and binary corpus consumers resolve to one category; actual bitmap/material/texture declaration verified after decompilation,sw_plc_mdrn/jz_boites_013.mdl
sw_plc_cep/jz_boite02.dds,sw_plc_mdrn/jz_boite02.dds,21884,f86a0bf4383d5fba6e65e51baac94d0fb09776b8acde80acca5b9412e7ddd1c4,All observed ASCII and binary corpus consumers resolve to one category; actual bitmap/material/texture declaration verified after decompilation,sw_plc_mdrn/jz_boites_002.mdl; sw_plc_mdrn/jz_boites_002.mdl; sw_plc_mdrn/jz_boites_002.mdl; sw_plc_mdrn/jz_boites_002.mdl; sw_plc_mdrn/jz_boites_002.mdl; sw_plc_mdrn/jz_boites_013.mdl
sw_plc_cep/jz_boite03.dds,sw_plc_mdrn/jz_boite03.dds,21884,b346c69966908ae5a476c11fdd53d1b47c0355d5e7bf8290af18625f157f7764,All observed ASCII and binary corpus consumers resolve to one category; actual bitmap/material/texture declaration verified after decompilation,sw_plc_mdrn/jz_boites_003.mdl; sw_plc_mdrn/jz_boites_003.mdl; sw_plc_mdrn/jz_boites_003.mdl; sw_plc_mdrn/jz_boites_003.mdl; sw_plc_mdrn/jz_boites_003.mdl; sw_plc_mdrn/jz_boites_013.mdl
sw_plc_cep/jz_boite04.dds,sw_plc_mdrn/jz_boite04.dds,21884,56dca3f59d0fd473531cc17cf8833c02b940aa59d3ca8ed641ac7a138760b0d3,All observed ASCII and binary corpus consumers resolve to one category; actual bitmap/material/texture declaration verified after decompilation,sw_plc_mdrn/jz_boites_013.mdl; sw_plc_mdrn/jz_boites_014.mdl; sw_plc_mdrn/jz_boite_004.mdl
sw_plc_cep/jz_boite05.dds,sw_plc_mdrn/jz_boite05.dds,21884,e9c055eed97ed6e898883b3b068fc71ddf0ec1e3985b3200f455796acbb59773,All observed ASCII and binary corpus consumers resolve to one category; actual bitmap/material/texture declaration verified after decompilation,sw_plc_mdrn/jz_boites_005.mdl; sw_plc_mdrn/jz_boites_005.mdl; sw_plc_mdrn/jz_boites_005.mdl; sw_plc_mdrn/jz_boites_005.mdl; sw_plc_mdrn/jz_boites_005.mdl; sw_plc_mdrn/jz_boites_014.mdl
sw_plc_cep/jz_boite06.dds,sw_plc_mdrn/jz_boite06.dds,21884,c655a89389acf3c085e2694932e9e65730e3061619362a327f792931179a166b,All observed ASCII and binary corpus consumers resolve to one category; actual bitmap/material/texture declaration verified after decompilation,sw_plc_mdrn/jz_boites_014.mdl
sw_plc_cep/jz_boite07.dds,sw_plc_mdrn/jz_boite07.dds,21884,d7a0d7bd7cdf1f8bd3b6c63aaa08691f8571a27e4e2e1e234ce1f27126c95eef,All observed ASCII and binary corpus consumers resolve to one category; actual bitmap/material/texture declaration verified after decompilation,sw_plc_mdrn/jz_boites_007.mdl; sw_plc_mdrn/jz_boites_007.mdl; sw_plc_mdrn/jz_boites_007.mdl; sw_plc_mdrn/jz_boites_007.mdl; sw_plc_mdrn/jz_boites_007.mdl; sw_plc_mdrn/jz_boites_014.mdl; sw_plc_mdrn/jz_boite_007.mdl
sw_plc_cep/jz_boite10.dds,sw_plc_mdrn/jz_boite10.dds,21884,6da643c13ed6bcb9903300e0965b927d96dcf72ed85a5dcc10d7eee5f8403604,All observed ASCII and binary corpus consumers resolve to one category; actual bitmap/material/texture declaration verified after decompilation,sw_plc_mdrn/jz_boites_010.mdl; sw_plc_mdrn/jz_boites_010.mdl; sw_plc_mdrn/jz_boites_010.mdl; sw_plc_mdrn/jz_boites_010.mdl; sw_plc_mdrn/jz_boites_010.mdl; sw_plc_mdrn/jz_boites_014.mdl; sw_plc_mdrn/jz_boite_010.mdl
sw_plc_cep/jz_boite11.dds,sw_plc_mdrn/jz_boite11.dds,21884,9312352be393484bcd520c5e1180779225d6ae8258933e0c4e9181b60b6b22bb,All observed ASCII and binary corpus consumers resolve to one category; actual bitmap/material/texture declaration verified after decompilation,sw_plc_mdrn/jz_boites_011.mdl; sw_plc_mdrn/jz_boites_011.mdl; sw_plc_mdrn/jz_boites_011.mdl; sw_plc_mdrn/jz_boites_011.mdl; sw_plc_mdrn/jz_boites_011.mdl; sw_plc_mdrn/jz_boite_011.mdl
sw_plc_cep/jz_boite12.dds,sw_plc_mdrn/jz_boite12.dds,21884,d26946b7de17b399dad23590364be681da0c4a687e6ebdd2c69088ef7c3caa34,All observed ASCII and binary corpus consumers resolve to one category; actual bitmap/material/texture declaration verified after decompilation,sw_plc_mdrn/jz_boites_012.mdl; sw_plc_mdrn/jz_boites_012.mdl; sw_plc_mdrn/jz_boites_012.mdl; sw_plc_mdrn/jz_boites_012.mdl; sw_plc_mdrn/jz_boites_012.mdl; sw_plc_mdrn/jz_boites_013.mdl; sw_plc_mdrn/jz_boite_012.mdl
sw_plc_cep/jz_cam01.dds,sw_plc_mdrn/jz_cam01.dds,87528,e6bae1143cd91fbeda57c45dff6417415e18d4a00b9081696e31bd6190c7f72c,All observed ASCII and binary corpus consumers resolve to one category; actual bitmap/material/texture declaration verified after decompilation,sw_plc_mdrn/jzp_ncam02.mdl; sw_plc_mdrn/jzp_ncam02.mdl; sw_plc_mdrn/jzp_ncam02.mdl; sw_plc_mdrn/jzp_ncam02.mdl; sw_plc_mdrn/jzp_ncam02.mdl; sw_plc_mdrn/jzp_ncam02.mdl; sw_plc_mdrn/jzp_ncam02.mdl; sw_plc_mdrn/jzp_ncam02.mdl
sw_plc_cep/jz_carton03.dds,sw_plc_mdrn/jz_carton03.dds,43724,fad47116fea947cd4440cd40bc4893d2adada3e788873670476b909119c68400,All observed ASCII and binary corpus consumers resolve to one category; actual bitmap/material/texture declaration verified after decompilation,sw_plc_mdrn/jz_cbbox_003.mdl; sw_plc_mdrn/jz_cbbox_003.mdl; sw_plc_mdrn/jz_cbbox_003.mdl
sw_plc_cep/jz_carton05.dds,sw_plc_mdrn/jz_carton05.dds,43724,c6ffd49acc7db1a5bf47687b1a5d7bf6f921df1ca31214cc107abbb3c3bf2caf,All observed ASCII and binary corpus consumers resolve to one category; actual bitmap/material/texture declaration verified after decompilation,sw_plc_mdrn/jz_cbbox_005.mdl; sw_plc_mdrn/jz_cbbox_005.mdl; sw_plc_mdrn/jz_cbbox_005.mdl
sw_plc_cep/jz_carton06.dds,sw_plc_mdrn/jz_carton06.dds,43724,a2ebf7d137887b12a054f60637c71efc0e56855ee04e05961ea9a2613382c1e7,All observed ASCII and binary corpus consumers resolve to one category; actual bitmap/material/texture declaration verified after decompilation,sw_plc_mdrn/jz_cbbox_006.mdl; sw_plc_mdrn/jz_cbbox_006.mdl; sw_plc_mdrn/jz_cbbox_006.mdl
sw_plc_cep/jz_carton07.dds,sw_plc_mdrn/jz_carton07.dds,43724,415bd42500e50ffe2fe14e3150e7a440a945e7115456870be639a279867c3a14,All observed ASCII and binary corpus consumers resolve to one category; actual bitmap/material/texture declaration verified after decompilation,sw_plc_mdrn/jz_cbbox_007.mdl; sw_plc_mdrn/jz_cbbox_007.mdl; sw_plc_mdrn/jz_cbbox_007.mdl
sw_plc_cep/jz_carton10.dds,sw_plc_mdrn/jz_carton10.dds,43724,0a42a943beb3d5d82eddbae5e11f17ae5338acfb7ff5b1aacf913fa3b4e9b9c0,All observed ASCII and binary corpus consumers resolve to one category; actual bitmap/material/texture declaration verified after decompilation,sw_plc_mdrn/jz_cbbox_010.mdl; sw_plc_mdrn/jz_cbbox_010.mdl; sw_plc_mdrn/jz_cbbox_010.mdl
sw_plc_cep/jz_carton11.dds,sw_plc_mdrn/jz_carton11.dds,43724,764e213c8cda5a9bb64091e2b523549fdadc8e723add2479b8030e886ed45ccb,All observed ASCII and binary corpus consumers resolve to one category; actual bitmap/material/texture declaration verified after decompilation,sw_plc_mdrn/jz_cbbox_011.mdl; sw_plc_mdrn/jz_cbbox_011.mdl; sw_plc_mdrn/jz_cbbox_011.mdl
sw_plc_cep/jz_carton13.dds,sw_plc_mdrn/jz_carton13.dds,43724,8e2df72d5c8d45b95b1b670a80887996e152b8027989ae2d42aed3c75397250f,All observed ASCII and binary corpus consumers resolve to one category; actual bitmap/material/texture declaration verified after decompilation,sw_plc_mdrn/jz_cbbox_013.mdl; sw_plc_mdrn/jz_cbbox_013.mdl; sw_plc_mdrn/jz_cbbox_013.mdl
sw_plc_cep/jz_carton14.dds,sw_plc_mdrn/jz_carton14.dds,43724,6a497b8df783318bc2c96a2bafe308beffff30e90ebfbebb8161264fd749377e,All observed ASCII and binary corpus consumers resolve to one category; actual bitmap/material/texture declaration verified after decompilation,sw_plc_mdrn/jz_cbbox_014.mdl; sw_plc_mdrn/jz_cbbox_014.mdl; sw_plc_mdrn/jz_cbbox_014.mdl
sw_plc_cep/jz_clop01.dds,sw_plc_mdrn/jz_clop01.dds,10956,659810cd783c16033a1f5a691360933bff0202cda53f0cbb82a85b8ca6f2ad41,All observed ASCII and binary corpus consumers resolve to one category; actual bitmap/material/texture declaration verified after decompilation,sw_plc_mdrn/jz_clopes01.mdl
sw_plc_cep/jz_clop02.dds,sw_plc_mdrn/jz_clop02.dds,10956,b0ede92b810aff924eda5a8b642a73ac8a35775a58b6f1adb16c57d12b517ce7,All observed ASCII and binary corpus consumers resolve to one category; actual bitmap/material/texture declaration verified after decompilation,sw_plc_mdrn/jz_clopes02.mdl
sw_plc_cep/jz_clop03.dds,sw_plc_mdrn/jz_clop03.dds,10956,498546d7e4c3a4579f0e0ead2ae20c52eb3b2f13c725cc18ffe1841fcac10331,All observed ASCII and binary corpus consumers resolve to one category; actual bitmap/material/texture declaration verified after decompilation,sw_plc_mdrn/jz_clopes03.mdl
sw_plc_cep/jz_cuirmarro01.dds,sw_plc_mdrn/jz_cuirmarro01.dds,43724,c57ba00bc3605d81a3bac1ebaab57561287868c835b95e22419c89ed896aac0d,All observed ASCII and binary corpus consumers resolve to one category; actual bitmap/material/texture declaration verified after decompilation,sw_plc_mdrn/jz_rope01.mdl
sw_plc_cep/jz_detpak01.dds,sw_plc_mdrn/jz_detpak01.dds,174796,d8a417e0c86f2eb407f75797d64675bc0c940985c244b87f9dac7d81b12c622a,All observed ASCII and binary corpus consumers resolve to one category; actual bitmap/material/texture declaration verified after decompilation,sw_plc_mdrn/jz_detpack01.mdl
sw_plc_cep/jz_detpaklgt.dds,sw_plc_mdrn/jz_detpaklgt.dds,43724,dd9c4da41a6952800cdc4ca737bc9756356fbaff82c49132ac3ca7c24381aeff,All observed ASCII and binary corpus consumers resolve to one category; actual bitmap/material/texture declaration verified after decompilation,sw_plc_mdrn/jz_detpack01.mdl
sw_plc_cep/jz_dirtygrd_01.dds,sw_plc_mdrn/jz_dirtygrd_01.dds,349572,af4c86575fab9d784f7cdb4573cae701488436c9931bf3b2c979c043a9110e23,All observed ASCII and binary corpus consumers resolve to one category; actual bitmap/material/texture declaration verified after decompilation,sw_plc_mdrn/jz_dirtygrd_lg01.mdl; sw_plc_mdrn/jz_dirtygrd_md01.mdl
sw_plc_cep/jz_dirtygrd_01.tga,sw_plc_mdrn/jz_dirtygrd_01.tga,65580,5ef5b2d82b428b286f76429eec18d6a6bfaaf9900da45f826d9795b3dae934c8,All observed ASCII and binary corpus consumers resolve to one category; actual bitmap/material/texture declaration verified after decompilation,sw_plc_mdrn/jz_dirtygrd_lg01.mdl; sw_plc_mdrn/jz_dirtygrd_md01.mdl
sw_plc_cep/jz_dirtygrd_02.dds,sw_plc_mdrn/jz_dirtygrd_02.dds,349572,0926f151e9aa737d3e7683a106ed1fd392f6bad8c471c2efb8baa0f09b322bda,All observed ASCII and binary corpus consumers resolve to one category; actual bitmap/material/texture declaration verified after decompilation,sw_plc_mdrn/jz_dirtygrd_lg02.mdl; sw_plc_mdrn/jz_dirtygrd_md02.mdl
sw_plc_cep/jz_dirtygrd_02.tga,sw_plc_mdrn/jz_dirtygrd_02.tga,65580,ef11ca78e4ccbde4e71ef570b82b80a32ab8194b39ed04ce950f1a8d372d0f23,All observed ASCII and binary corpus consumers resolve to one category; actual bitmap/material/texture declaration verified after decompilation,sw_plc_mdrn/jz_dirtygrd_lg02.mdl; sw_plc_mdrn/jz_dirtygrd_md02.mdl
sw_plc_cep/jz_dirtygrd_03.dds,sw_plc_mdrn/jz_dirtygrd_03.dds,349572,dfedbc24afa7dc87ef3edecf70a58aad93d91f7ecf6ae8dfdd8e1bc2df880414,All observed ASCII and binary corpus consumers resolve to one category; actual bitmap/material/texture declaration verified after decompilation,sw_plc_mdrn/jz_dirtygrd_lg03.mdl; sw_plc_mdrn/jz_dirtygrd_md03.mdl
sw_plc_cep/jz_dirtygrd_03.tga,sw_plc_mdrn/jz_dirtygrd_03.tga,65580,fe4f4c518e277aab8f11b0130897cf61b7ff5ec32277e0df9683b23c118e6233,All observed ASCII and binary corpus consumers resolve to one category; actual bitmap/material/texture declaration verified after decompilation,sw_plc_mdrn/jz_dirtygrd_lg03.mdl; sw_plc_mdrn/jz_dirtygrd_md03.mdl
sw_plc_cep/jz_dirtygrd_04.dds,sw_plc_mdrn/jz_dirtygrd_04.dds,349572,e7c03b4c7be5345504ce7c67b36cef026e578984db09d348ab396559acc0c6b4,All observed ASCII and binary corpus consumers resolve to one category; actual bitmap/material/texture declaration verified after decompilation,sw_plc_mdrn/jz_dirtygrd_lg04.mdl; sw_plc_mdrn/jz_dirtygrd_md04.mdl
sw_plc_cep/jz_dirtygrd_04.tga,sw_plc_mdrn/jz_dirtygrd_04.tga,65580,8d15315c813769f11856100e666dd289467d98e0d40054adeec5075a66a29f4d,All observed ASCII and binary corpus consumers resolve to one category; actual bitmap/material/texture declaration verified after decompilation,sw_plc_mdrn/jz_dirtygrd_lg04.mdl; sw_plc_mdrn/jz_dirtygrd_md04.mdl
sw_plc_cep/jz_dirtygrd_05.dds,sw_plc_mdrn/jz_dirtygrd_05.dds,349572,82e9314c12b88c880292deade2e22729639d6b807a4cfa3a22e59906c2c67b59,All observed ASCII and binary corpus consumers resolve to one category; actual bitmap/material/texture declaration verified after decompilation,sw_plc_mdrn/jz_dirtygrd_lg05.mdl; sw_plc_mdrn/jz_dirtygrd_md05.mdl
sw_plc_cep/jz_dirtygrd_05.tga,sw_plc_mdrn/jz_dirtygrd_05.tga,65580,728b58173894678603c71850e155c20379ec594eab804a7b38d07d56be1ef628,All observed ASCII and binary corpus consumers resolve to one category; actual bitmap/material/texture declaration verified after decompilation,sw_plc_mdrn/jz_dirtygrd_lg05.mdl; sw_plc_mdrn/jz_dirtygrd_md05.mdl
sw_plc_cep/jz_dirtygrd_06.dds,sw_plc_mdrn/jz_dirtygrd_06.dds,349572,a3960aa9eec7a37144e9dd413b760f1e9a8f7944f0fba0fb76d8fdf8f8f95a16,All observed ASCII and binary corpus consumers resolve to one category; actual bitmap/material/texture declaration verified after decompilation,sw_plc_mdrn/jz_dirtygrdc_06.mdl; sw_plc_mdrn/jz_dirtygrd_lg06.mdl; sw_plc_mdrn/jz_dirtygrd_md06.mdl
sw_plc_cep/jz_dirtygrd_06.tga,sw_plc_mdrn/jz_dirtygrd_06.tga,65580,c9b37d79e63b964b7df42d75abc5b83170b46bbc7fdb4631fd3d383693a70325,All observed ASCII and binary corpus consumers resolve to one category; actual bitmap/material/texture declaration verified after decompilation,sw_plc_mdrn/jz_dirtygrdc_06.mdl; sw_plc_mdrn/jz_dirtygrd_lg06.mdl; sw_plc_mdrn/jz_dirtygrd_md06.mdl
sw_plc_cep/jz_dirtygrd_07.dds,sw_plc_mdrn/jz_dirtygrd_07.dds,349572,03358627e9c042d76bcb7f8581fc38509274b9517179d90459574c20320c206b,All observed ASCII and binary corpus consumers resolve to one category; actual bitmap/material/texture declaration verified after decompilation,sw_plc_mdrn/jz_dirtygrd_lg07.mdl; sw_plc_mdrn/jz_dirtygrd_md07.mdl
sw_plc_cep/jz_dirtygrd_07.tga,sw_plc_mdrn/jz_dirtygrd_07.tga,65580,421caff8cc2166311236e3d5d87769c4035de7027625559c1a1f232b72f8bfe2,All observed ASCII and binary corpus consumers resolve to one category; actual bitmap/material/texture declaration verified after decompilation,sw_plc_mdrn/jz_dirtygrd_lg07.mdl; sw_plc_mdrn/jz_dirtygrd_md07.mdl
sw_plc_cep/jz_ds9_main.dds,sw_plc_mdrn/jz_ds9_main.dds,174796,96e53f4e75b4a241e209101104bc93a46b70c9fa31efde7560f6abcd5d1b90b7,All observed ASCII and binary corpus consumers resolve to one category; actual bitmap/material/texture declaration verified after decompilation,sw_plc_mdrn/jz_spacest001.mdl; sw_plc_mdrn/jz_spacest001.mdl; sw_plc_mdrn/jz_spacest001.mdl; sw_plc_mdrn/jz_spacest001.mdl; sw_plc_mdrn/jz_spacest001.mdl; sw_plc_mdrn/jz_spacest001.mdl; sw_plc_mdrn/jz_spacest001.mdl; sw_plc_mdrn/jz_spacest001.mdl
sw_plc_cep/jz_ds9_sec.dds,sw_plc_mdrn/jz_ds9_sec.dds,174796,915812ce0ce1c526dbaaf75a25c76793d4560747ad43c7b26e2cd098de5c6d77,All observed ASCII and binary corpus consumers resolve to one category; actual bitmap/material/texture declaration verified after decompilation,sw_plc_mdrn/jz_spacest001.mdl; sw_plc_mdrn/jz_spacest001.mdl; sw_plc_mdrn/jz_spacest001.mdl; sw_plc_mdrn/jz_spacest001.mdl; sw_plc_mdrn/jz_spacest001.mdl; sw_plc_mdrn/jz_spacest001.mdl
sw_plc_cep/jz_fontaine1.dds,sw_plc_mdrn/jz_fontaine1.dds,349572,a87d02c73bcad53b5be01e44352db102b773cef1d12e776aba643aa0b5c7e154,All observed ASCII and binary corpus consumers resolve to one category; actual bitmap/material/texture declaration verified after decompilation,sw_plc_mdrn/jz_font_01.mdl; sw_plc_mdrn/jz_font_01.mdl; sw_plc_mdrn/jz_font_01.mdl; sw_plc_mdrn/jz_font_01.mdl; sw_plc_mdrn/jz_font_01.mdl; sw_plc_mdrn/jz_font_01.mdl; sw_plc_mdrn/jz_font_01.mdl; sw_plc_mdrn/jz_font_01.mdl
sw_plc_cep/jz_four01.dds,sw_plc_mdrn/jz_four01.dds,174796,731b42be7f56ba7f080006d1d6cfa1e98dac5e1c935bd1378a543cd73f160dbb,All observed ASCII and binary corpus consumers resolve to one category; actual bitmap/material/texture declaration verified after decompilation,sw_plc_mdrn/jz_oldoven01.mdl; sw_plc_mdrn/jz_oldoven01.mdl; sw_plc_mdrn/jz_oldoven01.mdl; sw_plc_mdrn/jz_oldoven01.mdl; sw_plc_mdrn/jz_oldoven01.mdl
sw_plc_cep/jz_fruits01.dds,sw_plc_mdrn/jz_fruits01.dds,174796,fb884b3bb01e37fc580f47a1821fb51c55f6f4d154517d7223ec738d1ddb4f1a,All observed ASCII and binary corpus consumers resolve to one category; actual bitmap/material/texture declaration verified after decompilation,sw_plc_mdrn/jz_etal01.mdl; sw_plc_mdrn/jz_etal01.mdl; sw_plc_mdrn/jz_etal01.mdl; sw_plc_mdrn/jz_etal01.mdl; sw_plc_mdrn/jz_etal01.mdl; sw_plc_mdrn/jz_etal01.mdl; sw_plc_mdrn/jz_etalxl01.mdl; sw_plc_mdrn/jz_etalxl01.mdl
sw_plc_cep/jz_fruits02.dds,sw_plc_mdrn/jz_fruits02.dds,174796,ae78c0d906d4a4c8c2d3ab156b7f65ae1f97fdda2eed1a37ad55cd454cf160bd,All observed ASCII and binary corpus consumers resolve to one category; actual bitmap/material/texture declaration verified after decompilation,sw_plc_mdrn/jz_etal02.mdl; sw_plc_mdrn/jz_etal02.mdl; sw_plc_mdrn/jz_etal02.mdl; sw_plc_mdrn/jz_etal02.mdl; sw_plc_mdrn/jz_etal02.mdl; sw_plc_mdrn/jz_etal02.mdl; sw_plc_mdrn/jz_etalxl02.mdl; sw_plc_mdrn/jz_etalxl02.mdl
sw_plc_cep/jz_hambrg01.dds,sw_plc_mdrn/jz_hambrg01.dds,43724,82440cfde3ec7f9217734063c9a77cc992dad787a5cea7cc95c6cc96ccc2a198,All observed ASCII and binary corpus consumers resolve to one category; actual bitmap/material/texture declaration verified after decompilation,sw_plc_mdrn/jz_hambrgr01.mdl; sw_plc_mdrn/jz_hambrgr01.mdl; sw_plc_mdrn/jz_hambrgr01.mdl; sw_plc_mdrn/jz_hambrgr01.mdl; sw_plc_mdrn/jz_hambrgr01.mdl; sw_plc_mdrn/jz_hambrgr02.mdl; sw_plc_mdrn/jz_hambrgr02.mdl; sw_plc_mdrn/jz_hambrgr02.mdl
sw_plc_cep/jz_hambrg02.dds,sw_plc_mdrn/jz_hambrg02.dds,43724,aecd282549dec529c32f5ef2d2ac9b08e281eb02013f477cd768d87c4f94e9b0,All observed ASCII and binary corpus consumers resolve to one category; actual bitmap/material/texture declaration verified after decompilation,sw_plc_mdrn/jz_hambrgr03.mdl; sw_plc_mdrn/jz_hambrgr03.mdl; sw_plc_mdrn/jz_hambrgr04.mdl; sw_plc_mdrn/jz_hambrgr04.mdl; sw_plc_mdrn/jz_hambrgr05.mdl; sw_plc_mdrn/jz_hambrgr05.mdl; sw_plc_mdrn/jz_hambrgr06.mdl; sw_plc_mdrn/jz_hambrgr06.mdl
sw_plc_cep/jz_jerrycan03.dds,sw_plc_mdrn/jz_jerrycan03.dds,43724,6f816eb90a8fc836bb3e880cd6bcb56c251c2e01f83a54d5b81600771842ef75,All observed ASCII and binary corpus consumers resolve to one category; actual bitmap/material/texture declaration verified after decompilation,sw_plc_mdrn/jz_jcan03.mdl; sw_plc_mdrn/jz_jcan03.mdl; sw_plc_mdrn/jz_jcan03.mdl
sw_plc_cep/jz_lave01.dds,sw_plc_mdrn/jz_lave01.dds,43724,c24b37ddee574931d5c54f39a3b1bc72046dcafa8e96a31581425c942cb1c45b,All observed ASCII and binary corpus consumers resolve to one category; actual bitmap/material/texture declaration verified after decompilation,sw_plc_mdrn/jz_wmach01.mdl; sw_plc_mdrn/jz_wmach01.mdl; sw_plc_mdrn/jz_wmach01.mdl; sw_plc_mdrn/jz_wmach01.mdl
sw_plc_cep/jz_light01.dds,sw_plc_mdrn/jz_light01.dds,5532,20d608179d8edacbe9cef7ed418dd964a5696c7f4193bbc6191f57090b8a1a8e,All observed ASCII and binary corpus consumers resolve to one category; actual bitmap/material/texture declaration verified after decompilation,sw_plc_mdrn/jz_etal01.mdl; sw_plc_mdrn/jz_etal01.mdl; sw_plc_mdrn/jz_etal01.mdl; sw_plc_mdrn/jz_etal02.mdl; sw_plc_mdrn/jz_etal02.mdl; sw_plc_mdrn/jz_etal02.mdl; sw_plc_mdrn/jz_etalxl01.mdl; sw_plc_mdrn/jz_etalxl01.mdl
sw_plc_cep/jz_lighti01.dds,sw_plc_mdrn/jz_lighti01.dds,1404,27923618041c3a4dcbe0c4b4a15e35ad3fd25c0f616454679449be1c6d19db05,All observed ASCII and binary corpus consumers resolve to one category; actual bitmap/material/texture declaration verified after decompilation,sw_plc_mdrn/jz_hvrsld01.mdl; sw_plc_mdrn/jz_hvrsld02.mdl
sw_plc_cep/jz_lighti01.txi,sw_plc_mdrn/jz_lighti01.txi,63,26b2398a785c9e14bcb8a8055714ea2e74a6eba4af6495d172ea494eae6665a3,All observed ASCII and binary corpus consumers resolve to one category; actual bitmap/material/texture declaration verified after decompilation,sw_plc_mdrn/jz_hvrsld01.mdl; sw_plc_mdrn/jz_hvrsld02.mdl
sw_plc_cep/jz_lighti02.dds,sw_plc_mdrn/jz_lighti02.dds,1404,be57b6c016c99d683d64cebe7ff17f9b9483fb5b875677d12275720d2b124fe0,All observed ASCII and binary corpus consumers resolve to one category; actual bitmap/material/texture declaration verified after decompilation,sw_plc_mdrn/jz_hvrsld01.mdl; sw_plc_mdrn/jz_hvrsld02.mdl
sw_plc_cep/jz_lighti02.txi,sw_plc_mdrn/jz_lighti02.txi,109,18abcdd52a7b037581d18e3d9eedc4703b04bdebd7ed722fa404b41804ca5341,All observed ASCII and binary corpus consumers resolve to one category; actual bitmap/material/texture declaration verified after decompilation,sw_plc_mdrn/jz_hvrsld01.mdl; sw_plc_mdrn/jz_hvrsld02.mdl
sw_plc_cep/jz_mpalet01.dds,sw_plc_mdrn/jz_mpalet01.dds,87420,b100d6828ca9ad20c615ce31bff9dc1609c2a27faa7deebeaddf5e726501c4b2,All observed ASCII and binary corpus consumers resolve to one category; actual bitmap/material/texture declaration verified after decompilation,sw_plc_mdrn/jz_mpalet_02.mdl; sw_plc_mdrn/jz_mpalet_02.mdl; sw_plc_mdrn/jz_mpalet_02.mdl; sw_plc_mdrn/jz_mpalet_02.mdl; sw_plc_mdrn/jz_mpalet_02.mdl; sw_plc_mdrn/jz_mpalet_02.mdl; sw_plc_mdrn/jz_mpalet_02.mdl; sw_plc_mdrn/jz_mpalet_02.mdl
sw_plc_cep/jz_mpalet02.dds,sw_plc_mdrn/jz_mpalet02.dds,87420,fd9a1d6fed2231274d6f8f766838698dd88e8165232c82b883e346346bfe9994,All observed ASCII and binary corpus consumers resolve to one category; actual bitmap/material/texture declaration verified after decompilation,sw_plc_mdrn/jz_mpalet_03.mdl; sw_plc_mdrn/jz_mpalet_03.mdl; sw_plc_mdrn/jz_mpalet_03.mdl; sw_plc_mdrn/jz_mpalet_03.mdl; sw_plc_mdrn/jz_mpalet_03.mdl; sw_plc_mdrn/jz_mpalet_03.mdl; sw_plc_mdrn/jz_mpalet_03.mdl; sw_plc_mdrn/jz_mpalet_03.mdl
sw_plc_cep/jz_mshelves01.dds,sw_plc_mdrn/jz_mshelves01.dds,174796,c9b8de531720173901ff885a06a595900a78503abb8c81751b396dde6599373d,All observed ASCII and binary corpus consumers resolve to one category; actual bitmap/material/texture declaration verified after decompilation,sw_plc_mdrn/jz_shelves01.mdl; sw_plc_mdrn/jz_shelves01.mdl; sw_plc_mdrn/jz_shelves01.mdl; sw_plc_mdrn/jz_shelves01.mdl; sw_plc_mdrn/jz_shelves01.mdl; sw_plc_mdrn/jz_shelves01.mdl; sw_plc_mdrn/jz_shelves01.mdl; sw_plc_mdrn/jz_shelves01.mdl
sw_plc_cep/jz_notice02.dds,sw_plc_mdrn/jz_notice02.dds,174796,04d3cd0365d59399b08162aeb631e3586f31311e62fb6f1632cd98da01e9cf69,All observed ASCII and binary corpus consumers resolve to one category; actual bitmap/material/texture declaration verified after decompilation,sw_plc_mdrn/noticeb02base.mdl; sw_plc_mdrn/noticeb02base.mdl; sw_plc_mdrn/noticeb02base.mdl; sw_plc_mdrn/noticeb02base.mdl; sw_plc_mdrn/noticeb03base.mdl; sw_plc_mdrn/noticeb03base.mdl; sw_plc_mdrn/noticeb03base.mdl; sw_plc_mdrn/noticeb03base.mdl
sw_plc_cep/jz_notice02.tga,sw_plc_mdrn/jz_notice02.tga,49196,bf5791a6a5bcdd3f4df10219df91998a94cb61a9f8cd3d814f0cf0ea8f8dedd5,All observed ASCII and binary corpus consumers resolve to one category; actual bitmap/material/texture declaration verified after decompilation,sw_plc_mdrn/noticeb02base.mdl; sw_plc_mdrn/noticeb02base.mdl; sw_plc_mdrn/noticeb02base.mdl; sw_plc_mdrn/noticeb02base.mdl; sw_plc_mdrn/noticeb03base.mdl; sw_plc_mdrn/noticeb03base.mdl; sw_plc_mdrn/noticeb03base.mdl; sw_plc_mdrn/noticeb03base.mdl
sw_plc_cep/jz_notice03.dds,sw_plc_mdrn/jz_notice03.dds,174796,ede5fe3fdd929273a762f32e85e8669ae4a04820915cc1fc18a9453d8bfe1284,All observed ASCII and binary corpus consumers resolve to one category; actual bitmap/material/texture declaration verified after decompilation,sw_plc_mdrn/noticeb03base.mdl; sw_plc_mdrn/noticeb05base.mdl; sw_plc_mdrn/noticebb1.mdl; sw_plc_mdrn/noticebb1.mdl; sw_plc_mdrn/noticebb1.mdl; sw_plc_mdrn/noticebb1.mdl; sw_plc_mdrn/noticebb1.mdl; sw_plc_mdrn/noticebb1.mdl
sw_plc_cep/jz_notice03.tga,sw_plc_mdrn/jz_notice03.tga,49196,1043f2d6d68c34df658ebdb8229c2d38dd98ac3fbb870c40c4eda42c65cf627d,All observed ASCII and binary corpus consumers resolve to one category; actual bitmap/material/texture declaration verified after decompilation,sw_plc_mdrn/noticeb03base.mdl; sw_plc_mdrn/noticeb05base.mdl; sw_plc_mdrn/noticebb1.mdl; sw_plc_mdrn/noticebb1.mdl; sw_plc_mdrn/noticebb1.mdl; sw_plc_mdrn/noticebb1.mdl; sw_plc_mdrn/noticebb1.mdl; sw_plc_mdrn/noticebb1.mdl
sw_plc_cep/jz_notice04.dds,sw_plc_mdrn/jz_notice04.dds,43724,dd8993b3d2cdcd989b562887e0a062f9009df9df41aed1182da925fa02a15e90,All observed ASCII and binary corpus consumers resolve to one category; actual bitmap/material/texture declaration verified after decompilation,sw_plc_mdrn/noticeb02base.mdl; sw_plc_mdrn/noticeb02base.mdl
sw_plc_cep/jz_notice04.tga,sw_plc_mdrn/jz_notice04.tga,12332,51df915b0273f76d259eb5aa283d762855470c6a66c18644cfc6a43825df797b,All observed ASCII and binary corpus consumers resolve to one category; actual bitmap/material/texture declaration verified after decompilation,sw_plc_mdrn/noticeb02base.mdl; sw_plc_mdrn/noticeb02base.mdl
sw_plc_cep/jz_palet02.dds,sw_plc_mdrn/jz_palet02.dds,174796,69d88ddae96ef288ac4327fbbf3be089aed50728409047d6ceba1c352a0a9452,All observed ASCII and binary corpus consumers resolve to one category; actual bitmap/material/texture declaration verified after decompilation,sw_plc_mdrn/jz_palet_002.mdl; sw_plc_mdrn/jz_palet_002.mdl; sw_plc_mdrn/jz_palet_002.mdl; sw_plc_mdrn/jz_palet_002.mdl; sw_plc_mdrn/jz_palet_002.mdl; sw_plc_mdrn/jz_palet_002.mdl; sw_plc_mdrn/jz_palet_002.mdl; sw_plc_mdrn/jz_palet_002.mdl
sw_plc_cep/jz_palet06.dds,sw_plc_mdrn/jz_palet06.dds,174796,5e4dbf1dbeaf27509c490e21895b60f1b1050ebf8c225a9d3b0445453ca1e238,All observed ASCII and binary corpus consumers resolve to one category; actual bitmap/material/texture declaration verified after decompilation,sw_plc_mdrn/jz_mpalet_03.mdl; sw_plc_mdrn/jz_mpalet_03.mdl; sw_plc_mdrn/jz_mpalet_03.mdl; sw_plc_mdrn/jz_mpalet_03.mdl; sw_plc_mdrn/jz_mpalet_03.mdl; sw_plc_mdrn/jz_mpalet_03.mdl; sw_plc_mdrn/jz_mpalet_03.mdl; sw_plc_mdrn/jz_mpalet_03.mdl
sw_plc_cep/jz_plates01.dds,sw_plc_mdrn/jz_plates01.dds,87420,258a6a05e8b8a1a685b01d93ee6ab0f9f6be7d7ebba684a9294240c0594a098c,All observed ASCII and binary corpus consumers resolve to one category; actual bitmap/material/texture declaration verified after decompilation,sw_plc_mdrn/jz_plate01.mdl; sw_plc_mdrn/jz_plate02.mdl; sw_plc_mdrn/jz_plate03.mdl; sw_plc_mdrn/jz_plate04.mdl; sw_plc_mdrn/jz_plate05.mdl; sw_plc_mdrn/jz_plate06.mdl
sw_plc_cep/jz_texture41a.dds,sw_plc_mdrn/jz_texture41a.dds,43724,6d5efa4adc7a952697125a7efd631a597ad4519c57da052a8e8614b9fd3d64cc,All observed ASCII and binary corpus consumers resolve to one category; actual bitmap/material/texture declaration verified after decompilation,sw_plc_mdrn/jz_lightwallbi01.mdl; sw_plc_mdrn/jz_lightwallbi01.mdl; sw_plc_mdrn/jz_lightwallbi01.mdl; sw_plc_mdrn/jz_lightwallbi01.mdl; sw_plc_mdrn/jz_lightwallbi01.mdl; sw_plc_mdrn/jz_lightwallbi01.mdl; sw_plc_mdrn/jz_lightwallbi01.mdl; sw_plc_mdrn/jz_lightwallbi01.mdl
sw_plc_cep/jz_texture42.dds,sw_plc_mdrn/jz_texture42.dds,174796,0908e9cae88562f8432389992a1dade3d5d8c1bf1268fc83e46bc13480dd32a1,All observed ASCII and binary corpus consumers resolve to one category; actual bitmap/material/texture declaration verified after decompilation,sw_plc_mdrn/jz_etal01.mdl; sw_plc_mdrn/jz_etal01.mdl; sw_plc_mdrn/jz_etal01.mdl; sw_plc_mdrn/jz_etal01.mdl; sw_plc_mdrn/jz_etal02.mdl; sw_plc_mdrn/jz_etal02.mdl; sw_plc_mdrn/jz_etal02.mdl; sw_plc_mdrn/jz_etal02.mdl
sw_plc_cep/jz_texture44.dds,sw_plc_mdrn/jz_texture44.dds,43724,db8563a3deb294622628394403913cfa92eff58ca274461f0ca172d02f9e3dc8,All observed ASCII and binary corpus consumers resolve to one category; actual bitmap/material/texture declaration verified after decompilation,sw_plc_mdrn/jz_oscar01.mdl
sw_plc_cep/jz_tractorb01.dds,sw_plc_mdrn/jz_tractorb01.dds,699084,6f4e5f5d18d24d5ea8cae31a97aee53d5e7e7420b351de963c83acc971710f02,All observed ASCII and binary corpus consumers resolve to one category; actual bitmap/material/texture declaration verified after decompilation,sw_plc_mdrn/jz_tractor01.mdl; sw_plc_mdrn/jz_tractor02.mdl
sw_plc_cep/jz_tractorp01.dds,sw_plc_mdrn/jz_tractorp01.dds,43724,d391657224074bb942f83181a9b1d0c9dd200837c285cbf06313b0207fa3c131,All observed ASCII and binary corpus consumers resolve to one category; actual bitmap/material/texture declaration verified after decompilation,sw_plc_mdrn/jz_tractor01.mdl; sw_plc_mdrn/jz_tractor01.mdl; sw_plc_mdrn/jz_tractor02.mdl
sw_plc_cep/jz_tractort01.dds,sw_plc_mdrn/jz_tractort01.dds,699084,fc4463f6b79ebb57676d310faa0b8235a31fa3206f2c8f1f2ec8dc01e39c866a,All observed ASCII and binary corpus consumers resolve to one category; actual bitmap/material/texture declaration verified after decompilation,sw_plc_mdrn/jz_tractor01.mdl; sw_plc_mdrn/jz_tractor02.mdl
sw_plc_cep/jz_wllpipe01.dds,sw_plc_mdrn/jz_wllpipe01.dds,699084,9e9b69c68289013da4c4370b07c375b029efa4ffec24eb0f8a1b3175ac2a5764,All observed ASCII and binary corpus consumers resolve to one category; actual bitmap/material/texture declaration verified after decompilation,sw_plc_mdrn/jz_wallpipe01.mdl
sw_plc_cep/jz_xanal02a.dds,sw_plc_mdrn/jz_xanal02a.dds,174796,db20cc688d3dd31e1cd585b8b04190946047ae7ca6ba9d19048e16388e10b729,All observed ASCII and binary corpus consumers resolve to one category; actual bitmap/material/texture declaration verified after decompilation,sw_plc_mdrn/jz_alientube01.mdl; sw_plc_mdrn/jz_alientube01.mdl; sw_plc_mdrn/jz_bigtube01.mdl
sw_plc_cep/jzg_pulserifle.dds,sw_plc_mdrn/jzg_pulserifle.dds,87428,8026d5e43dc22b999adf85befefe74a1285b00e209ba3fe1e086d52c2848bc5d,All observed ASCII and binary corpus consumers resolve to one category; actual bitmap/material/texture declaration verified after decompilation,sw_plc_mdrn/vos_scifi_rfl12.mdl; sw_plc_mdrn/vos_scifi_rfl12s.mdl
sw_plc_cep/katanadansu.dds,sw_plc/katanadansu.dds,43724,b610156740b1cdba0fede884cc7931d360d2441ff76774d6fafaf0db502b1b4e,All observed ASCII and binary corpus consumers resolve to one category; actual bitmap/material/texture declaration verified after decompilation,sw_plc/ori_o05.mdl; sw_plc/ori_o05.mdl; sw_plc/ori_o05.mdl; sw_plc/ori_o05.mdl; sw_plc/ori_o06.mdl; sw_plc/ori_o06.mdl; sw_plc/ori_o06.mdl; sw_plc/ori_o06.mdl
sw_plc_cep/koi_plat_w_sushi.dds,sw_plc/koi_plat_w_sushi.dds,43724,0ee2a23c2a07f13ffd86197cb3427a7f5c907603f721decf6ba9fb73a4afcc07,All observed ASCII and binary corpus consumers resolve to one category; actual bitmap/material/texture declaration verified after decompilation,sw_plc/ori_p01.mdl
sw_plc_cep/laq_bam_blk.dds,sw_plc/laq_bam_blk.dds,43724,edd847c4bbc6deb31c527f3dca959beba3a98d3ba2ac71545875fbbb55afc349,All observed ASCII and binary corpus consumers resolve to one category; actual bitmap/material/texture declaration verified after decompilation,sw_plc/ori_o01.mdl; sw_plc/ori_o01.mdl; sw_plc/ori_o01.mdl; sw_plc/ori_o01.mdl; sw_plc/ori_o01.mdl; sw_plc/ori_o01.mdl; sw_plc/ori_o01.mdl; sw_plc/ori_o01.mdl
sw_plc_cep/lath_scrystnd.dds,sw_plc/lath_scrystnd.dds,174796,592d4c7d8ef1da0eea59ec2e5de1a51995f3a2fbd202c2299fc46fa63d8b598e,All observed ASCII and binary corpus consumers resolve to one category; actual bitmap/material/texture declaration verified after decompilation,sw_plc/lath_scryorb.mdl; sw_plc/lath_scryorb.mdl
sw_plc_cep/leath10.dds,sw_plc/leath10.dds,174796,ee3c26d96cafaa42081072f2721a098282f8706399089cf43c0e19a3b06886c6,All observed ASCII and binary corpus consumers resolve to one category; actual bitmap/material/texture declaration verified after decompilation,sw_plc/plcchair_c06.mdl; sw_plc/plcchair_c06.mdl
sw_plc_cep/lok_bookdmg.dds,sw_plc_mdrn/lok_bookdmg.dds,10956,d542c294c37c9b7d69fb22cb8b9d90f88b40c8703241a106866ebb8ca9b07f39,All observed ASCII and binary corpus consumers resolve to one category; actual bitmap/material/texture declaration verified after decompilation,sw_plc_mdrn/plc_72l.mdl; sw_plc_mdrn/plc_72l.mdl
sw_plc_cep/lok_bookdms1.dds,sw_plc_mdrn/lok_bookdms1.dds,10956,e2c73293483cdbf46e615491ca520b4b03f6ce0115cecd66a14b83ce29253d74,All observed ASCII and binary corpus consumers resolve to one category; actual bitmap/material/texture declaration verified after decompilation,sw_plc_mdrn/plc_75l.mdl
sw_plc_cep/lok_bookdms2.dds,sw_plc_mdrn/lok_bookdms2.dds,10956,94a16a9243aaf348628c73119e17443e85db9ec2040ffd4a61f0b9c05103bf01,All observed ASCII and binary corpus consumers resolve to one category; actual bitmap/material/texture declaration verified after decompilation,sw_plc_mdrn/plc_75l.mdl
sw_plc_cep/lok_bookedge.dds,sw_plc_mdrn/lok_bookedge.dds,716,c6b3553157005259451f4054784ff93e6ff2ab7989bd64987241ee67ff54797d,All observed ASCII and binary corpus consumers resolve to one category; actual bitmap/material/texture declaration verified after decompilation,sw_plc_mdrn/plc_72l.mdl
sw_plc_cep/lok_bookmisc1.dds,sw_plc_mdrn/lok_bookmisc1.dds,10956,775663923c86be8e658d848127dc41fce8c132899c286c6195da3485e50cd9e8,All observed ASCII and binary corpus consumers resolve to one category; actual bitmap/material/texture declaration verified after decompilation,sw_plc_mdrn/plc_75l.mdl; sw_plc_mdrn/plc_75l.mdl
sw_plc_cep/lok_bookmisc2.dds,sw_plc_mdrn/lok_bookmisc2.dds,10956,709bdc1c276fb27510978e48f31145f4335f71afb4eb6989dfa2c480e1eee704,All observed ASCII and binary corpus consumers resolve to one category; actual bitmap/material/texture declaration verified after decompilation,sw_plc_mdrn/plc_75l.mdl
sw_plc_cep/lok_bookmisc3.dds,sw_plc_mdrn/lok_bookmisc3.dds,10956,61b7f38284bef7e26c97eafa2412212a232d213b17e036e78821d1f1678efda3,All observed ASCII and binary corpus consumers resolve to one category; actual bitmap/material/texture declaration verified after decompilation,sw_plc_mdrn/plc_75l.mdl
sw_plc_cep/lok_bookmm1.dds,sw_plc_mdrn/lok_bookmm1.dds,10956,020001a30efd6674571d1e82b70d9d373ee187bb97510db090bf9d23df26376a,All observed ASCII and binary corpus consumers resolve to one category; actual bitmap/material/texture declaration verified after decompilation,sw_plc_mdrn/plc_73l.mdl; sw_plc_mdrn/plc_73l.mdl; sw_plc_mdrn/plc_73l.mdl; sw_plc_mdrn/plc_74l.mdl
sw_plc_cep/lok_bookmm2.dds,sw_plc_mdrn/lok_bookmm2.dds,10956,50f325d97e15c36689cf957396bef4b091e7e5eed15b3d615e0df40e0049c17c,All observed ASCII and binary corpus consumers resolve to one category; actual bitmap/material/texture declaration verified after decompilation,sw_plc_mdrn/plc_74l.mdl; sw_plc_mdrn/plc_74l.mdl
sw_plc_cep/lok_calendar.dds,sw_plc_mdrn/lok_calendar.dds,10956,816678eaa2fdbbe86e459d1487724d3c0d0f93a4bdd841d9293f332dd1488f77,All observed ASCII and binary corpus consumers resolve to one category; actual bitmap/material/texture declaration verified after decompilation,sw_plc_mdrn/plc_80l.mdl; sw_plc_mdrn/plc_80l.mdl
sw_plc_cep/lok_darkwood.dds,sw_plc_mdrn/lok_darkwood.dds,43724,6877c8e47658ee03c2ae527ac9e6bcb78d49df43e372d0a0c08fcf895ff4fad7,All observed ASCII and binary corpus consumers resolve to one category; actual bitmap/material/texture declaration verified after decompilation,sw_plc_mdrn/plc_70l.mdl; sw_plc_mdrn/plc_70l.mdl; sw_plc_mdrn/plc_70l.mdl; sw_plc_mdrn/plc_70l.mdl; sw_plc_mdrn/plc_70l.mdl; sw_plc_mdrn/plc_70l.mdl; sw_plc_mdrn/plc_70l.mdl; sw_plc_mdrn/plc_70l.mdl
sw_plc_cep/lok_girlposter1.dds,sw_plc_mdrn/lok_girlposter1.dds,43724,171999af2a3ab96b64d4aafad4b3946c14f7427a0d1282c2b050af0e1786ca96,All observed ASCII and binary corpus consumers resolve to one category; actual bitmap/material/texture declaration verified after decompilation,sw_plc_mdrn/plc_80l.mdl
sw_plc_cep/lok_lightwood.dds,sw_plc_mdrn/lok_lightwood.dds,43724,14761edc4e95fd698125c3d65fbb311cf7e77ea8c1bddddb00cd6b6d5b9e9479,All observed ASCII and binary corpus consumers resolve to one category; actual bitmap/material/texture declaration verified after decompilation,sw_plc_mdrn/plc_mgcbc.mdl; sw_plc_mdrn/plc_msapp9.mdl; sw_plc_mdrn/plc_msapp9.mdl; sw_plc_mdrn/plc_msapp9.mdl; sw_plc_mdrn/raincoat.mdl
sw_plc_cep/lok_tabletop.dds,sw_plc_mdrn/lok_tabletop.dds,43724,0bdd36110a8d81787b415f5ac4bad82aabfd5d529e02e7732526057c70636aeb,All observed ASCII and binary corpus consumers resolve to one category; actual bitmap/material/texture declaration verified after decompilation,sw_plc_mdrn/plc_70l.mdl
sw_plc_cep/mahogany2.dds,sw_plc/mahogany2.dds,43724,72cbdb8b59c7127949f2af0a67417ccf8399894ba89c549d887f33066b3d507c,All observed ASCII and binary corpus consumers resolve to one category; actual bitmap/material/texture declaration verified after decompilation,sw_plc/ori_o06.mdl; sw_plc/ori_o06.mdl; sw_plc/ori_o06.mdl; sw_plc/ori_o06.mdl
sw_plc_cep/maple256x256.dds,sw_plc/maple256x256.dds,87428,a4c86830ab95540cb3235bcdcd814feab7cedcac3c677facb713a08575d874e3,All observed ASCII and binary corpus consumers resolve to one category; actual bitmap/material/texture declaration verified after decompilation,sw_plc/ori_h01.mdl; sw_plc/ori_h01.mdl; sw_plc/ori_h01.mdl; sw_plc/ori_h01.mdl; sw_plc/ori_h01.mdl; sw_plc/ori_h02.mdl; sw_plc/ori_h02.mdl; sw_plc/ori_h02.mdl
sw_plc_cep/mapleleaf64.dds,sw_plc/mapleleaf64.dds,5508,039fafa1b1565c1cf6628aaa171b38add92c22ca591e9e4f1ab76908a40e758e,All observed ASCII and binary corpus consumers resolve to one category; actual bitmap/material/texture declaration verified after decompilation,sw_plc/ori_h01.mdl; sw_plc/ori_h01.mdl; sw_plc/ori_h01.mdl; sw_plc/ori_h01.mdl; sw_plc/ori_h01.mdl; sw_plc/ori_h01.mdl; sw_plc/ori_h01.mdl; sw_plc/ori_h01.mdl
sw_plc_cep/mapleleaf64.tga,sw_plc/mapleleaf64.tga,16428,fbec6fda94c344c9e52e21d4aa09fc56f0dc3e6b5b367f92ca4216deb0c8f411,All observed ASCII and binary corpus consumers resolve to one category; actual bitmap/material/texture declaration verified after decompilation,sw_plc/ori_h01.mdl; sw_plc/ori_h01.mdl; sw_plc/ori_h01.mdl; sw_plc/ori_h01.mdl; sw_plc/ori_h01.mdl; sw_plc/ori_h01.mdl; sw_plc/ori_h01.mdl; sw_plc/ori_h01.mdl
sw_plc_cep/mf_flare2.tga,sw_plc/mf_flare2.tga,12332,28c39eb770db135fdb1436caf15249ba2d2c07af47b31326ebdb68d441e7aad1,All observed ASCII and binary corpus consumers resolve to one category; actual bitmap/material/texture declaration verified after decompilation,sw_plc/plc_mf165.mdl; sw_plc/plc_mf166.mdl; sw_plc/plc_mf174.mdl; sw_plc/plc_mf175.mdl; sw_plc/plc_mf176.mdl; sw_plc/plc_mf177.mdl; sw_plc/plc_mf178.mdl; sw_plc/plc_mf179.mdl
sw_plc_cep/mf_flare3.tga,sw_plc/mf_flare3.tga,12332,7769216e2f5b98f2020fc8f0594791886cc70ebb5fb71d280ccd4d252866bd44,All observed ASCII and binary corpus consumers resolve to one category; actual bitmap/material/texture declaration verified after decompilation,sw_plc/plc_mf164.mdl; sw_plc/plc_mf167.mdl; sw_plc/plc_mf168.mdl; sw_plc/plc_mf169.mdl; sw_plc/plc_mf170.mdl; sw_plc/plc_mf171.mdl; sw_plc/plc_mf172.mdl; sw_plc/plc_mf182.mdl
sw_plc_cep/mirror2.tga,sw_plc_mdrn/mirror2.tga,49691,86e19834fcb0f532b8fb1b3981ea7658cd620a565b81c29cccde4aaa2678968a,All observed ASCII and binary corpus consumers resolve to one category; actual bitmap/material/texture declaration verified after decompilation,sw_plc_mdrn/mirror6.mdl
sw_plc_cep/mirror2.txi,sw_plc_mdrn/mirror2.txi,260,035fb836a8f847f6086a302bf9a0f4dfa8b0b38e9e6a2ca2f1cd95379d184609,All observed ASCII and binary corpus consumers resolve to one category; actual bitmap/material/texture declaration verified after decompilation,sw_plc_mdrn/mirror6.mdl
sw_plc_cep/mug2.dds,sw_weapon/mug2.dds,43724,89909dc9e801eec204949a3b1846929c980ca422b8b6daee3e40b9c203fbf6e9,All observed ASCII and binary corpus consumers resolve to one category; actual bitmap/material/texture declaration verified after decompilation,sw_weapon/wbmug_m_041.mdl
sw_plc_cep/nail_tex.dds,sw_plc/nail_tex.dds,43724,e8d913b2e7484158925ff41e27a71236d8b52ef19f6560e23ffa4b25ae6fed25,All observed ASCII and binary corpus consumers resolve to one category; actual bitmap/material/texture declaration verified after decompilation,sw_plc/plc_boarded20.mdl; sw_plc/plc_boarded20.mdl; sw_plc/plc_boarded20.mdl; sw_plc/plc_boarded20.mdl; sw_plc/plc_boarded20.mdl; sw_plc/plc_boarded20.mdl; sw_plc/plc_boarded20.mdl; sw_plc/plc_boarded20.mdl
sw_plc_cep/new_lan_TEST.dds,sw_plc/new_lan_TEST.dds,10956,942d1499bba723d121d5d3b689f0ea1d2c856833053674876d5a853e2319cbf8,All observed ASCII and binary corpus consumers resolve to one category; actual bitmap/material/texture declaration verified after decompilation,sw_plc/ori_a03.mdl
sw_plc_cep/oids_stone01.dds,sw_plc/oids_stone01.dds,174796,c8f71004d615959d4ca583eb58e51fb07c701b2ddd1e1c0a8a11a9f7da1cfcdd,All observed ASCII and binary corpus consumers resolve to one category; actual bitmap/material/texture declaration verified after decompilation,sw_plc/phod_acropolis2.mdl
sw_plc_cep/oids_stone02.dds,sw_plc/oids_stone02.dds,174796,270a8a6c2e8c8f5c17735dc6c05da48ced77961949e2ad5654c139d862501946,All observed ASCII and binary corpus consumers resolve to one category; actual bitmap/material/texture declaration verified after decompilation,sw_plc/phod_acropolis2.mdl; sw_plc/phod_acropolis2.mdl; sw_plc/phod_acropolis2.mdl; sw_plc/phod_acropolis2.mdl; sw_plc/phod_orbmet.mdl
sw_plc_cep/oids_stone03.dds,sw_plc/oids_stone03.dds,174796,32e8eea7f10721ca32a6d921a0363f9bd7682ab1d63a969f3dee653b5b320a35,All observed ASCII and binary corpus consumers resolve to one category; actual bitmap/material/texture declaration verified after decompilation,sw_plc/phod_acropolis2.mdl
sw_plc_cep/oids_stone07.dds,sw_plc/oids_stone07.dds,174796,757e0215bc840b61d6b684ba4a94af6a5f974db2c3111380fb210249c8f937d1,All observed ASCII and binary corpus consumers resolve to one category; actual bitmap/material/texture declaration verified after decompilation,sw_plc/phod_acropolis2.mdl; sw_plc/phod_acropolis2.mdl
sw_plc_cep/oids_stone08.dds,sw_plc/oids_stone08.dds,174796,69100f2f6029ddff38c87c122b3e16c8cbba35f089d88ea09508193e29696468,All observed ASCII and binary corpus consumers resolve to one category; actual bitmap/material/texture declaration verified after decompilation,sw_plc/phod_acropolis2.mdl
sw_plc_cep/oids_stone11.dds,sw_plc/oids_stone11.dds,174796,bc3125b597d3548e252a01aaa6d5d188711b6fe84f359b0215304edff710f546,All observed ASCII and binary corpus consumers resolve to one category; actual bitmap/material/texture declaration verified after decompilation,sw_plc/phod_adobet.mdl
sw_plc_cep/okto_tx_ball2.tga,sw_plc/okto_tx_ball2.tga,65580,c2e909487f7a2cf8e4cd62e9662315637352fabcd4cbbbc7c9bc8cc14756d160,All observed ASCII and binary corpus consumers resolve to one category; actual bitmap/material/texture declaration verified after decompilation,sw_plc/plc_mf334.mdl; sw_plc/plc_mf335.mdl; sw_plc/plc_mf336.mdl; sw_plc/plc_mf337.mdl; sw_plc/plc_mf338.mdl; sw_plc/plc_mf339.mdl
sw_plc_cep/okto_tx_ball3.tga,sw_plc/okto_tx_ball3.tga,65580,5adf179ef0b834f1f941d27e34a93880f63d82c159727f538348d1464a0c7560,All observed ASCII and binary corpus consumers resolve to one category; actual bitmap/material/texture declaration verified after decompilation,sw_plc/plc_mf340.mdl; sw_plc/plc_mf341.mdl; sw_plc/plc_mf342.mdl; sw_plc/plc_mf343.mdl; sw_plc/plc_mf344.mdl; sw_plc/plc_mf345.mdl
sw_plc_cep/okto_tx_ghost.tga,sw_plc/okto_tx_ghost.tga,16428,0a3661a86c08be2aa78b2e9d1386e62c8db6adfe74eca331b4fa007e58405397,All observed ASCII and binary corpus consumers resolve to one category; actual bitmap/material/texture declaration verified after decompilation,sw_plc/plc_mf290.mdl; sw_plc/plc_mf291.mdl; sw_plc/plc_mf292.mdl; sw_plc/plc_mf293.mdl; sw_plc/plc_mf294.mdl; sw_plc/plc_mf295.mdl; sw_plc/plc_mf296.mdl; sw_plc/plc_mf297.mdl
sw_plc_cep/okto_tx_star.tga,sw_plc/okto_tx_star.tga,4140,480754b3d457285c1979c4dbb5604d915791741ab8f9dbcc4ee8dfc8c15b4da3,All observed ASCII and binary corpus consumers resolve to one category; actual bitmap/material/texture declaration verified after decompilation,sw_plc/ad_treepa.mdl; sw_plc/ad_treepa.mdl; sw_plc/ad_treeps.mdl; sw_plc/ad_treeps.mdl; sw_plc/ad_treepw.mdl; sw_plc/ad_treepw.mdl; sw_plc/plc_mf254.mdl; sw_plc/plc_mf254.mdl
sw_plc_cep/okto_tx_star2.tga,sw_plc/okto_tx_star2.tga,4140,92009a0c72300f590b382afd82f8bae0c0d40c8982344421a5550d91bc5c8f5f,All observed ASCII and binary corpus consumers resolve to one category; actual bitmap/material/texture declaration verified after decompilation,sw_plc/plc_mf272.mdl; sw_plc/plc_mf272.mdl; sw_plc/plc_mf272.mdl; sw_plc/plc_mf272.mdl; sw_plc/plc_mf272.mdl; sw_plc/plc_mf273.mdl; sw_plc/plc_mf273.mdl; sw_plc/plc_mf273.mdl
sw_plc_cep/oriscren_04.dds,sw_plc/oriscren_04.dds,43724,3e931fa93da23176708c6bf8c48da51993db8d49088f74a72b33afc9aa687640,All observed ASCII and binary corpus consumers resolve to one category; actual bitmap/material/texture declaration verified after decompilation,sw_plc/ori_s01.mdl; sw_plc/ori_s01.mdl; sw_plc/ori_s01.mdl; sw_plc/ori_s01.mdl; sw_plc/ori_s01.mdl; sw_plc/ori_s01.mdl
sw_plc_cep/oriscren_10.dds,sw_plc/oriscren_10.dds,43724,7d64d3b2e235529308d8997cbb5dcff624c6038b58cfc5a5d5a22ccc74e25e22,All observed ASCII and binary corpus consumers resolve to one category; actual bitmap/material/texture declaration verified after decompilation,sw_plc/ori_s03.mdl; sw_plc/ori_s03.mdl; sw_plc/ori_s03.mdl; sw_plc/ori_s03.mdl; sw_plc/ori_s03.mdl; sw_plc/ori_s03.mdl
sw_plc_cep/oriscren_14.dds,sw_plc/oriscren_14.dds,43724,82d4e93e33eb6b50c024db33b5519abf8f47d869a91adb5a2af4e8e92b5b4b0c,All observed ASCII and binary corpus consumers resolve to one category; actual bitmap/material/texture declaration verified after decompilation,sw_plc/ori_s08.mdl; sw_plc/ori_s08.mdl; sw_plc/ori_s08.mdl; sw_plc/ori_s08.mdl; sw_plc/ori_s08.mdl; sw_plc/ori_s08.mdl; sw_plc/ori_s08.mdl; sw_plc/ori_s08.mdl
sw_plc_cep/oriscren_16.dds,sw_plc/oriscren_16.dds,43724,0cbcf50c70e7dda7f10fe07aca8a41049182cb3710d5fce9f2991aa8458b86c7,All observed ASCII and binary corpus consumers resolve to one category; actual bitmap/material/texture declaration verified after decompilation,sw_plc/ori_s11.mdl; sw_plc/ori_s11.mdl; sw_plc/ori_s11.mdl; sw_plc/ori_s11.mdl; sw_plc/ori_s11.mdl; sw_plc/ori_s11.mdl
sw_plc_cep/oriscrol_14.dds,sw_plc/oriscrol_14.dds,43724,71a89be24e93e1f2a82d86498849d0132822f99fdfef8af47bb4b2b74a902759,All observed ASCII and binary corpus consumers resolve to one category; actual bitmap/material/texture declaration verified after decompilation,sw_plc/ori_t05.mdl; sw_plc/ori_t06.mdl; sw_plc/ori_t07.mdl; sw_plc/ori_t08.mdl
sw_plc_cep/oriscrol_21.dds,sw_plc/oriscrol_21.dds,43724,e4b05c9612f4c318eef4b4c9212ed211c7ff5ca808f635ef7db19144b6409097,All observed ASCII and binary corpus consumers resolve to one category; actual bitmap/material/texture declaration verified after decompilation,sw_plc/ori_t18.mdl; sw_plc/ori_t19.mdl
sw_plc_cep/oriscrol_25.dds,sw_plc/oriscrol_25.dds,43724,6a09c1cd759a9a8f75b700d56e4cb0b73c0bf51e572dc087c0bd925c0ffba718,All observed ASCII and binary corpus consumers resolve to one category; actual bitmap/material/texture declaration verified after decompilation,sw_plc/ori_t09.mdl; sw_plc/ori_t10.mdl; sw_plc/ori_t11.mdl; sw_plc/ori_t12.mdl
sw_plc_cep/oriscrol_26.dds,sw_plc/oriscrol_26.dds,43724,d24f9f43f58b1c036b9649a4879a0318f3c2c009bcd9559b0e290f766077fbd0,All observed ASCII and binary corpus consumers resolve to one category; actual bitmap/material/texture declaration verified after decompilation,sw_plc/ori_t21.mdl; sw_plc/ori_t22.mdl
sw_plc_cep/oriscrol_28.dds,sw_plc/oriscrol_28.dds,43724,d913a88bbd719fbe54c8c62550cd647a72ec214419645c264a6eb8e6eaf6cbf9,All observed ASCII and binary corpus consumers resolve to one category; actual bitmap/material/texture declaration verified after decompilation,sw_plc/ori_t01.mdl; sw_plc/ori_t02.mdl; sw_plc/ori_t03.mdl; sw_plc/ori_t04.mdl
sw_plc_cep/ostrich.dds,sw_cr_creature/ostrich.dds,174796,0fea8493e0ff155ec296a88320cfd093738924373384cf1e272101fdcd184474,All observed ASCII and binary corpus consumers resolve to one category; actual bitmap/material/texture declaration verified after decompilation,sw_cr_creature/qc_ostrich.mdl; sw_cr_creature/qc_ostrich.mdl
sw_plc_cep/pdag_bush2.dds,sw_plc/pdag_bush2.dds,349572,492787eba06469e3e5dfce9aaee8d0487bc1cb32a616252baee1073428455b3f,All observed ASCII and binary corpus consumers resolve to one category; actual bitmap/material/texture declaration verified after decompilation,sw_plc/dag_bushlg.mdl; sw_plc/dag_bushmd.mdl; sw_plc/dag_bushsm.mdl
sw_plc_cep/pdag_cliff03.dds,sw_plc/pdag_cliff03.dds,174796,6210f5852ee7b1406900fb377f95701f3671f5a35fd1e709fc32507906a101a4,All observed ASCII and binary corpus consumers resolve to one category; actual bitmap/material/texture declaration verified after decompilation,sw_plc/dag_fisfr04.mdl
sw_plc_cep/pdag_dkgrs2.dds,sw_plc/pdag_dkgrs2.dds,43724,ea9513a33467f7fa3d43a912bfbc25daa82dde7e144568c148858aea04ed48cc,All observed ASCII and binary corpus consumers resolve to one category; actual bitmap/material/texture declaration verified after decompilation,sw_plc/dag_fistrk14.mdl
sw_plc_cep/pdag_dkstn2.dds,sw_plc/pdag_dkstn2.dds,43724,7432ff81c339f2cb158d492fb9c9303c4080f9b7063763ac8ca4a24f7db8ce3f,All observed ASCII and binary corpus consumers resolve to one category; actual bitmap/material/texture declaration verified after decompilation,sw_plc/dag_fisth15.mdl; sw_plc/dag_fisth15.mdl; sw_plc/dag_fistrk14.mdl
sw_plc_cep/pdag_fdaisy.dds,sw_plc/pdag_fdaisy.dds,21892,3851b8e235dc004c65a8d00840c6a2cc28a1e4e39ede82da3d23a2437c8d5222,All observed ASCII and binary corpus consumers resolve to one category; actual bitmap/material/texture declaration verified after decompilation,sw_plc/dag_daisy.mdl
sw_plc_cep/pdag_floorf.dds,sw_plc/pdag_floorf.dds,10956,fb774bf8cfea3b1791a4617e07ce766af855b775de4729fc0524a5fd839e5123,All observed ASCII and binary corpus consumers resolve to one category; actual bitmap/material/texture declaration verified after decompilation,sw_plc/dag_fiscv05.mdl; sw_plc/dag_fisud10.mdl
sw_plc_cep/pdag_fpurp.dds,sw_plc/pdag_fpurp.dds,21892,a280d84ad482a61a0c8a5e102c086918e97fe8eddb4ed610feb132c418697f48,All observed ASCII and binary corpus consumers resolve to one category; actual bitmap/material/texture declaration verified after decompilation,sw_plc/dag_fpurp.mdl
sw_plc_cep/pdag_fred.dds,sw_plc/pdag_fred.dds,21892,2020273565a6bdea8ff65c0df601960a41ee955299dcef3e33f53a314eb6c193,All observed ASCII and binary corpus consumers resolve to one category; actual bitmap/material/texture declaration verified after decompilation,sw_plc/dag_fred.mdl
sw_plc_cep/pdag_fx_pool.dds,sw_plc/pdag_fx_pool.dds,87428,b278d07e7bcd6fcc83ceb5ff6d4d7027568b1aa72e1266c5a1369c9a4ccac19c,All observed ASCII and binary corpus consumers resolve to one category; actual bitmap/material/texture declaration verified after decompilation,sw_plc/dag_gbltgoldfl.mdl; sw_plc/dag_gbltjewlfl.mdl
sw_plc_cep/pdag_fylow.dds,sw_plc/pdag_fylow.dds,21892,534d2ddbbb3a35a9b9a6dc54a5ea1ca46e65df8ffde438d2988d967135413919,All observed ASCII and binary corpus consumers resolve to one category; actual bitmap/material/texture declaration verified after decompilation,sw_plc/dag_fylow.mdl
sw_plc_cep/pdag_gbltgold.tga,sw_plc/pdag_gbltgold.tga,65580,1ff3f26eff312d33cd854e0a213646ecfcabbaba4f36c59ed3b74ae032f06c7d,All observed ASCII and binary corpus consumers resolve to one category; actual bitmap/material/texture declaration verified after decompilation,sw_plc/dag_gbltgoldfl.mdl; sw_plc/dag_gbltgoldfl.mdl
sw_plc_cep/pdag_gbltgold.txi,sw_plc/pdag_gbltgold.txi,205,8815d9b5c996e9a581d3cf83f7198c7fc13e571a86314f94d4ec4aa9ac93f327,All observed ASCII and binary corpus consumers resolve to one category; actual bitmap/material/texture declaration verified after decompilation,sw_plc/dag_gbltgoldfl.mdl; sw_plc/dag_gbltgoldfl.mdl
sw_plc_cep/pdag_grass01.dds,sw_plc/pdag_grass01.dds,43724,54233223298af7e8c5f064ec246fa4c0ab3a188e62352348e3609a5db48829d5,All observed ASCII and binary corpus consumers resolve to one category; actual bitmap/material/texture declaration verified after decompilation,sw_plc/dag_fisfr04.mdl
sw_plc_cep/pdag_grsbed.dds,sw_plc/pdag_grsbed.dds,349572,0863c6f1ef01e52128061adf06ea5939a3bdadee3cad1e749df8e59ffa5cf7d7,All observed ASCII and binary corpus consumers resolve to one category; actual bitmap/material/texture declaration verified after decompilation,sw_plc/dag_strnst.mdl
sw_plc_cep/pdag_lute2.dds,sw_plc/pdag_lute2.dds,174796,932a02b7d2bcdd4ed104efcd791a022aeed9f17b48124d959d2d2a466a38584e,All observed ASCII and binary corpus consumers resolve to one category; actual bitmap/material/texture declaration verified after decompilation,sw_plc/dag_lute2.mdl; sw_plc/dag_lute2.mdl; sw_plc/dag_lute2.mdl; sw_plc/dag_lute2.mdl
sw_plc_cep/pdag_mug.dds,sw_plc/pdag_mug.dds,43724,1634f38245f1c7983ad91faf2e2384947ba1852dc24fed1d22c3f9c928d86efb,All observed ASCII and binary corpus consumers resolve to one category; actual bitmap/material/texture declaration verified after decompilation,sw_plc/dag_gbltgoldfl.mdl; sw_plc/dag_gbltjewlfl.mdl
sw_plc_cep/pdag_prt1.tga,sw_plc/pdag_prt1.tga,1048620,d48ed9b55fb108db0283c783c3fd101d61d8dd47211c5fba19c4caf2b64383df,All observed ASCII and binary corpus consumers resolve to one category; actual bitmap/material/texture declaration verified after decompilation,sw_plc/dag_prtlgrn.mdl; sw_plc/dag_prtlgrn.mdl; sw_plc/dag_prtlgrn.mdl; sw_plc/dag_prtlgrn.mdl; sw_plc/dag_prtlgrn.mdl
sw_plc_cep/pdag_prt1.txi,sw_plc/pdag_prt1.txi,206,3720df22c999dc1768bb7b2c2513596213f5d1fffea0dd3c180dab32b3ef6e1a,All observed ASCII and binary corpus consumers resolve to one category; actual bitmap/material/texture declaration verified after decompilation,sw_plc/dag_prtlgrn.mdl; sw_plc/dag_prtlgrn.mdl; sw_plc/dag_prtlgrn.mdl; sw_plc/dag_prtlgrn.mdl; sw_plc/dag_prtlgrn.mdl
sw_plc_cep/pdag_prt2.tga,sw_plc/pdag_prt2.tga,65580,c5451057b2e4cd5c3d0d3481a068989d35f01a1d16fdc26db0d4d9a1e0abbe6f,All observed ASCII and binary corpus consumers resolve to one category; actual bitmap/material/texture declaration verified after decompilation,sw_plc/dag_prtlgrn.mdl
sw_plc_cep/pdag_prt2.txi,sw_plc/pdag_prt2.txi,317,1274dc276ff4da9d0342485521ba666f44ad966f85a981400951cf2fd88a88d5,All observed ASCII and binary corpus consumers resolve to one category; actual bitmap/material/texture declaration verified after decompilation,sw_plc/dag_prtlgrn.mdl
sw_plc_cep/pdag_prtl.tga,sw_plc/pdag_prtl.tga,262188,25d75033ce58d337f01b412f7ed47548abdb31335bfae50847541bdf630fc9ce,All observed ASCII and binary corpus consumers resolve to one category; actual bitmap/material/texture declaration verified after decompilation,sw_plc/dag_prtlblue.mdl; sw_plc/dag_prtlred.mdl
sw_plc_cep/pdag_prtl.txi,sw_plc/pdag_prtl.txi,337,7b85a0f67e03bf6e4cf57d40cf9b69dfced0a76e41b49babdc504a7b3afda2ad,All observed ASCII and binary corpus consumers resolve to one category; actual bitmap/material/texture declaration verified after decompilation,sw_plc/dag_prtlblue.mdl; sw_plc/dag_prtlred.mdl
sw_plc_cep/pdag_rcliff.dds,sw_plc/pdag_rcliff.dds,174796,e26eec4bd414e3afd9dc8f0968e0755e0422817420ae6195b5f21f28dbe0704d,All observed ASCII and binary corpus consumers resolve to one category; actual bitmap/material/texture declaration verified after decompilation,sw_plc/dag_fisrc07.mdl
sw_plc_cep/pdag_rock01.dds,sw_plc/pdag_rock01.dds,174796,486e66b783b4e130ee93373cdbe57eefe44b8d94c68747a6b06c6b90e9d52b6b,All observed ASCII and binary corpus consumers resolve to one category; actual bitmap/material/texture declaration verified after decompilation,sw_plc/dag_fiscv05.mdl; sw_plc/dag_fisud10.mdl
sw_plc_cep/pdag_sjwp.tga,sw_plc/pdag_sjwp.tga,1048620,b3ad174f813522b15756afa1ce62c5860704e50b2211d7501c532c2c538ef969,All observed ASCII and binary corpus consumers resolve to one category; actual bitmap/material/texture declaration verified after decompilation,sw_plc/dag_gbltjewlfl.mdl; sw_plc/dag_gbltjewlfl.mdl
sw_plc_cep/pdag_sjwp.txi,sw_plc/pdag_sjwp.txi,205,8815d9b5c996e9a581d3cf83f7198c7fc13e571a86314f94d4ec4aa9ac93f327,All observed ASCII and binary corpus consumers resolve to one category; actual bitmap/material/texture declaration verified after decompilation,sw_plc/dag_gbltjewlfl.mdl; sw_plc/dag_gbltjewlfl.mdl
sw_plc_cep/pdag_tblfncy.dds,sw_plc/pdag_tblfncy.dds,43724,74de46e5083996bd13f54c6407e0885ef27d51e25d9332dee303e21f922a721c,All observed ASCII and binary corpus consumers resolve to one category; actual bitmap/material/texture declaration verified after decompilation,sw_plc/dag_tablemid.mdl; sw_plc/dag_tablemid.mdl
sw_plc_cep/pdag_tn1drt1a.dds,sw_plc/pdag_tn1drt1a.dds,349572,2509a276d0a2da6fa730aef083bc5a7c789015aba135eb591419202cbb397297,All observed ASCII and binary corpus consumers resolve to one category; actual bitmap/material/texture declaration verified after decompilation,sw_plc/dag_dirtpile.mdl
sw_plc_cep/pdag_tnoroot.dds,sw_plc/pdag_tnoroot.dds,87428,dbdac0b41a48a4d6ac20f86a2cb8f10997e4bbf7b8fa886724783737c216ec93,All observed ASCII and binary corpus consumers resolve to one category; actual bitmap/material/texture declaration verified after decompilation,sw_plc/dag_falltree_01.mdl; sw_plc/dag_falltree_01.mdl; sw_plc/dag_falltree_01.mdl; sw_plc/dag_falltree_02.mdl; sw_plc/dag_falltree_02.mdl; sw_plc/dag_falltree_02.mdl
sw_plc_cep/phod_aegyanubis1.dds,sw_plc/phod_aegyanubis1.dds,87420,8ce23c36d9cd7b351d3e219ca41ce7e153d6daaead4107e0889c7f54fd575f8b,All observed ASCII and binary corpus consumers resolve to one category; actual bitmap/material/texture declaration verified after decompilation,sw_plc/phod_aegygate02.mdl; sw_plc/phod_aegytomb1.mdl
sw_plc_cep/phod_aegydeco01.dds,sw_plc/phod_aegydeco01.dds,174796,57311624d5defa20da5290890099a7d752d0c6a76e0dc4c94a7b2f60894ab8c6,All observed ASCII and binary corpus consumers resolve to one category; actual bitmap/material/texture declaration verified after decompilation,sw_plc/phod_aegyblock01.mdl; sw_plc/phod_aegyexth01.mdl; sw_plc/phod_aegyexth01.mdl; sw_plc/phod_aegygate01.mdl; sw_plc/phod_aegygate02.mdl; sw_plc/phod_aegyoblk03.mdl; sw_plc/phod_aegyoctl01.mdl; sw_plc/phod_aegypil01.mdl
sw_plc_cep/phod_aegydeco02.dds,sw_plc/phod_aegydeco02.dds,174796,bdc4df85fd0a8f6b84b9bf30276014c3d99c56d35d93b55c63c595419bdf42a8,All observed ASCII and binary corpus consumers resolve to one category; actual bitmap/material/texture declaration verified after decompilation,sw_plc/phod_aegygate01.mdl
sw_plc_cep/phod_aegydeco03.dds,sw_plc/phod_aegydeco03.dds,174796,7241cc80d3428890c1ed5c6c59a2c0888f69c50787918f61611ae53e8cecb774,All observed ASCII and binary corpus consumers resolve to one category; actual bitmap/material/texture declaration verified after decompilation,sw_plc/phod_aegyblock01.mdl; sw_plc/phod_aegyblock02.mdl; sw_plc/phod_aegyexth01.mdl; sw_plc/phod_aegyexth01.mdl; sw_plc/phod_aegyobpy01.mdl; sw_plc/phod_aegytemp03.mdl; sw_plc/phod_aegytomb1.mdl; sw_plc/phod_aegywall01.mdl
sw_plc_cep/phod_aegydoor01.dds,sw_plc/phod_aegydoor01.dds,174796,ddf556561116778ab8832ddb7688e77b952ddddd92248b744eff5b127decb54e,All observed ASCII and binary corpus consumers resolve to one category; actual bitmap/material/texture declaration verified after decompilation,sw_plc/phod_aegyblock01.mdl; sw_plc/phod_aegyblock02.mdl; sw_plc/phod_aegytomb1.mdl
sw_plc_cep/phod_aegyfalcon1.dds,sw_plc/phod_aegyfalcon1.dds,174796,1f7a7ff8309f6c997a1a3fbe2d552661b74f4f2433843aca5f0a636bd078d3af,All observed ASCII and binary corpus consumers resolve to one category; actual bitmap/material/texture declaration verified after decompilation,sw_plc/phod_aegyexth01.mdl; sw_plc/phod_aegytemp03.mdl
sw_plc_cep/phod_aegyfloor01.dds,sw_plc/phod_aegyfloor01.dds,174796,710bb33250ae1755c2af78210e40f04ccbc2737c422808a2655302812880300b,All observed ASCII and binary corpus consumers resolve to one category; actual bitmap/material/texture declaration verified after decompilation,sw_plc/phod_aegyblock01.mdl; sw_plc/phod_aegyblock02.mdl; sw_plc/phod_aegyexth01.mdl; sw_plc/phod_aegygate02.mdl; sw_plc/phod_aegyobpy01.mdl; sw_plc/phod_aegytomb1.mdl
sw_plc_cep/phod_aegyhiero03.dds,sw_plc/phod_aegyhiero03.dds,174796,647f8579e196063d826d1730b50e6106a9aa4457f6b4dfdf165d6df35fa62743,All observed ASCII and binary corpus consumers resolve to one category; actual bitmap/material/texture declaration verified after decompilation,sw_plc/phod_aegyblock02.mdl; sw_plc/phod_aegyexth01.mdl; sw_plc/phod_aegypharl.mdl; sw_plc/phod_aegyring01.mdl; sw_plc/phod_aegyvalt01.mdl
sw_plc_cep/phod_aegyhiero04.dds,sw_plc/phod_aegyhiero04.dds,174796,edd2adf7577694df8e145d124e66e1993701618fbb773f33701896d6783a1c6b,All observed ASCII and binary corpus consumers resolve to one category; actual bitmap/material/texture declaration verified after decompilation,sw_plc/phod_aegytemp03.mdl
sw_plc_cep/phod_aegyhiero05.dds,sw_plc/phod_aegyhiero05.dds,87420,803765529fec27cfbe849426eb94b613dadb480a0d96fb506a30ddfab96ff52d,All observed ASCII and binary corpus consumers resolve to one category; actual bitmap/material/texture declaration verified after decompilation,sw_plc/phod_aegytomb1.mdl
sw_plc_cep/phod_aegymarble.dds,sw_plc/phod_aegymarble.dds,174796,89e4309085dd1bbc4abbcc4bd380ef2dbd230b2615c3c7512215d6400b6f9fc6,All observed ASCII and binary corpus consumers resolve to one category; actual bitmap/material/texture declaration verified after decompilation,sw_plc/phod_aegyexth01.mdl
sw_plc_cep/phod_aegypill01.dds,sw_plc/phod_aegypill01.dds,43740,11b601595429b77bef629bb7f1a1d658aeb40a715a0b45a13ce2234de85db8f7,All observed ASCII and binary corpus consumers resolve to one category; actual bitmap/material/texture declaration verified after decompilation,sw_plc/phod_aegyblock01.mdl; sw_plc/phod_aegyblock02.mdl; sw_plc/phod_aegyexth01.mdl; sw_plc/phod_aegytomb1.mdl
sw_plc_cep/phod_aegyscarab1.dds,sw_plc/phod_aegyscarab1.dds,174796,ad9f773f92d621adcd77100b8b51a4b7b4949891616a666c9c6533239222af9f,All observed ASCII and binary corpus consumers resolve to one category; actual bitmap/material/texture declaration verified after decompilation,sw_plc/phod_aegyexth01.mdl; sw_plc/phod_aegygate01.mdl; sw_plc/phod_aegytemp03.mdl
sw_plc_cep/phod_aegystone01.dds,sw_plc/phod_aegystone01.dds,174796,e0da3054cca4e80592a923eab547e061c7a0538cc6705a979b81e53417941918,All observed ASCII and binary corpus consumers resolve to one category; actual bitmap/material/texture declaration verified after decompilation,sw_plc/phod_aegyexth01.mdl; sw_plc/phod_aegyoctl01.mdl; sw_plc/phod_aegypharl.mdl; sw_plc/phod_aegypyhl01.mdl; sw_plc/phod_aegyring01.mdl; sw_plc/phod_aegytomb1.mdl
sw_plc_cep/phod_aegystone02.dds,sw_plc/phod_aegystone02.dds,174796,b6e7b4b351026c0cf6b74a928d58740859e719e3b4c90667ccc0973deac749a7,All observed ASCII and binary corpus consumers resolve to one category; actual bitmap/material/texture declaration verified after decompilation,sw_plc/phod_aegypharl.mdl; sw_plc/phod_aegypyhl01.mdl; sw_plc/phod_aegytomb1.mdl
sw_plc_cep/phod_aegystone03.dds,sw_plc/phod_aegystone03.dds,174796,1d2066222e57cf55809edc4d1e0a3f7200fa3d0cf73245fb69f03c22655516ad,All observed ASCII and binary corpus consumers resolve to one category; actual bitmap/material/texture declaration verified after decompilation,sw_plc/phod_aegyexth01.mdl; sw_plc/phod_aegyexth01.mdl; sw_plc/phod_aegyexth01.mdl; sw_plc/phod_aegyexth01.mdl; sw_plc/phod_aegyexth01.mdl; sw_plc/phod_aegyexth01.mdl; sw_plc/phod_aegygate02.mdl; sw_plc/phod_aegyoblk03.mdl
sw_plc_cep/phod_aegytriang1.dds,sw_plc/phod_aegytriang1.dds,174796,7aa738c5469454e8f4c14f9475ec3e957e95549d7a72d62433a4167be20998a7,All observed ASCII and binary corpus consumers resolve to one category; actual bitmap/material/texture declaration verified after decompilation,sw_plc/phod_aegyblock01.mdl; sw_plc/phod_aegyring01.mdl; sw_plc/phod_aegytomb1.mdl
sw_plc_cep/phod_aegywall02.dds,sw_plc/phod_aegywall02.dds,174796,6a64a861de0505c5f6aef8c621d008b791d3f1c42f8c2c7f22ddf29f398e1f53,All observed ASCII and binary corpus consumers resolve to one category; actual bitmap/material/texture declaration verified after decompilation,sw_plc/phod_aegyblock02.mdl; sw_plc/phod_aegyexth01.mdl; sw_plc/phod_aegygate01.mdl; sw_plc/phod_aegygate02.mdl; sw_plc/phod_aegypil01.mdl; sw_plc/phod_aegypyhl01.mdl; sw_plc/phod_aegytemp03.mdl; sw_plc/phod_aegyvalt01.mdl
sw_plc_cep/phod_aegywing1.dds,sw_plc/phod_aegywing1.dds,43740,7627c26c8b82ede66b907fb45d3c975a746e1f2941afad7eff97dfc12ec86c18,All observed ASCII and binary corpus consumers resolve to one category; actual bitmap/material/texture declaration verified after decompilation,sw_plc/phod_aegygate02.mdl; sw_plc/phod_aegytemp03.mdl
sw_plc_cep/phod_africa01.dds,sw_plc/phod_africa01.dds,43740,4a76ae09cffec4f850edc5bfbb94c41119deaaf1c5e46e663b4841cb98539d56,All observed ASCII and binary corpus consumers resolve to one category; actual bitmap/material/texture declaration verified after decompilation,sw_plc/phod_africa1x.mdl; sw_plc/phod_africa2horn.mdl; sw_plc/phod_africa3x.mdl; sw_plc/phod_africa6x.mdl; sw_plc/phod_africa7x.mdl; sw_plc/phod_africa8x.mdl
sw_plc_cep/phod_africa02.dds,sw_plc/phod_africa02.dds,174796,1705b695c35a1ae6f4cf22ff5d03d6fac48214a070fa4261847b2ec3acb31953,All observed ASCII and binary corpus consumers resolve to one category; actual bitmap/material/texture declaration verified after decompilation,sw_plc/phod_africa1x.mdl; sw_plc/phod_africa1x.mdl; sw_plc/phod_africa2city.mdl; sw_plc/phod_africa2gaze.mdl; sw_plc/phod_africa2gold.mdl; sw_plc/phod_africa2horn.mdl; sw_plc/phod_africa2obla.mdl; sw_plc/phod_africa2oblb.mdl
sw_plc_cep/phod_africa03.dds,sw_plc/phod_africa03.dds,174796,3866341e6c06f02e16145a3da2c9199e23fe772e23040799a76595713132a7e3,All observed ASCII and binary corpus consumers resolve to one category; actual bitmap/material/texture declaration verified after decompilation,sw_plc/phod_africa2city.mdl; sw_plc/phod_africa2gaze.mdl; sw_plc/phod_africa2temp.mdl; sw_plc/phod_africa2wall.mdl; sw_plc/phod_africa3x.mdl; sw_plc/phod_africa8x.mdl
sw_plc_cep/phod_africa04.dds,sw_plc/phod_africa04.dds,174796,a60726181ffb7244bf6347ad76f6842746166c8535ed20e53137e0f0b2482549,All observed ASCII and binary corpus consumers resolve to one category; actual bitmap/material/texture declaration verified after decompilation,sw_plc/phod_afritemp.mdl
sw_plc_cep/phod_africa05.dds,sw_plc/phod_africa05.dds,174796,cbeba66133e412bcd45339b7b046a5f3100175506fed474a2a6455223b484f00,All observed ASCII and binary corpus consumers resolve to one category; actual bitmap/material/texture declaration verified after decompilation,sw_plc/phod_africa6x.mdl
sw_plc_cep/phod_africa07.dds,sw_plc/phod_africa07.dds,43724,c8ebb598953d37f23db5b705f64fb2dc937344d44f70ab14a4546a4a11c8360e,All observed ASCII and binary corpus consumers resolve to one category; actual bitmap/material/texture declaration verified after decompilation,sw_plc/phod_africa2city.mdl; sw_plc/phod_africa2temp.mdl; sw_plc/phod_africa2tota.mdl; sw_plc/phod_africa2totb.mdl; sw_plc/phod_africa2wall.mdl; sw_plc/phod_africa8x.mdl
sw_plc_cep/phod_africa08.dds,sw_plc/phod_africa08.dds,174796,24ee8634945dfd341f68d5a963089eae2c712e3646a1f4fe6e18b79f9354b71c,All observed ASCII and binary corpus consumers resolve to one category; actual bitmap/material/texture declaration verified after decompilation,sw_plc/phod_africa2city.mdl; sw_plc/phod_africa2gaze.mdl; sw_plc/phod_africa2horn.mdl; sw_plc/phod_africa2temp.mdl; sw_plc/phod_africa2wall.mdl
sw_plc_cep/phod_africa09.dds,sw_plc/phod_africa09.dds,174796,84be9033b1a21fe7687fbeceb7e60df1cd8ea7fc001655882fc4e91bb15bdc7a,All observed ASCII and binary corpus consumers resolve to one category; actual bitmap/material/texture declaration verified after decompilation,sw_plc/phod_africa2city.mdl; sw_plc/phod_africa2face.mdl; sw_plc/phod_africa2gaze.mdl; sw_plc/phod_africa2gold.mdl; sw_plc/phod_africa2horn.mdl; sw_plc/phod_africa2obla.mdl; sw_plc/phod_africa2oblb.mdl; sw_plc/phod_africa2temp.mdl
sw_plc_cep/phod_africa10.dds,sw_plc/phod_africa10.dds,87420,ef24f52dce1a7e5e5958201db3ed6472a1fefedaeb850815040c03260499a327,All observed ASCII and binary corpus consumers resolve to one category; actual bitmap/material/texture declaration verified after decompilation,sw_plc/phod_africa2gold.mdl; sw_plc/phod_africa2obla.mdl; sw_plc/phod_africa2oblb.mdl
sw_plc_cep/phod_africa11.dds,sw_plc/phod_africa11.dds,174796,3b444ece57b38546624bc7f48368e010456cce4918d0bdb71501cb07c33febd7,All observed ASCII and binary corpus consumers resolve to one category; actual bitmap/material/texture declaration verified after decompilation,sw_plc/phod_africa2city.mdl; sw_plc/phod_africa2face.mdl; sw_plc/phod_africa2temp.mdl; sw_plc/phod_africa2tota.mdl; sw_plc/phod_africa2totb.mdl
sw_plc_cep/phod_africa12.dds,sw_plc/phod_africa12.dds,174796,072211ecd693dae450c1cc748141ec2cea9cf0fb2ef2448385e7b24f73374919,All observed ASCII and binary corpus consumers resolve to one category; actual bitmap/material/texture declaration verified after decompilation,sw_plc/phod_africa2city.mdl; sw_plc/phod_africa2face.mdl; sw_plc/phod_africa2pyrm.mdl; sw_plc/phod_africa2temp.mdl
sw_plc_cep/phod_africa13.dds,sw_plc/phod_africa13.dds,174796,8ad407d3ca6e04a19f9990859acc797985e01d143bf6cb85c99a5533ef550b9a,All observed ASCII and binary corpus consumers resolve to one category; actual bitmap/material/texture declaration verified after decompilation,sw_plc/phod_africa2city.mdl; sw_plc/phod_africa2horn.mdl; sw_plc/phod_africa2pyrm.mdl; sw_plc/phod_africa2temp.mdl; sw_plc/phod_africa2wall.mdl
sw_plc_cep/phod_africa14.dds,sw_plc/phod_africa14.dds,87420,becbe32d3d4861bc6d81e00befe57b06df18d92fac2da102e498b0d7cc3b685f,All observed ASCII and binary corpus consumers resolve to one category; actual bitmap/material/texture declaration verified after decompilation,sw_plc/phod_africa2city.mdl; sw_plc/phod_africa2face.mdl; sw_plc/phod_africa2horn.mdl
sw_plc_cep/phod_afrock.dds,sw_plc/phod_afrock.dds,174796,f437165b8e190940532882ede96bdc3fc1df0ca0050ed64eadeb55ee76ff5633,All observed ASCII and binary corpus consumers resolve to one category; actual bitmap/material/texture declaration verified after decompilation,sw_plc/phod_aegyoblk03.mdl
sw_plc_cep/phod_aliendi01.dds,sw_plc_mdrn/phod_aliendi01.dds,174796,0f823bd333f95b0b775ea6492b9361ef5050ee7d6c8734687e72d1f481e3abee,All observed ASCII and binary corpus consumers resolve to one category; actual bitmap/material/texture declaration verified after decompilation,sw_plc_mdrn/phod_aliendc5.mdl
sw_plc_cep/phod_aliendi02.dds,sw_plc_mdrn/phod_aliendi02.dds,174796,814010ebdfd34392108e5d16c720c0f60d0413966e32c18d085484f2bed082e8,All observed ASCII and binary corpus consumers resolve to one category; actual bitmap/material/texture declaration verified after decompilation,sw_plc_mdrn/phod_aliendc5.mdl; sw_plc_mdrn/phod_aliendflor.mdl
sw_plc_cep/phod_alienfhcs.dds,sw_plc_mdrn/phod_alienfhcs.dds,174796,41a66dd0690808205c14ada81feadbbfaea65b769daeb3f09b6df6c012a803fe,All observed ASCII and binary corpus consumers resolve to one category; actual bitmap/material/texture declaration verified after decompilation,sw_plc_mdrn/phod_alienfhcyl1.mdl; sw_plc_mdrn/phod_alienfhcyl2.mdl
sw_plc_cep/phod_alienfhcyl.dds,sw_plc_mdrn/phod_alienfhcyl.dds,174796,890ce70c3f21306af60cfa83a46c5627db9adc30901eebcb05730bb4407d6213,All observed ASCII and binary corpus consumers resolve to one category; actual bitmap/material/texture declaration verified after decompilation,sw_plc_mdrn/phod_alienfhcyl1.mdl; sw_plc_mdrn/phod_alienfhcyl1.mdl; sw_plc_mdrn/phod_alienfhcyl1.mdl; sw_plc_mdrn/phod_alienfhcyl1.mdl; sw_plc_mdrn/phod_alienfhcyl1.mdl; sw_plc_mdrn/phod_alienfhcyl2.mdl; sw_plc_mdrn/phod_alienfhcyl2.mdl; sw_plc_mdrn/phod_alienfhcyl2.mdl
sw_plc_cep/phod_alienmush.dds,sw_plc_mdrn/phod_alienmush.dds,174796,aad362c9a54474aafb5ae9cb06f260f969096d0da2d56067984aebe125737606,All observed ASCII and binary corpus consumers resolve to one category; actual bitmap/material/texture declaration verified after decompilation,sw_plc_mdrn/phod_alienhive01.mdl; sw_plc_mdrn/phod_alienhive02.mdl
sw_plc_cep/phod_alienmush2.dds,sw_plc_mdrn/phod_alienmush2.dds,349572,028d761b85a88f7f55120925a6665e91787b147ef20a8d0dfe4e0a276e6937f9,All observed ASCII and binary corpus consumers resolve to one category; actual bitmap/material/texture declaration verified after decompilation,sw_plc_mdrn/phod_alienhive03.mdl
sw_plc_cep/phod_alienresin.dds,sw_plc_mdrn/phod_alienresin.dds,43724,e45628723528627b40fff2734e0220989fa891d724ee8fe72c34789e02897f9d,All observed ASCII and binary corpus consumers resolve to one category; actual bitmap/material/texture declaration verified after decompilation,sw_plc_mdrn/phod_alienhive01.mdl; sw_plc_mdrn/phod_alienhive02.mdl
sw_plc_cep/phod_altaroid.dds,sw_plc/phod_altaroid.dds,174796,3938a24556f744ec10f6c2339c799c3c3ff970592b0eb6dc357ad25422d0f599,All observed ASCII and binary corpus consumers resolve to one category; actual bitmap/material/texture declaration verified after decompilation,sw_plc/phod_altar_basil.mdl; sw_plc/phod_altar_bug.mdl; sw_plc/phod_altar_x.mdl
sw_plc_cep/phod_animstat1.dds,sw_plc/phod_animstat1.dds,174796,2d9aa42927995f60d7cc165fd41f0191e03503256ebb466735e9751bc7fd28fd,All observed ASCII and binary corpus consumers resolve to one category; actual bitmap/material/texture declaration verified after decompilation,sw_plc/phod_altultevil.mdl; sw_plc/phod_idol_girat.mdl; sw_plc/phod_idol_hyena.mdl; sw_plc/phod_idol_ox.mdl; sw_plc/phod_idol_shark.mdl; sw_plc/phod_idol_shark.mdl; sw_plc/phod_idol_wolf.mdl; sw_plc/phod_stat_ox.mdl
sw_plc_cep/phod_animstat2.dds,sw_plc/phod_animstat2.dds,174796,80319609ed2dc8670b060171a4400858092a6ef7ff02ee71939aee429d27480a,All observed ASCII and binary corpus consumers resolve to one category; actual bitmap/material/texture declaration verified after decompilation,sw_plc/phod_idol_boar.mdl; sw_plc/phod_idol_panth.mdl; sw_plc/phod_waystone3.mdl
sw_plc_cep/phod_animstat3.dds,sw_plc/phod_animstat3.dds,174796,22d077c4f91743d8dd2e7fe49cec0c78d36946c1acabca4ea8c9cea6a87b0b20,All observed ASCII and binary corpus consumers resolve to one category; actual bitmap/material/texture declaration verified after decompilation,sw_plc/phod_idol_bear.mdl; sw_plc/phod_idol_eagle.mdl; sw_plc/phod_idol_shark.mdl
sw_plc_cep/phod_animstat4.dds,sw_plc/phod_animstat4.dds,174796,3ab5d0361590f974eea02e11b4dc6d21df6fd7c612cd274786c2599fa5aabc3c,All observed ASCII and binary corpus consumers resolve to one category; actual bitmap/material/texture declaration verified after decompilation,sw_plc/phod_acrostat.mdl; sw_plc/phod_altultevil.mdl; sw_plc/phod_idol_boar.mdl; sw_plc/phod_idol_deer.mdl; sw_plc/phod_idol_girat.mdl; sw_plc/phod_idol_shark.mdl
sw_plc_cep/phod_animstat5.dds,sw_plc/phod_animstat5.dds,174796,d2d8db57a6039e6bdce42272b9671a90db0d73e3a9d5c02f91406810a7a1e9bb,All observed ASCII and binary corpus consumers resolve to one category; actual bitmap/material/texture declaration verified after decompilation,sw_plc/phod_altultevil.mdl; sw_plc/phod_idol_bear.mdl; sw_plc/phod_idol_deer.mdl; sw_plc/phod_idol_ox.mdl; sw_plc/phod_stat_ox.mdl
sw_plc_cep/phod_animstat7.dds,sw_plc/phod_animstat7.dds,174796,640b39d51ed9c4c50e9c51e6a252678132c309031c82be0e921b331e3752a7cc,All observed ASCII and binary corpus consumers resolve to one category; actual bitmap/material/texture declaration verified after decompilation,sw_plc/phod_acrostat.mdl; sw_plc/phod_idol_eagle.mdl; sw_plc/phod_idol_panth.mdl
sw_plc_cep/phod_apcint.dds,sw_plc_mdrn/phod_apcint.dds,174796,be66b4cfc54ee7cfde0f47a6a1195b6faeae2cde67cbc09e9ee1273c04fb9900,All observed ASCII and binary corpus consumers resolve to one category; actual bitmap/material/texture declaration verified after decompilation,sw_plc_mdrn/phod_apc1.mdl; sw_plc_mdrn/phod_apc2.mdl
sw_plc_cep/phod_apcmushed1.dds,sw_plc_mdrn/phod_apcmushed1.dds,87428,5e47243f31b1573d0b9ac45aaa5a0247c8e9770c190497ffa43bce34af71c4ab,All observed ASCII and binary corpus consumers resolve to one category; actual bitmap/material/texture declaration verified after decompilation,sw_plc_mdrn/phod_apc3.mdl
sw_plc_cep/phod_apcmushed2.dds,sw_plc_mdrn/phod_apcmushed2.dds,87428,9d27b1b7f75975d41cd2f016bd016307cf66442cf4edf2ab4f696abeff1b4911,All observed ASCII and binary corpus consumers resolve to one category; actual bitmap/material/texture declaration verified after decompilation,sw_plc_mdrn/phod_apc3.mdl
sw_plc_cep/phod_asc_a12.dds,sw_plc/phod_asc_a12.dds,174796,1590d3c7353de0f845470c86b31bb95f5f5a09faa7d6b1f54e438cfd7229f159,All observed ASCII and binary corpus consumers resolve to one category; actual bitmap/material/texture declaration verified after decompilation,sw_plc/phod_aegygate01.mdl; sw_plc/phod_aegyoblk03.mdl; sw_plc/phod_aegypil01.mdl; sw_plc/phod_aegypyhl01.mdl; sw_plc/phod_aegytemp03.mdl
sw_plc_cep/phod_asc_c03.dds,sw_plc/phod_asc_c03.dds,174796,619929e873a591bcf0c03cce9e7356f6fdd3562a1757ae999893930c68b6eb2f,All observed ASCII and binary corpus consumers resolve to one category; actual bitmap/material/texture declaration verified after decompilation,sw_plc/phod_africa2city.mdl; sw_plc/phod_africa2temp.mdl; sw_plc/phod_afritemp.mdl
sw_plc_cep/phod_asjbase.dds,sw_plc_mdrn/phod_asjbase.dds,174796,7094e3c12e186ed392670f3a32e2638723e847c7680efdf2f96418af1b5a2f2c,All observed ASCII and binary corpus consumers resolve to one category; actual bitmap/material/texture declaration verified after decompilation,sw_plc_mdrn/phod_aliendc1.mdl; sw_plc_mdrn/phod_aliendc2.mdl; sw_plc_mdrn/phod_alienpilot.mdl; sw_plc_mdrn/phod_alienpilot.mdl; sw_plc_mdrn/phod_alienpilot.mdl; sw_plc_mdrn/phod_alienpilot.mdl; sw_plc_mdrn/phod_alienpilot.mdl; sw_plc_mdrn/phod_alienpilot.mdl
sw_plc_cep/phod_asjbiomech.dds,sw_plc_mdrn/phod_asjbiomech.dds,174796,98e37ce23639a90f7968f756ef342125d97ed2312889b7347cb698c7586389df,All observed ASCII and binary corpus consumers resolve to one category; actual bitmap/material/texture declaration verified after decompilation,sw_plc_mdrn/phod_alienpilot.mdl; sw_plc_mdrn/phod_alienpilot.mdl; sw_plc_mdrn/phod_alienpilot.mdl
sw_plc_cep/phod_asjblobs.dds,sw_plc_mdrn/phod_asjblobs.dds,174796,27c9287be2b8aea9104d5d326f0e89fb80f2151511f85ffe65152347f4bde720,All observed ASCII and binary corpus consumers resolve to one category; actual bitmap/material/texture declaration verified after decompilation,sw_plc_mdrn/phod_alienpilot.mdl; sw_plc_mdrn/phod_alienpilot.mdl; sw_plc_mdrn/phod_alienpilot.mdl; sw_plc_mdrn/phod_alienpilot.mdl
sw_plc_cep/phod_asjbrace.dds,sw_plc_mdrn/phod_asjbrace.dds,174796,f5f8c0eb3cef23e6019c6eac337456efc12c349796b2cc0aa1bb12d4371c23de,All observed ASCII and binary corpus consumers resolve to one category; actual bitmap/material/texture declaration verified after decompilation,sw_plc_mdrn/phod_aliendc1.mdl; sw_plc_mdrn/phod_aliendc1.mdl; sw_plc_mdrn/phod_aliendc1.mdl; sw_plc_mdrn/phod_aliendc1.mdl; sw_plc_mdrn/phod_aliendc2.mdl; sw_plc_mdrn/phod_aliendc2.mdl; sw_plc_mdrn/phod_alienpilot.mdl; sw_plc_mdrn/phod_alienpilot.mdl
sw_plc_cep/phod_asjdais.dds,sw_plc_mdrn/phod_asjdais.dds,43724,3078d89839f0105e0b2eceb8f2ca85b395db335e521d5c09218fb051312d5d5f,All observed ASCII and binary corpus consumers resolve to one category; actual bitmap/material/texture declaration verified after decompilation,sw_plc_mdrn/phod_alienpilot.mdl
sw_plc_cep/phod_asjmush.dds,sw_plc_mdrn/phod_asjmush.dds,174796,59497db2bf423c2743eaf30476d95c9f138d13b72992e4977222b86e40028c15,All observed ASCII and binary corpus consumers resolve to one category; actual bitmap/material/texture declaration verified after decompilation,sw_plc_mdrn/phod_aliendc5.mdl; sw_plc_mdrn/phod_alienpilot.mdl; sw_plc_mdrn/phod_alienpilot.mdl
sw_plc_cep/phod_asjstriate.dds,sw_plc_mdrn/phod_asjstriate.dds,174796,e1603fd58f816ddb7c116a5609cc57246d23977acc155457dcde9bebfcc3d25c,All observed ASCII and binary corpus consumers resolve to one category; actual bitmap/material/texture declaration verified after decompilation,sw_plc_mdrn/phod_aliendc1.mdl; sw_plc_mdrn/phod_aliendc1.mdl; sw_plc_mdrn/phod_aliendc1.mdl; sw_plc_mdrn/phod_aliendc1.mdl; sw_plc_mdrn/phod_aliendc1.mdl; sw_plc_mdrn/phod_aliendc2.mdl; sw_plc_mdrn/phod_alienpilot.mdl
sw_plc_cep/phod_asjthing.dds,sw_plc_mdrn/phod_asjthing.dds,174796,4b3c9745c677e1a53683992d743aa558d106057a4a30e7d04dcff4d30f065603,All observed ASCII and binary corpus consumers resolve to one category; actual bitmap/material/texture declaration verified after decompilation,sw_plc_mdrn/phod_alienpilot.mdl; sw_plc_mdrn/phod_alienpilot.mdl; sw_plc_mdrn/phod_alienpilot.mdl
sw_plc_cep/phod_baobab1.dds,sw_plc/phod_baobab1.dds,174796,676d2c48feca1ac101d27b5874df9e572bed46ba4b78053a7b62490b4d378621,All observed ASCII and binary corpus consumers resolve to one category; actual bitmap/material/texture declaration verified after decompilation,sw_plc/phod_baobabt.mdl
sw_plc_cep/phod_baobab2.dds,sw_plc/phod_baobab2.dds,21892,4d6fd75f14567fdbe83e21f696a66c0101dcfaba201b5a4035ac7258b9dd2dce,All observed ASCII and binary corpus consumers resolve to one category; actual bitmap/material/texture declaration verified after decompilation,sw_plc/phod_baobabt.mdl
sw_plc_cep/phod_bowlmonkb.dds,sw_plc/phod_bowlmonkb.dds,174796,21525c719cdacbf5d37d158f46a3ca71389939c30ec59e44e76fd5620000ac0a,All observed ASCII and binary corpus consumers resolve to one category; actual bitmap/material/texture declaration verified after decompilation,sw_plc/phod_bowlmonk2.mdl; sw_plc/phod_bowlmonk3.mdl; sw_plc/phod_bowlmonk4.mdl
sw_plc_cep/phod_bowlmonkh.dds,sw_plc/phod_bowlmonkh.dds,174796,6e3ca6dd36ee4a7482d5698fb781114dee9ad0890300c8ae028af7ac25c8f173,All observed ASCII and binary corpus consumers resolve to one category; actual bitmap/material/texture declaration verified after decompilation,sw_plc/phod_bowlmonk2.mdl; sw_plc/phod_bowlmonk3.mdl; sw_plc/phod_bowlmonk4.mdl
sw_plc_cep/phod_burn.dds,sw_plc/phod_burn.dds,174796,35ae4ee05d4294ac56aa6f2ad4ca98e2043b5a1b4baea1d1e5a3700e961c89ce,All observed ASCII and binary corpus consumers resolve to one category; actual bitmap/material/texture declaration verified after decompilation,sw_plc/phod_burn1.mdl; sw_plc/phod_burn1.mdl; sw_plc/phod_burn1.mdl; sw_plc/phod_burn1.mdl; sw_plc/phod_burn1.mdl; sw_plc/phod_burn1.mdl; sw_plc/phod_burn1.mdl; sw_plc/phod_burn1.mdl
sw_plc_cep/phod_dogstatb.dds,sw_plc/phod_dogstatb.dds,174796,ae75a334bdb23c2187fb6b6d13f1e41f53ff0ec53e477d0e6d5738cc114533e7,All observed ASCII and binary corpus consumers resolve to one category; actual bitmap/material/texture declaration verified after decompilation,sw_plc/phod_dogstatl.mdl
sw_plc_cep/phod_dogstath.dds,sw_plc/phod_dogstath.dds,87420,fd88443cadf198e638280416372a1718aca2d5a7f313669e74ace8ddf57260b8,All observed ASCII and binary corpus consumers resolve to one category; actual bitmap/material/texture declaration verified after decompilation,sw_plc/phod_dogstatl.mdl
sw_plc_cep/phod_drow_sca.dds,sw_plc/phod_drow_sca.dds,174796,0498289f7a86f965a3f0384c8c4feb923a44784231cf8160864202e1b181b61a,All observed ASCII and binary corpus consumers resolve to one category; actual bitmap/material/texture declaration verified after decompilation,sw_plc/phod_drow_spid01.mdl; sw_plc/phod_drow_spid01.mdl; sw_plc/phod_drow_spid02.mdl; sw_plc/phod_drow_spid02.mdl
sw_plc_cep/phod_drow_sss.dds,sw_plc/phod_drow_sss.dds,174796,6dabd19b9500eaf5c3dde0fb48f36b046ec9265a00152a0c2a3dd42fc9a8b6f6,All observed ASCII and binary corpus consumers resolve to one category; actual bitmap/material/texture declaration verified after decompilation,sw_plc/phod_drow_spid01.mdl; sw_plc/phod_drow_spid01.mdl; sw_plc/phod_drow_spid01.mdl; sw_plc/phod_drow_spid01.mdl; sw_plc/phod_drow_spid02.mdl; sw_plc/phod_drow_spid02.mdl; sw_plc/phod_drow_spid02.mdl; sw_plc/phod_drow_spid02.mdl
sw_plc_cep/phod_drowboite.dds,sw_plc/phod_drowboite.dds,174796,253170448001bca5696a6ac7fede317e41ee97c0c178bed1898fd2d4a18d7422,All observed ASCII and binary corpus consumers resolve to one category; actual bitmap/material/texture declaration verified after decompilation,sw_plc/phod_boite_drow1.mdl; sw_plc/phod_boite_drow1.mdl; sw_plc/phod_boite_drow2.mdl; sw_plc/phod_boite_drow2.mdl; sw_plc/phod_boite_drow3.mdl; sw_plc/phod_boite_drow3.mdl; sw_plc/phod_boite_drow4.mdl; sw_plc/phod_boite_drow4.mdl
sw_plc_cep/phod_dw1f.dds,sw_plc_mdrn/phod_dw1f.dds,174796,b13c1f298da70def8e574f53ebf4ca40799f36b8ce07f44ef28ac8c84d767bcf,All observed ASCII and binary corpus consumers resolve to one category; actual bitmap/material/texture declaration verified after decompilation,sw_plc_mdrn/phod_dwho07.mdl
sw_plc_cep/phod_dw1l.dds,sw_plc_mdrn/phod_dw1l.dds,10956,eb16644c7a5416eb70064cffbe019e897adddb660008115a4f75a5997f9818a9,All observed ASCII and binary corpus consumers resolve to one category; actual bitmap/material/texture declaration verified after decompilation,sw_plc_mdrn/phod_dwho07.mdl
sw_plc_cep/phod_dw1p.dds,sw_plc_mdrn/phod_dw1p.dds,174796,79f2fc94d3c782a788b87c7582de107347a54ce3d55a900b800ac0d55a6069f2,All observed ASCII and binary corpus consumers resolve to one category; actual bitmap/material/texture declaration verified after decompilation,sw_plc_mdrn/phod_dwho07.mdl; sw_plc_mdrn/phod_dwho07.mdl
sw_plc_cep/phod_dw3p1.dds,sw_plc_mdrn/phod_dw3p1.dds,174796,96ee8ba0e4e0363c9d10af2d81e4946a60d5cdb81763021bc3be24548c40a1d1,All observed ASCII and binary corpus consumers resolve to one category; actual bitmap/material/texture declaration verified after decompilation,sw_plc_mdrn/phod_dwho05.mdl; sw_plc_mdrn/phod_dwho05.mdl; sw_plc_mdrn/phod_dwho05.mdl; sw_plc_mdrn/phod_dwho05.mdl; sw_plc_mdrn/phod_dwho05.mdl; sw_plc_mdrn/phod_dwho05.mdl; sw_plc_mdrn/phod_dwho05.mdl; sw_plc_mdrn/phod_dwho05.mdl
sw_plc_cep/phod_dw3s1.dds,sw_plc_mdrn/phod_dw3s1.dds,10956,a48ee3ef69c8ae2bfe2edd07978647ad81bbca15b1f2ffe278aaaa35a5711a89,All observed ASCII and binary corpus consumers resolve to one category; actual bitmap/material/texture declaration verified after decompilation,sw_plc_mdrn/phod_dwho05.mdl; sw_plc_mdrn/phod_dwho05.mdl; sw_plc_mdrn/phod_dwho05.mdl
sw_plc_cep/phod_dw3s2.dds,sw_plc_mdrn/phod_dw3s2.dds,10956,f809a956b1144c908685ee44b4c8101046aeb4f8c4946116438b7f921a596ada,All observed ASCII and binary corpus consumers resolve to one category; actual bitmap/material/texture declaration verified after decompilation,sw_plc_mdrn/phod_dwho05.mdl; sw_plc_mdrn/phod_dwho05.mdl
sw_plc_cep/phod_dw3w1.dds,sw_plc_mdrn/phod_dw3w1.dds,174796,a50a71f5ad0155ca3833b9f38845b7b2096573cf3784a78132c64f7a2afcf578,All observed ASCII and binary corpus consumers resolve to one category; actual bitmap/material/texture declaration verified after decompilation,sw_plc_mdrn/phod_dwho05.mdl; sw_plc_mdrn/phod_dwho05.mdl; sw_plc_mdrn/phod_dwho05.mdl; sw_plc_mdrn/phod_dwho05.mdl; sw_plc_mdrn/phod_dwho05.mdl; sw_plc_mdrn/phod_dwho05.mdl; sw_plc_mdrn/phod_dwho05.mdl; sw_plc_mdrn/phod_dwho05.mdl
sw_plc_cep/phod_dw3w2.dds,sw_plc_mdrn/phod_dw3w2.dds,174796,dddcbbc8097c1f0b20938284bda9d18f67f47d77ce1f0c6aa237386c42a13fa3,All observed ASCII and binary corpus consumers resolve to one category; actual bitmap/material/texture declaration verified after decompilation,sw_plc_mdrn/phod_dwho05.mdl; sw_plc_mdrn/phod_dwho05.mdl; sw_plc_mdrn/phod_dwho05.mdl; sw_plc_mdrn/phod_dwho05.mdl; sw_plc_mdrn/phod_dwho05.mdl; sw_plc_mdrn/phod_dwho05.mdl; sw_plc_mdrn/phod_dwho05.mdl; sw_plc_mdrn/phod_dwho05.mdl
sw_plc_cep/phod_dw3w3.dds,sw_plc_mdrn/phod_dw3w3.dds,174796,774cef7579b21b1ff1ca08c681b03980624205fcb26185745df333f9434ad595,All observed ASCII and binary corpus consumers resolve to one category; actual bitmap/material/texture declaration verified after decompilation,sw_plc_mdrn/phod_dwho05.mdl; sw_plc_mdrn/phod_dwho05.mdl; sw_plc_mdrn/phod_dwho05.mdl; sw_plc_mdrn/phod_dwho05.mdl; sw_plc_mdrn/phod_dwho05.mdl; sw_plc_mdrn/phod_dwho05.mdl; sw_plc_mdrn/phod_dwho05.mdl; sw_plc_mdrn/phod_dwho05.mdl
sw_plc_cep/phod_fac13a.dds,sw_plc_mdrn/phod_fac13a.dds,174796,26d295ee5406fe86fc271966c555453a49f7a5635fb464611d7fc7409a53cb53,All observed ASCII and binary corpus consumers resolve to one category; actual bitmap/material/texture declaration verified after decompilation,sw_plc_mdrn/phod_fac131.mdl; sw_plc_mdrn/phod_fac132.mdl; sw_plc_mdrn/phod_fac134.mdl; sw_plc_mdrn/phod_fac135.mdl; sw_plc_mdrn/phod_facility13a.mdl; sw_plc_mdrn/phod_facility13b.mdl; sw_plc_mdrn/phod_facility13c.mdl; sw_plc_mdrn/phod_facility13d.mdl
sw_plc_cep/phod_fac13b.dds,sw_plc_mdrn/phod_fac13b.dds,174796,0ab5ad5b90e772a29a9696e77a0e32ba2c9d56d29b640202fd8d645ab65cf093,All observed ASCII and binary corpus consumers resolve to one category; actual bitmap/material/texture declaration verified after decompilation,sw_plc_mdrn/phod_dwho07.mdl; sw_plc_mdrn/phod_fac134.mdl; sw_plc_mdrn/phod_facility13a.mdl; sw_plc_mdrn/phod_facility13d.mdl; sw_plc_mdrn/phod_facility13f.mdl; sw_plc_mdrn/phod_flangemin.mdl; sw_plc_mdrn/phod_ztower5f.mdl
sw_plc_cep/phod_fac13c.dds,sw_plc_mdrn/phod_fac13c.dds,174796,935d251ac850cab6aab3b1f2894e2456b835c99149b77514ead78724ee7b328b,All observed ASCII and binary corpus consumers resolve to one category; actual bitmap/material/texture declaration verified after decompilation,sw_plc_mdrn/phod_fac131.mdl; sw_plc_mdrn/phod_fac132.mdl; sw_plc_mdrn/phod_fac133.mdl; sw_plc_mdrn/phod_fac135.mdl; sw_plc_mdrn/phod_facility13a.mdl; sw_plc_mdrn/phod_facility13a.mdl; sw_plc_mdrn/phod_facility13b.mdl; sw_plc_mdrn/phod_facility13c.mdl
sw_plc_cep/phod_fac13d.dds,sw_plc_mdrn/phod_fac13d.dds,174796,67eb10b2e90e0182383f2cdbc24966c0e0a72af2491e51056d2ec89be0c9472d,All observed ASCII and binary corpus consumers resolve to one category; actual bitmap/material/texture declaration verified after decompilation,sw_plc_mdrn/phod_dwho07.mdl; sw_plc_mdrn/phod_fac131.mdl; sw_plc_mdrn/phod_fac131.mdl; sw_plc_mdrn/phod_fac132.mdl; sw_plc_mdrn/phod_fac132.mdl; sw_plc_mdrn/phod_fac133.mdl; sw_plc_mdrn/phod_fac133.mdl; sw_plc_mdrn/phod_fac134.mdl
sw_plc_cep/phod_fac13e.dds,sw_plc_mdrn/phod_fac13e.dds,174796,2e87e9c62986e06d3bc83dec65af517ff25677f8c38faead1ae8673dce643e96,All observed ASCII and binary corpus consumers resolve to one category; actual bitmap/material/texture declaration verified after decompilation,sw_plc_mdrn/phod_facility13a.mdl; sw_plc_mdrn/phod_facility13b.mdl; sw_plc_mdrn/phod_facility13d.mdl; sw_plc_mdrn/phod_facility13e.mdl
sw_plc_cep/phod_fac13f.dds,sw_plc_mdrn/phod_fac13f.dds,174796,36772feee8b8b9dfadd0797839f2df1ab36f8b1ab45742f0565ea278caa70f8e,All observed ASCII and binary corpus consumers resolve to one category; actual bitmap/material/texture declaration verified after decompilation,sw_plc_mdrn/phod_disp05.mdl; sw_plc_mdrn/phod_disp06.mdl; sw_plc_mdrn/phod_fac134.mdl; sw_plc_mdrn/phod_fac135.mdl; sw_plc_mdrn/phod_facility13a.mdl; sw_plc_mdrn/phod_facility13b.mdl; sw_plc_mdrn/phod_facility13f.mdl; sw_plc_mdrn/phod_vessel02.mdl
sw_plc_cep/phod_fac13g.dds,sw_plc_mdrn/phod_fac13g.dds,43724,ab11de2046031bed70c4f63ee6757470311696cf604939428e14ca761c24b89c,All observed ASCII and binary corpus consumers resolve to one category; actual bitmap/material/texture declaration verified after decompilation,sw_plc_mdrn/phod_facility13a.mdl; sw_plc_mdrn/phod_facility13b.mdl
sw_plc_cep/phod_fac13h.dds,sw_plc_mdrn/phod_fac13h.dds,174796,e617653127f0374de1e3ede04113c572ef45545193d1a12cc16f6b0b9e791c38,All observed ASCII and binary corpus consumers resolve to one category; actual bitmap/material/texture declaration verified after decompilation,sw_plc_mdrn/phod_facility13a.mdl; sw_plc_mdrn/phod_facility13b.mdl; sw_plc_mdrn/phod_x3generator.mdl; sw_plc_mdrn/phod_x3lab.mdl
sw_plc_cep/phod_fac13i.dds,sw_plc_mdrn/phod_fac13i.dds,174796,fd601dc20e671a7c382f7b2453a0b42922ff571413676f090b01abf868a5dc6c,All observed ASCII and binary corpus consumers resolve to one category; actual bitmap/material/texture declaration verified after decompilation,sw_plc_mdrn/phod_fac131.mdl; sw_plc_mdrn/phod_fac132.mdl; sw_plc_mdrn/phod_fac133.mdl; sw_plc_mdrn/phod_facility13a.mdl; sw_plc_mdrn/phod_facility13b.mdl; sw_plc_mdrn/phod_x3council.mdl
sw_plc_cep/phod_fac13j.dds,sw_plc_mdrn/phod_fac13j.dds,43740,99bad0657ae67bef69ae9c1c6453375b810334bd7baf501eaa0a57d65022eb97,All observed ASCII and binary corpus consumers resolve to one category; actual bitmap/material/texture declaration verified after decompilation,sw_plc_mdrn/phod_facility13b.mdl
sw_plc_cep/phod_fac13k.dds,sw_plc_mdrn/phod_fac13k.dds,174796,663a5161d40099488680b3a124d36ad7de942af5e368ca67ee9cdd9a674e00b2,All observed ASCII and binary corpus consumers resolve to one category; actual bitmap/material/texture declaration verified after decompilation,sw_plc_mdrn/phod_facility13f.mdl
sw_plc_cep/phod_fac13l.dds,sw_plc_mdrn/phod_fac13l.dds,10956,242e59b10ee735126ab64a5ad558f06b28e2c75b6998d76675b454415618e789,All observed ASCII and binary corpus consumers resolve to one category; actual bitmap/material/texture declaration verified after decompilation,sw_plc_mdrn/phod_facility13f.mdl; sw_plc_mdrn/phod_vessel02.mdl
sw_plc_cep/phod_fac13m.dds,sw_plc_mdrn/phod_fac13m.dds,10956,d0f79734d00808583a8da1ad9b68a5724087b834ad84dd3500fb22d084aad766,All observed ASCII and binary corpus consumers resolve to one category; actual bitmap/material/texture declaration verified after decompilation,sw_plc_mdrn/phod_facility13f.mdl
sw_plc_cep/phod_fcol1lt.dds,sw_plc_mdrn/phod_fcol1lt.dds,21884,3b017ab77bd2f23ff3ef9b658493e1ddea4e6aca8c58e89189a45e9c6cae9418,All observed ASCII and binary corpus consumers resolve to one category; actual bitmap/material/texture declaration verified after decompilation,sw_plc_mdrn/phod_fac131.mdl; sw_plc_mdrn/phod_fac132.mdl; sw_plc_mdrn/phod_fac133.mdl; sw_plc_mdrn/phod_facility13a.mdl; sw_plc_mdrn/phod_facility13b.mdl; sw_plc_mdrn/phod_fcol1a.mdl; sw_plc_mdrn/phod_fcol1b.mdl; sw_plc_mdrn/phod_fcol1c.mdl
sw_plc_cep/phod_fcol1mb.dds,sw_plc_mdrn/phod_fcol1mb.dds,174796,b8509be88a783bf4d7d141cc068ffccca26ccea6d3cd488c1ad45afb1c5fc9db,All observed ASCII and binary corpus consumers resolve to one category; actual bitmap/material/texture declaration verified after decompilation,sw_plc_mdrn/phod_fcol1a.mdl; sw_plc_mdrn/phod_fcol1b.mdl; sw_plc_mdrn/phod_fcol1c.mdl; sw_plc_mdrn/phod_fcol1d.mdl; sw_plc_mdrn/phod_fcol1e.mdl; sw_plc_mdrn/phod_ztower6f.mdl
sw_plc_cep/phod_fcol1pw.dds,sw_plc_mdrn/phod_fcol1pw.dds,174796,808257188a7cafea7d9fc39b9e9ba6418ea5a87f376b8fdb5ef0f4872f6462fe,All observed ASCII and binary corpus consumers resolve to one category; actual bitmap/material/texture declaration verified after decompilation,sw_plc_mdrn/phod_fcol1a.mdl; sw_plc_mdrn/phod_fcol1b.mdl; sw_plc_mdrn/phod_fcol1c.mdl; sw_plc_mdrn/phod_fcol1d.mdl; sw_plc_mdrn/phod_fcol1e.mdl; sw_plc_mdrn/phod_vessel03.mdl; sw_plc_mdrn/phod_ztower6f.mdl
sw_plc_cep/phod_fcol1ss.dds,sw_plc_mdrn/phod_fcol1ss.dds,174796,b0e3e5fa8242b35114549f82695de6dccc59123cbcc60b2e266d5c8c2586e31a,All observed ASCII and binary corpus consumers resolve to one category; actual bitmap/material/texture declaration verified after decompilation,sw_plc_mdrn/phod_fcol1a.mdl; sw_plc_mdrn/phod_fcol1b.mdl; sw_plc_mdrn/phod_fcol1c.mdl; sw_plc_mdrn/phod_fcol1d.mdl; sw_plc_mdrn/phod_fcol1e.mdl; sw_plc_mdrn/phod_vessel02.mdl; sw_plc_mdrn/phod_vessel03.mdl; sw_plc_mdrn/phod_x3lab.mdl
sw_plc_cep/phod_fcol1wd.dds,sw_plc_mdrn/phod_fcol1wd.dds,43724,646e5acfd1d89521766afd4de3bfcc009a9f68569f5cd4e6ec3bb0e27cbd9bf1,All observed ASCII and binary corpus consumers resolve to one category; actual bitmap/material/texture declaration verified after decompilation,sw_plc_mdrn/phod_fac131.mdl; sw_plc_mdrn/phod_fac132.mdl; sw_plc_mdrn/phod_fac135.mdl; sw_plc_mdrn/phod_facility13b.mdl; sw_plc_mdrn/phod_fcol1a.mdl; sw_plc_mdrn/phod_fcol1b.mdl; sw_plc_mdrn/phod_fcol1e.mdl
sw_plc_cep/phod_fcol1xa.dds,sw_plc_mdrn/phod_fcol1xa.dds,174796,d7854cd7b81375c9f4d5d444989cc70a77cd4586afb886dabde62564b914ed9f,All observed ASCII and binary corpus consumers resolve to one category; actual bitmap/material/texture declaration verified after decompilation,sw_plc_mdrn/phod_fcol1a.mdl; sw_plc_mdrn/phod_fcol1b.mdl; sw_plc_mdrn/phod_fcol1d.mdl; sw_plc_mdrn/phod_fcol2a.mdl; sw_plc_mdrn/phod_fcol2b.mdl; sw_plc_mdrn/phod_fcol2d.mdl; sw_plc_mdrn/phod_vessel02.mdl
sw_plc_cep/phod_fcol2mb.dds,sw_plc_mdrn/phod_fcol2mb.dds,174796,df40c14375da0d5f3e3ed9ced1ea9a64e46d6d65afdaeccfa5d37f7ad967ea5b,All observed ASCII and binary corpus consumers resolve to one category; actual bitmap/material/texture declaration verified after decompilation,sw_plc_mdrn/phod_fcol2a.mdl; sw_plc_mdrn/phod_fcol2b.mdl; sw_plc_mdrn/phod_fcol2c.mdl; sw_plc_mdrn/phod_fcol2d.mdl; sw_plc_mdrn/phod_fcol2e.mdl; sw_plc_mdrn/phod_vessel02.mdl
sw_plc_cep/phod_fcol2ss.dds,sw_plc_mdrn/phod_fcol2ss.dds,174796,479cbfaf68916f54a553e2d6d0fe0923d4fe2a5f287e6e76d9cdc3739849905d,All observed ASCII and binary corpus consumers resolve to one category; actual bitmap/material/texture declaration verified after decompilation,sw_plc_mdrn/phod_fcol2a.mdl; sw_plc_mdrn/phod_fcol2a.mdl; sw_plc_mdrn/phod_fcol2b.mdl; sw_plc_mdrn/phod_fcol2b.mdl; sw_plc_mdrn/phod_fcol2c.mdl; sw_plc_mdrn/phod_fcol2c.mdl; sw_plc_mdrn/phod_fcol2d.mdl; sw_plc_mdrn/phod_fcol2d.mdl
sw_plc_cep/phod_fcol2wd.dds,sw_plc_mdrn/phod_fcol2wd.dds,43724,b7cc9ac166733c77f7cff737cf5d572cf17ef207870ccf2cf301a1f8d8a8a400,All observed ASCII and binary corpus consumers resolve to one category; actual bitmap/material/texture declaration verified after decompilation,sw_plc_mdrn/phod_fcol2a.mdl; sw_plc_mdrn/phod_fcol2b.mdl; sw_plc_mdrn/phod_fcol2e.mdl; sw_plc_mdrn/phod_x3council.mdl
sw_plc_cep/phod_flange1.dds,sw_plc_mdrn/phod_flange1.dds,174796,1b85ca7b5b48ec27dcfd7234a6a14a72d645f7ba3985ceea0323ba7a3abc6536,All observed ASCII and binary corpus consumers resolve to one category; actual bitmap/material/texture declaration verified after decompilation,sw_plc_mdrn/phod_flangemaj.mdl; sw_plc_mdrn/phod_flangemaj.mdl; sw_plc_mdrn/phod_klump.mdl; sw_plc_mdrn/phod_x3lab.mdl
sw_plc_cep/phod_flange2.dds,sw_plc_mdrn/phod_flange2.dds,174796,ef55aa516aa1c6ae030c2f28ab4a7a7f777325d3d8dc69e43f14c844a6971c4a,All observed ASCII and binary corpus consumers resolve to one category; actual bitmap/material/texture declaration verified after decompilation,sw_plc_mdrn/phod_flangemaj.mdl; sw_plc_mdrn/phod_klump.mdl; sw_plc_mdrn/phod_x3council.mdl; sw_plc_mdrn/phod_x3lab.mdl; sw_plc_mdrn/phod_ztower4f.mdl; sw_plc_mdrn/phod_ztower6f.mdl
sw_plc_cep/phod_flange3.dds,sw_plc_mdrn/phod_flange3.dds,174796,c30d223f672097e2e8dffcc8ca74df18683f13f664f744ad0e8b5233c6dcec5b,All observed ASCII and binary corpus consumers resolve to one category; actual bitmap/material/texture declaration verified after decompilation,sw_plc_mdrn/phod_flangemin.mdl; sw_plc_mdrn/phod_flangemin.mdl; sw_plc_mdrn/phod_x3lab.mdl
sw_plc_cep/phod_fx_eye.tga,sw_plc/phod_fx_eye.tga,196626,2d9da77e792925131e6be3cbdb0f50d6363adf240d0b4cb1782b07f0d016226f,All observed ASCII and binary corpus consumers resolve to one category; actual bitmap/material/texture declaration verified after decompilation,sw_plc/phod_fx_eye2blu.mdl; sw_plc/phod_fx_eye2grn.mdl; sw_plc/phod_fx_eye2org.mdl; sw_plc/phod_fx_eye2pnk.mdl; sw_plc/phod_fx_eye2red.mdl; sw_plc/phod_fx_eye2trq.mdl; sw_plc/phod_fx_eye2wht.mdl; sw_plc/phod_fx_eye2ylw.mdl
sw_plc_cep/phod_fx_pntgrm.tga,sw_plc/phod_fx_pntgrm.tga,196626,6fb148e38181731630862ff04ec0c820995d39dea6117bdf3dffa5e70f156678,All observed ASCII and binary corpus consumers resolve to one category; actual bitmap/material/texture declaration verified after decompilation,sw_plc/phod_fx_pntgrm1.mdl; sw_plc/phod_fx_pntgrm1.mdl; sw_plc/phod_fx_pntgrm2.mdl; sw_plc/phod_fx_pntgrm2.mdl
sw_plc_cep/phod_gcog.dds,sw_plc/phod_gcog.dds,174796,7f551222db96246885b0e7eeec526ef65072a87a6713346c4adfdd1149858232,All observed ASCII and binary corpus consumers resolve to one category; actual bitmap/material/texture declaration verified after decompilation,sw_plc/phod_gcog02.mdl
sw_plc_cep/phod_kpile.tga,sw_plc_mdrn/phod_kpile.tga,98322,67ca118c9039e9695038759e51592afa8be3815a40b5d3847b6d6f06e3d17d48,All observed ASCII and binary corpus consumers resolve to one category; actual bitmap/material/texture declaration verified after decompilation,sw_plc_mdrn/phod_kpile1.mdl
sw_plc_cep/phod_kraalbark.dds,sw_plc/phod_kraalbark.dds,43724,0ebbf3b47e7ae5d59147b5013eae08e751910ee1c0fa5ca66c1d872536f00f6f,All observed ASCII and binary corpus consumers resolve to one category; actual bitmap/material/texture declaration verified after decompilation,sw_plc/phod_gubfence3.mdl; sw_plc/phod_kraal4x.mdl; sw_plc/phod_kraal6x.mdl
sw_plc_cep/phod_kraalbead.dds,sw_plc/phod_kraalbead.dds,174796,8864dfa3e68a74423d401f8935b35970e8de96813d47b2246c3867d4204ffa4b,All observed ASCII and binary corpus consumers resolve to one category; actual bitmap/material/texture declaration verified after decompilation,sw_plc/phod_kraal1x.mdl; sw_plc/phod_kraal4x.mdl; sw_plc/phod_kraal6x.mdl
sw_plc_cep/phod_kraalbrnc.dds,sw_plc/phod_kraalbrnc.dds,174796,0d002c00bdb9537fc60bcf61dab02113760cdb9534fa9cfa7370572586cf6255,All observed ASCII and binary corpus consumers resolve to one category; actual bitmap/material/texture declaration verified after decompilation,sw_plc/phod_kraal1x.mdl; sw_plc/phod_kraal4x.mdl
sw_plc_cep/phod_kraalrope.dds,sw_plc/phod_kraalrope.dds,10956,adf32461488c8e5dcd346d92431dfcc5238bf63d6060f0efa8a229789239fe49,All observed ASCII and binary corpus consumers resolve to one category; actual bitmap/material/texture declaration verified after decompilation,sw_plc/phod_kraalarch.mdl
sw_plc_cep/phod_kraalshi.dds,sw_plc/phod_kraalshi.dds,43724,dbce64b382a39e2664ef89fed9375b510cdb91f74cb17513cc29b827293b8398,All observed ASCII and binary corpus consumers resolve to one category; actual bitmap/material/texture declaration verified after decompilation,sw_plc/phod_kraal1x.mdl; sw_plc/phod_kraal4x.mdl
sw_plc_cep/phod_kraalsoil.dds,sw_plc/phod_kraalsoil.dds,174796,a7048f94569702a97135e640ee067ffb6dacb262f4b1e42f7b7c70681ab005dc,All observed ASCII and binary corpus consumers resolve to one category; actual bitmap/material/texture declaration verified after decompilation,sw_plc/phod_kraalarch.mdl
sw_plc_cep/phod_kraalstmd.dds,sw_plc/phod_kraalstmd.dds,43724,b7b544619862ac7864921f89d30c202e9f847557aff10f45a77d8c401f30965f,All observed ASCII and binary corpus consumers resolve to one category; actual bitmap/material/texture declaration verified after decompilation,sw_plc/phod_kraal6x.mdl
sw_plc_cep/phod_kraalsxsp.dds,sw_plc/phod_kraalsxsp.dds,174796,6366eb2c963d99a6c7de4fdf277864bb0a0b2bf693d24ff3f21eb243ed1c2112,All observed ASCII and binary corpus consumers resolve to one category; actual bitmap/material/texture declaration verified after decompilation,sw_plc/phod_kraal4x.mdl; sw_plc/phod_kraal4x.mdl
sw_plc_cep/phod_kraalthch.dds,sw_plc/phod_kraalthch.dds,174796,4a1e382cfad261fa24438ea000dd5f491c6a09581b2eed55150127778b86cfdd,All observed ASCII and binary corpus consumers resolve to one category; actual bitmap/material/texture declaration verified after decompilation,sw_plc/phod_kraal1x.mdl; sw_plc/phod_kraal4x.mdl
sw_plc_cep/phod_kraaltrim.dds,sw_plc/phod_kraaltrim.dds,43740,7dda7cdcafed4c158e69b6606341b1be071c2f0c10f74bb82bf9ffcd33228fa8,All observed ASCII and binary corpus consumers resolve to one category; actual bitmap/material/texture declaration verified after decompilation,sw_plc/phod_kraal1x.mdl; sw_plc/phod_kraal4x.mdl
sw_plc_cep/phod_kraalwhts.dds,sw_plc/phod_kraalwhts.dds,174796,b0f6ae5035886a5fcca82dd71e449ee120828f5b4122a22338ab9ca88659e6f5,All observed ASCII and binary corpus consumers resolve to one category; actual bitmap/material/texture declaration verified after decompilation,sw_plc/phod_kraal1x.mdl; sw_plc/phod_kraalarch.mdl
sw_plc_cep/phod_kraalwob1.dds,sw_plc/phod_kraalwob1.dds,174796,3c3c3df150a7dbabe878f3936eb43a7367cf0f00feb3597de367f6352f535cc3,All observed ASCII and binary corpus consumers resolve to one category; actual bitmap/material/texture declaration verified after decompilation,sw_plc/phod_kraal1x.mdl
sw_plc_cep/phod_kraalwob2.dds,sw_plc/phod_kraalwob2.dds,174796,46f97baa38e1606cd5436500c2bfc3c5d9b6d431c24df097882baa1b5241549c,All observed ASCII and binary corpus consumers resolve to one category; actual bitmap/material/texture declaration verified after decompilation,sw_plc/phod_kraal1x.mdl
sw_plc_cep/phod_malpalm.dds,sw_plc/phod_malpalm.dds,87428,663bfc6fa220747ea6b88a14437983f3e19d17350e56a7dd901b94f203e52c96,All observed ASCII and binary corpus consumers resolve to one category; actual bitmap/material/texture declaration verified after decompilation,sw_plc/phod_palmoidite.mdl; sw_plc/phod_palmoidite.mdl
sw_plc_cep/phod_maltreeV.dds,sw_plc/phod_maltreeV.dds,174796,beda20ddade3af8b43198826d537d94abcd732c3298d0bd481613d852e5806a1,All observed ASCII and binary corpus consumers resolve to one category; actual bitmap/material/texture declaration verified after decompilation,sw_plc/phod_scruboid6.mdl
sw_plc_cep/phod_metal01.dds,sw_plc/phod_metal01.dds,174796,0c451e3b791315d0538c9f7eff88d0316608696f04b2759accbbfe02689736c1,All observed ASCII and binary corpus consumers resolve to one category; actual bitmap/material/texture declaration verified after decompilation,sw_plc/phod_orbmut.mdl; sw_plc/phod_orbmut.mdl; sw_plc/phod_orbmut.mdl; sw_plc/phod_orbmut.mdl; sw_plc/phod_spheroid03.mdl
sw_plc_cep/phod_orybase2.dds,sw_plc/phod_orybase2.dds,174796,587431e2a2ec0649e259f77cedda4053a61ef33ccc723af90a57cf7cf73f810f,All observed ASCII and binary corpus consumers resolve to one category; actual bitmap/material/texture declaration verified after decompilation,sw_plc/phod_aegyring01.mdl
sw_plc_cep/phod_pilotarm.dds,sw_plc_mdrn/phod_pilotarm.dds,21884,879259138deff04f03c24e34850cc6f1f0f74b45bd2155762c0a161b77adb8b5,All observed ASCII and binary corpus consumers resolve to one category; actual bitmap/material/texture declaration verified after decompilation,sw_plc_mdrn/phod_alienpilot.mdl; sw_plc_mdrn/phod_alienpilot.mdl; sw_plc_mdrn/phod_alienpilot.mdl; sw_plc_mdrn/phod_alienpilot.mdl
sw_plc_cep/phod_pilotbody.dds,sw_plc_mdrn/phod_pilotbody.dds,43724,9f34eb40fd951c0c0ffe3e8ad004497464577c799877de76a0f71e2f0fff5b5d,All observed ASCII and binary corpus consumers resolve to one category; actual bitmap/material/texture declaration verified after decompilation,sw_plc_mdrn/phod_alienpilot.mdl; sw_plc_mdrn/phod_alienpilot.mdl; sw_plc_mdrn/phod_alienpilot.mdl; sw_plc_mdrn/phod_alienpilot.mdl; sw_plc_mdrn/phod_alienpilot.mdl; sw_plc_mdrn/phod_alienpilot.mdl
sw_plc_cep/phod_pilothead.dds,sw_plc_mdrn/phod_pilothead.dds,43724,1de845f0bbfa662a21e05c76d42322a63f33a87ebc6a78409f305811351b3afe,All observed ASCII and binary corpus consumers resolve to one category; actual bitmap/material/texture declaration verified after decompilation,sw_plc_mdrn/phod_alienpilot.mdl
sw_plc_cep/phod_pilotribs.dds,sw_plc_mdrn/phod_pilotribs.dds,43724,0058103de08f4bcab77ea90873c041d8efc9a424edc7dd6aff776b75570d2b42,All observed ASCII and binary corpus consumers resolve to one category; actual bitmap/material/texture declaration verified after decompilation,sw_plc_mdrn/phod_alienpilot.mdl
sw_plc_cep/phod_ploader.dds,sw_plc_mdrn/phod_ploader.dds,174796,3ecf6bb9bf93ad864c43896e52ea97d6962e8d90cc2587f34f14734cd790fd3e,All observed ASCII and binary corpus consumers resolve to one category; actual bitmap/material/texture declaration verified after decompilation,sw_plc_mdrn/phod_ploader1.mdl; sw_plc_mdrn/phod_ploader2.mdl
sw_plc_cep/phod_scribble.dds,sw_plc/phod_scribble.dds,43724,593b51bf1657faabdc206b280647b4cd417edb7addfb2fe4c2f5b8a126ee0b82,All observed ASCII and binary corpus consumers resolve to one category; actual bitmap/material/texture declaration verified after decompilation,sw_plc/phod_runepillar.mdl
sw_plc_cep/phod_skullstone.dds,sw_plc/phod_skullstone.dds,174796,a2ce417ef5157f7014a5366f5cfd46723621c8702bfeae23fba58c38d9e72c39,All observed ASCII and binary corpus consumers resolve to one category; actual bitmap/material/texture declaration verified after decompilation,sw_plc/phod_altultevil.mdl
sw_plc_cep/phod_stone02.dds,sw_plc/phod_stone02.dds,174796,270a8a6c2e8c8f5c17735dc6c05da48ced77961949e2ad5654c139d862501946,All observed ASCII and binary corpus consumers resolve to one category; actual bitmap/material/texture declaration verified after decompilation,sw_plc/phod_arcfount.mdl; sw_plc/phod_orbmut.mdl
sw_plc_cep/phod_stpyp01.dds,sw_plc/phod_stpyp01.dds,43724,557cb330d0ca8758ae1f93d38e23271f6a1cd1be54e1048a2333a976275d54fd,All observed ASCII and binary corpus consumers resolve to one category; actual bitmap/material/texture declaration verified after decompilation,sw_plc/phod_stpy01.mdl
sw_plc_cep/phod_stpyp03.dds,sw_plc/phod_stpyp03.dds,43724,50edc2fd7b7a65f8550c53b241ad124addc6573cce3813086aba4ae9209a0d16,All observed ASCII and binary corpus consumers resolve to one category; actual bitmap/material/texture declaration verified after decompilation,sw_plc/phod_stpy03.mdl
sw_plc_cep/phod_thistle.dds,sw_plc/phod_thistle.dds,43724,572cc2c49c373f2c3b849b496492fc3ba2b76a893e96ad113a255b0779b0332c,All observed ASCII and binary corpus consumers resolve to one category; actual bitmap/material/texture declaration verified after decompilation,sw_plc/phod_thistle1.mdl; sw_plc/phod_thistle1.mdl; sw_plc/phod_thistle1.mdl; sw_plc/phod_thistle2.mdl; sw_plc/phod_thistle2.mdl; sw_plc/phod_thistle2.mdl
sw_plc_cep/phod_ua571c_1.dds,sw_plc_mdrn/phod_ua571c_1.dds,43724,0022f0c9ad5575482effefde3989806ff88986736c573d820e9b42a189d4d6e3,All observed ASCII and binary corpus consumers resolve to one category; actual bitmap/material/texture declaration verified after decompilation,sw_plc_mdrn/phod_sentrygun.mdl
sw_plc_cep/phod_ua571c_2.dds,sw_plc_mdrn/phod_ua571c_2.dds,10956,c3d3177f21d114b857b2e076d6a298b1e77d4144ce49a982539897bff7270649,All observed ASCII and binary corpus consumers resolve to one category; actual bitmap/material/texture declaration verified after decompilation,sw_plc_mdrn/phod_sentrygun.mdl
sw_plc_cep/phod_ultbooksh.dds,sw_plc/phod_ultbooksh.dds,174796,51c9ccb87104122b7de17a8d8fe4059034029eb130778c121aa8a9ad363215ca,All observed ASCII and binary corpus consumers resolve to one category; actual bitmap/material/texture declaration verified after decompilation,sw_plc/phod_ultbooksh01.mdl
sw_plc_cep/phod_vessel2eo.dds,sw_plc_mdrn/phod_vessel2eo.dds,174796,2e8b100ab681bbb0f8b545bb622286362b2ed70b68ba4c88a2f25a9fcb4a0224,All observed ASCII and binary corpus consumers resolve to one category; actual bitmap/material/texture declaration verified after decompilation,sw_plc_mdrn/phod_cistern.mdl; sw_plc_mdrn/phod_vessel02.mdl; sw_plc_mdrn/phod_x3generator.mdl
sw_plc_cep/phod_vessel2mh.dds,sw_plc_mdrn/phod_vessel2mh.dds,174796,49115f5975abf55d265215e096b417acad8d4b2c2d7c20e9e2b8750888448723,All observed ASCII and binary corpus consumers resolve to one category; actual bitmap/material/texture declaration verified after decompilation,sw_plc_mdrn/phod_vessel02.mdl; sw_plc_mdrn/phod_x3generator.mdl; sw_plc_mdrn/phod_x3lab.mdl; sw_plc_mdrn/phod_ztower6f.mdl
sw_plc_cep/phod_vessel2vr.dds,sw_plc_mdrn/phod_vessel2vr.dds,10956,a48ee3ef69c8ae2bfe2edd07978647ad81bbca15b1f2ffe278aaaa35a5711a89,All observed ASCII and binary corpus consumers resolve to one category; actual bitmap/material/texture declaration verified after decompilation,sw_plc_mdrn/phod_vessel02.mdl
sw_plc_cep/phod_vsl01_a.dds,sw_plc_mdrn/phod_vsl01_a.dds,174796,65ba349b3fd3b64dd2e99f1eca634b586ef168c84bab819d88c10aa9ba3b3517,All observed ASCII and binary corpus consumers resolve to one category; actual bitmap/material/texture declaration verified after decompilation,sw_plc_mdrn/phod_vessel01.mdl; sw_plc_mdrn/phod_vessel01.mdl; sw_plc_mdrn/phod_vessel01.mdl
sw_plc_cep/phod_vsl01_b.dds,sw_plc_mdrn/phod_vsl01_b.dds,174796,d7699bd6cd8cb680290c9923b3f2eeb48b09ce94738934abd47f6e19ab9a11ce,All observed ASCII and binary corpus consumers resolve to one category; actual bitmap/material/texture declaration verified after decompilation,sw_plc_mdrn/phod_vessel01.mdl
sw_plc_cep/phod_vsl01_c.dds,sw_plc_mdrn/phod_vsl01_c.dds,174796,fa10514cbc1735d74851b374aecea74b6f3f496ee6e29d863fcac25c0f0878e6,All observed ASCII and binary corpus consumers resolve to one category; actual bitmap/material/texture declaration verified after decompilation,sw_plc_mdrn/phod_vessel01.mdl
sw_plc_cep/phod_vsl01_d.dds,sw_plc_mdrn/phod_vsl01_d.dds,174796,89d125f7d7b03a0109728e74dae5407b2bdde53fee0d75dfe47d1e34cb0f6fbf,All observed ASCII and binary corpus consumers resolve to one category; actual bitmap/material/texture declaration verified after decompilation,sw_plc_mdrn/phod_vessel01.mdl
sw_plc_cep/phod_ws1t.dds,sw_plc/phod_ws1t.dds,174796,1fc77b39b4062180a30b2a4e84ef995966ac34847b1f18984ec570c74c28f8fe,All observed ASCII and binary corpus consumers resolve to one category; actual bitmap/material/texture declaration verified after decompilation,sw_plc/phod_kraal1x.mdl; sw_plc/phod_kraal4x.mdl; sw_plc/phod_kraal6x.mdl
sw_plc_cep/phod_ws1x.dds,sw_plc/phod_ws1x.dds,43724,80c455f2f07bf033a657de1f7d53fdd79f0f12afa5f99a92f72304d6628b5ab0,All observed ASCII and binary corpus consumers resolve to one category; actual bitmap/material/texture declaration verified after decompilation,sw_plc/phod_kraal1x.mdl; sw_plc/phod_kraal4x.mdl; sw_plc/phod_kraal6x.mdl
sw_plc_cep/phod_wy2.dds,sw_plc_mdrn/phod_wy2.dds,174796,87a2269ceaf4e92b9d662f73104a99704c7bd06b49c299e70123e5c063d27d6e,All observed ASCII and binary corpus consumers resolve to one category; actual bitmap/material/texture declaration verified after decompilation,sw_plc_mdrn/phod_sumoboite.mdl
sw_plc_cep/puddle.dds,sw_plc/puddle.dds,87428,978b05be1a4b46a6fa9ef57697b38ccfc8ba65193be1d6f53353f610be5a182d,All observed ASCII and binary corpus consumers resolve to one category; actual bitmap/material/texture declaration verified after decompilation,sw_plc/st_puddle01.mdl
sw_plc_cep/qp_altard.dds,sw_plc/qp_altard.dds,174796,5d7518dd3a780ff919833c699c0bf996c8e0a49f1996b891555ad3f90883fcd2,All observed ASCII and binary corpus consumers resolve to one category; actual bitmap/material/texture declaration verified after decompilation,sw_plc/plc_jaltar6.mdl
sw_plc_cep/qp_horn.dds,sw_plc/qp_horn.dds,174820,772507bc69e9f8c5f653ce10b3321ec0fb854589ddab995b430e5757b2528bfb,All observed ASCII and binary corpus consumers resolve to one category; actual bitmap/material/texture declaration verified after decompilation,sw_plc/qp_bighorn.mdl
sw_plc_cep/rainbow.dds,sw_plc/rainbow.dds,87428,6c567761f53082d91c8ab37eb329175c04d6b1b4820e4de88c896e1c58a7972d,All observed ASCII and binary corpus consumers resolve to one category; actual bitmap/material/texture declaration verified after decompilation,sw_plc/rainbow2.mdl; sw_plc/rainbow2.mdl
sw_plc_cep/rom_grass-01.dds,sw_plc/rom_grass-01.dds,10980,f0837a0fa21a6c077d732879b28ab17763623342ff9b971e38da2d47b53d5373,All observed ASCII and binary corpus consumers resolve to one category; actual bitmap/material/texture declaration verified after decompilation,sw_plc/rom_dg8.mdl
sw_plc_cep/rom_grass-01.tga,sw_plc/rom_grass-01.tga,33307,b41038fae550d6ceaa05adce4dd6c0b9d3236c91b0d9e2e9ca2260b7f98fd2ff,All observed ASCII and binary corpus consumers resolve to one category; actual bitmap/material/texture declaration verified after decompilation,sw_plc/rom_dg8.mdl
sw_plc_cep/sakeset_txturs.dds,sw_plc/sakeset_txturs.dds,43724,c6a503bb943fc6d0a135c7bac8973eac2783f888095c29baea2f8b6a41edb6d8,All observed ASCII and binary corpus consumers resolve to one category; actual bitmap/material/texture declaration verified after decompilation,sw_plc/ori_x23.mdl; sw_plc/ori_x23.mdl
sw_plc_cep/sormen.tga,sw_cr_creature/sormen.tga,786450,54a145a557928051ba70f68eac99f100fca3b6c64444d0751e0b20bf10d0a291,All observed ASCII and binary corpus consumers resolve to one category; actual bitmap/material/texture declaration verified after decompilation,sw_cr_creature/c_sormen.mdl; sw_cr_creature/c_sormen.mdl; sw_cr_creature/c_sormen.mdl; sw_cr_creature/c_sormen.mdl; sw_cr_creature/c_sormen.mdl; sw_cr_creature/c_sormen.mdl; sw_cr_creature/c_sormen.mdl; sw_cr_creature/c_sormen.mdl
sw_plc_cep/st_bed02.dds,sw_plc/st_bed02.dds,174796,e020392b28673ce549cb61442cfb37717d5f475a9fc2dc07bce98b4180cc2a99,All observed ASCII and binary corpus consumers resolve to one category; actual bitmap/material/texture declaration verified after decompilation,sw_plc/st_table03.mdl; sw_plc/st_table03.mdl; sw_plc/st_table03.mdl; sw_plc/st_table03.mdl; sw_plc/st_table03.mdl
sw_plc_cep/tannsu_001.dds,sw_plc/tannsu_001.dds,43724,9adf3439cb33893f1f0c468c1d56f7e6063f5e2838e14cc8f32bca6f5975efe2,All observed ASCII and binary corpus consumers resolve to one category; actual bitmap/material/texture declaration verified after decompilation,sw_plc/ori_o05.mdl
sw_plc_cep/tannsu_doors.dds,sw_plc/tannsu_doors.dds,43724,2a582d616ac9fbd5f89852468ed896303e173972fd0857062ca6d9c6a2044e93,All observed ASCII and binary corpus consumers resolve to one category; actual bitmap/material/texture declaration verified after decompilation,sw_plc/ori_o06.mdl; sw_plc/ori_o06.mdl; sw_plc/ori_o06.mdl; sw_plc/ori_o06.mdl; sw_plc/ori_o06.mdl; sw_plc/ori_o06.mdl; sw_plc/ori_o06.mdl; sw_plc/ori_o06.mdl
sw_plc_cep/tex_dimdoor.tga,sw_plc/tex_dimdoor.tga,65580,53725d93f5d36bf96b516d68e3169850d5b2a1328036090a4beea86a16580ca2,All observed ASCII and binary corpus consumers resolve to one category; actual bitmap/material/texture declaration verified after decompilation,sw_plc/plc_dimdoor.mdl; sw_plc/plc_dimdoor.mdl; sw_plc/plc_dimdoor.mdl; sw_plc/plc_dimdoor.mdl; sw_plc/plc_dimdoor.mdl
sw_plc_cep/tex_dimdoor.txi,sw_plc/tex_dimdoor.txi,258,57cda492c941493a0c4bd5d2455a907bfd80fb3a37031fc842e8cc72cb272663,All observed ASCII and binary corpus consumers resolve to one category; actual bitmap/material/texture declaration verified after decompilation,sw_plc/plc_dimdoor.mdl; sw_plc/plc_dimdoor.mdl; sw_plc/plc_dimdoor.mdl; sw_plc/plc_dimdoor.mdl; sw_plc/plc_dimdoor.mdl
sw_plc_cep/tir02_light.tga,sw_plc/tir02_light.tga,262188,08ad4e1bf757d05e66ab608563b54fa0c73b24da620d8d50c22d2532a1ab2c22,All observed ASCII and binary corpus consumers resolve to one category; actual bitmap/material/texture declaration verified after decompilation,sw_plc/psp_c09.mdl
sw_plc_cep/tir02_light.txi,sw_plc/tir02_light.txi,279,43f00534ebb79c97257efee7cd5696fb64c9f05073cabb4edc92837f71a1de45,All observed ASCII and binary corpus consumers resolve to one category; actual bitmap/material/texture declaration verified after decompilation,sw_plc/psp_c09.mdl
sw_plc_cep/tjc01_leaves.tga,sw_plc_mdrn/tjc01_leaves.tga,262188,99555490f9947ed85539980eb9eef8f1dd8313262312112b1ee5136aa2667736,All observed ASCII and binary corpus consumers resolve to one category; actual bitmap/material/texture declaration verified after decompilation,sw_plc_mdrn/p_tree_bonsai.mdl; sw_plc_mdrn/p_tree_cherry.mdl
sw_plc_cep/tjc01_leaves.txi,sw_plc_mdrn/tjc01_leaves.txi,21,39ea2fe37b5a42c0954e9eda5b81f972535843e940f2d87b4366711208220d72,All observed ASCII and binary corpus consumers resolve to one category; actual bitmap/material/texture declaration verified after decompilation,sw_plc_mdrn/p_tree_bonsai.mdl; sw_plc_mdrn/p_tree_cherry.mdl
sw_plc_cep/tno_table.dds,sw_plc/tno_table.dds,174796,c6e51b1490f24a25e564b4b09b2d967e97554dd5f5e572ad77d184ce462d0455,All observed ASCII and binary corpus consumers resolve to one category; actual bitmap/material/texture declaration verified after decompilation,sw_plc/plc_hatable.mdl
sw_plc_cep/tnx01_dirtrim.dds,sw_plc/tnx01_dirtrim.dds,21892,3476e4aa04033e786cc9c07db6a15e02ac83e78ad215b269234f37372355413b,All observed ASCII and binary corpus consumers resolve to one category; actual bitmap/material/texture declaration verified after decompilation,sw_plc/plx_mound.mdl
sw_plc_cep/tps01_brckwarp.dds,sw_plc/tps01_brckwarp.dds,174796,d40116c1d2e321b9cf60ac425148549ae857471fae7352020a3a71f51c5444f9,All observed ASCII and binary corpus consumers resolve to one category; actual bitmap/material/texture declaration verified after decompilation,sw_plc/plc_fallspi.mdl; sw_plc/plc_tilspi.mdl
sw_plc_cep/tps01_cobble02.dds,sw_plc/tps01_cobble02.dds,174796,ead74ec220a82b619e548d5dbd68811e7d08d35e289f333c3069cefec3a475c4,All observed ASCII and binary corpus consumers resolve to one category; actual bitmap/material/texture declaration verified after decompilation,sw_plc/plc_gbone.mdl; sw_plc/plc_hbone.mdl; sw_plc/plc_lbone.mdl; sw_plc/plc_mbone.mdl; sw_plc/plc_sbone.mdl
sw_plc_cep/tps01_dust02.dds,sw_plc/tps01_dust02.dds,174796,a70647d2feff9e19ccb0ba997f5ea1e287322ecf803ab3952b00c68ff9705de2,All observed ASCII and binary corpus consumers resolve to one category; actual bitmap/material/texture declaration verified after decompilation,sw_plc/plc_portl.mdl; sw_plc/plc_portl.mdl; sw_plc/plc_portr.mdl; sw_plc/plc_portr.mdl
sw_plc_cep/tps01_greasy01.dds,sw_plc/tps01_greasy01.dds,174796,dee491f49b952e882dfee3d9dc40a171352be0ab159e20eddf6e9e58d52d1973,All observed ASCII and binary corpus consumers resolve to one category; actual bitmap/material/texture declaration verified after decompilation,sw_plc/plc_fallspi.mdl; sw_plc/plc_fallspi.mdl; sw_plc/plc_fallspi.mdl; sw_plc/plc_fallspi.mdl; sw_plc/plc_fallspi.mdl; sw_plc/plc_fallspi.mdl; sw_plc/plc_fallspi.mdl; sw_plc/plc_tilspi.mdl
sw_plc_cep/tps01_greasy02.dds,sw_plc/tps01_greasy02.dds,174796,f294688ec68a4712dd5629886c1a6b219860740613f9afeab176bc57afad2eb7,All observed ASCII and binary corpus consumers resolve to one category; actual bitmap/material/texture declaration verified after decompilation,sw_plc/plc_fallspi.mdl; sw_plc/plc_tilspi.mdl
sw_plc_cep/tps01_grwarp.dds,sw_plc/tps01_grwarp.dds,174796,7ab6586e3d307bfc57d4e4396372a29dc2bcc2402e7fda8449c44eb0dfa9f4f0,All observed ASCII and binary corpus consumers resolve to one category; actual bitmap/material/texture declaration verified after decompilation,sw_plc/plc_gbone.mdl; sw_plc/plc_hbone.mdl; sw_plc/plc_lbone.mdl; sw_plc/plc_mbone.mdl; sw_plc/plc_sbone.mdl
sw_plc_cep/tps01_metflat01.dds,sw_plc/tps01_metflat01.dds,174796,e763fae77c59f7663a8d504224afd54a1b26b010d80ac454816d71a2d9300931,All observed ASCII and binary corpus consumers resolve to one category; actual bitmap/material/texture declaration verified after decompilation,sw_plc/plc_portl.mdl; sw_plc/plc_portr.mdl
sw_plc_cep/tps01_plwarp.dds,sw_plc/tps01_plwarp.dds,174796,becf70d4f7f237e5e3626ac188bf67c3f6b1b0e3aad78ab490f19759d1a40f49,All observed ASCII and binary corpus consumers resolve to one category; actual bitmap/material/texture declaration verified after decompilation,sw_plc/plc_fallspi.mdl; sw_plc/plc_fallspi.mdl; sw_plc/plc_fallspi.mdl; sw_plc/plc_tilspi.mdl; sw_plc/plc_tilspi.mdl
sw_plc_cep/trpp_frost26.dds,sw_plc/trpp_frost26.dds,21892,0398ee9dbc5ca5ca87a6b82b378decf9fcd57b19f881ad8a45eaee234f013dfe,All observed ASCII and binary corpus consumers resolve to one category; actual bitmap/material/texture declaration verified after decompilation,sw_plc/plc_trfrost26.mdl
sw_plc_cep/tvh04_hrdwd01.tga,sw_plc/tvh04_hrdwd01.tga,49196,396251ece36f3e2069c78ae8d8159dfb9d91dcb82a6cd51ca96cd62743273987,All observed ASCII and binary corpus consumers resolve to one category; actual bitmap/material/texture declaration verified after decompilation,sw_plc/plc_rubble1.mdl; sw_plc/plc_rubble1.mdl; sw_plc/plc_rubble1.mdl; sw_plc/plc_rubble1.mdl; sw_plc/plc_rubble1.mdl; sw_plc/plc_rubble1.mdl; sw_plc/plc_rubble2.mdl; sw_plc/plc_rubble2.mdl
sw_plc_cep/tvh04_metl01.tga,sw_plc/tvh04_metl01.tga,49196,972b31ca999dfac71705555eda49336e9650a1bf7d669e38642c772f368b8bce,All observed ASCII and binary corpus consumers resolve to one category; actual bitmap/material/texture declaration verified after decompilation,sw_plc/plc_rubble1.mdl; sw_plc/plc_rubble1.mdl; sw_plc/plc_rubble1.mdl; sw_plc/plc_rubble1.mdl; sw_plc/plc_rubble1.mdl; sw_plc/plc_rubble1.mdl; sw_plc/plc_rubble1.mdl; sw_plc/plc_rubble1.mdl
sw_plc_cep/tx_glow02.tga,sw_plc/tx_glow02.tga,54489,af5592dfd8e2c1f246dbb069e82e049ee2874b41bc2e1201e61040a022dd58d4,All observed ASCII and binary corpus consumers resolve to one category; actual bitmap/material/texture declaration verified after decompilation,sw_plc/pmd_telectrl01.mdl; sw_plc/pmd_telectrl01.mdl
sw_plc_cep/tx_glow02.txi,sw_plc/tx_glow02.txi,19,2c8b57d6e5f03ad6a2d18ad02c32d0f70d3b60df6a3cbd521b768d081cd3b2e2,All observed ASCII and binary corpus consumers resolve to one category; actual bitmap/material/texture declaration verified after decompilation,sw_plc/pmd_telectrl01.mdl; sw_plc/pmd_telectrl01.mdl
sw_plc_cep/u_grim.tga,sw_plc/u_grim.tga,786476,14dab9179a9e28b0d5c98e5ec673ff9b0b70a77759a81663a49fe2d81c6e696f,All observed ASCII and binary corpus consumers resolve to one category; actual bitmap/material/texture declaration verified after decompilation,sw_plc/grimbook.mdl; sw_plc/grimbook.mdl; sw_plc/grimbook.mdl; sw_plc/grimbook.mdl; sw_plc/grimbook.mdl; sw_plc/grimbook.mdl
sw_plc_cep/v_chaos01.tga,sw_plc/v_chaos01.tga,49170,ebfc2ebac049ea6b88004f90236ca8629d92cd68cd8c7a3224af0c4acb1ae0bd,All observed ASCII and binary corpus consumers resolve to one category; actual bitmap/material/texture declaration verified after decompilation,sw_plc/dca04_d01_04.mdl
sw_plc_cep/v_chaos01.txi,sw_plc/v_chaos01.txi,321,58b2eeba6d9ee532c98fac87efe94b7d7124fdf705fbd95faa358568cac0ef49,All observed ASCII and binary corpus consumers resolve to one category; actual bitmap/material/texture declaration verified after decompilation,sw_plc/dca04_d01_04.mdl
sw_plc_cep/v_stone06.dds,sw_plc/v_stone06.dds,174796,d522c03bed4cbd6d0ef4878430f283482cb8ef7590054b13071d1b710c768458,All observed ASCII and binary corpus consumers resolve to one category; actual bitmap/material/texture declaration verified after decompilation,sw_plc/judgmnt_day.mdl; sw_plc/judgmnt_day.mdl; sw_plc/judgmnt_day.mdl
sw_plc_cep/v_stone_03.dds,sw_plc/v_stone_03.dds,174796,840925490480110a578bd1a508e950b8f9b4bb85f2d4c043e05f7ca89c7e15f7,All observed ASCII and binary corpus consumers resolve to one category; actual bitmap/material/texture declaration verified after decompilation,sw_plc/judgmnt_day.mdl; sw_plc/judgmnt_day.mdl; sw_plc/judgmnt_day.mdl
sw_plc_cep/vos_cartons.dds,sw_plc_mdrn/vos_cartons.dds,132248,a920103f612fe438b507ee1bdaa10dc81214a675b66a47925694ff32a47fe445,All observed ASCII and binary corpus consumers resolve to one category; actual bitmap/material/texture declaration verified after decompilation,sw_plc_mdrn/vos_garbage2.mdl; sw_plc_mdrn/vos_grpboxes1.mdl; sw_plc_mdrn/vos_grpboxes2.mdl; sw_plc_mdrn/vos_grpboxes3.mdl; sw_plc_mdrn/vos_grpboxes4.mdl
sw_plc_cep/vos_grfiti.dds,sw_plc_mdrn/vos_grfiti.dds,2796368,34282a4c5a5ee40302eaa436428c0035554ac10fde316fed925d6fe574379838,All observed ASCII and binary corpus consumers resolve to one category; actual bitmap/material/texture declaration verified after decompilation,sw_plc_mdrn/vos_grafitti_10.mdl; sw_plc_mdrn/vos_grafitti_11.mdl; sw_plc_mdrn/vos_grafitti_14.mdl; sw_plc_mdrn/vos_grafitti_15.mdl
sw_plc_cep/vos_grfiti2.dds,sw_plc_mdrn/vos_grfiti2.dds,2796368,c1436ed898765c34125441f92b58a3f88e288c39316618a1f92d4b7dcb78fd6b,All observed ASCII and binary corpus consumers resolve to one category; actual bitmap/material/texture declaration verified after decompilation,sw_plc_mdrn/vos_grfiti_01.mdl; sw_plc_mdrn/vos_grfiti_02.mdl; sw_plc_mdrn/vos_grfiti_03.mdl; sw_plc_mdrn/vos_grfiti_09.mdl; sw_plc_mdrn/vos_grfiti_20.mdl; sw_plc_mdrn/vos_grfiti_23.mdl
sw_plc_cep/vos_grfiti4.dds,sw_plc_mdrn/vos_grfiti4.dds,699216,71f0cf7a607c9d348ba54ddcbaea277c9af73788b003312faa46b2cd8f10b162,All observed ASCII and binary corpus consumers resolve to one category; actual bitmap/material/texture declaration verified after decompilation,sw_plc_mdrn/vos_grfiti_07.mdl; sw_plc_mdrn/vos_grfiti_08.mdl; sw_plc_mdrn/vos_grfiti_16.mdl; sw_plc_mdrn/vos_grfiti_17.mdl; sw_plc_mdrn/vos_grfiti_18.mdl; sw_plc_mdrn/vos_grfiti_19.mdl; sw_plc_mdrn/vos_grfiti_29.mdl; sw_plc_mdrn/vos_grfiti_30.mdl
sw_plc_cep/vos_iron_fence1.tga,sw_plc_mdrn/vos_iron_fence1.tga,262188,f47d91acf364b52f3b54e4af18e9f373e69b18ab10730e5cb965437f25752725,All observed ASCII and binary corpus consumers resolve to one category; actual bitmap/material/texture declaration verified after decompilation,sw_plc_mdrn/vos_ironfence1.mdl; sw_plc_mdrn/vos_ironfence1.mdl; sw_plc_mdrn/vos_ironfence1.mdl; sw_plc_mdrn/vos_ironfence2.mdl; sw_plc_mdrn/vos_ironfence2.mdl; sw_plc_mdrn/vos_ironfence2.mdl; sw_plc_mdrn/vos_ironfence3.mdl; sw_plc_mdrn/vos_ironfence3.mdl
sw_plc_cep/vos_litter_1.dds,sw_plc_mdrn/vos_litter_1.dds,699216,762a675fd956956f7482bca1364c99653bf92618a22f30d2ef274db849609c21,All observed ASCII and binary corpus consumers resolve to one category; actual bitmap/material/texture declaration verified after decompilation,sw_plc_mdrn/vos_litter_1a.mdl; sw_plc_mdrn/vos_litter_1b.mdl
sw_plc_cep/vos_litter_2.dds,sw_plc_mdrn/vos_litter_2.dds,87428,79b4c557bb9f5d623ed62fdd6f66272853186c678fd687ed091ae97c46f18b9a,All observed ASCII and binary corpus consumers resolve to one category; actual bitmap/material/texture declaration verified after decompilation,sw_plc_mdrn/vos_litter_2a.mdl; sw_plc_mdrn/vos_litter_2b.mdl
sw_plc_cep/vos_plastbags.dds,sw_plc_mdrn/vos_plastbags.dds,10956,01e7d4beb5d2c4d762fd45e166f132f7d5854397d9f457e95f9d2b67ca0474a3,All observed ASCII and binary corpus consumers resolve to one category; actual bitmap/material/texture declaration verified after decompilation,sw_plc_mdrn/vos_garbage1.mdl; sw_plc_mdrn/vos_garbage2.mdl; sw_plc_mdrn/vos_pbags1.mdl; sw_plc_mdrn/vos_pbag_bl.mdl; sw_plc_mdrn/vos_pbag_wh.mdl
sw_plc_cep/vos_windows1.dds,sw_plc_mdrn/vos_windows1.dds,349572,b40079a3a24be1ff07f1808b3ee1758cd408b20d29513e812837c1eff46e8e6d,All observed ASCII and binary corpus consumers resolve to one category; actual bitmap/material/texture declaration verified after decompilation,sw_plc_mdrn/vos_window_5.mdl; sw_plc_mdrn/vos_window_8.mdl; sw_plc_mdrn/vos_window_8.mdl; sw_plc_mdrn/vos_window_8.mdl
sw_plc_cep/weird.dds,sw_plc/weird.dds,87428,b155f69a05ce0af1d667ecb96bd18a7398a9357f65fcf0042b9767885b8821b3,All observed ASCII and binary corpus consumers resolve to one category; actual bitmap/material/texture declaration verified after decompilation,sw_plc/cd_iplc01.mdl; sw_plc/cd_iplc02.mdl; sw_plc/cd_iplc03.mdl; sw_plc/cd_iplc04.mdl; sw_plc/cd_iplc05.mdl; sw_plc/cd_iplc05.mdl; sw_plc/cd_iplc05.mdl; sw_plc/cd_iplc05.mdl
sw_plc_cep/wut01_nowtr5.dds,sw_plc/wut01_nowtr5.dds,174796,c6a77cb6d248ee6387e56ee87b033031a53b054c06314aaf79e0cdd7685fb638,All observed ASCII and binary corpus consumers resolve to one category; actual bitmap/material/texture declaration verified after decompilation,sw_plc/ccc_uwarch1.mdl
sw_plc_cep/wut01_ocoral2.dds,sw_plc/wut01_ocoral2.dds,349572,c3af9cd37583ebb292b8998671824465674331587600b010773f78f62b9d655a,All observed ASCII and binary corpus consumers resolve to one category; actual bitmap/material/texture declaration verified after decompilation,sw_plc/ccc_uwarch1.mdl; sw_plc/ccc_uwarch1.mdl; sw_plc/ccc_uwarch1.mdl; sw_plc/ccc_uwarch1.mdl; sw_plc/ccc_uwarch1.mdl; sw_plc/ccc_uwarch1.mdl; sw_plc/ccc_uwarch1.mdl; sw_plc/ccc_uwarch1.mdl
sw_plc_cep/wut01_rock1.dds,sw_plc/wut01_rock1.dds,174796,17fab2f51baf25a1ec2a1e81a7ccd2086ba5096e4f00b17cf2643243fdeecfa0,All observed ASCII and binary corpus consumers resolve to one category; actual bitmap/material/texture declaration verified after decompilation,sw_plc/ccc_uwarch2.mdl
sw_plc_mdrn/d_skybox001_i.dds,sw_skybox/d_skybox001_i.dds,349672,f822b45c4ebb723ae67ff3381cbfd6e891d5c52b06c5b7c0cb381e4505f1e2f5,All observed ASCII and binary corpus consumers resolve to one category; actual bitmap/material/texture declaration verified after decompilation,sw_skybox/d_skybox001.mtr
sw_plc_mdrn/plc_branch01.dds,sw_plc/plc_branch01.dds,349572,02235b62bdf9ce4a6bcd577b08342ae83d770ed2638f71b6c49819211f8da6c0,All observed ASCII and binary corpus consumers resolve to one category; actual bitmap/material/texture declaration verified after decompilation,sw_plc/plc_nat88.mdl
sw_plc_mdrn/space_buob.dds,sw_plc/space_buob.dds,87428,b3b50ce0de29418f765611586c52cb26e2d531e85f2703858b46c8c05caa192e,All observed ASCII and binary corpus consumers resolve to one category; actual bitmap/material/texture declaration verified after decompilation,sw_plc/spacebuob.mdl
sw_plc_mdrn/space_buob.tga,sw_plc/space_buob.tga,16428,655958c889099ec9bcbfa3610b5e7210811ced23c6880552ade69adf15200d96,All observed ASCII and binary corpus consumers resolve to one category; actual bitmap/material/texture declaration verified after decompilation,sw_plc/spacebuob.mdl
sw_plc_mdrn/space_cap.tga,sw_plc/space_cap.tga,49170,0434b8ace393bd23dc3719f7dd4971cfc9a23ae0bea52505452368a0d7449655,All observed ASCII and binary corpus consumers resolve to one category; actual bitmap/material/texture declaration verified after decompilation,sw_plc/c_fl_fact1.mdl; sw_plc/c_fl_fact2.mdl; sw_plc/c_fl_nrout.mdl; sw_plc/c_fl_pstat.mdl; sw_plc/c_fl_smout.mdl; sw_plc/c_fl_sport.mdl; sw_plc/c_shipyardc.mtr
sw_plc_mdrn/space_girder.tga,sw_plc/space_girder.tga,49170,e9c5c553708ce61cb526215a518e082903841413d9770ddf4614a06672a89650,All observed ASCII and binary corpus consumers resolve to one category; actual bitmap/material/texture declaration verified after decompilation,sw_plc/c_fl_fact1.mdl; sw_plc/c_fl_fact2.mdl; sw_plc/c_fl_nrout.mdl; sw_plc/c_fl_sport.mdl
sw_plc_mdrn/space_girder01.tga,sw_plc/space_girder01.tga,49170,74daa84cae180ff158e3692c17a0723d0b37354f857e6dda24293c96a5c54864,All observed ASCII and binary corpus consumers resolve to one category; actual bitmap/material/texture declaration verified after decompilation,sw_plc/c_fl_fact1.mdl; sw_plc/c_fl_fact2.mdl
sw_plc_mdrn/space_tank01.tga,sw_plc/space_tank01.tga,49170,3c4ef71572d43acff3fdbc61082db8d4a25b94629d825c4091b6322095eb6c35,All observed ASCII and binary corpus consumers resolve to one category; actual bitmap/material/texture declaration verified after decompilation,sw_plc/c_fl_sport.mdl
sw_plc_mdrn/space_tank02.tga,sw_plc/space_tank02.tga,49170,0a2d71898e810ed51252fd8e812d73ada0a4c80d55933fcc1734b4069ebe97ae,All observed ASCII and binary corpus consumers resolve to one category; actual bitmap/material/texture declaration verified after decompilation,sw_plc/c_fl_gmout.mdl
sw_plc_mdrn/space_tank_cap.tga,sw_plc/space_tank_cap.tga,49170,bf539c2af1783f2935150c2563e9297b46c52ec1d11a71d10c88e52b42d401c7,All observed ASCII and binary corpus consumers resolve to one category; actual bitmap/material/texture declaration verified after decompilation,sw_plc/c_fl_fact1.mdl; sw_plc/c_fl_gmout.mdl; sw_plc/c_fl_sport.mdl
sw_plc_mdrn/space_vent_64.tga,sw_plc/space_vent_64.tga,12306,f246476b0cf1362f6d297668a04d1ab7ab6e5a3f01cad0db33f50a21101450c6,All observed ASCII and binary corpus consumers resolve to one category; actual bitmap/material/texture declaration verified after decompilation,sw_plc/c_fl_gmout.mdl
sw_plc_mdrn/space_wins_128.tga,sw_plc/space_wins_128.tga,49170,75582bd15bbe18a206353c85f78b54cecfb5563b946e9b107d21825548e35032,All observed ASCII and binary corpus consumers resolve to one category; actual bitmap/material/texture declaration verified after decompilation,sw_plc/c_fl_fact1.mdl; sw_plc/c_fl_fact2.mdl; sw_plc/c_fl_gmout.mdl; sw_plc/c_fl_nrout.mdl; sw_plc/c_fl_smout.mdl; sw_plc/c_fl_sport.mdl
sw_t_mine/ztall_sky.txi,sw_t_cepforest/ztall_sky.txi,21,3a151deda780d86f9c231d2fb1fda57edd4310552781bc6f25630f9e97297a48,CEP Forest ztall_sphere.txi references ztall_sky. Its cube 1/filerange 6 TXI declares the six numbered cube faces.,sw_t_cepforest/ztall_sphere.txi; sw_t_cepforest/ztall_sky.txi
sw_t_mine/ztall_sky0.tga,sw_t_cepforest/ztall_sky0.tga,196626,3fab391d290bdc5bf0ee8f75a7e2badcfcbd995efb0f3a5ce0b8fb81fa5e9f95,CEP Forest ztall_sphere.txi references ztall_sky. Its cube 1/filerange 6 TXI declares the six numbered cube faces.,sw_t_cepforest/ztall_sphere.txi; sw_t_cepforest/ztall_sky.txi
sw_t_mine/ztall_sky1.tga,sw_t_cepforest/ztall_sky1.tga,196626,dbc03247cef213b48e3c4c4d210d32ff31c270778fcd3ce078e53e6fc8a2a05c,CEP Forest ztall_sphere.txi references ztall_sky. Its cube 1/filerange 6 TXI declares the six numbered cube faces.,sw_t_cepforest/ztall_sphere.txi; sw_t_cepforest/ztall_sky.txi
sw_t_mine/ztall_sky2.tga,sw_t_cepforest/ztall_sky2.tga,196626,04e0ecec4444e5b5708b878c929bdee3b3fa9e2512b80fc9b6507116271bd6db,CEP Forest ztall_sphere.txi references ztall_sky. Its cube 1/filerange 6 TXI declares the six numbered cube faces.,sw_t_cepforest/ztall_sphere.txi; sw_t_cepforest/ztall_sky.txi
sw_t_mine/ztall_sky3.tga,sw_t_cepforest/ztall_sky3.tga,196626,c90c6c807e069108a353ba0ee4690a0c26c00e21f96d4dc24673d93bae3f488c,CEP Forest ztall_sphere.txi references ztall_sky. Its cube 1/filerange 6 TXI declares the six numbered cube faces.,sw_t_cepforest/ztall_sphere.txi; sw_t_cepforest/ztall_sky.txi
sw_t_mine/ztall_sky4.tga,sw_t_cepforest/ztall_sky4.tga,196626,fb51ec105fa1dbbbe4fee3a6a2b4606e8ef4031d44b1e26050fb3f87f486978e,CEP Forest ztall_sphere.txi references ztall_sky. Its cube 1/filerange 6 TXI declares the six numbered cube faces.,sw_t_cepforest/ztall_sphere.txi; sw_t_cepforest/ztall_sky.txi
sw_t_mine/ztall_sky5.tga,sw_t_cepforest/ztall_sky5.tga,196626,cd093591b20177b582f9fc4e67dbfc1f6d77c892e4775c250dd77d27f9b03977,CEP Forest ztall_sphere.txi references ztall_sky. Its cube 1/filerange 6 TXI declares the six numbered cube faces.,sw_t_cepforest/ztall_sphere.txi; sw_t_cepforest/ztall_sky.txi
sw_vfx/zep_tailcat.mdl,sw_cr_creature/zep_tailcat.mdl,8188,5c86342a2c972bc5840bfc74a28be8c2e331760334469372aad24d62bf7bd77d,tailmodel.2da rows586/652 Cat tail or wingmodel.2da rows30-33 Erinyes/Bird physical wings. Companion texture shares model resref; binary model nodes and c_wingsan supermodel identify physical anatomy. Existing c_* wing/tail resources live in sw_cr_creature.,
sw_vfx/zep_tailcat.tga,sw_cr_creature/zep_tailcat.tga,12189,1b56f0deccd702b8c398974668de6052d677d234ab19a38c42e355e253bf83f8,tailmodel.2da rows586/652 Cat tail or wingmodel.2da rows30-33 Erinyes/Bird physical wings. Companion texture shares model resref; binary model nodes and c_wingsan supermodel identify physical anatomy. Existing c_* wing/tail resources live in sw_cr_creature.,
sw_vfx/zep_wingerin.dds,sw_cr_creature/zep_wingerin.dds,43724,27b332641ab3157096ca2076549142bc99a938e9eb76bef737d3c0fe7abfbd2a,tailmodel.2da rows586/652 Cat tail or wingmodel.2da rows30-33 Erinyes/Bird physical wings. Companion texture shares model resref; binary model nodes and c_wingsan supermodel identify physical anatomy. Existing c_* wing/tail resources live in sw_cr_creature.,
sw_vfx/zep_wingerin.mdl,sw_cr_creature/zep_wingerin.mdl,66028,e80c7f29a67c2200ded4bca9b16e6b4dcd2ab7e266959a6c6620d2278ed3d20a,tailmodel.2da rows586/652 Cat tail or wingmodel.2da rows30-33 Erinyes/Bird physical wings. Companion texture shares model resref; binary model nodes and c_wingsan supermodel identify physical anatomy. Existing c_* wing/tail resources live in sw_cr_creature.,
sw_vfx/zep_wingsbird2.dds,sw_cr_creature/zep_wingsbird2.dds,87428,86006837cf1d4584d86f3ff0809d5850f9f8c55bcbc04ebe2b39ce0edb3c660d,tailmodel.2da rows586/652 Cat tail or wingmodel.2da rows30-33 Erinyes/Bird physical wings. Companion texture shares model resref; binary model nodes and c_wingsan supermodel identify physical anatomy. Existing c_* wing/tail resources live in sw_cr_creature.,
sw_vfx/zep_wingsbird2.mdl,sw_cr_creature/zep_wingsbird2.mdl,66028,5c36c6bb1150b40883b1615e80d477c0b24991a71b1853fd53e7bf95cf15dc0c,tailmodel.2da rows586/652 Cat tail or wingmodel.2da rows30-33 Erinyes/Bird physical wings. Companion texture shares model resref; binary model nodes and c_wingsan supermodel identify physical anatomy. Existing c_* wing/tail resources live in sw_cr_creature.,
sw_vfx/zep_wingsbird3.dds,sw_cr_creature/zep_wingsbird3.dds,87428,7eaa559d613e739269985f45567bd3236f2e3c6861a277ed945836a80d0c72b0,tailmodel.2da rows586/652 Cat tail or wingmodel.2da rows30-33 Erinyes/Bird physical wings. Companion texture shares model resref; binary model nodes and c_wingsan supermodel identify physical anatomy. Existing c_* wing/tail resources live in sw_cr_creature.,
sw_vfx/zep_wingsbird3.mdl,sw_cr_creature/zep_wingsbird3.mdl,66028,50d9d87f01085674523a1977d97896474f0dcedfcd21bcd971b258c5db2f2a78,tailmodel.2da rows586/652 Cat tail or wingmodel.2da rows30-33 Erinyes/Bird physical wings. Companion texture shares model resref; binary model nodes and c_wingsan supermodel identify physical anatomy. Existing c_* wing/tail resources live in sw_cr_creature.,
sw_vfx/zep_wingsbird4.dds,sw_cr_creature/zep_wingsbird4.dds,87428,2fa4fde562adf93051fad73ec3cd272a1e26ca51c7059b6f96691ded6d1c75f1,tailmodel.2da rows586/652 Cat tail or wingmodel.2da rows30-33 Erinyes/Bird physical wings. Companion texture shares model resref; binary model nodes and c_wingsan supermodel identify physical anatomy. Existing c_* wing/tail resources live in sw_cr_creature.,
sw_vfx/zep_wingsbird4.mdl,sw_cr_creature/zep_wingsbird4.mdl,66028,369cbb52837ebdc6d38362e49c5877b91d5a5d7869a58bf53e184a5e135ef66a,tailmodel.2da rows586/652 Cat tail or wingmodel.2da rows30-33 Erinyes/Bird physical wings. Companion texture shares model resref; binary model nodes and c_wingsan supermodel identify physical anatomy. Existing c_* wing/tail resources live in sw_cr_creature.,
