path,reason,possible_categories,evidence
sw_ability/is_anchor.tga,"Legacy ability-looking icons lack exact 2DA reference matches, and similarly named iss_rocket is UI; no sufficient evidence to change ability categorization.",,
sw_ability/is_catfall.tga,"Legacy ability-looking icons lack exact 2DA reference matches, and similarly named iss_rocket is UI; no sufficient evidence to change ability categorization.",,
sw_ability/is_lend10.tga,"Legacy ability-looking icons lack exact 2DA reference matches, and similarly named iss_rocket is UI; no sufficient evidence to change ability categorization.",,
sw_ability/is_lend25.tga,"Legacy ability-looking icons lack exact 2DA reference matches, and similarly named iss_rocket is UI; no sufficient evidence to change ability categorization.",,
sw_ability/is_lend50.tga,"Legacy ability-looking icons lack exact 2DA reference matches, and similarly named iss_rocket is UI; no sufficient evidence to change ability categorization.",,
sw_ability/is_lend80.tga,"Legacy ability-looking icons lack exact 2DA reference matches, and similarly named iss_rocket is UI; no sufficient evidence to change ability categorization.",,
sw_ability/is_rocket.dds,"Legacy ability-looking icons lack exact 2DA reference matches, and similarly named iss_rocket is UI; no sufficient evidence to change ability categorization.",,
sw_ability/is_rocket.tga,"Legacy ability-looking icons lack exact 2DA reference matches, and similarly named iss_rocket is UI; no sufficient evidence to change ability categorization.",,
sw_ability/is_sumplnrnrg.tga,"Legacy ability-looking icons lack exact 2DA reference matches, and similarly named iss_rocket is UI; no sufficient evidence to change ability categorization.",,
sw_cr_creature/c_isg1_bone.dds,Potential consumers span multiple categories; preserve current shared-resource location,sw_item; sw_plc; sw_weapon,sw_item/it_torch_038.mdl; sw_item/it_torch_039.mdl; sw_item/it_torch_049.mdl; sw_item/it_torch_157.mdl; sw_plc/ad_gburial.mdl; sw_plc/ad_gburial.mdl; sw_plc/ad_gburial.mdl; sw_plc/ad_gburial.mdl
sw_cr_creature/c_isg1_bone.tga,Potential consumers span multiple categories; preserve current shared-resource location,sw_item; sw_plc; sw_weapon,sw_item/it_torch_038.mdl; sw_item/it_torch_039.mdl; sw_item/it_torch_049.mdl; sw_item/it_torch_157.mdl; sw_plc/ad_gburial.mdl; sw_plc/ad_gburial.mdl; sw_plc/ad_gburial.mdl; sw_plc/ad_gburial.mdl
sw_cr_creature/c_isg1_mhead.dds,Potential consumers span multiple categories; preserve current shared-resource location,sw_item; sw_plc; sw_weapon,sw_item/it_torch_038.mdl; sw_item/it_torch_039.mdl; sw_item/it_torch_049.mdl; sw_item/it_torch_157.mdl; sw_item/it_torch_157.mdl; sw_plc/ad_gburial.mdl; sw_weapon/ashlw_090.mdl; sw_weapon/WBlFh_b_015.mdl
sw_cr_creature/c_isg1_mhead.tga,Potential consumers span multiple categories; preserve current shared-resource location,sw_item; sw_plc; sw_weapon,sw_item/it_torch_038.mdl; sw_item/it_torch_039.mdl; sw_item/it_torch_049.mdl; sw_item/it_torch_157.mdl; sw_item/it_torch_157.mdl; sw_plc/ad_gburial.mdl; sw_weapon/ashlw_090.mdl; sw_weapon/WBlFh_b_015.mdl
sw_cr_creature/c_metall.dds,Potential consumers span multiple categories; preserve current shared-resource location,sw_t_futcity; sw_t_starship,sw_t_futcity/fcx01_h01_02.mdl; sw_t_futcity/fcx01_h01_02.mdl; sw_t_futcity/fcx01_h01_03.mdl; sw_t_futcity/fcx01_h01_03.mdl; sw_t_futcity/fcx01_h01_04.mdl; sw_t_futcity/fcx01_h01_04.mdl; sw_t_futcity/fcx01_h01_05.mdl; sw_t_futcity/fcx01_h01_05.mdl
sw_cr_creature/c_sith_fighter.dds,Potential consumers span multiple categories; preserve current shared-resource location,sw_cr_vehicle; sw_plc,sw_cr_vehicle/c_sith_bomber.mdl; sw_plc/c_land_sithb.mdl; sw_plc/c_land_sithf.mdl
sw_cr_vehicle/c_barract.008.mtr,Pre-existing empty material file; preserve without guessing content or ownership,,
sw_cr_vehicle/c_bwfightert.009.mtr,Pre-existing empty material file; preserve without guessing content or ownership,,
sw_cr_vehicle/c_starfliert.009.mtr,Pre-existing empty material file; preserve without guessing content or ownership,,
sw_cr_vehicle/cru_corv_light.mtr,Pre-existing empty material file; preserve without guessing content or ownership,,
sw_door/nw2_es_walls1.dds,Moved modern model references texture shared across categories,sw_plc; sw_plc_mdrn,
sw_item/helm_midmisc_110.tga,"Naming or last table-row classifier disagrees, but duplicate/untagged legacy table rows do not prove source-pack provenance",,
sw_palette/cep_tilesets.txt,CEP tileset documentation spans many tileset categories; no single tile owner or established docs folder. Preserve with toolset metadata.,,
sw_plc/00_base3.dds,Full-name reference check confirmed texture consumers in multiple categories; retain original shared-resource location.,sw_plc; sw_skybox; sw_t_starship,sw_plc/plc_evier_001.mdl; sw_skybox/narsky_001.mdl; sw_t_starship/fci01_k01_02.mdl; sw_t_starship/fci01_k01_03.mdl; sw_t_starship/fci01_k01_08.mdl; sw_t_starship/fci01_k01_09.mdl; sw_t_starship/fci01_k01_12.mdl
sw_plc/00acp2-0.dds,Full-name reference check confirmed texture consumers in multiple categories; retain original shared-resource location.,sw_plc; sw_t_starship,sw_plc/plc_toilet_001.mdl; sw_t_starship/fci01_k01_05.mdl; sw_t_starship/fci01_m02_01.mdl; sw_t_starship/fci01_q01_01.mdl
sw_plc/00cract1.dds,Full-name reference check confirmed texture consumers in multiple categories; retain original shared-resource location.,sw_plc; sw_skybox; sw_t_starship,sw_plc/plc_fci_cntr_003.mdl; sw_skybox/narsky_001.mdl; sw_t_starship/fci01_k01_05.mdl; sw_t_starship/fci01_m02_01.mdl; sw_t_starship/fci01_o06_01.mdl; sw_t_starship/fci_door_02.mdl
sw_plc/00wbig2.dds,Full-name reference check confirmed texture consumers in multiple categories; retain original shared-resource location.,sw_plc; sw_t_starship,sw_plc/plc_fridge_001.mdl; sw_t_starship/fci01_k01_01.mdl; sw_t_starship/fci01_k01_08.mdl
sw_plc/00whull1.dds,Full-name reference check confirmed texture consumers in multiple categories; retain original shared-resource location.,sw_skybox; sw_t_starship,sw_skybox/narsky_001.mdl; sw_t_starship/fci01_b01_01.mdl; sw_t_starship/fci01_k01_14.mdl
sw_plc/00whull1_2.dds,Full-name reference check confirmed texture consumers in multiple categories; retain original shared-resource location.,sw_plc; sw_t_starship,sw_plc/plc_fci_cntr_003.mdl; sw_t_starship/fci01_k01_01.mdl; sw_t_starship/fci01_k01_02.mdl; sw_t_starship/fci01_k01_03.mdl; sw_t_starship/fci01_k01_04.mdl; sw_t_starship/fci01_k01_05.mdl; sw_t_starship/fci01_k01_06.mdl; sw_t_starship/fci01_k01_07.mdl; sw_t_starship/fci01_k01_08.mdl; sw_t_starship/fci01_k01_09.mdl; sw_t_starship/fci01_k01_10.mdl; sw_t_starship/fci01_k01_11.mdl; sw_t_starship/fci01_k01_12.mdl
sw_plc/00wpanl6.dds,Full-name reference check confirmed texture consumers in multiple categories; retain original shared-resource location.,sw_plc; sw_skybox; sw_t_starship,sw_plc/plc_fci_cntr_002.mdl; sw_skybox/narsky_001.mdl; sw_t_starship/fci01_o03_01.mdl; sw_t_starship/fci01_o04_01.mdl; sw_t_starship/fci01_o05_01.mdl
sw_plc/01cbar01.dds,Full-name reference check confirmed texture consumers in multiple categories; retain original shared-resource location.,sw_plc; sw_skybox; sw_t_starship,sw_plc/plc_fci_cntr_001.mdl; sw_skybox/narsky_001.mdl; sw_t_starship/fci01_k01_09.mdl
sw_plc/01ccrgo1.dds,Full-name reference check confirmed texture consumers in multiple categories; retain original shared-resource location.,sw_plc; sw_t_starship,sw_plc/plc_fci_cntr_005.mdl; sw_t_starship/fci01_s01_04.mdl; sw_t_starship/fci01_s01_05.mdl
sw_plc/01clgt1a.dds,Full-name reference check confirmed texture consumers in multiple categories; retain original shared-resource location.,sw_plc; sw_skybox; sw_t_starship,sw_plc/plc_evier_001.mdl; sw_plc/plc_fcictr_001.mdl; sw_plc/plc_fcictr_002.mdl; sw_skybox/narsky_001.mdl; sw_t_starship/fci01_k01_08.mdl; sw_t_starship/fci01_k01_09.mdl
sw_plc/01cribbd_2.dds,Full-name reference check confirmed texture consumers in multiple categories; retain original shared-resource location.,sw_skybox; sw_t_starship,sw_skybox/narsky_001.mdl; sw_t_starship/fci01_b01_01.mdl; sw_t_starship/fci01_k01_14.mdl
sw_plc/01fdeck1.dds,Full-name reference check confirmed texture consumers in multiple categories; retain original shared-resource location.,sw_plc; sw_t_starship,sw_plc/plc_evier_001.mdl; sw_plc/plc_fcictr_001.mdl; sw_plc/plc_fcictr_002.mdl; sw_t_starship/fci01_k01_08.mdl; sw_t_starship/fci01_k01_09.mdl; sw_t_starship/fci01_s01_01.mdl; sw_t_starship/fci01_s01_02.mdl; sw_t_starship/fci01_s01_03.mdl; sw_t_starship/fci01_s01_04.mdl; sw_t_starship/fci01_s01_05.mdl; sw_t_starship/fci01_s01_06.mdl; sw_t_starship/fci01_s01_10.mdl; sw_t_starship/fci01_s01_11.mdl; sw_t_starship/fci01_s01_15.mdl; sw_t_starship/fci01_s01_16.mdl; sw_t_starship/fci01_s01_20.mdl; sw_t_starship/fci01_s01_21.mdl; sw_t_starship/fci01_s01_22.mdl; sw_t_starship/fci01_s01_23.mdl; sw_t_starship/fci01_s01_24.mdl; sw_t_starship/fci01_s01_25.mdl
sw_plc/01wblk3c.dds,Full-name reference check confirmed texture consumers in multiple categories; retain original shared-resource location.,sw_plc; sw_skybox; sw_t_starship,sw_plc/plc_fci_cntr_004.mdl; sw_plc/plc_fci_wall_002.mdl; sw_skybox/narsky_001.mdl; sw_t_starship/fci01_k01_01.mdl; sw_t_starship/fci01_k01_02.mdl; sw_t_starship/fci01_k01_03.mdl; sw_t_starship/fci01_k01_04.mdl; sw_t_starship/fci01_k01_05.mdl; sw_t_starship/fci01_k01_06.mdl; sw_t_starship/fci01_k01_07.mdl; sw_t_starship/fci01_k01_08.mdl; sw_t_starship/fci01_k01_09.mdl; sw_t_starship/fci01_k01_10.mdl; sw_t_starship/fci01_k01_11.mdl; sw_t_starship/fci01_k01_12.mdl
sw_plc/01whull2_2.dds,Full-name reference check confirmed texture consumers in multiple categories; retain original shared-resource location.,sw_skybox; sw_t_starship,sw_skybox/narsky_001.mdl; sw_t_starship/fci01_b01_01.mdl; sw_t_starship/fci01_k01_14.mdl
sw_plc/01wlite2.dds,Full-name reference check confirmed texture consumers in multiple categories; retain original shared-resource location.,sw_skybox; sw_t_starship,sw_skybox/narsky_001.mdl; sw_t_starship/fci01_b01_01.mdl; sw_t_starship/fci01_k01_01.mdl; sw_t_starship/fci01_k01_02.mdl; sw_t_starship/fci01_k01_03.mdl; sw_t_starship/fci01_k01_04.mdl; sw_t_starship/fci01_k01_05.mdl; sw_t_starship/fci01_k01_08.mdl; sw_t_starship/fci01_k01_09.mdl; sw_t_starship/fci01_k01_10.mdl; sw_t_starship/fci01_k01_11.mdl; sw_t_starship/fci01_k01_12.mdl; sw_t_starship/fci01_k01_14.mdl
sw_plc/1.dds,Full-name reference check confirmed texture consumers in multiple categories; retain original shared-resource location.,sw_cr_creature; sw_plc; sw_plc_mdrn; sw_pt_head; sw_pt_lfore; sw_pt_lshin; sw_pt_rfore; sw_pt_rshin,sw_cr_creature/c_bgbra_psm.mdl; sw_cr_creature/c_ogre35.mdl; sw_plc/clam_001.mdl; sw_plc_mdrn/p_sentrygun2.mdl; sw_plc_mdrn/p_sentrygun3.mdl; sw_pt_head/pfo0_head002.mdl; sw_pt_head/pfo0_head009.mdl; sw_pt_head/pfo0_head013.mdl; sw_pt_head/pfo0_head014.mdl; sw_pt_head/pmh0_head159.mdl; sw_pt_head/pmo0_head002.mdl; sw_pt_head/pmo0_head026.mdl; sw_pt_head/pmo0_head027.mdl; sw_pt_head/pmo0_head028.mdl; sw_pt_head/pmo0_head029.mdl; sw_pt_lfore/pfd0_forel184.mdl; sw_pt_lfore/pfe0_forel184.mdl; sw_pt_lfore/pfh0_forel112.mdl; sw_pt_lfore/pfh0_forel184.mdl; sw_pt_lfore/pfo0_forel184.mdl; sw_pt_lfore/pmd0_forel112.mdl; sw_pt_lfore/pme0_forel112.mdl; sw_pt_lfore/pmh0_forel112.mdl; sw_pt_lfore/pmo0_forel112.mdl; sw_pt_lshin/pfd0_shinl108.mdl; sw_pt_lshin/pfd0_shinl165.mdl; sw_pt_lshin/pfd0_shinl182.mdl; sw_pt_lshin/pfe0_shinl108.mdl; sw_pt_lshin/pfe0_shinl182.mdl; sw_pt_lshin/pfh0_shinl108.mdl; sw_pt_lshin/pfh0_shinl165.mdl; sw_pt_lshin/pfh0_shinl182.mdl; sw_pt_lshin/pfo0_shinl108.mdl; sw_pt_lshin/pfo0_shinl182.mdl; sw_pt_lshin/pmd0_shinl108.mdl; sw_pt_lshin/pmd0_shinl165.mdl; sw_pt_lshin/pme0_shinl108.mdl; sw_pt_lshin/pme0_shinl165.mdl; sw_pt_lshin/pmh0_shinl108.mdl; sw_pt_lshin/pmh0_shinl165.mdl; sw_pt_lshin/pmo0_shinl108.mdl; sw_pt_lshin/pmo0_shinl165.mdl; sw_pt_rfore/pfd0_forer184.mdl; sw_pt_rfore/pfe0_forer184.mdl; sw_pt_rfore/pfh0_forer112.mdl; sw_pt_rfore/pfh0_forer184.mdl; sw_pt_rfore/pfo0_forer184.mdl; sw_pt_rfore/pmd0_forer112.mdl; sw_pt_rfore/pme0_forer112.mdl; sw_pt_rfore/pmh0_forer112.mdl; sw_pt_rfore/pmo0_forer112.mdl; sw_pt_rshin/pfd0_shinr108.mdl; sw_pt_rshin/pfd0_shinr165.mdl; sw_pt_rshin/pfd0_shinr182.mdl; sw_pt_rshin/pfe0_shinr108.mdl; sw_pt_rshin/pfe0_shinr182.mdl; sw_pt_rshin/pfh0_shinr108.mdl; sw_pt_rshin/pfh0_shinr165.mdl; sw_pt_rshin/pfh0_shinr182.mdl; sw_pt_rshin/pfo0_shinr108.mdl; sw_pt_rshin/pfo0_shinr182.mdl; sw_pt_rshin/pmd0_shinr108.mdl; sw_pt_rshin/pmd0_shinr165.mdl; sw_pt_rshin/pme0_shinr108.mdl; sw_pt_rshin/pme0_shinr165.mdl; sw_pt_rshin/pmh0_shinr108.mdl; sw_pt_rshin/pmh0_shinr165.mdl; sw_pt_rshin/pmo0_shinr108.mdl; sw_pt_rshin/pmo0_shinr165.mdl
sw_plc/Sentinel_droid.mtr,Pre-existing empty material file; preserve without guessing content or ownership,,
sw_plc/ac_back.dds,Potential consumers span multiple categories; preserve current shared-resource location,sw_plc_mdrn; sw_t_modernex,sw_plc_mdrn/vos_aircond_s.mdl; sw_t_modernex/dgt04_e09_04.mdl; sw_t_modernex/dgt04_e09_04.mdl; sw_t_modernex/dgt04_e09_05.mdl; sw_t_modernex/dgt04_e09_06.mdl; sw_t_modernex/dgt04_e09_07.mdl; sw_t_modernex/dgt04_e09_08.mdl; sw_t_modernex/dgt04_e09_11.mdl
sw_plc/airduct.dds,Potential consumers span multiple categories; preserve current shared-resource location,sw_cr_creature; sw_plc_mdrn,sw_cr_creature/c_frogman.mdl; sw_plc_mdrn/air_duct.mdl
sw_plc/arm.dds,Potential consumers span multiple categories; preserve current shared-resource location,sw_cr_creature; sw_cr_vehicle; sw_door; sw_plc_cep; sw_plc_mdrn; sw_pt_chest; sw_pt_lfore; sw_pt_rfore; sw_t_cepdesert; sw_t_office; sw_t_season,sw_cr_creature/c_hutt.mdl; sw_cr_creature/c_hutt.mdl; sw_cr_creature/c_hutt.mdl; sw_cr_creature/c_hutt.mdl; sw_cr_vehicle/c_trandotr.mdl; sw_cr_vehicle/c_trandotr.mdl; sw_cr_vehicle/c_trandotr.mdl; sw_door/ctp_curtain_01.mdl
sw_plc/arm.tga,Potential consumers span multiple categories; preserve current shared-resource location,sw_cr_creature; sw_cr_vehicle; sw_door; sw_plc_cep; sw_plc_mdrn; sw_pt_chest; sw_pt_lfore; sw_pt_rfore; sw_t_cepdesert; sw_t_office; sw_t_season,sw_cr_creature/c_hutt.mdl; sw_cr_creature/c_hutt.mdl; sw_cr_creature/c_hutt.mdl; sw_cr_creature/c_hutt.mdl; sw_cr_vehicle/c_trandotr.mdl; sw_cr_vehicle/c_trandotr.mdl; sw_cr_vehicle/c_trandotr.mdl; sw_door/ctp_curtain_01.mdl
sw_plc/armor.dds,Potential consumers span multiple categories; preserve current shared-resource location,sw_cr_creature; sw_pt_chest; sw_pt_lfoot; sw_pt_lfore; sw_pt_lshin; sw_pt_lshoul; sw_pt_lthigh; sw_pt_rfoot; sw_pt_rfore; sw_pt_rshin; sw_pt_rshoul; sw_pt_rthigh,sw_cr_creature/c_ynpc_h_m14.mdl; sw_cr_creature/c_ynpc_h_m14.mdl; sw_cr_creature/c_ynpc_h_m14.mdl; sw_cr_creature/c_ynpc_h_m14.mdl; sw_pt_chest/pfd0_chest069.mdl; sw_pt_chest/pfd0_chest222.mdl; sw_pt_chest/pfe0_chest069.mdl; sw_pt_chest/pfe0_chest222.mdl
sw_plc/armor.tga,Potential consumers span multiple categories; preserve current shared-resource location,sw_cr_creature; sw_pt_chest; sw_pt_lfoot; sw_pt_lfore; sw_pt_lshin; sw_pt_lshoul; sw_pt_lthigh; sw_pt_rfoot; sw_pt_rfore; sw_pt_rshin; sw_pt_rshoul; sw_pt_rthigh,sw_cr_creature/c_ynpc_h_m14.mdl; sw_cr_creature/c_ynpc_h_m14.mdl; sw_cr_creature/c_ynpc_h_m14.mdl; sw_cr_creature/c_ynpc_h_m14.mdl; sw_pt_chest/pfd0_chest069.mdl; sw_pt_chest/pfd0_chest222.mdl; sw_pt_chest/pfe0_chest069.mdl; sw_pt_chest/pfe0_chest222.mdl
sw_plc/asejecter.dds,Potential consumers span multiple categories; preserve current shared-resource location,sw_plc_mdrn; sw_weapon,sw_plc_mdrn/vos_boltgun.mdl; sw_weapon/wbwsh_m_015.mdl; sw_weapon/wbwxh_m_051.mdl; sw_weapon/wbwxh_m_083.mdl; sw_weapon/wbwxl_m_025.mdl; sw_weapon/wbwxl_m_026.mdl
sw_plc/aw-text2.dds,Potential consumers span multiple categories; preserve current shared-resource location,sw_cr_vehicle; sw_plc_mdrn,sw_cr_vehicle/awing.mdl; sw_cr_vehicle/awing.mdl; sw_cr_vehicle/awingsm.mdl; sw_cr_vehicle/awingsm.mdl; sw_plc_mdrn/plc_awing.mdl; sw_plc_mdrn/plc_awing.mdl
sw_plc/awning.dds,Potential consumers span multiple categories; preserve current shared-resource location,sw_plc_cep; sw_plc_mdrn,sw_plc_cep/vos_awn3bl.mdl; sw_plc_cep/wos_awning_bk_l.mdl; sw_plc_cep/wos_awning_bk_m.mdl; sw_plc_cep/wos_awning_bk_t.mdl; sw_plc_cep/wos_awning_bl_l.mdl; sw_plc_cep/wos_awning_bl_m.mdl; sw_plc_cep/wos_awning_bl_t.mdl; sw_plc_cep/wos_awning_gr_l.mdl
sw_plc/awt1.dds,Potential consumers span multiple categories; preserve current shared-resource location,sw_cr_vehicle; sw_plc_mdrn,sw_cr_vehicle/awing.mdl; sw_cr_vehicle/awing.mdl; sw_cr_vehicle/awing.mdl; sw_cr_vehicle/awingsm.mdl; sw_cr_vehicle/awingsm.mdl; sw_cr_vehicle/awingsm.mdl; sw_plc_mdrn/plc_awing.mdl; sw_plc_mdrn/plc_awing.mdl
sw_plc/az-msc-drtdr.dds,Potential consumers span multiple categories; preserve current shared-resource location,sw_t_office; sw_t_suburb,sw_t_office/udp2_a18_01.mdl; sw_t_office/udp2_a18_02.mdl; sw_t_office/udp2_a18_03.mdl; sw_t_office/udp2_a18_04.mdl; sw_t_office/udp2_a18_05.mdl; sw_t_office/udp2_a18_06.mdl; sw_t_office/udp2_a18_06.mdl; sw_t_office/udp2_a18_07.mdl
sw_plc/back.tga,Potential consumers span multiple categories; preserve current shared-resource location,sw_cr_creature; sw_plc_cep; sw_plc_mdrn; sw_pt_pelvis; sw_t_office,sw_cr_creature/zcp_scrag.mdl; sw_cr_creature/zcp_scrag1.mdl; sw_cr_creature/zcp_scrag3.mdl; sw_plc_cep/zlc_wall_black_f.mdl; sw_plc_cep/zlc_wall_black_h.mdl; sw_plc_cep/zlc_wall_ice_l.mdl; sw_plc_cep/zlc_wall_ice_m.mdl; sw_plc_cep/zlc_wall_ice_s.mdl
sw_plc/balcon.dds,Potential consumers span multiple categories; preserve current shared-resource location,sw_t_futcity; sw_t_starship,sw_t_futcity/fcx01_w01_01.mdl; sw_t_futcity/fcx01_w01_02.mdl; sw_t_starship/fci01_o06_02.mdl; sw_t_starship/jab01_a01_13.mdl; sw_t_starship/jab01_a01_18.mdl
sw_plc/barrier02.dds,Potential consumers span multiple categories; preserve current shared-resource location,sw_t_modernex; sw_t_shadowrun,sw_t_modernex/dgt04_d17_01.mdl; sw_t_modernex/dgt04_d17_01.mdl; sw_t_modernex/dgt04_d17_01.mdl; sw_t_modernex/dgt04_d17_02.mdl; sw_t_modernex/dgt04_d17_02.mdl; sw_t_modernex/dgt04_d17_02.mdl; sw_t_modernex/dgt04_d17_03.mdl; sw_t_modernex/dgt04_d17_03.mdl
sw_plc/basilisk.tga,Potential consumers span multiple categories; preserve current shared-resource location,sw_cr_creature; sw_cr_vehicle,sw_cr_creature/c_basilisk_war.mdl; sw_cr_vehicle/c_basil.mtr
sw_plc/bb1bottom.dds,Potential consumers span multiple categories; preserve current shared-resource location,sw_t_futcity; sw_t_starship,sw_t_futcity/fcx01_a01_01.mdl; sw_t_futcity/fcx01_a01_01.mdl; sw_t_futcity/fcx01_a01_01.mdl; sw_t_futcity/fcx01_a01_01.mdl; sw_t_futcity/fcx01_a01_02.mdl; sw_t_futcity/fcx01_a01_02.mdl; sw_t_futcity/fcx01_a01_02.mdl; sw_t_futcity/fcx01_a01_02.mdl
sw_plc/bb3_top.dds,Potential consumers span multiple categories; preserve current shared-resource location,sw_t_futcity; sw_t_starship,sw_t_futcity/fcx01_f01_01.mdl; sw_t_futcity/fcx01_f01_02.mdl; sw_t_futcity/fcx01_f01_03.mdl; sw_t_futcity/fcx01_f01_04.mdl; sw_t_futcity/fcx01_f01_05.mdl; sw_t_futcity/fcx01_f01_06.mdl; sw_t_futcity/fcx01_f01_07.mdl; sw_t_futcity/fcx01_f01_08.mdl
sw_plc/bb4top2.dds,Potential consumers span multiple categories; preserve current shared-resource location,sw_skybox; sw_t_futcity; sw_t_starship,sw_skybox/narsky_001.mdl; sw_skybox/narsky_001.mdl; sw_skybox/narsky_001.mdl; sw_t_futcity/fcx01_a01_01.mdl; sw_t_futcity/fcx01_a01_02.mdl; sw_t_futcity/fcx01_a01_03.mdl; sw_t_futcity/fcx01_a01_04.mdl; sw_t_futcity/fcx01_b01_01.mdl
sw_plc/blackplastic.dds,Potential consumers span multiple categories; preserve current shared-resource location,sw_plc_mdrn; sw_weapon,sw_plc_mdrn/vos_multimelta.mdl; sw_weapon/wbwsh_m_016.mdl; sw_weapon/wbwxh_m_042.mdl; sw_weapon/wbwxl_m_018.mdl; sw_weapon/wbwxl_m_018.mdl
sw_plc/blackred.dds,Potential consumers span multiple categories; preserve current shared-resource location,sw_cr_vehicle; sw_plc_mdrn,sw_cr_vehicle/tiefightersm.mdl; sw_cr_vehicle/tiefightersm.mdl; sw_cr_vehicle/tiefightersm.mdl; sw_plc_mdrn/tiefighterplc.mdl; sw_plc_mdrn/tiefighterplc.mdl; sw_plc_mdrn/tiefighterplc.mdl
sw_plc/bladegun.dds,Potential consumers span multiple categories; preserve current shared-resource location,sw_plc_mdrn; sw_weapon,sw_plc_mdrn/vos_scifigun5.mdl; sw_plc_mdrn/vos_scifigun5.mdl; sw_weapon/wbwln_m_041.mdl; sw_weapon/wbwln_m_041.mdl; sw_weapon/wbwln_m_051.mdl; sw_weapon/wbwln_m_052.mdl; sw_weapon/wbwsh_t_152.mdl; sw_weapon/wbwsh_t_152.mdl
sw_plc/bmetal1.dds,Potential consumers span multiple categories; preserve current shared-resource location,sw_plc_mdrn; sw_weapon,sw_plc_mdrn/vos_40ksniper.mdl; sw_plc_mdrn/vos_multimelta.mdl; sw_weapon/wbwsh_m_017.mdl; sw_weapon/wbwxh_m_042.mdl; sw_weapon/wbwxh_m_082.mdl; sw_weapon/wbwxh_m_083.mdl; sw_weapon/wbwxh_m_084.mdl; sw_weapon/wbwxl_m_015.mdl
sw_plc/body_r2d2.dds,Potential consumers span multiple categories; preserve current shared-resource location,sw_cr_creature; sw_plc_cep,sw_cr_creature/c_r4v5_b.mdl; sw_cr_creature/c_r4v5_b.mdl; sw_plc_cep/jzc_drdr401.mdl; sw_plc_cep/jzc_drdr401.mdl; sw_plc_cep/jzc_drdr402.mdl; sw_plc_cep/jzc_drdr402.mdl
sw_plc/bodytuba.dds,Potential consumers span multiple categories; preserve current shared-resource location,sw_cr_vehicle; sw_plc_mdrn,sw_cr_vehicle/corvette.mdl; sw_cr_vehicle/corvette.mdl; sw_cr_vehicle/corvette.mdl; sw_cr_vehicle/corvette.mdl; sw_cr_vehicle/corvette.mdl; sw_cr_vehicle/corvette.mdl; sw_cr_vehicle/corvettesm.mdl; sw_cr_vehicle/corvettesm.mdl
sw_plc/bodytube.dds,Potential consumers span multiple categories; preserve current shared-resource location,sw_cr_vehicle; sw_plc_mdrn,sw_cr_vehicle/corvette.mdl; sw_cr_vehicle/corvette.mdl; sw_cr_vehicle/corvette.mdl; sw_cr_vehicle/corvette.mdl; sw_cr_vehicle/corvette.mdl; sw_cr_vehicle/corvette.mdl; sw_cr_vehicle/corvette.mdl; sw_cr_vehicle/corvette.mdl
sw_plc/bowcaster.tga,Potential consumers span multiple categories; preserve current shared-resource location,sw_plc_mdrn; sw_weapon,sw_plc_mdrn/vos_scifi_rfl2.mdl; sw_weapon/wbwxh_m_033.mdl; sw_weapon/wbwxh_m_034.mdl
sw_plc/brdirtyr.dds,Potential consumers span multiple categories; preserve current shared-resource location,sw_cr_vehicle; sw_plc_mdrn,sw_cr_vehicle/corvette.mdl; sw_cr_vehicle/corvette.mdl; sw_cr_vehicle/corvette.mdl; sw_cr_vehicle/corvette.mdl; sw_cr_vehicle/corvettesm.mdl; sw_cr_vehicle/corvettesm.mdl; sw_cr_vehicle/corvettesm.mdl; sw_cr_vehicle/corvettesm.mdl
sw_plc/brhead_t.dds,Potential consumers span multiple categories; preserve current shared-resource location,sw_cr_vehicle; sw_plc_mdrn,sw_cr_vehicle/corvette.mdl; sw_cr_vehicle/corvette.mdl; sw_cr_vehicle/corvette.mdl; sw_cr_vehicle/corvette.mdl; sw_cr_vehicle/corvettesm.mdl; sw_cr_vehicle/corvettesm.mdl; sw_cr_vehicle/corvettesm.mdl; sw_plc_mdrn/plc_corvette.mdl
sw_plc/build_01.dds,Potential consumers span multiple categories; preserve current shared-resource location,sw_t_futcity; sw_t_modernex,sw_t_futcity/fcx01_p01_01.mdl; sw_t_modernex/dgt04_e07_01.mdl
sw_plc/building_roof.dds,Potential consumers span multiple categories; preserve current shared-resource location,sw_t_modernex; sw_t_wildland,sw_t_modernex/rdt01_e22_01.mdl; sw_t_modernex/rdt01_e22_02.mdl; sw_t_modernex/rdt01_e22_03.mdl; sw_t_modernex/rdt01_e24_01.mdl; sw_t_modernex/rdt01_e25_01.mdl; sw_t_modernex/rdt01_e26_01.mdl; sw_t_modernex/rdt01_e26_02.mdl; sw_t_modernex/rdt01_e26_02.mdl
sw_plc/bwcpit.dds,Potential consumers span multiple categories; preserve current shared-resource location,sw_cr_creature; sw_plc_mdrn,sw_cr_creature/bwing.mdl; sw_cr_creature/bwing.mdl; sw_cr_creature/bwingsm.mdl; sw_cr_creature/bwingsm.mdl; sw_plc_mdrn/plc_bwing.mdl; sw_plc_mdrn/plc_bwing.mdl
sw_plc/bwhull.dds,Potential consumers span multiple categories; preserve current shared-resource location,sw_cr_creature; sw_plc_mdrn,sw_cr_creature/bwing.mdl; sw_cr_creature/bwing.mdl; sw_cr_creature/bwing.mdl; sw_cr_creature/bwing.mdl; sw_cr_creature/bwing.mdl; sw_cr_creature/bwing.mdl; sw_cr_creature/bwing.mdl; sw_cr_creature/bwing.mdl
sw_plc/bwwing.dds,Potential consumers span multiple categories; preserve current shared-resource location,sw_cr_creature; sw_plc_mdrn,sw_cr_creature/bwing.mdl; sw_cr_creature/bwing.mdl; sw_cr_creature/bwingsm.mdl; sw_cr_creature/bwingsm.mdl; sw_plc_mdrn/plc_bwing.mdl; sw_plc_mdrn/plc_bwing.mdl
sw_plc/byhandle.dds,Potential consumers span multiple categories; preserve current shared-resource location,sw_plc_mdrn; sw_weapon,sw_plc_mdrn/vos_multimelta.mdl; sw_weapon/wbwsh_m_015.mdl; sw_weapon/wbwxh_m_042.mdl; sw_weapon/wbwxh_m_082.mdl; sw_weapon/wbwxh_m_083.mdl; sw_weapon/wbwxh_m_083.mdl; sw_weapon/wbwxh_m_083.mdl; sw_weapon/wbwxh_m_084.mdl
sw_plc/camel.dds,Potential consumers span multiple categories; preserve current shared-resource location,sw_cr_creature; sw_item,sw_cr_creature/c_dcamel.mdl; sw_item/it_smlmisc_099.mdl; sw_item/it_smlmisc_106.mdl
sw_plc/canister.dds,Potential consumers span multiple categories; preserve current shared-resource location,sw_plc_mdrn; sw_weapon,sw_plc_mdrn/vos_boltgun.mdl; sw_weapon/wbwsh_m_015.mdl; sw_weapon/wbwxh_m_061.mdl; sw_weapon/wbwxh_m_061.mdl; sw_weapon/wbwxh_m_061.mdl; sw_weapon/wbwxh_m_061.mdl; sw_weapon/wbwxh_m_061.mdl; sw_weapon/wbwxh_m_061.mdl
sw_plc/canisterct.dds,Potential consumers span multiple categories; preserve current shared-resource location,sw_plc_mdrn; sw_weapon,sw_plc_mdrn/vos_boltgun.mdl; sw_weapon/wbwsh_m_015.mdl; sw_weapon/wbwxh_m_061.mdl; sw_weapon/wbwxh_m_061.mdl; sw_weapon/wbwxh_m_061.mdl; sw_weapon/wbwxh_m_061.mdl; sw_weapon/wbwxh_m_061.mdl; sw_weapon/wbwxh_m_061.mdl
sw_plc/ceiling_light.dds,Potential consumers span multiple categories; preserve current shared-resource location,sw_t_modernex; sw_t_shadowrun,sw_t_modernex/dgt04_d18_01.mdl; sw_t_modernex/dgt04_d18_02.mdl; sw_t_modernex/dgt04_d19_01.mdl; sw_t_modernex/dgt04_d19_02.mdl; sw_t_modernex/dgt04_d19_03.mdl; sw_t_modernex/dgt04_d19_04.mdl; sw_t_modernex/dgt04_d20_01.mdl; sw_t_modernex/dgt04_d20_02.mdl
sw_plc/cigar.dds,Potential consumers span multiple categories; preserve current shared-resource location,sw_item; sw_plc_mdrn,sw_item/it_mod_002.mdl; sw_item/it_mod_003.mdl; sw_plc_mdrn/jvb_cigar01.mdl
sw_plc/cockpit.dds,Potential consumers span multiple categories; preserve current shared-resource location,sw_plc_cep; sw_plc_mdrn; sw_t_starship,sw_plc_cep/sja_acash01.mdl; sw_plc_mdrn/v_awing.mdl; sw_plc_mdrn/v_awing.mdl; sw_plc_mdrn/v_awing.mdl; sw_plc_mdrn/v_awing.mdl; sw_plc_mdrn/v_awing.mdl; sw_plc_mdrn/v_awing.mdl; sw_plc_mdrn/v_awing.mdl
sw_plc/comp1glass.dds,Potential consumers span multiple categories; preserve current shared-resource location,sw_plc_mdrn; sw_t_starship,sw_plc_mdrn/mod01_o01_06.mdl; sw_plc_mdrn/mod01_o01_06.mdl; sw_plc_mdrn/mod01_o01_06.mdl; sw_t_starship/fci01_a01_14.mdl; sw_t_starship/fci01_a01_14.mdl
sw_plc/concrete01.dds,Potential consumers span multiple categories; preserve current shared-resource location,sw_t_futcity; sw_t_suburb,sw_t_futcity/fcx01_x01_01.mdl; sw_t_futcity/fcx01_x01_02.mdl; sw_t_suburb/udp1_b06_33.mdl; sw_t_suburb/udp1_b06_33.mdl; sw_t_suburb/udp1_b06_33.mdl
sw_plc/concrete_07.dds,Potential consumers span multiple categories; preserve current shared-resource location,sw_t_modernex; sw_t_shadowrun,sw_t_modernex/dgt04_e05_01.mdl; sw_t_modernex/dgt04_e05_01.mdl; sw_t_modernex/dgt04_e05_01.mdl; sw_t_modernex/dgt04_e05_01.mdl; sw_t_modernex/dgt04_e05_01.mdl; sw_t_modernex/dgt04_e05_01.mdl; sw_t_modernex/dgt04_e05_01.mdl; sw_t_modernex/dgt04_e05_01.mdl
sw_plc/concrete_08.dds,Potential consumers span multiple categories; preserve current shared-resource location,sw_t_modernex; sw_t_shadowrun,sw_t_modernex/dgt04_a01_01.mdl; sw_t_modernex/dgt04_a01_01.mdl; sw_t_modernex/dgt04_a01_01.mdl; sw_t_modernex/dgt04_a01_01.mdl; sw_t_modernex/dgt04_a01_01.mdl; sw_t_modernex/dgt04_a01_01.mdl; sw_t_modernex/dgt04_a01_01.mdl; sw_t_modernex/dgt04_a01_01.mdl
sw_plc/concrete_29.dds,Potential consumers span multiple categories; preserve current shared-resource location,sw_t_modernex; sw_t_shadowrun,sw_t_modernex/dgt04_e09_42.mdl; sw_t_modernex/dgt04_e09_43.mdl; sw_t_modernex/dgt04_e09_43.mdl; sw_t_modernex/dgt04_e09_44.mdl; sw_t_modernex/dgt04_e09_45.mdl; sw_t_modernex/dgt04_e11_07.mdl; sw_t_modernex/dgt04_e12_05.mdl; sw_t_modernex/dgt05_i02_01.mdl
sw_plc/console.dds,Potential consumers span multiple categories; preserve current shared-resource location,sw_plc_cep; sw_plc_mdrn,sw_plc_cep/pkt_sfconsole01.mdl; sw_plc_mdrn/mod01_o01_06.mdl; sw_plc_mdrn/mod01_o01_06.mdl
sw_plc/console.tga,Potential consumers span multiple categories; preserve current shared-resource location,sw_plc_cep; sw_plc_mdrn,sw_plc_cep/pkt_sfconsole01.mdl; sw_plc_mdrn/mod01_o01_06.mdl; sw_plc_mdrn/mod01_o01_06.mdl
sw_plc/cq_furnit.dds,Potential consumers span multiple categories; preserve current shared-resource location,sw_plc_mdrn; sw_t_scifibase,sw_plc_mdrn/cqarm01.mdl; sw_plc_mdrn/cqarm01.mdl; sw_plc_mdrn/cqarm02.mdl; sw_plc_mdrn/cqarm02.mdl; sw_plc_mdrn/cqarm02.mdl; sw_plc_mdrn/cqbank01.mdl; sw_plc_mdrn/cqbed01.mdl; sw_plc_mdrn/cqbed01.mdl
sw_plc/cq_light.dds,Potential consumers span multiple categories; preserve current shared-resource location,sw_plc_mdrn; sw_t_scifibase,sw_plc_mdrn/cqcompt01.mdl; sw_plc_mdrn/cqdesk01.mdl; sw_plc_mdrn/cqentrance11.mdl; sw_plc_mdrn/cqhouse11.mdl; sw_plc_mdrn/cqhouse11.mdl; sw_plc_mdrn/cqhouse11.mdl; sw_plc_mdrn/cqhouse11.mdl; sw_plc_mdrn/cqhouse11.mdl
sw_plc/cqmetal01.dds,Potential consumers span multiple categories; preserve current shared-resource location,sw_plc_mdrn; sw_t_scifibase,sw_plc_mdrn/cqarm01.mdl; sw_plc_mdrn/cqarm02.mdl; sw_plc_mdrn/cqbank01.mdl; sw_plc_mdrn/cqbed01.mdl; sw_plc_mdrn/cqbed01.mdl; sw_plc_mdrn/cqbed02.mdl; sw_plc_mdrn/cqcompt01.mdl; sw_plc_mdrn/cqcompt01.mdl
sw_plc/cqpanel01.dds,Potential consumers span multiple categories; preserve current shared-resource location,sw_plc_mdrn; sw_t_cepdrow; sw_t_scifibase,sw_plc_mdrn/cqcompt02.mdl; sw_plc_mdrn/cqcompt03.mdl; sw_plc_mdrn/cqcomput01.mdl; sw_plc_mdrn/cqrak01.mdl; sw_plc_mdrn/cqrak01.mdl; sw_plc_mdrn/cqrak01.mdl; sw_plc_mdrn/cqrak01.mdl; sw_plc_mdrn/cqrak01.mdl
sw_plc/cqroof01.dds,Potential consumers span multiple categories; preserve current shared-resource location,sw_plc_mdrn; sw_t_scifibase,sw_plc_mdrn/cqentrance11.mdl; sw_plc_mdrn/cqentrance11.mdl; sw_plc_mdrn/cqentrance11.mdl; sw_plc_mdrn/cqentrance11.mdl; sw_plc_mdrn/cqentrance11.mdl; sw_plc_mdrn/cqentrance11.mdl; sw_plc_mdrn/cqentrance11.mdl; sw_plc_mdrn/cqentrance11.mdl
sw_plc/crate02.dds,Potential consumers span multiple categories; preserve current shared-resource location,sw_plc_mdrn; sw_t_facility,sw_plc_mdrn/psi_crate7.mdl; sw_plc_mdrn/psi_crate7.mdl; sw_t_facility/tbx78_a02_02.mdl
sw_plc/crate03.dds,Potential consumers span multiple categories; preserve current shared-resource location,sw_plc_mdrn; sw_t_facility,sw_plc_mdrn/psi_crate8.mdl; sw_t_facility/tbx78_a02_02.mdl
sw_plc/crate04.dds,Potential consumers span multiple categories; preserve current shared-resource location,sw_plc_mdrn; sw_t_facility,sw_plc_mdrn/psi_crate9.mdl; sw_t_facility/tbx78_a02_02.mdl
sw_plc/crf.dds,Potential consumers span multiple categories; preserve current shared-resource location,sw_pt_chest; sw_weapon,sw_pt_chest/pmh0_chest186.mdl; sw_weapon/wbwsl_m_181.mdl; sw_weapon/wbwsl_m_182.mdl; sw_weapon/wbwxh_m_133.mdl; sw_weapon/wbwxl_m_181.mdl; sw_weapon/wbwxl_m_182.mdl
sw_plc/crystal01.tga,Potential consumers span multiple categories; preserve current shared-resource location,sw_plc_cep; sw_t_secbase; sw_t_secretbs,sw_plc_cep/zlc_fky_n41.mdl; sw_plc_cep/zlc_fky_n42.mdl; sw_plc_cep/zlc_fky_n43.mdl; sw_plc_cep/zlc_fky_n44.mdl; sw_plc_cep/zlc_fky_n45.mdl; sw_plc_cep/zlc_fky_n46.mdl; sw_plc_cep/zlc_fky_n47.mdl; sw_t_secbase/tcdh0_r02_01.mdl
sw_plc/crystal01.txi,Potential consumers span multiple categories; preserve current shared-resource location,sw_plc_cep; sw_t_secbase; sw_t_secretbs,sw_plc_cep/zlc_fky_n41.mdl; sw_plc_cep/zlc_fky_n42.mdl; sw_plc_cep/zlc_fky_n43.mdl; sw_plc_cep/zlc_fky_n44.mdl; sw_plc_cep/zlc_fky_n45.mdl; sw_plc_cep/zlc_fky_n46.mdl; sw_plc_cep/zlc_fky_n47.mdl; sw_t_secbase/tcdh0_r02_01.mdl
sw_plc/ctown_build1.dds,Potential consumers span multiple categories; preserve current shared-resource location,sw_t_futcity; sw_t_starship,sw_t_futcity/cor01_b01_04.mdl; sw_t_futcity/cor01_b01_10.mdl; sw_t_futcity/cor01_b01_12.mdl; sw_t_futcity/fcx01_p01_01.mdl; sw_t_futcity/fcx01_q01_01.mdl; sw_t_futcity/fcx01_q01_01.mdl; sw_t_futcity/fcx01_r01_01.mdl; sw_t_futcity/fcx01_t01_03.mdl
sw_plc/ctown_build7.dds,Potential consumers span multiple categories; preserve current shared-resource location,sw_t_futcity; sw_t_starship,sw_t_futcity/fcx01_p01_01.mdl; sw_t_starship/fci01_b01_01.mdl; sw_t_starship/fci01_k01_14.mdl
sw_plc/ctown_wal_id8.dds,Potential consumers span multiple categories; preserve current shared-resource location,sw_t_futcity; sw_t_starship,sw_t_futcity/fcx01_p01_01.mdl; sw_t_futcity/fcx01_t01_03.mdl; sw_t_futcity/fcx01_t01_04.mdl; sw_t_futcity/fcx01_t01_05.mdl; sw_t_futcity/fcx01_t01_06.mdl; sw_t_futcity/fcx01_t01_08.mdl; sw_t_futcity/fcx01_t01_09.mdl; sw_t_futcity/fcx01_t01_10.mdl
sw_plc/d_ground03.dds,Potential consumers span multiple categories; preserve current shared-resource location,sw_t_futcity; sw_t_starship,sw_t_futcity/cor01_b01_07.mdl; sw_t_futcity/cor01_b01_11.mdl; sw_t_futcity/cor01_b01_11.mdl; sw_t_futcity/cor01_b01_13.mdl; sw_t_futcity/cor01_b01_13.mdl; sw_t_futcity/fcx01_e01_01.mdl; sw_t_futcity/fcx01_e01_01.mdl; sw_t_futcity/fcx01_e01_02.mdl
sw_plc/d_ground04.tga,Potential consumers span multiple categories; preserve current shared-resource location,sw_skybox; sw_t_futcity,sw_skybox/narsky_001.mdl; sw_t_futcity/fcx01_g01_10.mdl; sw_t_futcity/fcx01_g01_11.mdl; sw_t_futcity/fcx01_n01_01.mdl; sw_t_futcity/fcx01_n01_02.mdl; sw_t_futcity/fcx01_n01_03.mdl; sw_t_futcity/fcx01_n01_04.mdl
sw_plc/d_wall.dds,Potential consumers span multiple categories; preserve current shared-resource location,sw_skybox; sw_t_futcity; sw_t_starship,sw_skybox/narsky_001.mdl; sw_t_futcity/fcx01_n01_01.mdl; sw_t_futcity/fcx01_n01_01.mdl; sw_t_futcity/fcx01_n01_02.mdl; sw_t_futcity/fcx01_n01_02.mdl; sw_t_futcity/fcx01_n01_03.mdl; sw_t_futcity/fcx01_n01_03.mdl; sw_t_futcity/fcx01_n01_04.mdl
sw_plc/danger.dds,Potential consumers span multiple categories; preserve current shared-resource location,sw_plc_mdrn; sw_t_starship,sw_plc_mdrn/cqhouse11.mdl; sw_plc_mdrn/cqhouse11.mdl; sw_plc_mdrn/cqhouse12.mdl; sw_plc_mdrn/cqhouse12.mdl; sw_plc_mdrn/cqhouse14.mdl; sw_plc_mdrn/cqhouse14.mdl; sw_plc_mdrn/cqhouse15.mdl; sw_plc_mdrn/cqhouse15.mdl
sw_plc/ddgmetal.dds,Potential consumers span multiple categories; preserve current shared-resource location,sw_plc_mdrn; sw_weapon,sw_plc_mdrn/vos_boltgun.mdl; sw_weapon/wbwsh_m_015.mdl; sw_weapon/wbwsh_m_015.mdl; sw_weapon/wbwxh_m_082.mdl; sw_weapon/wbwxl_m_025.mdl; sw_weapon/wbwxl_m_026.mdl
sw_plc/detail.dds,Potential consumers span multiple categories; preserve current shared-resource location,sw_plc_mdrn; sw_t_treetop,sw_plc_mdrn/mod01_o01_06.mdl; sw_t_treetop/thf02_h04_13.mdl; sw_t_treetop/thf02_r01_13.mdl; sw_t_treetop/thf02_r01_21.mdl; sw_t_treetop/thf02_r01_23.mdl; sw_t_treetop/thf02_r01_24.mdl; sw_t_treetop/thf02_r01_33.mdl; sw_t_treetop/thf02_r01_34.mdl
sw_plc/detail.tga,Potential consumers span multiple categories; preserve current shared-resource location,sw_plc_mdrn; sw_t_treetop,sw_plc_mdrn/mod01_o01_06.mdl; sw_t_treetop/thf02_h04_13.mdl; sw_t_treetop/thf02_r01_13.mdl; sw_t_treetop/thf02_r01_21.mdl; sw_t_treetop/thf02_r01_23.mdl; sw_t_treetop/thf02_r01_24.mdl; sw_t_treetop/thf02_r01_33.mdl; sw_t_treetop/thf02_r01_34.mdl
sw_plc/dgreenrmetal.dds,Potential consumers span multiple categories; preserve current shared-resource location,sw_plc_mdrn; sw_weapon,sw_plc_mdrn/vos_40ksniper.mdl; sw_weapon/wbwxl_m_016.mdl; sw_weapon/wbwxl_m_035.mdl
sw_plc/diary.dds,Raw binary token matched but could not verify actual resource declaration; leave unchanged,,sw_plc_mdrn/jvb_diary01.mdl; sw_plc_mdrn/jvb_diary02.mdl
sw_plc/dock_rope.dds,Potential consumers span multiple categories; preserve current shared-resource location,sw_t_modernex; sw_t_wildland,sw_t_modernex/dgt05_w25_011.mdl; sw_t_modernex/dgt05_w25_011.mdl; sw_t_modernex/dgt05_w25_111.mdl; sw_t_modernex/dgt05_w25_111.mdl; sw_t_modernex/dgt05_w25_111.mdl; sw_t_modernex/dgt05_w25_111.mdl; sw_t_modernex/dgt05_w25_111.mdl; sw_t_modernex/dgt05_w25_111.mdl
sw_plc/doorframe.tga,Potential consumers span multiple categories; preserve current shared-resource location,sw_door; sw_t_cepdesert; sw_t_cepforest; sw_t_cepfrozen; sw_t_jungle; sw_t_planet; sw_t_tatooine,sw_door/t_door92.mdl; sw_door/t_door92.mdl; sw_door/t_door92.mdl; sw_door/t_door92.mdl; sw_door/t_door92.mdl; sw_door/t_door92.mdl; sw_door/t_door92.mdl; sw_door/t_door92.mdl
sw_plc/exhaust.tga,Potential consumers span multiple categories; preserve current shared-resource location,sw_cr_vehicle; sw_t_cepcityex; sw_t_cepforest; sw_t_cepfrozen; sw_t_ceprural; sw_t_cepunder; sw_t_cepwinter; sw_t_jungle; sw_t_season; sw_t_suburb,sw_cr_vehicle/c_fl_lybs.mdl; sw_cr_vehicle/c_fl_orbs.mdl; sw_t_cepcityex/zcn01_a42_13.mdl; sw_t_cepcityex/zcn01_a42_13.mdl; sw_t_cepcityex/zcn01_a42_13.mdl; sw_t_cepcityex/zcn01_a42_13.mdl; sw_t_cepcityex/zcn01_a42_13.mdl; sw_t_cepcityex/zcn01_a42_13.mdl
sw_plc/fern2.dds,Potential consumers span multiple categories; preserve current shared-resource location,sw_plc_cep; sw_t_jungle,sw_plc_cep/zlc_h67.mdl; sw_plc_cep/zlc_h67.mdl; sw_plc_cep/zlc_h67.mdl; sw_plc_cep/zlc_h67.mdl; sw_plc_cep/zlc_h67.mdl; sw_plc_cep/zlc_h67.mdl; sw_plc_cep/zlc_h67.mdl; sw_plc_cep/zlc_h67.mdl
sw_plc/floor00.dds,Potential consumers span multiple categories; preserve current shared-resource location,sw_t_futcity; sw_t_starship,sw_t_futcity/fcx01_h01_02.mdl; sw_t_futcity/fcx01_h01_02.mdl; sw_t_futcity/fcx01_h01_03.mdl; sw_t_futcity/fcx01_h01_03.mdl; sw_t_futcity/fcx01_h01_03.mdl; sw_t_futcity/fcx01_h01_04.mdl; sw_t_futcity/fcx01_h01_04.mdl; sw_t_futcity/fcx01_h01_05.mdl
sw_plc/floor01.dds,Potential consumers span multiple categories; preserve current shared-resource location,sw_plc_mdrn; sw_t_beholder; sw_t_castle1; sw_t_cepbehold; sw_t_cepcityex; sw_t_cepcityin; sw_t_cepcrypt; sw_t_cepunder; sw_t_crypt; sw_t_futcity; sw_t_jungle; sw_t_metalint; sw_t_office; sw_t_planet; sw_t_season; sw_t_secbase; sw_t_secretbs; sw_t_starship; sw_t_suburb; sw_t_treetop,sw_plc_mdrn/mdrnfloor_01m.mdl; sw_plc_mdrn/mdrnfloor_02m.mdl; sw_plc_mdrn/mdrnfloor_03m.mdl; sw_plc_mdrn/mdrnfloor_04m.mdl; sw_plc_mdrn/mdrnfloor_05m.mdl; sw_plc_mdrn/mdrnfloor_06m.mdl; sw_plc_mdrn/mdrnfloor_07m.mdl; sw_plc_mdrn/mdrnfloor_08m.mdl
sw_plc/fwhold_blue.dds,Potential consumers span multiple categories; preserve current shared-resource location,sw_item; sw_weapon,sw_item/it_torch_010.mdl; sw_weapon/wblcl_m_101.mdl
sw_plc/fwhold_green.dds,Potential consumers span multiple categories; preserve current shared-resource location,sw_item; sw_weapon,sw_item/it_torch_010.mdl; sw_weapon/wblcl_m_101.mdl
sw_plc/fwhold_red.dds,Potential consumers span multiple categories; preserve current shared-resource location,sw_item; sw_weapon,sw_item/it_torch_010.mdl; sw_item/it_torch_013.mdl; sw_weapon/wblcl_m_101.mdl
sw_plc/g36_hdle.dds,Potential consumers span multiple categories; preserve current shared-resource location,sw_plc_cep; sw_weapon,sw_plc_cep/vos_rfl_stand7.mdl; sw_weapon/wbwsl_m_082.mdl; sw_weapon/wbwsl_m_083.mdl; sw_weapon/wbwsl_m_084.mdl; sw_weapon/wbwxh_m_122.mdl; sw_weapon/wbwxl_m_251.mdl
sw_plc/g36_main.dds,Potential consumers span multiple categories; preserve current shared-resource location,sw_plc_cep; sw_weapon,sw_plc_cep/vos_rfl_stand7.mdl; sw_weapon/wbwsl_m_082.mdl; sw_weapon/wbwsl_m_083.mdl; sw_weapon/wbwsl_m_084.mdl; sw_weapon/wbwxh_m_122.mdl; sw_weapon/wbwxl_m_251.mdl
sw_plc/g36_stuf.dds,Potential consumers span multiple categories; preserve current shared-resource location,sw_plc_cep; sw_weapon,sw_plc_cep/vos_rfl_stand7.mdl; sw_weapon/wbwsl_m_082.mdl; sw_weapon/wbwsl_m_083.mdl; sw_weapon/wbwsl_m_084.mdl; sw_weapon/wbwxh_m_122.mdl; sw_weapon/wbwxl_m_251.mdl
sw_plc/generator.dds,Potential consumers span multiple categories; preserve current shared-resource location,sw_plc_mdrn; sw_t_starship,sw_plc_mdrn/mod01_o01_06.mdl; sw_plc_mdrn/mod01_o01_06.mdl; sw_t_starship/fci01_m02_01.mdl; sw_t_starship/fci01_m02_01.mdl; sw_t_starship/fci01_m02_01.mdl; sw_t_starship/fci01_m02_01.mdl; sw_t_starship/fci01_m02_01.mdl; sw_t_starship/fci01_m02_01.mdl
sw_plc/generator.tga,Potential consumers span multiple categories; preserve current shared-resource location,sw_plc_mdrn; sw_t_starship,sw_plc_mdrn/mod01_o01_06.mdl; sw_plc_mdrn/mod01_o01_06.mdl; sw_t_starship/fci01_m02_01.mdl; sw_t_starship/fci01_m02_01.mdl; sw_t_starship/fci01_m02_01.mdl; sw_t_starship/fci01_m02_01.mdl; sw_t_starship/fci01_m02_01.mdl; sw_t_starship/fci01_m02_01.mdl
sw_plc/greendisplay.dds,Potential consumers span multiple categories; preserve current shared-resource location,sw_plc_mdrn; sw_weapon,sw_plc_mdrn/vos_multimelta.mdl; sw_weapon/wbwxh_m_042.mdl
sw_plc/gren.dds,Potential consumers span multiple categories; preserve current shared-resource location,sw_item; sw_plc_mdrn,sw_item/it_x1_gren_015.mdl; sw_plc_mdrn/agrand.mdl
sw_plc/gren_barrel.dds,Potential consumers span multiple categories; preserve current shared-resource location,sw_plc_mdrn; sw_weapon,sw_plc_mdrn/vos_stg_gun2.mdl; sw_weapon/wbwln_b_031.mdl; sw_weapon/wbwln_b_041.mdl; sw_weapon/wbwln_b_101.mdl; sw_weapon/wbwln_t_021.mdl; sw_weapon/wbwln_t_031.mdl; sw_weapon/wbwln_t_041.mdl; sw_weapon/wbwln_t_051.mdl
sw_plc/grey_city_metal.dds,Potential consumers span multiple categories; preserve current shared-resource location,sw_t_modernex; sw_t_shadowrun,sw_t_modernex/dgt04_e09_58.mdl; sw_t_modernex/dgt04_e09_63.mdl; sw_t_modernex/dgw01_d31_01.mdl; sw_t_modernex/dgw01_d31_01.mdl; sw_t_modernex/dgw01_d32_01.mdl; sw_t_modernex/dgw01_d32_01.mdl; sw_t_modernex/dgw01_d33_01.mdl; sw_t_modernex/dgw01_d35_01.mdl
sw_plc/gris3.dds,Potential consumers span multiple categories; preserve current shared-resource location,sw_skybox; sw_t_futcity; sw_t_starship,sw_skybox/narsky_001.mdl; sw_skybox/narsky_001.mdl; sw_skybox/narsky_001.mdl; sw_t_futcity/fcx01_j01_01.mdl; sw_t_futcity/fcx01_j01_01.mdl; sw_t_futcity/fcx01_j01_01.mdl; sw_t_futcity/fcx01_j01_01.mdl; sw_t_futcity/fcx01_j01_01.mdl
sw_plc/hammerhead.dds,Potential consumers span multiple categories; preserve current shared-resource location,sw_cr_creature; sw_cr_vehicle; sw_t_secbase; sw_t_secretbs,sw_cr_creature/c_hammerhead.mdl; sw_cr_vehicle/c_js_serendi.mdl; sw_cr_vehicle/c_n_hhead.mdl; sw_cr_vehicle/c_rep_hhead.mdl; sw_cr_vehicle/c_sith_hhead.mdl; sw_t_secbase/tcdh0_s04_01.mdl; sw_t_secbase/tcdh0_t20_01.mdl; sw_t_secretbs/tjsb0_s04_01.mdl
sw_plc/hand_prints_a.dds,Potential consumers span multiple categories; preserve current shared-resource location,sw_plc_cep; sw_plc_mdrn,sw_plc_cep/zlc_j80.mdl; sw_plc_mdrn/vos_window_5.mdl
sw_plc/handguntex1.dds,Potential consumers span multiple categories; preserve current shared-resource location,sw_plc_mdrn; sw_weapon,sw_plc_mdrn/vos_scifigun15.mdl; sw_weapon/wbwsh_m_103.mdl; sw_weapon/wbwsh_m_103.mdl; sw_weapon/wbwsh_m_103.mdl; sw_weapon/wbwsh_m_103.mdl; sw_weapon/wbwsh_m_103.mdl; sw_weapon/wbwsh_m_103.mdl; sw_weapon/wbwsh_m_103.mdl
sw_plc/handguntex2.dds,Potential consumers span multiple categories; preserve current shared-resource location,sw_plc_mdrn; sw_weapon,sw_plc_mdrn/vos_scifigun15.mdl; sw_weapon/wbwsh_m_103.mdl; sw_weapon/wbwsh_m_103.mdl; sw_weapon/wbwsh_m_104.mdl; sw_weapon/wbwsh_m_104.mdl; sw_weapon/wbwsl_111.mdl; sw_weapon/wbwsl_111.mdl
sw_plc/helm_tex_01.dds,"Naming or last table-row classifier disagrees, but duplicate/untagged legacy table rows do not prove source-pack provenance",,
sw_plc/hosp_win01.dds,Potential consumers span multiple categories; preserve current shared-resource location,sw_t_modernex; sw_t_shadowrun,sw_t_modernex/dgt04_e09_42.mdl; sw_t_modernex/dgt04_e09_42.mdl; sw_t_modernex/dgt04_e09_43.mdl; sw_t_modernex/dgt04_e09_43.mdl; sw_t_modernex/dgt04_e09_44.mdl; sw_t_modernex/dgt04_e09_44.mdl; sw_t_modernex/dgt04_e09_45.mdl; sw_t_modernex/dgt04_e09_45.mdl
sw_plc/hullblue.dds,Potential consumers span multiple categories; preserve current shared-resource location,sw_cr_vehicle; sw_plc_mdrn,sw_cr_vehicle/tiefightersm.mdl; sw_cr_vehicle/tiefightersm.mdl; sw_cr_vehicle/tiefightersm.mdl; sw_cr_vehicle/tiefightersm.mdl; sw_cr_vehicle/tiefightersm.mdl; sw_cr_vehicle/tiefightersm.mdl; sw_cr_vehicle/tiefightersm.mdl; sw_cr_vehicle/tiefightersm.mdl
sw_plc/inexpugnable_l.tga,Potential consumers span multiple categories; preserve current shared-resource location,sw_cr_creature; sw_cr_vehicle,sw_cr_creature/c_inexpungible.mdl; sw_cr_vehicle/c_rep_inexpL.mtr
sw_plc/is-blue.dds,Potential consumers span multiple categories; preserve current shared-resource location,sw_cr_vehicle; sw_plc_mdrn,sw_cr_vehicle/impshuttle.mdl; sw_cr_vehicle/impshuttle.mdl; sw_cr_vehicle/impshuttlesm.mdl; sw_cr_vehicle/impshuttlesm.mdl; sw_plc_mdrn/impshuttleplc.mdl; sw_plc_mdrn/impshuttleplc.mdl
sw_plc/is-cpt-l.dds,Potential consumers span multiple categories; preserve current shared-resource location,sw_cr_vehicle; sw_plc_mdrn,sw_cr_vehicle/impshuttle.mdl; sw_cr_vehicle/impshuttlesm.mdl; sw_plc_mdrn/impshuttleplc.mdl
sw_plc/is-cpt-r.dds,Potential consumers span multiple categories; preserve current shared-resource location,sw_cr_vehicle; sw_plc_mdrn,sw_cr_vehicle/impshuttle.mdl; sw_cr_vehicle/impshuttlesm.mdl; sw_plc_mdrn/impshuttleplc.mdl
sw_plc/is-cpt-t.dds,Potential consumers span multiple categories; preserve current shared-resource location,sw_cr_vehicle; sw_plc_mdrn,sw_cr_vehicle/impshuttle.mdl; sw_cr_vehicle/impshuttlesm.mdl; sw_plc_mdrn/impshuttleplc.mdl
sw_plc/is-default.dds,Potential consumers span multiple categories; preserve current shared-resource location,sw_cr_vehicle; sw_plc_mdrn,sw_cr_vehicle/impshuttle.mdl; sw_cr_vehicle/impshuttlesm.mdl; sw_plc_mdrn/impshuttleplc.mdl
sw_plc/is-hul-b.dds,Potential consumers span multiple categories; preserve current shared-resource location,sw_cr_vehicle; sw_plc_mdrn,sw_cr_vehicle/impshuttle.mdl; sw_cr_vehicle/impshuttlesm.mdl; sw_plc_mdrn/impshuttleplc.mdl
sw_plc/is-hul-f.dds,Potential consumers span multiple categories; preserve current shared-resource location,sw_cr_vehicle; sw_plc_mdrn,sw_cr_vehicle/impshuttle.mdl; sw_cr_vehicle/impshuttlesm.mdl; sw_plc_mdrn/impshuttleplc.mdl
sw_plc/is-hul-l.dds,Potential consumers span multiple categories; preserve current shared-resource location,sw_cr_vehicle; sw_plc_mdrn,sw_cr_vehicle/impshuttle.mdl; sw_cr_vehicle/impshuttlesm.mdl; sw_plc_mdrn/impshuttleplc.mdl
sw_plc/is-hul-o.dds,Potential consumers span multiple categories; preserve current shared-resource location,sw_cr_vehicle; sw_plc_mdrn,sw_cr_vehicle/impshuttle.mdl; sw_cr_vehicle/impshuttlesm.mdl; sw_plc_mdrn/impshuttleplc.mdl
sw_plc/is-hul-r.dds,Potential consumers span multiple categories; preserve current shared-resource location,sw_cr_vehicle; sw_plc_mdrn,sw_cr_vehicle/impshuttle.mdl; sw_cr_vehicle/impshuttlesm.mdl; sw_plc_mdrn/impshuttleplc.mdl
sw_plc/is-hul-t.dds,Potential consumers span multiple categories; preserve current shared-resource location,sw_cr_vehicle; sw_plc_mdrn,sw_cr_vehicle/impshuttle.mdl; sw_cr_vehicle/impshuttlesm.mdl; sw_plc_mdrn/impshuttleplc.mdl
sw_plc/is-intak.dds,Potential consumers span multiple categories; preserve current shared-resource location,sw_cr_vehicle; sw_plc_mdrn,sw_cr_vehicle/impshuttle.mdl; sw_cr_vehicle/impshuttlesm.mdl; sw_plc_mdrn/impshuttleplc.mdl
sw_plc/is-metal.dds,Potential consumers span multiple categories; preserve current shared-resource location,sw_cr_vehicle; sw_plc_mdrn,sw_cr_vehicle/impshuttle.mdl; sw_cr_vehicle/impshuttlesm.mdl; sw_plc_mdrn/impshuttleplc.mdl
sw_plc/is-stabr.dds,Potential consumers span multiple categories; preserve current shared-resource location,sw_cr_vehicle; sw_plc_mdrn,sw_cr_vehicle/impshuttle.mdl; sw_cr_vehicle/impshuttlesm.mdl; sw_plc_mdrn/impshuttleplc.mdl
sw_plc/is-stsup.dds,Potential consumers span multiple categories; preserve current shared-resource location,sw_cr_vehicle; sw_plc_mdrn,sw_cr_vehicle/impshuttle.mdl; sw_cr_vehicle/impshuttlesm.mdl; sw_plc_mdrn/impshuttleplc.mdl
sw_plc/is-white.dds,Potential consumers span multiple categories; preserve current shared-resource location,sw_cr_vehicle; sw_plc_mdrn,sw_cr_vehicle/impshuttle.mdl; sw_cr_vehicle/impshuttle.mdl; sw_cr_vehicle/impshuttlesm.mdl; sw_cr_vehicle/impshuttlesm.mdl; sw_plc_mdrn/impshuttleplc.mdl; sw_plc_mdrn/impshuttleplc.mdl
sw_plc/is-white.tga,Potential consumers span multiple categories; preserve current shared-resource location,sw_cr_vehicle; sw_plc_mdrn,sw_cr_vehicle/impshuttle.mdl; sw_cr_vehicle/impshuttle.mdl; sw_cr_vehicle/impshuttlesm.mdl; sw_cr_vehicle/impshuttlesm.mdl; sw_plc_mdrn/impshuttleplc.mdl; sw_plc_mdrn/impshuttleplc.mdl
sw_plc/is-wing.dds,Potential consumers span multiple categories; preserve current shared-resource location,sw_cr_vehicle; sw_plc_mdrn,sw_cr_vehicle/impshuttle.mdl; sw_cr_vehicle/impshuttle.mdl; sw_cr_vehicle/impshuttlesm.mdl; sw_cr_vehicle/impshuttlesm.mdl; sw_plc_mdrn/impshuttleplc.mdl; sw_plc_mdrn/impshuttleplc.mdl
sw_plc/jango_helmet.dds,Potential consumers span multiple categories; preserve current shared-resource location,sw_cr_creature; sw_pt_helm,sw_cr_creature/c_ynpc_h_m07.mdl; sw_pt_helm/helm_105.mdl
sw_plc/jango_helmet.tga,Potential consumers span multiple categories; preserve current shared-resource location,sw_cr_creature; sw_pt_helm,sw_cr_creature/c_ynpc_h_m07.mdl; sw_pt_helm/helm_105.mdl
sw_plc/jud_door02.dds,Potential consumers span multiple categories; preserve current shared-resource location,sw_t_futcity; sw_t_tatooine,sw_t_futcity/fcx_door_01.mdl; sw_t_futcity/fcx_door_01.mdl; sw_t_tatooine/ttd_door_010.mdl; sw_t_tatooine/ttd_door_010.mdl; sw_t_tatooine/ttd_door_010.mdl; sw_t_tatooine/ttd_door_010.mdl
sw_plc/jud_wall01.dds,Potential consumers span multiple categories; preserve current shared-resource location,sw_skybox; sw_t_starship,sw_skybox/narsky_001.mdl; sw_skybox/narsky_001.mdl; sw_t_starship/fci01_m02_01.mdl; sw_t_starship/fci01_m02_01.mdl; sw_t_starship/fci01_s01_01.mdl; sw_t_starship/fci01_s01_02.mdl; sw_t_starship/fci01_s01_03.mdl; sw_t_starship/fci01_s01_04.mdl
sw_plc/jud_wall02.dds,Potential consumers span multiple categories; preserve current shared-resource location,sw_skybox; sw_t_starship,sw_skybox/narsky_001.mdl; sw_skybox/narsky_001.mdl; sw_skybox/narsky_001.mdl; sw_skybox/narsky_001.mdl; sw_skybox/narsky_001.mdl; sw_skybox/narsky_001.mdl; sw_skybox/narsky_001.mdl; sw_skybox/narsky_001.mdl
sw_plc/keyboard.dds,Raw binary token matched but could not verify actual resource declaration; leave unchanged,,sw_plc_mdrn/udp2-p-101.mdl; sw_plc_mdrn/udp2-p-102.mdl; sw_plc_mdrn/udp2-p-103.mdl; sw_plc_mdrn/udp2-p-80.mdl; sw_plc_mdrn/udp2-p-83.mdl; sw_plc_mdrn/udp2-p-83.mdl; sw_plc_mdrn/udp2-p-84.mdl; sw_plc_mdrn/udp2-p-84.mdl
sw_plc/keyboard.tga,Raw binary token matched but could not verify actual resource declaration; leave unchanged,,sw_plc_mdrn/udp2-p-101.mdl; sw_plc_mdrn/udp2-p-102.mdl; sw_plc_mdrn/udp2-p-103.mdl; sw_plc_mdrn/udp2-p-80.mdl; sw_plc_mdrn/udp2-p-83.mdl; sw_plc_mdrn/udp2-p-83.mdl; sw_plc_mdrn/udp2-p-84.mdl; sw_plc_mdrn/udp2-p-84.mdl
sw_plc/l_b_ground.dds,Potential consumers span multiple categories; preserve current shared-resource location,sw_skybox; sw_t_starship,sw_skybox/narsky_001.mdl; sw_skybox/narsky_001.mdl; sw_skybox/narsky_001.mdl; sw_skybox/narsky_001.mdl; sw_t_starship/fci01_s01_01.mdl; sw_t_starship/fci01_s01_02.mdl; sw_t_starship/fci01_s01_03.mdl; sw_t_starship/fci01_s01_04.mdl
sw_plc/l_b_ground.txi,Potential consumers span multiple categories; preserve current shared-resource location,sw_skybox; sw_t_starship,sw_skybox/narsky_001.mdl; sw_skybox/narsky_001.mdl; sw_skybox/narsky_001.mdl; sw_skybox/narsky_001.mdl; sw_t_starship/fci01_s01_01.mdl; sw_t_starship/fci01_s01_02.mdl; sw_t_starship/fci01_s01_03.mdl; sw_t_starship/fci01_s01_04.mdl
sw_plc/lab_floor01.dds,Potential consumers span multiple categories; preserve current shared-resource location,sw_t_modernex; sw_t_shadowrun,sw_t_modernex/dgt04_e09_46.mdl; sw_t_modernex/dgt04_e09_47.mdl; sw_t_modernex/dgt04_e09_48.mdl; sw_t_modernex/dgt04_e09_49.mdl; sw_t_modernex/dgt04_e09_52.mdl; sw_t_modernex/dgt04_e09_53.mdl; sw_t_modernex/dgt04_e09_54.mdl; sw_t_modernex/dgt04_e09_55.mdl
sw_plc/lab_roof01.dds,Potential consumers span multiple categories; preserve current shared-resource location,sw_t_modernex; sw_t_shadowrun,sw_t_modernex/dgt04_e09_46.mdl; sw_t_modernex/dgt04_e09_47.mdl; sw_t_modernex/dgt04_e09_48.mdl; sw_t_modernex/dgt04_e09_49.mdl; sw_t_modernex/dgt04_e10_06.mdl; sw_t_modernex/dgt04_e11_09.mdl; sw_t_modernex/dgt04_e12_06.mdl; sw_t_modernex/dgt05_z12_01.mdl
sw_plc/lab_wall02.dds,Potential consumers span multiple categories; preserve current shared-resource location,sw_t_modernex; sw_t_shadowrun,sw_t_modernex/dgt04_e09_46.mdl; sw_t_modernex/dgt04_e09_46.mdl; sw_t_modernex/dgt04_e09_46.mdl; sw_t_modernex/dgt04_e09_46.mdl; sw_t_modernex/dgt04_e09_46.mdl; sw_t_modernex/dgt04_e09_46.mdl; sw_t_modernex/dgt04_e09_46.mdl; sw_t_modernex/dgt04_e09_46.mdl
sw_plc/lab_wall04.dds,Potential consumers span multiple categories; preserve current shared-resource location,sw_t_modernex; sw_t_shadowrun,sw_t_modernex/dgt04_e09_46.mdl; sw_t_modernex/dgt04_e09_46.mdl; sw_t_modernex/dgt04_e09_46.mdl; sw_t_modernex/dgt04_e09_46.mdl; sw_t_modernex/dgt04_e09_47.mdl; sw_t_modernex/dgt04_e09_47.mdl; sw_t_modernex/dgt04_e09_47.mdl; sw_t_modernex/dgt04_e09_47.mdl
sw_plc/lab_wall05.dds,Potential consumers span multiple categories; preserve current shared-resource location,sw_t_modernex; sw_t_shadowrun,sw_t_modernex/dgt04_e09_46.mdl; sw_t_modernex/dgt04_e09_46.mdl; sw_t_modernex/dgt04_e09_46.mdl; sw_t_modernex/dgt04_e09_46.mdl; sw_t_modernex/dgt04_e09_47.mdl; sw_t_modernex/dgt04_e09_47.mdl; sw_t_modernex/dgt04_e09_47.mdl; sw_t_modernex/dgt04_e09_47.mdl
sw_plc/lab_win1.dds,Potential consumers span multiple categories; preserve current shared-resource location,sw_t_futcity; sw_t_modernex; sw_t_shadowrun,sw_t_futcity/nar01_a01_01.mdl; sw_t_futcity/nar01_a01_02.mdl; sw_t_futcity/nar01_a01_03.mdl; sw_t_futcity/nar01_a01_04.mdl; sw_t_futcity/nar01_a01_05.mdl; sw_t_futcity/nar01_a01_06.mdl; sw_t_modernex/dgt04_e09_46.mdl; sw_t_modernex/dgt04_e09_47.mdl
sw_plc/legs_r2d2.dds,Potential consumers span multiple categories; preserve current shared-resource location,sw_cr_creature; sw_plc_cep,sw_cr_creature/c_r4v5_b.mdl; sw_cr_creature/c_r4v5_b.mdl; sw_cr_creature/c_r4v5_b.mdl; sw_cr_creature/c_r4v5_b.mdl; sw_cr_creature/c_r4v5_b.mdl; sw_plc_cep/jzc_drdr401.mdl; sw_plc_cep/jzc_drdr401.mdl; sw_plc_cep/jzc_drdr401.mdl
sw_plc/lma_light06.dds,Potential consumers span multiple categories; preserve current shared-resource location,sw_t_futcity; sw_t_starship,sw_t_futcity/fcx01_e01_03.mdl; sw_t_futcity/fcx01_e01_04.mdl; sw_t_futcity/fcx01_g01_01.mdl; sw_t_futcity/fcx01_g01_04.mdl; sw_t_futcity/fcx01_g01_09.mdl; sw_t_futcity/fcx01_g01_12.mdl; sw_t_starship/fci01_j01_16.mdl; sw_t_starship/fci01_j01_18.mdl
sw_plc/lta_metal20.dds,Potential consumers span multiple categories; preserve current shared-resource location,sw_plc_cep; sw_plc_mdrn,sw_plc_cep/pkt_tat20.mdl; sw_plc_cep/pkt_tat20.mdl; sw_plc_cep/pkt_tat20.mdl; sw_plc_cep/pkt_tat22.mdl; sw_plc_cep/pkt_tat23.mdl; sw_plc_cep/pkt_tat32.mdl; sw_plc_cep/pkt_tat35.mdl; sw_plc_cep/pkt_tat36.mdl
sw_plc/lta_metal26.dds,Potential consumers span multiple categories; preserve current shared-resource location,sw_plc_cep; sw_plc_mdrn,sw_plc_cep/pkt_tat32.mdl; sw_plc_cep/pkt_tat32.mdl; sw_plc_cep/pkt_tat40.mdl; sw_plc_cep/pkt_tat41.mdl; sw_plc_cep/pkt_tat42.mdl; sw_plc_cep/pkt_tat45.mdl; sw_plc_cep/pkt_tat45.mdl; sw_plc_mdrn/vos_pipes_grp1.mdl
sw_plc/mainbodi.dds,Potential consumers span multiple categories; preserve current shared-resource location,sw_cr_vehicle; sw_plc_mdrn,sw_cr_vehicle/corvette.mdl; sw_cr_vehicle/corvette.mdl; sw_cr_vehicle/corvettesm.mdl; sw_cr_vehicle/corvettesm.mdl; sw_plc_mdrn/plc_corvette.mdl; sw_plc_mdrn/plc_corvette.mdl
sw_plc/manhole_tex2.dds,Potential consumers span multiple categories; preserve current shared-resource location,sw_door; sw_t_modernex,sw_door/t1doora5.mdl; sw_t_modernex/dgt04_d06_01.mdl
sw_plc/mat.dds,Potential consumers span multiple categories; preserve current shared-resource location,sw_cr_creature; sw_plc_cep; sw_plc_mdrn,sw_cr_creature/c_jrhutt.mdl; sw_cr_creature/c_kreen1.mdl; sw_plc_cep/zlc_d61.mdl; sw_plc_mdrn/purp_exercisemat.mdl
sw_plc/mid_gray.dds,Potential consumers span multiple categories; preserve current shared-resource location,sw_cr_vehicle; sw_plc_mdrn,sw_cr_vehicle/tiefightersm.mdl; sw_plc_mdrn/tiefighterplc.mdl
sw_plc/military_black.dds,Potential consumers span multiple categories; preserve current shared-resource location,sw_cr_vehicle; sw_item; sw_plc_mdrn; sw_weapon,sw_cr_vehicle/c_helicopter.mdl; sw_cr_vehicle/c_helicopter.mdl; sw_cr_vehicle/c_helicopter.mdl; sw_item/it_torch_010.mdl; sw_item/it_torch_010.mdl; sw_item/it_torch_010.mdl; sw_item/it_torch_010.mdl; sw_item/it_torch_011.mdl
sw_plc/ming.dds,Potential consumers span multiple categories; preserve current shared-resource location,sw_cr_creature; sw_plc_swtor; sw_pt_chest; sw_pt_lfore; sw_t_season,sw_cr_creature/C_drdwar.mdl; sw_cr_creature/C_drdwar.mdl; sw_cr_creature/C_MK1DRD.mdl; sw_cr_creature/C_MK1DRD.mdl; sw_cr_creature/mintg.mdl; sw_cr_creature/mintg.mdl; sw_cr_creature/mintg.mdl; sw_cr_creature/mintg.mdl
sw_plc/minigun_barrel.dds,Potential consumers span multiple categories; preserve current shared-resource location,sw_plc_mdrn; sw_weapon,sw_plc_mdrn/vos_minigun.mdl; sw_weapon/wbwsl_m_111.mdl; sw_weapon/wbwxh_m_012.mdl; sw_weapon/wbwxh_m_153.mdl
sw_plc/minigun_body.dds,Potential consumers span multiple categories; preserve current shared-resource location,sw_plc_mdrn; sw_weapon,sw_plc_mdrn/vos_minigun.mdl; sw_weapon/wbwsl_m_111.mdl; sw_weapon/wbwxh_m_012.mdl; sw_weapon/wbwxh_m_153.mdl
sw_plc/missile.dds,Potential consumers span multiple categories; preserve current shared-resource location,sw_plc_mdrn; sw_vfx,sw_plc_mdrn/jz_missile02.mdl; sw_vfx/vff_bombs.mdl; sw_vfx/vff_bombs.mdl; sw_vfx/vff_bombs.mdl; sw_vfx/vff_bombs.mdl; sw_vfx/vff_bombs.mdl; sw_vfx/vff_bombs.mdl; sw_vfx/vff_rainrocket.mdl
sw_plc/mop_handle.tga,Potential consumers span multiple categories; preserve current shared-resource location,sw_plc_mdrn; sw_weapon,sw_plc_mdrn/plc_mop_02a.mdl; sw_weapon/wplss_t_181.mdl; sw_weapon/wplss_t_182.mdl; sw_weapon/wplss_t_183.mdl; sw_weapon/wplss_t_184.mdl
sw_plc/mop_head1.tga,Potential consumers span multiple categories; preserve current shared-resource location,sw_plc_mdrn; sw_weapon,sw_plc_mdrn/plc_mop_02a.mdl; sw_weapon/wplss_t_181.mdl
sw_plc/n_repsold01.dds,Potential consumers span multiple categories; preserve current shared-resource location,sw_plc_cep; sw_pt_chest; sw_pt_lbicep; sw_pt_lfoot; sw_pt_lfore; sw_pt_lhand; sw_pt_lshin; sw_pt_lthigh; sw_pt_pelvis; sw_pt_rbicep; sw_pt_rfoot; sw_pt_rfore; sw_pt_rhand; sw_pt_rshin; sw_pt_rthigh,sw_plc_cep/pkt_rsldcrps.mdl; sw_pt_chest/pmh0_chest249.mdl; sw_pt_lbicep/pfh0_bicepl249.mdl; sw_pt_lbicep/pmh0_bicepl249.mdl; sw_pt_lfoot/pfh0_footl242.mdl; sw_pt_lfoot/pmh0_footl242.mdl; sw_pt_lfore/pfh0_forel246.mdl; sw_pt_lfore/pmh0_forel246.mdl
sw_plc/n_repsoldh.dds,Potential consumers span multiple categories; preserve current shared-resource location,sw_plc_cep; sw_pt_head,sw_plc_cep/pkt_rsldcrps.mdl; sw_plc_cep/pkt_rsldcrps.mdl; sw_pt_head/pmh0_head121.mdl
sw_plc/n_sithsoldier03.tga,Potential consumers span multiple categories; preserve current shared-resource location,sw_pt_chest; sw_pt_helm; sw_pt_lbicep; sw_pt_lfoot; sw_pt_lfore; sw_pt_lhand; sw_pt_lshin; sw_pt_lthigh; sw_pt_pelvis; sw_pt_rbicep; sw_pt_rfoot; sw_pt_rfore; sw_pt_rhand; sw_pt_rshin; sw_pt_rthigh,sw_pt_chest/pfd0_chest248.mdl; sw_pt_chest/pfe0_chest248.mdl; sw_pt_chest/pfh0_chest248.mdl; sw_pt_chest/pfo0_chest248.mdl; sw_pt_chest/pmd0_chest248.mdl; sw_pt_chest/pme0_chest248.mdl; sw_pt_chest/pmh0_chest248.mdl; sw_pt_chest/pmo0_chest248.mdl
sw_plc/outrider.dds,Potential consumers span multiple categories; preserve current shared-resource location,sw_cr_vehicle; sw_plc_mdrn,sw_cr_vehicle/freighter.mdl; sw_cr_vehicle/freightersm.mdl; sw_plc_mdrn/plc_freighter.mdl
sw_plc/outriderbump1.dds,Potential consumers span multiple categories; preserve current shared-resource location,sw_cr_vehicle; sw_plc_mdrn,sw_cr_vehicle/freighter.mdl; sw_cr_vehicle/freightersm.mdl; sw_plc_mdrn/plc_freighter.mdl
sw_plc/outridercockpit.dds,Potential consumers span multiple categories; preserve current shared-resource location,sw_cr_vehicle; sw_plc_mdrn,sw_cr_vehicle/freighter.mdl; sw_cr_vehicle/freightersm.mdl; sw_cr_vehicle/freightersm.mdl; sw_plc_mdrn/plc_freighter.mdl
sw_plc/outridergun.dds,Potential consumers span multiple categories; preserve current shared-resource location,sw_cr_vehicle; sw_plc_mdrn,sw_cr_vehicle/freighter.mdl; sw_cr_vehicle/freighter.mdl; sw_cr_vehicle/freighter.mdl; sw_cr_vehicle/freighter.mdl; sw_cr_vehicle/freighter.mdl; sw_cr_vehicle/freighter.mdl; sw_cr_vehicle/freighter.mdl; sw_cr_vehicle/freighter.mdl
sw_plc/outriderhull.dds,Potential consumers span multiple categories; preserve current shared-resource location,sw_cr_vehicle; sw_plc_mdrn,sw_cr_vehicle/freighter.mdl; sw_cr_vehicle/freighter.mdl; sw_cr_vehicle/freighter.mdl; sw_cr_vehicle/freighter.mdl; sw_cr_vehicle/freighter.mdl; sw_cr_vehicle/freighter.mdl; sw_cr_vehicle/freighter.mdl; sw_cr_vehicle/freighter.mdl
sw_plc/outridertop2.dds,Potential consumers span multiple categories; preserve current shared-resource location,sw_cr_vehicle; sw_plc_mdrn,sw_cr_vehicle/freighter.mdl; sw_cr_vehicle/freighter.mdl; sw_cr_vehicle/freighter.mdl; sw_cr_vehicle/freighter.mdl; sw_cr_vehicle/freighter.mdl; sw_cr_vehicle/freightersm.mdl; sw_cr_vehicle/freightersm.mdl; sw_cr_vehicle/freightersm.mdl
sw_plc/outridertoprip.dds,Potential consumers span multiple categories; preserve current shared-resource location,sw_cr_vehicle; sw_plc_mdrn,sw_cr_vehicle/freighter.mdl; sw_cr_vehicle/freightersm.mdl; sw_plc_mdrn/plc_freighter.mdl
sw_plc/p_mandb.tga,Potential consumers span multiple categories; preserve current shared-resource location,sw_pt_helm; sw_pt_robe,sw_pt_helm/helm_110.mdl; sw_pt_robe/pmh0_robe016.mdl; sw_pt_robe/pmh22_robe016.mdl
sw_plc/p_trndoshan.tga,Potential consumers span multiple categories; preserve current shared-resource location,sw_pt_head; sw_pt_robe,sw_pt_head/pmh0_head109.mdl; sw_pt_head/pmh0_head203.mdl; sw_pt_robe/pmh0_robe189.mdl; sw_pt_robe/pmh22_robe189.mdl
sw_plc/panel1.dds,Potential consumers span multiple categories; preserve current shared-resource location,sw_t_bunker; sw_t_duct,sw_t_bunker/fifi1_s01_08.mdl; sw_t_bunker/fifi2_s01_08.mdl; sw_t_bunker/fifi3_s01_08.mdl; sw_t_duct/nac01_s01_08.mdl
sw_plc/panel1.tga,Potential consumers span multiple categories; preserve current shared-resource location,sw_t_bunker; sw_t_duct,sw_t_bunker/fifi1_s01_08.mdl; sw_t_bunker/fifi2_s01_08.mdl; sw_t_bunker/fifi3_s01_08.mdl; sw_t_duct/nac01_s01_08.mdl
sw_plc/panl_blk.dds,Potential consumers span multiple categories; preserve current shared-resource location,sw_cr_vehicle; sw_plc_mdrn,sw_cr_vehicle/tiefightersm.mdl; sw_cr_vehicle/tiefightersm.mdl; sw_plc_mdrn/tiefighterplc.mdl; sw_plc_mdrn/tiefighterplc.mdl
sw_plc/paper.tga,Potential consumers span multiple categories; preserve current shared-resource location,sw_plc_cep; sw_plc_mdrn,sw_plc_cep/zlc_g22.mdl; sw_plc_cep/zlc_g23.mdl; sw_plc_cep/zlc_g24.mdl; sw_plc_cep/zlc_g25.mdl; sw_plc_mdrn/xiatpaper_01.mdl
sw_plc/pavement.dds,Potential consumers span multiple categories; preserve current shared-resource location,sw_t_modernex; sw_t_shadowrun; sw_t_suburb,sw_t_modernex/dgt04_c01_01.mdl; sw_t_modernex/dgt04_c01_02.mdl; sw_t_modernex/dgt04_c01_03.mdl; sw_t_modernex/dgt04_e09_57.mdl; sw_t_modernex/dgt04_e09_59.mdl; sw_t_modernex/dgt04_e09_60.mdl; sw_t_modernex/dgt04_e09_62.mdl; sw_t_modernex/dgt04_e09_64.mdl
sw_plc/pavement09.dds,Potential consumers span multiple categories; preserve current shared-resource location,sw_t_shadowrun; sw_t_suburb,sw_t_shadowrun/dgt04_d14_03.mdl; sw_t_shadowrun/dgt04_d14_04.mdl; sw_t_suburb/udp1_a11_19.mdl
sw_plc/pavement10.dds,Potential consumers span multiple categories; preserve current shared-resource location,sw_t_modernex; sw_t_suburb,sw_t_modernex/dgt04_z09_01.mdl; sw_t_suburb/udp1_a06_10.mdl; sw_t_suburb/udp1_a06_10.mdl; sw_t_suburb/udp1_a06_10.mdl; sw_t_suburb/udp1_a06_10.mdl; sw_t_suburb/udp1_a06_10.mdl
sw_plc/pc1.dds,Raw binary token matched but could not verify actual resource declaration; leave unchanged,,sw_pt_head/pfe0_head128.mdl; sw_pt_head/pfe0_head128.mdl
sw_plc/pc2.dds,Raw binary token matched but could not verify actual resource declaration; leave unchanged,,sw_t_starship/fci01_m02_01.mdl; sw_t_starship/fci01_m02_01.mdl; sw_t_starship/fci01_m02_01.mdl; sw_t_starship/fci01_m02_01.mdl
sw_plc/pc4.dds,Raw binary token matched but could not verify actual resource declaration; leave unchanged,,sw_cr_creature/zcp_g_tick.mdl; sw_cr_creature/zcp_g_tick.mdl; sw_cr_creature/zcp_g_tick.mdl; sw_cr_creature/zcp_g_tick.mdl; sw_cr_creature/zcp_g_tick.mdl; sw_cr_creature/zcp_g_tick.mdl; sw_cr_creature/zcp_g_tick.mdl; sw_cr_creature/zcp_g_tick.mdl
sw_plc/per_tr03.dds,Potential consumers span multiple categories; preserve current shared-resource location,sw_plc_cep; sw_plc_mdrn,sw_plc_cep/pkt_wreck01.mdl; sw_plc_cep/pkt_wreck02.mdl; sw_plc_cep/pkt_wreck03.mdl; sw_plc_mdrn/phod_kwreck02.mdl
sw_plc/plc_reflect.tga,Potential consumers span multiple categories; preserve current shared-resource location,sw_plc_cep; sw_plc_mdrn,sw_plc_cep/zlc_flr_mirr_x1.mdl; sw_plc_cep/zlc_flr_mirr_x4.mdl; sw_plc_cep/zlc_flr_mirr_x4.mdl; sw_plc_cep/zlc_flr_mirr_x4.mdl; sw_plc_cep/zlc_flr_mirr_x4.mdl; sw_plc_cep/zlc_flr_mirr_x4.mdl; sw_plc_cep/zlc_flr_mirr_x4.mdl; sw_plc_cep/zlc_flr_mirr_x4.mdl
sw_plc/plc_swoop.dds,Potential consumers span multiple categories; preserve current shared-resource location,sw_cr_creature; sw_plc_mdrn,sw_cr_creature/tail_swoopbike.mdl; sw_cr_creature/tail_swoopbike.mdl; sw_cr_creature/tail_swoopbike.mdl; sw_cr_creature/tail_swoopbike.mdl; sw_plc_mdrn/plc_swpbike1.mdl; sw_plc_mdrn/plc_swpbike1.mdl; sw_plc_mdrn/plc_swpbike1.mdl; sw_plc_mdrn/plc_swpbike1.mdl
sw_plc/praetorian_l.tga,Potential consumers span multiple categories; preserve current shared-resource location,sw_cr_creature; sw_cr_vehicle,sw_cr_creature/c_praetorian.mdl; sw_cr_vehicle/c_rep_preatL.mtr
sw_plc/predfinal3.dds,Potential consumers span multiple categories; preserve current shared-resource location,sw_plc_mdrn; sw_weapon,sw_plc_mdrn/vos_scifigun17.mdl; sw_plc_mdrn/vos_scifigun17.mdl; sw_weapon/wbwsh_m_113.mdl; sw_weapon/wbwsh_m_113.mdl; sw_weapon/wbwsh_m_114.mdl; sw_weapon/wbwsh_m_114.mdl; sw_weapon/wbwsl_112.mdl; sw_weapon/wbwsl_112.mdl
sw_plc/pulserifle.dds,Raw binary token matched but could not verify actual resource declaration; leave unchanged,,sw_plc_mdrn/vos_scifi_rfl12.mdl; sw_plc_mdrn/vos_scifi_rfl12s.mdl
sw_plc/pulserifle2.dds,Potential consumers span multiple categories; preserve current shared-resource location,sw_plc_mdrn; sw_weapon,sw_plc_mdrn/vos_stg_gun2.mdl; sw_weapon/wbwsl_m_021.mdl; sw_weapon/wbwsl_m_021.mdl; sw_weapon/wbwsl_m_021.mdl; sw_weapon/wbwsl_m_021.mdl; sw_weapon/wbwsl_m_021.mdl; sw_weapon/wbwsl_m_021.mdl; sw_weapon/wbwsl_m_021.mdl
sw_plc/rebar.dds,Potential consumers span multiple categories; preserve current shared-resource location,sw_plc_mdrn; sw_t_modernex,sw_plc_mdrn/udp-p-111.mdl; sw_plc_mdrn/udp-p-111.mdl; sw_plc_mdrn/udp-p-111.mdl; sw_plc_mdrn/udp-p-111.mdl; sw_plc_mdrn/udp-p-111.mdl; sw_plc_mdrn/udp-p-111.mdl; sw_t_modernex/dgt04_f01_02.mdl; sw_t_modernex/dgt04_f01_02.mdl
sw_plc/rebord1.dds,Potential consumers span multiple categories; preserve current shared-resource location,sw_t_futcity; sw_t_starship,sw_t_futcity/fcx01_x01_02.mdl; sw_t_futcity/fcx01_x02_02.mdl; sw_t_futcity/fcx01_x03_02.mdl; sw_t_futcity/fcx01_x04_02.mdl; sw_t_futcity/fcx01_x05_02.mdl; sw_t_futcity/fcx01_z02_02.mdl; sw_t_starship/fci01_a01_02.mdl; sw_t_starship/fci01_a01_03.mdl
sw_plc/redmetal.dds,Potential consumers span multiple categories; preserve current shared-resource location,sw_plc_mdrn; sw_weapon,sw_plc_mdrn/vos_multimelta.mdl; sw_weapon/wbwsh_m_016.mdl; sw_weapon/wbwxh_m_042.mdl; sw_weapon/wbwxh_m_082.mdl; sw_weapon/wbwxl_m_017.mdl; sw_weapon/wbwxl_m_036.mdl; sw_weapon/wbwxl_m_036.mdl; sw_weapon/wbwxl_m_036.mdl
sw_plc/rocket.dds,Potential consumers span multiple categories; preserve current shared-resource location,sw_plc_mdrn; sw_vfx,sw_plc_mdrn/p_sentrygun3.mdl; sw_vfx/vpr_bazooka.mdl; sw_vfx/vpr_bazooka.mdl; sw_vfx/vpr_bazooka.mdl; sw_vfx/vpr_magmisl.mdl; sw_vfx/vpr_magmisl.mdl; sw_vfx/vpr_magmisl.mdl; sw_vfx/vpr_rocket.mdl
sw_plc/ruler01.dds,Potential consumers span multiple categories; preserve current shared-resource location,sw_t_cepcrypt; sw_t_cepswamp; sw_t_jungle; sw_t_labstore; sw_t_modint; sw_t_tatooine,sw_t_cepcrypt/zdc02_a19_01.mdl; sw_t_cepcrypt/zdc02_a19_01.mdl; sw_t_cepcrypt/zdc02_a19_01.mdl; sw_t_cepcrypt/zdc02_a19_01.mdl; sw_t_cepcrypt/zdc02_a19_01.mdl; sw_t_cepcrypt/zdc02_a19_01.mdl; sw_t_cepcrypt/zdc02_g19_01.mdl; sw_t_cepcrypt/zdc02_g19_01.mdl
sw_plc/rustymetal.dds,Potential consumers span multiple categories; preserve current shared-resource location,sw_plc_mdrn; sw_weapon,sw_plc_mdrn/vos_multimelta.mdl; sw_weapon/wbwxh_m_042.mdl; sw_weapon/wbwxh_m_042.mdl; sw_weapon/wbwxl_m_017.mdl; sw_weapon/wbwxl_m_018.mdl
sw_plc/rustymetal1.dds,Potential consumers span multiple categories; preserve current shared-resource location,sw_plc_cep; sw_plc_mdrn; sw_weapon,sw_plc_cep/zlc_m21.mdl; sw_plc_cep/zlc_m21.mdl; sw_plc_cep/zlc_m21.mdl; sw_plc_cep/zlc_m21.mdl; sw_plc_cep/zlc_m28.mdl; sw_plc_cep/zlc_m28.mdl; sw_plc_cep/zlc_m28.mdl; sw_plc_cep/zlc_m28.mdl
sw_plc/sawedoff_tex03.dds,Potential consumers span multiple categories; preserve current shared-resource location,sw_plc_mdrn; sw_weapon,sw_plc_mdrn/vos_stg_gun2.mdl; sw_weapon/wblcl_m_072.mdl; sw_weapon/wblcl_m_072.mdl; sw_weapon/wblcl_m_072.mdl; sw_weapon/wblcl_m_072.mdl; sw_weapon/wblcl_m_072.mdl; sw_weapon/wblcl_m_084.mdl; sw_weapon/wblcl_m_084.mdl
sw_plc/sgp_tex125.dds,Potential consumers span multiple categories; preserve current shared-resource location,sw_plc_cep; sw_t_scifibase,sw_plc_cep/sgp_trml01.mdl; sw_plc_cep/sgp_trml02.mdl; sw_plc_cep/sgp_trml03.mdl; sw_plc_cep/sgp_trml05.mdl; sw_plc_cep/sgp_trml07.mdl; sw_plc_cep/sgp_trml09.mdl; sw_t_scifibase/zsf01_d01_02.mdl
sw_plc/shell.dds,Potential consumers span multiple categories; preserve current shared-resource location,sw_plc_cep; sw_vfx,sw_plc_cep/zlc_s59.mdl; sw_plc_cep/zlc_s59.mdl; sw_plc_cep/zlc_s59.mdl; sw_plc_cep/zlc_s59.mdl; sw_plc_cep/zlc_s59.mdl; sw_plc_cep/zlc_s59.mdl; sw_plc_cep/zlc_s59.mdl; sw_plc_cep/zlc_s59.mdl
sw_plc/skin.dds,Potential consumers span multiple categories; preserve current shared-resource location,sw_cr_creature; sw_pt_chest; sw_t_planet; sw_weapon,sw_cr_creature/c_kreen1.mdl; sw_cr_creature/c_kreen1.mdl; sw_pt_chest/pfd0_chest219.mdl; sw_pt_chest/pfe0_chest219.mdl; sw_pt_chest/pfh0_chest219.mdl; sw_pt_chest/pfo0_chest219.mdl; sw_t_planet/vmp_udoor_05.mdl; sw_t_planet/vmp_udoor_05.mdl
sw_plc/skirt.tga,Potential consumers span multiple categories; preserve current shared-resource location,sw_cr_creature; sw_pt_pelvis; sw_pt_robe,sw_cr_creature/c_horse1c1.mdl; sw_cr_creature/c_horse1c2.mdl; sw_cr_creature/c_horse1c3.mdl; sw_cr_creature/c_horse1c4.mdl; sw_cr_creature/c_horse1c5.mdl; sw_cr_creature/c_horse1d1.mdl; sw_cr_creature/c_horse1d2.mdl; sw_cr_creature/c_horse1d3.mdl
sw_plc/sofa.dds,Raw binary token matched but could not verify actual resource declaration; leave unchanged,,sw_plc_swtor/daf_sw151.mdl; sw_plc_swtor/daf_sw175.mdl; sw_plc_swtor/daf_sw181.mdl
sw_plc/sol3.dds,Potential consumers span multiple categories; preserve current shared-resource location,sw_skybox; sw_t_starship,sw_skybox/narsky_001.mdl; sw_t_starship/fci01_k01_01.mdl; sw_t_starship/fci01_k01_02.mdl; sw_t_starship/fci01_k01_03.mdl; sw_t_starship/fci01_k01_04.mdl; sw_t_starship/fci01_k01_05.mdl; sw_t_starship/fci01_k01_06.mdl; sw_t_starship/fci01_k01_07.mdl
sw_plc/spinetop.dds,Potential consumers span multiple categories; preserve current shared-resource location,sw_cr_vehicle; sw_plc_mdrn,sw_cr_vehicle/corvette.mdl; sw_cr_vehicle/corvettesm.mdl; sw_plc_mdrn/plc_corvette.mdl
sw_plc/star01.dds,Potential consumers span multiple categories; preserve current shared-resource location,sw_item; sw_t_cepcityex; sw_t_cepdesert; sw_t_season; sw_t_space; sw_t_starship; sw_vfx,sw_item/it_torch_007.mdl; sw_t_cepcityex/zcn02_j15_01.mdl; sw_t_cepcityex/zcn02_j15_01.mdl; sw_t_cepcityex/zcn02_j15_01.mdl; sw_t_cepcityex/zcn02_j15_01.mdl; sw_t_cepcityex/zcn02_j15_01.mdl; sw_t_cepcityex/zcn02_j15_01.mdl; sw_t_cepcityex/zcn02_j15_01.mdl
sw_plc/star01.tga,Potential consumers span multiple categories; preserve current shared-resource location,sw_item; sw_t_cepcityex; sw_t_cepdesert; sw_t_season; sw_t_space; sw_t_starship; sw_vfx,sw_item/it_torch_007.mdl; sw_t_cepcityex/zcn02_j15_01.mdl; sw_t_cepcityex/zcn02_j15_01.mdl; sw_t_cepcityex/zcn02_j15_01.mdl; sw_t_cepcityex/zcn02_j15_01.mdl; sw_t_cepcityex/zcn02_j15_01.mdl; sw_t_cepcityex/zcn02_j15_01.mdl; sw_t_cepcityex/zcn02_j15_01.mdl
sw_plc/stone.dds,Potential consumers span multiple categories; preserve current shared-resource location,sw_plc_cep; sw_t_cepcrypt; sw_t_cepdrow; sw_t_cepunder; sw_t_futcity; sw_t_jungle; sw_t_metalint; sw_t_planet; sw_t_scifibase; sw_t_season; sw_t_secbase; sw_t_secretbs; sw_t_shadowrun; sw_t_starship; sw_t_swprefab; sw_t_tatooine; sw_t_treetop; sw_t_wildland,sw_plc_cep/zlc_r68.mdl; sw_plc_cep/zlc_r68.mdl; sw_plc_cep/zlc_r68.mdl; sw_plc_cep/zlc_r69.mdl; sw_plc_cep/zlc_r69.mdl; sw_plc_cep/zlc_r83.mdl; sw_plc_cep/zlc_r83.mdl; sw_plc_cep/zlc_r83.mdl
sw_plc/teeth_mat.mtr,Potential consumers span multiple categories; preserve current shared-resource location,sw_pt_chest; sw_pt_lshoul; sw_pt_rshoul,sw_pt_chest/pfd0_chest297.mdl; sw_pt_chest/pfd0_chest298.mdl; sw_pt_chest/pfe0_chest297.mdl; sw_pt_chest/pfe0_chest298.mdl; sw_pt_chest/pfh0_chest297.mdl; sw_pt_chest/pfh0_chest298.mdl; sw_pt_chest/pfo0_chest297.mdl; sw_pt_chest/pfo0_chest298.mdl
sw_plc/tex6.dds,Potential consumers span multiple categories; preserve current shared-resource location,sw_cr_creature; sw_t_modernex; sw_weapon,sw_cr_creature/c_nebula.mdl; sw_cr_creature/c_nebula.mdl; sw_cr_creature/c_nebula.mdl; sw_cr_creature/c_nebula.mdl; sw_t_modernex/dgt05_z90_10.mdl; sw_weapon/ashlw_178.mdl; sw_weapon/ashlw_178.mdl; sw_weapon/ashlw_178.mdl
sw_plc/tex7.dds,Potential consumers span multiple categories; preserve current shared-resource location,sw_cr_creature; sw_weapon,sw_cr_creature/c_nebula.mdl; sw_cr_creature/c_nebula.mdl; sw_cr_creature/c_nebula.mdl; sw_cr_creature/c_nebula.mdl; sw_weapon/ashlw_179.mdl; sw_weapon/ashlw_179.mdl; sw_weapon/ashlw_179.mdl
sw_plc/thruster.dds,Potential consumers span multiple categories; preserve current shared-resource location,sw_cr_vehicle; sw_plc_mdrn,sw_cr_vehicle/corvette.mdl; sw_cr_vehicle/corvette.mdl; sw_cr_vehicle/corvette.mdl; sw_cr_vehicle/corvette.mdl; sw_cr_vehicle/corvette.mdl; sw_cr_vehicle/corvette.mdl; sw_cr_vehicle/corvette.mdl; sw_cr_vehicle/corvette.mdl
sw_plc/thrusterblue.dds,Potential consumers span multiple categories; preserve current shared-resource location,sw_cr_vehicle; sw_plc_mdrn,sw_cr_vehicle/corvette.mdl; sw_cr_vehicle/corvettesm.mdl; sw_plc_mdrn/plc_corvette.mdl
sw_plc/tn_gdoor06_01.dds,Potential consumers span multiple categories; preserve current shared-resource location,sw_door; sw_plc_mdrn,sw_door/tn_gdoor_06.mdl; sw_door/tn_gdoor_06.mdl; sw_plc_mdrn/bhp_dkft8f.mdl
sw_plc/torso.dds,Potential consumers span multiple categories; preserve current shared-resource location,sw_cr_creature; sw_plc_cep; sw_pt_belt; sw_pt_chest; sw_pt_head; sw_pt_lbicep; sw_pt_lfoot; sw_pt_lshin; sw_pt_lthigh; sw_pt_neck; sw_pt_pelvis; sw_pt_rbicep; sw_pt_rfoot; sw_pt_rshin; sw_pt_rthigh,sw_cr_creature/bf_grue_air.mdl; sw_cr_creature/bf_grue_air.mdl; sw_cr_creature/bf_grue_air.mdl; sw_cr_creature/bf_grue_air.mdl; sw_cr_creature/bf_grue_air.mdl; sw_cr_creature/bf_grue_air.mdl; sw_cr_creature/bf_grue_air.mdl; sw_cr_creature/bf_grue_air.mdl
sw_plc/torso_legs.dds,Potential consumers span multiple categories; preserve current shared-resource location,sw_cr_creature; sw_pt_pelvis,sw_cr_creature/c_ynpc_h_m13.mdl; sw_cr_creature/c_ynpc_h_m13.mdl; sw_cr_creature/c_ynpc_h_m14.mdl; sw_cr_creature/c_ynpc_h_m14.mdl; sw_cr_creature/c_ynpc_h_m14.mdl; sw_cr_creature/c_ynpc_h_m14.mdl; sw_cr_creature/c_ynpc_h_m14.mdl; sw_cr_creature/c_ynpc_h_m14.mdl
sw_plc/towel.tga,Potential consumers span multiple categories; preserve current shared-resource location,sw_plc_mdrn; sw_t_office,sw_plc_mdrn/xiawtowel_01.mdl; sw_plc_mdrn/xiawtowel_01.mdl; sw_plc_mdrn/xiawtowel_01.mdl; sw_plc_mdrn/xiawtowel_01.mdl; sw_t_office/udp2_a36_02.mdl; sw_t_office/udp2_a36_02.mdl; sw_t_office/udp2_a36_02.mdl; sw_t_office/udp2_a36_02.mdl
sw_plc/tower_top.tga,Potential consumers span multiple categories; preserve current shared-resource location,sw_plc_mdrn; sw_t_futcity,sw_plc_mdrn/bhp_dkft8e.mdl; sw_t_futcity/fcx01_e01_01.mdl; sw_t_futcity/fcx01_e01_01.mdl; sw_t_futcity/fcx01_e01_02.mdl; sw_t_futcity/fcx01_e01_02.mdl; sw_t_futcity/fcx01_e01_03.mdl; sw_t_futcity/fcx01_e01_03.mdl; sw_t_futcity/fcx01_e01_04.mdl
sw_plc/tze01_water01.dds,Potential consumers span multiple categories; preserve current shared-resource location,sw_plc_mdrn; sw_t_suburb,sw_plc_mdrn/udp-p-112.mdl; sw_plc_mdrn/udp-p-113.mdl; sw_plc_mdrn/udp-p-114.mdl; sw_t_suburb/udp1_a10_01.mdl; sw_t_suburb/udp1_a10_02.mdl; sw_t_suburb/udp1_a10_03.mdl; sw_t_suburb/udp1_a10_04.mdl; sw_t_suburb/udp1_a10_05.mdl
sw_plc/tze01_water01.txi,Potential consumers span multiple categories; preserve current shared-resource location,sw_plc_mdrn; sw_t_suburb,sw_plc_mdrn/udp-p-112.mdl; sw_plc_mdrn/udp-p-113.mdl; sw_plc_mdrn/udp-p-114.mdl; sw_t_suburb/udp1_a10_01.mdl; sw_t_suburb/udp1_a10_02.mdl; sw_t_suburb/udp1_a10_03.mdl; sw_t_suburb/udp1_a10_04.mdl; sw_t_suburb/udp1_a10_05.mdl
sw_plc/u4skin.dds,Potential consumers span multiple categories; preserve current shared-resource location,sw_plc_mdrn; sw_weapon,sw_plc_mdrn/vos_scifi_rfl8.mdl; sw_plc_mdrn/vos_scifi_rfl8s.mdl; sw_weapon/wbwsl_m_171.mdl; sw_weapon/wbwsl_m_172.mdl; sw_weapon/wbwsl_m_173.mdl; sw_weapon/wbwsl_m_174.mdl; sw_weapon/wbwxh_m_132.mdl; sw_weapon/wbwxh_m_171.mdl
sw_plc/uguglrs1.dds,Potential consumers span multiple categories; preserve current shared-resource location,sw_plc_mdrn; sw_weapon,sw_plc_mdrn/vos_boltgun.mdl; sw_weapon/wbwxl_m_025.mdl; sw_weapon/wbwxl_m_026.mdl
sw_plc/v_skyhop.dds,Potential consumers span multiple categories; preserve current shared-resource location,sw_plc_mdrn; sw_t_starship,sw_plc_mdrn/v_skyhopper.mdl; sw_t_starship/fci01_b01_01.mdl; sw_t_starship/fci01_j01_18.mdl; sw_t_starship/fci01_k01_14.mdl
sw_plc/vdgreenmetal.dds,Potential consumers span multiple categories; preserve current shared-resource location,sw_plc_mdrn; sw_weapon,sw_plc_mdrn/vos_40ksniper.mdl; sw_plc_mdrn/vos_boltgun.mdl; sw_weapon/wbwxl_m_015.mdl; sw_weapon/wbwxl_m_025.mdl; sw_weapon/wbwxl_m_035.mdl
sw_plc/vitre.tga,Potential consumers span multiple categories; preserve current shared-resource location,sw_plc_cep; sw_plc_mdrn; sw_t_cepdesert; sw_t_starship; sw_t_tatooine,sw_plc_cep/jzc_lndspd01.mdl; sw_plc_mdrn/plc_bacta_001.mdl; sw_t_cepdesert/ttd01_l03_01.mdl; sw_t_starship/fci01_m02_01.mdl; sw_t_starship/fci01_m02_01.mdl; sw_t_starship/fci01_m02_01.mdl; sw_t_starship/fci01_m02_01.mdl; sw_t_starship/fci01_m02_01.mdl
sw_plc/wall02_cncrt01.dds,Potential consumers span multiple categories; preserve current shared-resource location,sw_t_modernex; sw_t_shadowrun,sw_t_modernex/dgw01_d31_01.mdl; sw_t_modernex/dgw01_d31_01.mdl; sw_t_modernex/dgw01_d31_01.mdl; sw_t_modernex/dgw01_d31_01.mdl; sw_t_modernex/dgw01_d31_01.mdl; sw_t_modernex/dgw01_d31_01.mdl; sw_t_modernex/dgw01_d31_01.mdl; sw_t_modernex/dgw01_d31_01.mdl
sw_plc/warhawk_main.dds,Potential consumers span multiple categories; preserve current shared-resource location,sw_plc_mdrn; sw_weapon,sw_plc_mdrn/vos_scifigun27.mdl; sw_weapon/wbwsh_m_221.mdl; sw_weapon/wbwsh_m_222.mdl; sw_weapon/wbwsh_m_251.mdl; sw_weapon/wbwsh_m_252.mdl; sw_weapon/wbwsl_123.mdl
sw_plc/warhawkbarrel.dds,Potential consumers span multiple categories; preserve current shared-resource location,sw_plc_mdrn; sw_weapon,sw_plc_mdrn/vos_scifigun27.mdl; sw_weapon/wbwsh_m_221.mdl; sw_weapon/wbwsh_m_222.mdl; sw_weapon/wbwsh_m_251.mdl; sw_weapon/wbwsh_m_252.mdl; sw_weapon/wbwsl_123.mdl
sw_plc/warhawkfinal2.dds,Potential consumers span multiple categories; preserve current shared-resource location,sw_plc_mdrn; sw_weapon,sw_plc_mdrn/vos_scifigun27.mdl; sw_weapon/wbwsh_m_221.mdl; sw_weapon/wbwsh_m_221.mdl; sw_weapon/wbwsh_m_221.mdl; sw_weapon/wbwsh_m_221.mdl; sw_weapon/wbwsh_m_221.mdl; sw_weapon/wbwsh_m_222.mdl; sw_weapon/wbwsh_m_222.mdl
sw_plc/water.dds,Potential consumers span multiple categories; preserve current shared-resource location,sw_plc_cep; sw_plc_mdrn; sw_plc_swtor; sw_skybox; sw_t_castle1; sw_t_cepcityex; sw_t_cepcityin; sw_t_cepcrypt; sw_t_cepforest; sw_t_ceprural; sw_t_modernex; sw_t_office; sw_t_season; sw_t_secbase; sw_t_secretbs; sw_t_starship; sw_t_suburb; sw_t_treetop; sw_t_wildland; sw_t_wildwood,sw_plc_cep/cccad_jar_i2.mdl; sw_plc_cep/cccad_jar_i2.mdl; sw_plc_cep/cccad_jar_i4.mdl; sw_plc_cep/cccad_jar_i4.mdl; sw_plc_cep/pkt_sffount02.mdl; sw_plc_cep/zlc_h76.mdl; sw_plc_mdrn/mod01_o01_06.mdl; sw_plc_mdrn/mod01_o01_06.mdl
sw_plc/water.tga,Potential consumers span multiple categories; preserve current shared-resource location,sw_plc_cep; sw_plc_mdrn; sw_plc_swtor; sw_skybox; sw_t_castle1; sw_t_cepcityex; sw_t_cepcityin; sw_t_cepcrypt; sw_t_cepforest; sw_t_ceprural; sw_t_modernex; sw_t_office; sw_t_season; sw_t_secbase; sw_t_secretbs; sw_t_starship; sw_t_suburb; sw_t_treetop; sw_t_wildland; sw_t_wildwood,sw_plc_cep/cccad_jar_i2.mdl; sw_plc_cep/cccad_jar_i2.mdl; sw_plc_cep/cccad_jar_i4.mdl; sw_plc_cep/cccad_jar_i4.mdl; sw_plc_cep/pkt_sffount02.mdl; sw_plc_cep/zlc_h76.mdl; sw_plc_mdrn/mod01_o01_06.mdl; sw_plc_mdrn/mod01_o01_06.mdl
sw_plc/win2.dds,Potential consumers span multiple categories; preserve current shared-resource location,sw_t_cepcityin; sw_t_modernex,sw_t_cepcityin/zin01_a01_01.mdl; sw_t_cepcityin/zin01_a01_02.mdl; sw_t_cepcityin/zin01_a01_03.mdl; sw_t_cepcityin/zin01_a02_01.mdl; sw_t_cepcityin/zin01_a02_02.mdl; sw_t_cepcityin/zin01_a03_01.mdl; sw_t_cepcityin/zin01_a05_01.mdl; sw_t_cepcityin/zin01_a05_02.mdl
sw_plc/window2.dds,Potential consumers span multiple categories; preserve current shared-resource location,sw_plc_cep; sw_t_cepcityex; sw_t_cepunder; sw_t_jungle; sw_t_planet,sw_plc_cep/zlc_l46.mdl; sw_plc_cep/zlc_l46.mdl; sw_t_cepcityex/zcn01_f02_01.mdl; sw_t_cepcityex/zcn01_f04_03.mdl; sw_t_cepcityex/zcn01_f04_04.mdl; sw_t_cepcityex/zcn02_f02_01.mdl; sw_t_cepcityex/zcn02_f04_03.mdl; sw_t_cepcityex/zcn02_f04_04.mdl
sw_plc/window_01.dds,Potential consumers span multiple categories; preserve current shared-resource location,sw_t_futcity; sw_t_modernex,sw_t_futcity/fcx01_o01_01.mdl; sw_t_futcity/fcx01_p01_01.mdl; sw_t_modernex/rdt01_e22_01.mdl; sw_t_modernex/rdt01_e22_01.mdl; sw_t_modernex/rdt01_e22_02.mdl; sw_t_modernex/rdt01_e22_02.mdl; sw_t_modernex/rdt01_e22_03.mdl; sw_t_modernex/rdt01_e22_03.mdl
sw_plc/window_tex07.dds,Potential consumers span multiple categories; preserve current shared-resource location,sw_t_modernex; sw_t_shadowrun,sw_t_modernex/dgt04_e01_03.mdl; sw_t_modernex/dgt04_e01_03.mdl; sw_t_modernex/dgt04_e01_04.mdl; sw_t_modernex/dgt04_e05_01.mdl; sw_t_modernex/dgt04_e05_01.mdl; sw_t_modernex/dgt04_e08_01.mdl; sw_t_modernex/dgt04_e08_01.mdl; sw_t_modernex/dgt04_e11_05.mdl
sw_plc/window_tex07.txi,Potential consumers span multiple categories; preserve current shared-resource location,sw_t_modernex; sw_t_shadowrun,sw_t_modernex/dgt04_e01_03.mdl; sw_t_modernex/dgt04_e01_03.mdl; sw_t_modernex/dgt04_e01_04.mdl; sw_t_modernex/dgt04_e05_01.mdl; sw_t_modernex/dgt04_e05_01.mdl; sw_t_modernex/dgt04_e08_01.mdl; sw_t_modernex/dgt04_e08_01.mdl; sw_t_modernex/dgt04_e11_05.mdl
sw_plc/window_tex08.dds,Potential consumers span multiple categories; preserve current shared-resource location,sw_t_modernex; sw_t_shadowrun,sw_t_modernex/dgt04_e05_01.mdl; sw_t_modernex/dgt04_e05_01.mdl; sw_t_modernex/dgt04_e05_01.mdl; sw_t_modernex/dgt04_e06_01.mdl; sw_t_modernex/dgt04_e06_01.mdl; sw_t_modernex/dgt04_e08_01.mdl; sw_t_modernex/dgt04_e08_01.mdl; sw_t_modernex/dgt05_h11_01.mdl
sw_plc_cep/G_Raptorbody.tga,Potential consumers span multiple categories; preserve current shared-resource location,sw_cr_creature; sw_plc,sw_cr_creature/c_allosaurus.mdl; sw_cr_creature/c_allosaurus.mdl; sw_cr_creature/c_allosaurus.mdl; sw_cr_creature/c_allosaurus.mdl; sw_cr_creature/c_spinosaurus.mdl; sw_cr_creature/c_spinosaurus.mdl; sw_cr_creature/c_spinosaurus.mdl; sw_cr_creature/c_spinosaurus.mdl
sw_plc_cep/ad_stl_red.tga,Potential consumers span multiple categories; preserve current shared-resource location,sw_item; sw_weapon,sw_item/it_thnmisc_098.mdl; sw_item/it_torch_025.mdl; sw_item/it_torch_029.mdl; sw_weapon/wblfl_t_061.mdl; sw_weapon/wblfl_t_062.mdl; sw_weapon/wblfl_t_063.mdl; sw_weapon/wblfl_t_064.mdl
sw_plc_cep/ad_wd_oak_lights.tga,Potential consumers span multiple categories; preserve current shared-resource location,sw_pt_lfoot; sw_pt_rfoot,sw_pt_lfoot/pfa0_footl190.mdl; sw_pt_lfoot/pfa2_footl190.mdl; sw_pt_lfoot/pfd2_footl190.mdl; sw_pt_lfoot/pfe2_footl190.mdl; sw_pt_lfoot/pfg0_footl190.mdl; sw_pt_lfoot/pfg2_footl190.mdl; sw_pt_lfoot/pfh2_footl190.mdl; sw_pt_lfoot/pfo2_footl190.mdl
sw_plc_cep/ad_wd_oak_lights.txi,Potential consumers span multiple categories; preserve current shared-resource location,sw_pt_lfoot; sw_pt_rfoot,sw_pt_lfoot/pfa0_footl190.mdl; sw_pt_lfoot/pfa2_footl190.mdl; sw_pt_lfoot/pfd2_footl190.mdl; sw_pt_lfoot/pfe2_footl190.mdl; sw_pt_lfoot/pfg0_footl190.mdl; sw_pt_lfoot/pfg2_footl190.mdl; sw_pt_lfoot/pfh2_footl190.mdl; sw_pt_lfoot/pfo2_footl190.mdl
sw_plc_cep/ad_wrap_browns.tga,Potential consumers span multiple categories; preserve current shared-resource location,sw_pt_lfoot; sw_pt_rfoot,sw_pt_lfoot/pfa0_footl190.mdl; sw_pt_lfoot/pfa2_footl190.mdl; sw_pt_lfoot/pfd2_footl190.mdl; sw_pt_lfoot/pfe2_footl190.mdl; sw_pt_lfoot/pfg0_footl190.mdl; sw_pt_lfoot/pfg2_footl190.mdl; sw_pt_lfoot/pfh2_footl190.mdl; sw_pt_lfoot/pfo2_footl190.mdl
sw_plc_cep/ad_wrap_browns.txi,Potential consumers span multiple categories; preserve current shared-resource location,sw_pt_lfoot; sw_pt_rfoot,sw_pt_lfoot/pfa0_footl190.mdl; sw_pt_lfoot/pfa2_footl190.mdl; sw_pt_lfoot/pfd2_footl190.mdl; sw_pt_lfoot/pfe2_footl190.mdl; sw_pt_lfoot/pfg0_footl190.mdl; sw_pt_lfoot/pfg2_footl190.mdl; sw_pt_lfoot/pfh2_footl190.mdl; sw_pt_lfoot/pfo2_footl190.mdl
sw_plc_cep/al_leather06_tex.dds,Potential consumers span multiple categories; preserve current shared-resource location,sw_plc; sw_weapon,sw_plc/abp_dagger1_1.mdl; sw_plc/abp_weaprack_1.mdl; sw_plc/abp_weaprack_1.mdl; sw_plc/abp_weaprack_1.mdl; sw_plc/abp_weaprack_1.mdl; sw_plc/abp_weaprack_3.mdl; sw_plc/abp_weaprack_3.mdl; sw_plc/abp_weaprack_3.mdl
sw_plc_cep/ant_head.dds,Raw binary token matched but could not verify actual resource declaration; leave unchanged,,sw_cr_creature/c_wasp.mdl; sw_cr_creature/c_wasp.mdl; sw_cr_creature/c_wasp.mdl; sw_cr_creature/c_wasp.mdl; sw_cr_creature/c_wasp.mdl; sw_cr_creature/c_wasp.mdl; sw_cr_creature/c_wasp.mdl; sw_cr_creature/c_wasp.mdl
sw_plc_cep/blade.dds,Potential consumers span multiple categories; preserve current shared-resource location,sw_cr_creature; sw_plc; sw_plc_mdrn; sw_weapon,sw_cr_creature/c_avatar.mdl; sw_cr_creature/c_avatar.mdl; sw_cr_creature/c_avatar.mdl; sw_cr_creature/c_avatar.mdl; sw_cr_creature/c_avatar.mdl; sw_cr_creature/c_avatar.mdl; sw_cr_creature/c_avatar.mdl; sw_cr_creature/c_avatar.mdl
sw_plc_cep/blk.dds,Potential consumers span multiple categories; preserve current shared-resource location,sw_plc; sw_t_cepcityin,sw_plc/st_pillar02.mdl; sw_t_cepcityin/zin01_m50_02.mdl; sw_t_cepcityin/zin01_m50_03.mdl; sw_t_cepcityin/zin01_m50_07.mdl; sw_t_cepcityin/zin01_m50_08.mdl
sw_plc_cep/blumetl.tga,Potential consumers span multiple categories; preserve current shared-resource location,sw_plc; sw_t_cepcityin,sw_plc/dca04_e01_03.mdl; sw_plc/st_table03.mdl; sw_t_cepcityin/zin01_f46_01.mdl; sw_t_cepcityin/zin01_f46_01.mdl; sw_t_cepcityin/zin01_f46_01.mdl; sw_t_cepcityin/zin01_f46_01.mdl; sw_t_cepcityin/zin01_f46_01.mdl; sw_t_cepcityin/zin01_f46_01.mdl
sw_plc_cep/bottle.tga,Potential consumers span multiple categories; preserve current shared-resource location,sw_cr_creature; sw_item; sw_plc_mdrn,sw_cr_creature/c_rednose.mdl; sw_cr_creature/c_rednose.mdl; sw_item/it_x1_gren_001.mdl; sw_item/it_x1_gren_003.mdl; sw_item/it_x1_gren_006.mdl; sw_plc_mdrn/bar_clutter.mdl; sw_plc_mdrn/bar_clutter.mdl; sw_plc_mdrn/bar_clutter.mdl
sw_plc_cep/brownwall05.dds,Potential consumers span multiple categories; preserve current shared-resource location,sw_t_cepcityex; sw_t_cepcityin,sw_t_cepcityex/zcn01_e41_01.mdl; sw_t_cepcityex/zcn01_e42_01.mdl; sw_t_cepcityex/zcn01_e42_02.mdl; sw_t_cepcityex/zcn01_e42_03.mdl; sw_t_cepcityex/zcn01_e43_01.mdl; sw_t_cepcityex/zcn01_e44_01.mdl; sw_t_cepcityex/zcn01_e44_02.mdl; sw_t_cepcityex/zcn01_e44_03.mdl
sw_plc_cep/c_mineliftl.mdl,"Naming or last table-row classifier disagrees, but duplicate/untagged legacy table rows do not prove source-pack provenance",,
sw_plc_cep/c_mineliftl.pwk,"Naming or last table-row classifier disagrees, but duplicate/untagged legacy table rows do not prove source-pack provenance",,
sw_plc_cep/c_mineliftm.mdl,"Naming or last table-row classifier disagrees, but duplicate/untagged legacy table rows do not prove source-pack provenance",,
sw_plc_cep/c_mineliftm.pwk,"Naming or last table-row classifier disagrees, but duplicate/untagged legacy table rows do not prove source-pack provenance",,
sw_plc_cep/cdle01_b.dds,Potential consumers span multiple categories; preserve current shared-resource location,sw_plc; sw_t_cepcityin,sw_plc/plx_cndl.mdl; sw_t_cepcityin/zin01_d46_01.mdl; sw_t_cepcityin/zin01_d46_01.mdl; sw_t_cepcityin/zin01_d46_01.mdl
sw_plc_cep/centre.dds,Potential consumers span multiple categories; preserve current shared-resource location,sw_plc_mdrn; sw_weapon,sw_plc_mdrn/jz_ventilo2.mdl; sw_plc_mdrn/jz_ventilo2.mdl; sw_plc_mdrn/jz_ventilo2.mdl; sw_weapon/ashto_062.mdl; sw_weapon/ashto_062.mdl; sw_weapon/ashto_063.mdl; sw_weapon/ashto_064.mdl; sw_weapon/ashto_065.mdl
sw_plc_cep/cndl01bse.dds,Potential consumers span multiple categories; preserve current shared-resource location,sw_plc; sw_t_cepcityin,sw_plc/plx_cndl.mdl; sw_t_cepcityin/zin01_d46_01.mdl
sw_plc_cep/cndl02bse.dds,Potential consumers span multiple categories; preserve current shared-resource location,sw_plc; sw_t_cepcityin,sw_plc/plx_cndl.mdl; sw_t_cepcityin/zin01_d46_01.mdl; sw_t_cepcityin/zin01_d50_03.mdl
sw_plc_cep/cndl02bse.tga,Potential consumers span multiple categories; preserve current shared-resource location,sw_plc; sw_t_cepcityin,sw_plc/plx_cndl.mdl; sw_t_cepcityin/zin01_d46_01.mdl; sw_t_cepcityin/zin01_d50_03.mdl
sw_plc_cep/ct01_treefol08.dds,Potential consumers span multiple categories; preserve current shared-resource location,sw_plc; sw_t_ravforest,sw_plc/plc_evchpine01.mdl; sw_plc/plc_evcrpine01.mdl; sw_plc/plc_evcrpine02.mdl; sw_plc/plc_evpine01.mdl; sw_plc/plc_evpine02.mdl; sw_plc/plc_evpine03.mdl; sw_plc/plc_evpine04.mdl; sw_plc/plc_evpine06.mdl
sw_plc_cep/ct01_treefol12.dds,Potential consumers span multiple categories; preserve current shared-resource location,sw_plc; sw_t_ravforest,sw_plc/plc_evchpine01.mdl; sw_plc/plc_evchpine02.mdl; sw_plc/plc_evchpine02.mdl; sw_plc/plc_evcrpine01.mdl; sw_plc/plc_evcrpine02.mdl; sw_plc/plc_evpine01.mdl; sw_plc/plc_evpine01a.mdl; sw_plc/plc_evpine01a.mdl
sw_plc_cep/ct_bark00.dds,Potential consumers span multiple categories; preserve current shared-resource location,sw_plc; sw_t_ravforest,sw_plc/plc_evchpine01.mdl; sw_plc/plc_evchpine01.mdl; sw_plc/plc_evchpine02.mdl; sw_plc/plc_evchpine02.mdl; sw_plc/plc_evcrpine01.mdl; sw_plc/plc_evcrpine02.mdl; sw_plc/plc_evcrpine03.mdl; sw_plc/plc_evcrpine03.mdl
sw_plc_cep/ct_bark01b.dds,Potential consumers span multiple categories; preserve current shared-resource location,sw_plc; sw_t_ravforest,sw_plc/plc_evpine01.mdl; sw_plc/plc_evpine01a.mdl; sw_plc/plc_evpine02.mdl; sw_plc/plc_evpine03.mdl; sw_plc/plc_evpine04.mdl; sw_plc/plc_evpine05.mdl; sw_plc/plc_evpine06.mdl; sw_t_ravforest/mb012_a01_01.mdl
sw_plc_cep/deepmistback.dds,Potential consumers span multiple categories; preserve current shared-resource location,sw_plc; sw_weapon,sw_plc/clam_001.mdl; sw_plc/clam_001.mdl; sw_weapon/ashlw_099.mdl; sw_weapon/ashsw_058.mdl; sw_weapon/ashto_240.mdl
sw_plc_cep/deepmistclam.dds,Potential consumers span multiple categories; preserve current shared-resource location,sw_plc; sw_weapon,sw_plc/clam_001.mdl; sw_plc/clam_001.mdl; sw_weapon/ashlw_099.mdl; sw_weapon/ashsw_058.mdl; sw_weapon/ashto_240.mdl
sw_plc_cep/dragon.dds,Potential consumers span multiple categories; preserve current shared-resource location,sw_plc_mdrn; sw_weapon,sw_plc_mdrn/jvb_statue04.mdl; sw_weapon/wmgfs_m_031.mdl; sw_weapon/wmgfs_m_031.mdl; sw_weapon/wmgfs_m_031.mdl
sw_plc_cep/floor_a01.dds,Potential consumers span multiple categories; preserve current shared-resource location,sw_plc; sw_t_cepcityin,sw_plc/st_dirty.mdl; sw_t_cepcityin/zin01_a42_05.mdl; sw_t_cepcityin/zin01_a45_02.mdl; sw_t_cepcityin/zin01_c41_01.mdl; sw_t_cepcityin/zin01_c42_01.mdl; sw_t_cepcityin/zin01_d50_04.mdl; sw_t_cepcityin/zin01_f41_01.mdl; sw_t_cepcityin/zin01_f41_02.mdl
sw_plc_cep/floorslabs.dds,Potential consumers span multiple categories; preserve current shared-resource location,sw_plc; sw_t_cepcityin,sw_plc/st_wall03.mdl; sw_t_cepcityin/zin01_a41_01.mdl; sw_t_cepcityin/zin01_a41_02.mdl; sw_t_cepcityin/zin01_a41_03.mdl; sw_t_cepcityin/zin01_a42_01.mdl; sw_t_cepcityin/zin01_a42_02.mdl; sw_t_cepcityin/zin01_a42_03.mdl; sw_t_cepcityin/zin01_a42_04.mdl
sw_plc_cep/gg-brk-reg2.dds,Potential consumers span multiple categories; preserve current shared-resource location,sw_plc; sw_t_office,sw_plc/gi-p-firepl.mdl; sw_plc/gi-p-firepl.mdl; sw_t_office/udp2_a20_01.mdl; sw_t_office/udp2_a20_06.mdl; sw_t_office/udp2_a20_06.mdl; sw_t_office/udp2_a20_07.mdl; sw_t_office/udp2_a20_07.mdl
sw_plc_cep/gg-conc.dds,Potential consumers span multiple categories; preserve current shared-resource location,sw_plc; sw_plc_mdrn; sw_t_office; sw_t_suburb,sw_plc/gi-p-firepl.mdl; sw_plc_mdrn/udp-p-89.mdl; sw_t_office/udp2_a20_06.mdl; sw_t_office/udp2_a20_07.mdl; sw_t_suburb/udp1_i01_03.mdl; sw_t_suburb/udp1_i01_14.mdl; sw_t_suburb/udp1_i02_03.mdl; sw_t_suburb/udp1_i02_08.mdl
sw_plc_cep/gg-conc3.dds,Potential consumers span multiple categories; preserve current shared-resource location,sw_plc; sw_plc_mdrn; sw_t_office,sw_plc/gi-p-firepl.mdl; sw_plc/gi-p-firepl.mdl; sw_plc_mdrn/udp-p-107.mdl; sw_plc_mdrn/udp-p-108.mdl; sw_plc_mdrn/udp-p-111.mdl; sw_plc_mdrn/udp-p-111.mdl; sw_plc_mdrn/udp-p-111.mdl; sw_plc_mdrn/udp-p-111.mdl
sw_plc_cep/gg-flwr-pne.dds,Potential consumers span multiple categories; preserve current shared-resource location,sw_plc; sw_plc_mdrn,sw_plc/gi-p-plant03.mdl; sw_plc_mdrn/udp-p-136.mdl; sw_plc_mdrn/udp-p-137.mdl; sw_plc_mdrn/udp-p-139.mdl; sw_plc_mdrn/udp-p-154.mdl
sw_plc_cep/gg-flwr1.dds,Potential consumers span multiple categories; preserve current shared-resource location,sw_plc; sw_plc_mdrn,sw_plc/gi-p-plant07.mdl; sw_plc/gi-p-plant07.mdl; sw_plc/gi-p-plant07.mdl; sw_plc/gi-p-plant07.mdl; sw_plc/gi-p-plant07.mdl; sw_plc/gi-p-plant07.mdl; sw_plc/gi-p-plant07.mdl; sw_plc/gi-p-plant07.mdl
sw_plc_cep/gg-flwr12.dds,Potential consumers span multiple categories; preserve current shared-resource location,sw_plc; sw_plc_mdrn,sw_plc/gi-p-plant04.mdl; sw_plc_mdrn/udp-p-155.mdl
sw_plc_cep/gg-flwr2.dds,Potential consumers span multiple categories; preserve current shared-resource location,sw_plc; sw_plc_mdrn,sw_plc/gi-p-plant01.mdl; sw_plc/gi-p-plant01.mdl; sw_plc/gi-p-plant01.mdl; sw_plc/gi-p-plant09.mdl; sw_plc/gi-p-plant09.mdl; sw_plc/gi-p-plant09.mdl; sw_plc/gi-p-plant09.mdl; sw_plc/gi-p-plant09.mdl
sw_plc_cep/gg-flwr4.dds,Potential consumers span multiple categories; preserve current shared-resource location,sw_plc; sw_plc_mdrn,sw_plc/gi-p-plant08.mdl; sw_plc/gi-p-plant08.mdl; sw_plc/gi-p-plant08.mdl; sw_plc/gi-p-plant08.mdl; sw_plc/gi-p-plant08.mdl; sw_plc/gi-p-plant08.mdl; sw_plc/gi-p-plant08.mdl; sw_plc_mdrn/udp-p-159.mdl
sw_plc_cep/gg-flwr8.dds,Potential consumers span multiple categories; preserve current shared-resource location,sw_plc; sw_plc_mdrn,sw_plc/gi-p-plant11.mdl; sw_plc_mdrn/udp-p-143.mdl; sw_plc_mdrn/udp-p-143.mdl; sw_plc_mdrn/udp-p-143.mdl; sw_plc_mdrn/udp-p-162.mdl
sw_plc_cep/gg-flwr9.dds,Potential consumers span multiple categories; preserve current shared-resource location,sw_plc; sw_plc_mdrn,sw_plc/gi-p-plant02.mdl; sw_plc/gi-p-plant10.mdl; sw_plc/gi-p-plant10.mdl; sw_plc/gi-p-plant10.mdl; sw_plc/gi-p-plant10.mdl; sw_plc/gi-p-vase.mdl; sw_plc_mdrn/udp-p-140.mdl; sw_plc_mdrn/udp-p-140.mdl
sw_plc_cep/gg-msc-dirt.dds,Potential consumers span multiple categories; preserve current shared-resource location,sw_plc; sw_plc_mdrn,sw_plc/gi-p-plant01.mdl; sw_plc/gi-p-plant02.mdl; sw_plc/gi-p-plant03.mdl; sw_plc/gi-p-plant04.mdl; sw_plc/gi-p-plant05.mdl; sw_plc/gi-p-plant06.mdl; sw_plc/gi-p-plant07.mdl; sw_plc/gi-p-plant08.mdl
sw_plc_cep/gg-msc-fence.dds,Potential consumers span multiple categories; preserve current shared-resource location,sw_door; sw_plc,sw_door/t_door92.mdl; sw_plc/gi-p-chair.mdl
sw_plc_cep/gg-msc-rail.dds,Potential consumers span multiple categories; preserve current shared-resource location,sw_plc; sw_plc_mdrn,sw_plc/gi-p-chair2.mdl; sw_plc_mdrn/udp-p-164.mdl
sw_plc_cep/gg-shrub1.dds,Potential consumers span multiple categories; preserve current shared-resource location,sw_plc; sw_plc_mdrn,sw_plc/gi-p-plant05.mdl; sw_plc/gi-p-plant06.mdl; sw_plc/gi-p-plant06.mdl; sw_plc/gi-p-plant06.mdl; sw_plc/gi-p-plant06.mdl; sw_plc_mdrn/udp-p-135.mdl; sw_plc_mdrn/udp-p-135.mdl; sw_plc_mdrn/udp-p-135.mdl
sw_plc_cep/gg-wood.dds,Potential consumers span multiple categories; preserve current shared-resource location,sw_plc; sw_plc_mdrn,sw_plc/gi-p-plant05.mdl; sw_plc/gi-p-plant06.mdl; sw_plc/gi-p-wing03.mdl; sw_plc/gi-p-wing03.mdl; sw_plc/gi-p-wing03.mdl; sw_plc/gi-p-wing03.mdl; sw_plc_mdrn/udp-p-156.mdl; sw_plc_mdrn/udp-p-157.mdl
sw_plc_cep/gg2-bark.dds,Potential consumers span multiple categories; preserve current shared-resource location,sw_plc; sw_plc_mdrn; sw_t_office; sw_t_suburb,sw_plc/gi-p-firepl.mdl; sw_plc/gi-p-firepl.mdl; sw_plc/gi-p-firepl.mdl; sw_plc/gi-p-firepl.mdl; sw_plc_mdrn/udp-p-131.mdl; sw_plc_mdrn/udp-p-132.mdl; sw_plc_mdrn/udp-p-135.mdl; sw_plc_mdrn/udp-p-135.mdl
sw_plc_cep/gg2-forbase1.dds,Potential consumers span multiple categories; preserve current shared-resource location,sw_plc_mdrn; sw_t_suburb,sw_plc_mdrn/udp-p-21.mdl; sw_plc_mdrn/udp-p-21.mdl; sw_t_suburb/udp1_c01_02.mdl; sw_t_suburb/udp1_c01_04.mdl; sw_t_suburb/udp1_c01_05.mdl; sw_t_suburb/udp1_c01_07.mdl; sw_t_suburb/udp1_c01_09.mdl; sw_t_suburb/udp1_c01_09.mdl
sw_plc_cep/gg2-h2-3.dds,Potential consumers span multiple categories; preserve current shared-resource location,sw_plc; sw_plc_mdrn; sw_t_office; sw_t_suburb,sw_plc/gi-p-firepl.mdl; sw_plc/gi-p-firepl.mdl; sw_plc_mdrn/udp2-p-105.mdl; sw_plc_mdrn/udp2-p-105.mdl; sw_plc_mdrn/udp2-p-105.mdl; sw_plc_mdrn/udp2-p-105.mdl; sw_plc_mdrn/udp2-p-106.mdl; sw_plc_mdrn/udp2-p-106.mdl
sw_plc_cep/gg2-h2-7.dds,Potential consumers span multiple categories; preserve current shared-resource location,sw_plc; sw_t_suburb,sw_plc/gi-p-column1.mdl; sw_plc/gi-p-column2.mdl; sw_t_suburb/udp1_a27_08.mdl; sw_t_suburb/udp1_b02_01.mdl; sw_t_suburb/udp1_b02_02.mdl; sw_t_suburb/udp1_b02_03.mdl; sw_t_suburb/udp1_b02_03.mdl; sw_t_suburb/udp1_b02_04.mdl
sw_plc_cep/gg2-h3-2a.dds,Potential consumers span multiple categories; preserve current shared-resource location,sw_door; sw_plc,sw_door/t_door82.mdl; sw_door/t_door83.mdl; sw_door/t_door83.mdl; sw_door/t_door84.mdl; sw_door/t_door85.mdl; sw_door/t_door86.mdl; sw_door/t_door87.mdl; sw_door/t_door88.mdl
sw_plc_cep/gg2-msc-leaf2.dds,Potential consumers span multiple categories; preserve current shared-resource location,sw_plc_mdrn; sw_t_suburb,sw_plc_mdrn/udp-p-132.mdl; sw_t_suburb/udp1_i01_01.mdl; sw_t_suburb/udp1_i01_01.mdl; sw_t_suburb/udp1_i01_01.mdl; sw_t_suburb/udp1_i01_02.mdl; sw_t_suburb/udp1_i01_02.mdl; sw_t_suburb/udp1_i01_02.mdl; sw_t_suburb/udp1_i01_03.mdl
sw_plc_cep/gg2-msc-leaf2a.dds,Potential consumers span multiple categories; preserve current shared-resource location,sw_plc_mdrn; sw_t_suburb,sw_plc_mdrn/udp-p-131.mdl; sw_t_suburb/udp1_i01_01.mdl; sw_t_suburb/udp1_i01_01.mdl; sw_t_suburb/udp1_i01_01.mdl; sw_t_suburb/udp1_i01_02.mdl; sw_t_suburb/udp1_i01_02.mdl; sw_t_suburb/udp1_i01_02.mdl; sw_t_suburb/udp1_i01_02.mdl
sw_plc_cep/gg2-spikes.dds,Potential consumers span multiple categories; preserve current shared-resource location,sw_plc; sw_t_office,sw_plc/gi-p-firepl.mdl; sw_t_office/udp2_a20_06.mdl; sw_t_office/udp2_a20_07.mdl
sw_plc_cep/gg2-spikes.tga,Potential consumers span multiple categories; preserve current shared-resource location,sw_plc; sw_t_office,sw_plc/gi-p-firepl.mdl; sw_t_office/udp2_a20_06.mdl; sw_t_office/udp2_a20_07.mdl
sw_plc_cep/gg2-wd-pl.dds,Potential consumers span multiple categories; preserve current shared-resource location,sw_plc_mdrn; sw_t_office; sw_t_suburb,sw_plc_mdrn/udp-p-74.mdl; sw_plc_mdrn/udp-p-74.mdl; sw_plc_mdrn/udp-p-74.mdl; sw_plc_mdrn/udp-p-74.mdl; sw_t_office/udp2_a27_04.mdl; sw_t_office/udp2_a28_04.mdl; sw_t_office/udp2_a30_04.mdl; sw_t_office/udp2_a30_04.mdl
sw_plc_cep/gg_black.dds,Potential consumers span multiple categories; preserve current shared-resource location,sw_door; sw_plc; sw_plc_mdrn; sw_t_office; sw_t_season; sw_t_suburb,sw_door/t_door54.mdl; sw_door/t_door54.mdl; sw_door/t_door59.mdl; sw_door/t_door59.mdl; sw_door/t_door91.mdl; sw_door/t_door92.mdl; sw_plc/gi-p-chair2.mdl; sw_plc/gi-p-chair2.mdl
sw_plc_cep/gg_treefol02.dds,Potential consumers span multiple categories; preserve current shared-resource location,sw_plc; sw_plc_mdrn,sw_plc/gi-p-plant01.mdl; sw_plc/gi-p-plant02.mdl; sw_plc/gi-p-plant07.mdl; sw_plc/gi-p-plant07.mdl; sw_plc/gi-p-plant07.mdl; sw_plc/gi-p-plant07.mdl; sw_plc/gi-p-plant08.mdl; sw_plc/gi-p-plant08.mdl
sw_plc_cep/gg_treefol02.tga,Potential consumers span multiple categories; preserve current shared-resource location,sw_plc; sw_plc_mdrn,sw_plc/gi-p-plant01.mdl; sw_plc/gi-p-plant02.mdl; sw_plc/gi-p-plant07.mdl; sw_plc/gi-p-plant07.mdl; sw_plc/gi-p-plant07.mdl; sw_plc/gi-p-plant07.mdl; sw_plc/gi-p-plant08.mdl; sw_plc/gi-p-plant08.mdl
sw_plc_cep/gi-h4.dds,Potential consumers span multiple categories; preserve current shared-resource location,sw_door; sw_plc,sw_door/t_door87.mdl; sw_plc/gi-p-column1.mdl; sw_plc/gi-p-column1.mdl; sw_plc/gi-p-column2.mdl
sw_plc_cep/gi-mtl-ring.dds,Potential consumers span multiple categories; preserve current shared-resource location,sw_plc; sw_plc_mdrn,sw_plc/gi-p-chair2.mdl; sw_plc/gi-p-table.mdl; sw_plc_mdrn/udp-p-163.mdl; sw_plc_mdrn/udp-p-164.mdl
sw_plc_cep/gold.tga,Potential consumers span multiple categories; preserve current shared-resource location,sw_vfx; sw_weapon,sw_vfx/vim_gheal02_bl.mdl; sw_vfx/vim_gheal02_bl.mdl; sw_vfx/vim_gheal02_cy.mdl; sw_vfx/vim_gheal02_cy.mdl; sw_vfx/vim_gheal02_gr.mdl; sw_vfx/vim_gheal02_gr.mdl; sw_vfx/vim_gheal02_or.mdl; sw_vfx/vim_gheal02_or.mdl
sw_plc_cep/gold.txi,Potential consumers span multiple categories; preserve current shared-resource location,sw_vfx; sw_weapon,sw_vfx/vim_gheal02_bl.mdl; sw_vfx/vim_gheal02_bl.mdl; sw_vfx/vim_gheal02_cy.mdl; sw_vfx/vim_gheal02_cy.mdl; sw_vfx/vim_gheal02_gr.mdl; sw_vfx/vim_gheal02_gr.mdl; sw_vfx/vim_gheal02_or.mdl; sw_vfx/vim_gheal02_or.mdl
sw_plc_cep/gxpa_water.tga,Potential consumers span multiple categories; preserve current shared-resource location,sw_plc; sw_t_castle1,sw_plc/glc_water.mdl; sw_plc/glc_water1.mdl; sw_plc/glc_water2.mdl; sw_t_castle1/zic01_w51_01.mdl; sw_t_castle1/zic01_w51_11.mdl; sw_t_castle1/zic01_w55_01.mdl; sw_t_castle1/zic01_w55_02.mdl; sw_t_castle1/zic01_w55_03.mdl
sw_plc_cep/hammer.tga,Potential consumers span multiple categories; preserve current shared-resource location,sw_t_secbase; sw_t_secretbs; sw_vfx; sw_weapon,sw_t_secbase/tcdh0_s20_01.mdl; sw_t_secretbs/tjsb0_s20_01.mdl; sw_vfx/vim_chaoham.mdl; sw_vfx/vim_chaoham.mdl; sw_weapon/wdbma_m_012.mdl
sw_plc_cep/handle1.tga,Potential consumers span multiple categories; preserve current shared-resource location,sw_t_cepcityin; sw_weapon,sw_t_cepcityin/zin01_f21_01.mdl; sw_t_cepcityin/zin01_f21_01.mdl; sw_t_cepcityin/zin01_f21_01.mdl; sw_weapon/wmgfs_m_171.mdl; sw_weapon/wplsc_b_251.mdl; sw_weapon/wplsc_b_254.mdl; sw_weapon/wspwf_b_011.mdl; sw_weapon/wspwf_b_014.mdl
sw_plc_cep/handle2.tga,Potential consumers span multiple categories; preserve current shared-resource location,sw_t_cepforest; sw_weapon,sw_t_cepforest/ztf01_b85_01.mdl; sw_t_cepforest/ztf01_b85_01.mdl; sw_t_cepforest/ztf01_b85_01.mdl; sw_t_cepforest/ztf01_b85_01.mdl; sw_weapon/wmgfs_m_181.mdl; sw_weapon/wplsc_b_252.mdl; sw_weapon/wspwf_b_012.mdl; sw_weapon/wswdg_b_202.mdl
sw_plc_cep/head2.dds,Potential consumers span multiple categories; preserve current shared-resource location,sw_pt_head; sw_weapon,sw_pt_head/pfd0_head108.mdl; sw_pt_head/pfd0_head108.mdl; sw_pt_head/pfh0_head201.mdl; sw_pt_head/pfo0_head004.mdl; sw_pt_head/pfz0_head002.mdl; sw_pt_head/pfz0_head007.mdl; sw_pt_head/pmd0_head108.mdl; sw_pt_head/pmd0_head108.mdl
sw_plc_cep/head3.dds,Potential consumers span multiple categories; preserve current shared-resource location,sw_pt_head; sw_weapon,sw_pt_head/pfd0_head107.mdl; sw_pt_head/pfd0_head107.mdl; sw_pt_head/pfe0_head007.mdl; sw_pt_head/pfe0_head007.mdl; sw_pt_head/pfh0_head026.mdl; sw_pt_head/pfh0_head202.mdl; sw_pt_head/pfz0_head003.mdl; sw_pt_head/pmd0_head107.mdl
sw_plc_cep/holy.tga,Raw binary token matched but could not verify actual resource declaration; leave unchanged,,sw_vfx/vdr_summon3.mdl; sw_vfx/vdr_summon3.mdl; sw_vfx/vdr_summon3.mdl; sw_vfx/vdr_summon3.mdl
sw_plc_cep/jsa_barrel01.dds,"Naming or last table-row classifier disagrees, but duplicate/untagged legacy table rows do not prove source-pack provenance",,
sw_plc_cep/jsa_barrel01.mdl,"Naming or last table-row classifier disagrees, but duplicate/untagged legacy table rows do not prove source-pack provenance",,
sw_plc_cep/jsa_barrel01.pwk,"Naming or last table-row classifier disagrees, but duplicate/untagged legacy table rows do not prove source-pack provenance",,
sw_plc_cep/jsa_c3poa.mdl,"Naming or last table-row classifier disagrees, but duplicate/untagged legacy table rows do not prove source-pack provenance",,
sw_plc_cep/jsa_c3poa.pwk,"Naming or last table-row classifier disagrees, but duplicate/untagged legacy table rows do not prove source-pack provenance",,
sw_plc_cep/jsa_c3poh.dds,"Naming or last table-row classifier disagrees, but duplicate/untagged legacy table rows do not prove source-pack provenance",,
sw_plc_cep/jsa_c3poh.mdl,"Naming or last table-row classifier disagrees, but duplicate/untagged legacy table rows do not prove source-pack provenance",,
sw_plc_cep/jsa_c3poh.pwk,"Naming or last table-row classifier disagrees, but duplicate/untagged legacy table rows do not prove source-pack provenance",,
sw_plc_cep/jsa_c3pot.mdl,"Naming or last table-row classifier disagrees, but duplicate/untagged legacy table rows do not prove source-pack provenance",,
sw_plc_cep/jsa_c3pot.pwk,"Naming or last table-row classifier disagrees, but duplicate/untagged legacy table rows do not prove source-pack provenance",,
sw_plc_cep/jsa_cache01.dds,"Naming or last table-row classifier disagrees, but duplicate/untagged legacy table rows do not prove source-pack provenance",,
sw_plc_cep/jsa_cache01.mdl,"Naming or last table-row classifier disagrees, but duplicate/untagged legacy table rows do not prove source-pack provenance",,
sw_plc_cep/jsa_cache01.pwk,"Naming or last table-row classifier disagrees, but duplicate/untagged legacy table rows do not prove source-pack provenance",,
sw_plc_cep/jsa_cargo02.dds,"Naming or last table-row classifier disagrees, but duplicate/untagged legacy table rows do not prove source-pack provenance",,
sw_plc_cep/jsa_cargo02.mdl,"Naming or last table-row classifier disagrees, but duplicate/untagged legacy table rows do not prove source-pack provenance",,
sw_plc_cep/jsa_cargo02.pwk,"Naming or last table-row classifier disagrees, but duplicate/untagged legacy table rows do not prove source-pack provenance",,
sw_plc_cep/jsa_cpnl01.mdl,"Naming or last table-row classifier disagrees, but duplicate/untagged legacy table rows do not prove source-pack provenance",,
sw_plc_cep/jsa_cpnl01.pwk,"Naming or last table-row classifier disagrees, but duplicate/untagged legacy table rows do not prove source-pack provenance",,
sw_plc_cep/jsa_crane.dds,"Naming or last table-row classifier disagrees, but duplicate/untagged legacy table rows do not prove source-pack provenance",,
sw_plc_cep/jsa_crane.mdl,"Naming or last table-row classifier disagrees, but duplicate/untagged legacy table rows do not prove source-pack provenance",,
sw_plc_cep/jsa_crane.pwk,"Naming or last table-row classifier disagrees, but duplicate/untagged legacy table rows do not prove source-pack provenance",,
sw_plc_cep/jsa_dchair01.dds,"Naming or last table-row classifier disagrees, but duplicate/untagged legacy table rows do not prove source-pack provenance",,
sw_plc_cep/jsa_dchair01.mdl,"Naming or last table-row classifier disagrees, but duplicate/untagged legacy table rows do not prove source-pack provenance",,
sw_plc_cep/jsa_dchair01.pwk,"Naming or last table-row classifier disagrees, but duplicate/untagged legacy table rows do not prove source-pack provenance",,
sw_plc_cep/jsa_dish01.dds,"Naming or last table-row classifier disagrees, but duplicate/untagged legacy table rows do not prove source-pack provenance",,
sw_plc_cep/jsa_dish01.mdl,"Naming or last table-row classifier disagrees, but duplicate/untagged legacy table rows do not prove source-pack provenance",,
sw_plc_cep/jsa_dish01.pwk,"Naming or last table-row classifier disagrees, but duplicate/untagged legacy table rows do not prove source-pack provenance",,
sw_plc_cep/jsa_emit01.mdl,"Naming or last table-row classifier disagrees, but duplicate/untagged legacy table rows do not prove source-pack provenance",,
sw_plc_cep/jsa_emit01.pwk,"Naming or last table-row classifier disagrees, but duplicate/untagged legacy table rows do not prove source-pack provenance",,
sw_plc_cep/jsa_emit02.mdl,"Naming or last table-row classifier disagrees, but duplicate/untagged legacy table rows do not prove source-pack provenance",,
sw_plc_cep/jsa_emit02.pwk,"Naming or last table-row classifier disagrees, but duplicate/untagged legacy table rows do not prove source-pack provenance",,
sw_plc_cep/jsa_fstn01.dds,"Naming or last table-row classifier disagrees, but duplicate/untagged legacy table rows do not prove source-pack provenance",,
sw_plc_cep/jsa_fstn01.mdl,"Naming or last table-row classifier disagrees, but duplicate/untagged legacy table rows do not prove source-pack provenance",,
sw_plc_cep/jsa_fstn01.pwk,"Naming or last table-row classifier disagrees, but duplicate/untagged legacy table rows do not prove source-pack provenance",,
sw_plc_cep/jsa_mlamp01.dds,"Naming or last table-row classifier disagrees, but duplicate/untagged legacy table rows do not prove source-pack provenance",,
sw_plc_cep/jsa_mlamp01.mdl,"Naming or last table-row classifier disagrees, but duplicate/untagged legacy table rows do not prove source-pack provenance",,
sw_plc_cep/jsa_mlamp01.pwk,"Naming or last table-row classifier disagrees, but duplicate/untagged legacy table rows do not prove source-pack provenance",,
sw_plc_cep/jsa_mpillr01.dds,"Naming or last table-row classifier disagrees, but duplicate/untagged legacy table rows do not prove source-pack provenance",,
sw_plc_cep/jsa_mpillr01.mdl,"Naming or last table-row classifier disagrees, but duplicate/untagged legacy table rows do not prove source-pack provenance",,
sw_plc_cep/jsa_mpillr01.pwk,"Naming or last table-row classifier disagrees, but duplicate/untagged legacy table rows do not prove source-pack provenance",,
sw_plc_cep/jsa_rkts01.dds,"Naming or last table-row classifier disagrees, but duplicate/untagged legacy table rows do not prove source-pack provenance",,
sw_plc_cep/jsa_rkts01.mdl,"Naming or last table-row classifier disagrees, but duplicate/untagged legacy table rows do not prove source-pack provenance",,
sw_plc_cep/jsa_rkts01.pwk,"Naming or last table-row classifier disagrees, but duplicate/untagged legacy table rows do not prove source-pack provenance",,
sw_plc_cep/jsa_rock.dds,"Naming or last table-row classifier disagrees, but duplicate/untagged legacy table rows do not prove source-pack provenance",,
sw_plc_cep/jsa_rock.mdl,"Naming or last table-row classifier disagrees, but duplicate/untagged legacy table rows do not prove source-pack provenance",,
sw_plc_cep/jsa_rock.pwk,"Naming or last table-row classifier disagrees, but duplicate/untagged legacy table rows do not prove source-pack provenance",,
sw_plc_cep/jsa_rsclaw01.mdl,"Naming or last table-row classifier disagrees, but duplicate/untagged legacy table rows do not prove source-pack provenance",,
sw_plc_cep/jsa_rsclaw01.pwk,"Naming or last table-row classifier disagrees, but duplicate/untagged legacy table rows do not prove source-pack provenance",,
sw_plc_cep/jsa_shitm01.dds,"Naming or last table-row classifier disagrees, but duplicate/untagged legacy table rows do not prove source-pack provenance",,
sw_plc_cep/jsa_shitm01.mdl,"Naming or last table-row classifier disagrees, but duplicate/untagged legacy table rows do not prove source-pack provenance",,
sw_plc_cep/jsa_shitm01.pwk,"Naming or last table-row classifier disagrees, but duplicate/untagged legacy table rows do not prove source-pack provenance",,
sw_plc_cep/jsa_shpitm01.dds,"Naming or last table-row classifier disagrees, but duplicate/untagged legacy table rows do not prove source-pack provenance",,
sw_plc_cep/jsa_shpitm01.mdl,"Naming or last table-row classifier disagrees, but duplicate/untagged legacy table rows do not prove source-pack provenance",,
sw_plc_cep/jsa_shpitm01.pwk,"Naming or last table-row classifier disagrees, but duplicate/untagged legacy table rows do not prove source-pack provenance",,
sw_plc_cep/jsa_shpitm02.dds,"Naming or last table-row classifier disagrees, but duplicate/untagged legacy table rows do not prove source-pack provenance",,
sw_plc_cep/jsa_shpitm02.mdl,"Naming or last table-row classifier disagrees, but duplicate/untagged legacy table rows do not prove source-pack provenance",,
sw_plc_cep/jsa_shpitm02.pwk,"Naming or last table-row classifier disagrees, but duplicate/untagged legacy table rows do not prove source-pack provenance",,
sw_plc_cep/jsa_shpitm03.dds,"Naming or last table-row classifier disagrees, but duplicate/untagged legacy table rows do not prove source-pack provenance",,
sw_plc_cep/jsa_shpitm03.mdl,"Naming or last table-row classifier disagrees, but duplicate/untagged legacy table rows do not prove source-pack provenance",,
sw_plc_cep/jsa_shpitm03.pwk,"Naming or last table-row classifier disagrees, but duplicate/untagged legacy table rows do not prove source-pack provenance",,
sw_plc_cep/jsa_shprt03.dds,"Naming or last table-row classifier disagrees, but duplicate/untagged legacy table rows do not prove source-pack provenance",,
sw_plc_cep/jsa_shprt03.mdl,"Naming or last table-row classifier disagrees, but duplicate/untagged legacy table rows do not prove source-pack provenance",,
sw_plc_cep/jsa_shprt03.pwk,"Naming or last table-row classifier disagrees, but duplicate/untagged legacy table rows do not prove source-pack provenance",,
sw_plc_cep/jsa_shprt04.mdl,"Naming or last table-row classifier disagrees, but duplicate/untagged legacy table rows do not prove source-pack provenance",,
sw_plc_cep/jsa_shprt04.pwk,"Naming or last table-row classifier disagrees, but duplicate/untagged legacy table rows do not prove source-pack provenance",,
sw_plc_cep/jsa_shprt05.dds,"Naming or last table-row classifier disagrees, but duplicate/untagged legacy table rows do not prove source-pack provenance",,
sw_plc_cep/jsa_shprt05.mdl,"Naming or last table-row classifier disagrees, but duplicate/untagged legacy table rows do not prove source-pack provenance",,
sw_plc_cep/jsa_shprt05.pwk,"Naming or last table-row classifier disagrees, but duplicate/untagged legacy table rows do not prove source-pack provenance",,
sw_plc_cep/jsa_shprt06.mdl,"Naming or last table-row classifier disagrees, but duplicate/untagged legacy table rows do not prove source-pack provenance",,
sw_plc_cep/jsa_shprt06.pwk,"Naming or last table-row classifier disagrees, but duplicate/untagged legacy table rows do not prove source-pack provenance",,
sw_plc_cep/jsa_supprt.dds,"Naming or last table-row classifier disagrees, but duplicate/untagged legacy table rows do not prove source-pack provenance",,
sw_plc_cep/jsa_supprt.mdl,"Naming or last table-row classifier disagrees, but duplicate/untagged legacy table rows do not prove source-pack provenance",,
sw_plc_cep/jsa_supprt.pwk,"Naming or last table-row classifier disagrees, but duplicate/untagged legacy table rows do not prove source-pack provenance",,
sw_plc_cep/jsa_table01.dds,"Naming or last table-row classifier disagrees, but duplicate/untagged legacy table rows do not prove source-pack provenance",,
sw_plc_cep/jsa_table01.mdl,"Naming or last table-row classifier disagrees, but duplicate/untagged legacy table rows do not prove source-pack provenance",,
sw_plc_cep/jsa_table01.pwk,"Naming or last table-row classifier disagrees, but duplicate/untagged legacy table rows do not prove source-pack provenance",,
sw_plc_cep/jsa_tbbase01.dds,"Naming or last table-row classifier disagrees, but duplicate/untagged legacy table rows do not prove source-pack provenance",,
sw_plc_cep/jsa_tbbase01.mdl,"Naming or last table-row classifier disagrees, but duplicate/untagged legacy table rows do not prove source-pack provenance",,
sw_plc_cep/jsa_tbbase01.pwk,"Naming or last table-row classifier disagrees, but duplicate/untagged legacy table rows do not prove source-pack provenance",,
sw_plc_cep/jsa_tbtop01.dds,"Naming or last table-row classifier disagrees, but duplicate/untagged legacy table rows do not prove source-pack provenance",,
sw_plc_cep/jsa_tbtop01.mdl,"Naming or last table-row classifier disagrees, but duplicate/untagged legacy table rows do not prove source-pack provenance",,
sw_plc_cep/jsa_tbtop01.pwk,"Naming or last table-row classifier disagrees, but duplicate/untagged legacy table rows do not prove source-pack provenance",,
sw_plc_cep/jsa_tbtop02.mdl,"Naming or last table-row classifier disagrees, but duplicate/untagged legacy table rows do not prove source-pack provenance",,
sw_plc_cep/jsa_tbtop02.pwk,"Naming or last table-row classifier disagrees, but duplicate/untagged legacy table rows do not prove source-pack provenance",,
sw_plc_cep/jsa_tbtop03.mdl,"Naming or last table-row classifier disagrees, but duplicate/untagged legacy table rows do not prove source-pack provenance",,
sw_plc_cep/jsa_tbtop03.pwk,"Naming or last table-row classifier disagrees, but duplicate/untagged legacy table rows do not prove source-pack provenance",,
sw_plc_cep/jsa_tpod01.mdl,"Naming or last table-row classifier disagrees, but duplicate/untagged legacy table rows do not prove source-pack provenance",,
sw_plc_cep/jsa_tpod01.pwk,"Naming or last table-row classifier disagrees, but duplicate/untagged legacy table rows do not prove source-pack provenance",,
sw_plc_cep/jsa_tpod02.mdl,"Naming or last table-row classifier disagrees, but duplicate/untagged legacy table rows do not prove source-pack provenance",,
sw_plc_cep/jsa_tpod02.pwk,"Naming or last table-row classifier disagrees, but duplicate/untagged legacy table rows do not prove source-pack provenance",,
sw_plc_cep/jsa_tpod03.mdl,"Naming or last table-row classifier disagrees, but duplicate/untagged legacy table rows do not prove source-pack provenance",,
sw_plc_cep/jsa_tpod03.pwk,"Naming or last table-row classifier disagrees, but duplicate/untagged legacy table rows do not prove source-pack provenance",,
sw_plc_cep/jsa_wlight01.dds,"Naming or last table-row classifier disagrees, but duplicate/untagged legacy table rows do not prove source-pack provenance",,
sw_plc_cep/jsa_wlight01.mdl,"Naming or last table-row classifier disagrees, but duplicate/untagged legacy table rows do not prove source-pack provenance",,
sw_plc_cep/jsa_wlight01.pwk,"Naming or last table-row classifier disagrees, but duplicate/untagged legacy table rows do not prove source-pack provenance",,
sw_plc_cep/jsa_wlpipe01.dds,"Naming or last table-row classifier disagrees, but duplicate/untagged legacy table rows do not prove source-pack provenance",,
sw_plc_cep/jsa_wlpipe01.mdl,"Naming or last table-row classifier disagrees, but duplicate/untagged legacy table rows do not prove source-pack provenance",,
sw_plc_cep/jsa_wlpipe01.pwk,"Naming or last table-row classifier disagrees, but duplicate/untagged legacy table rows do not prove source-pack provenance",,
sw_plc_cep/jsa_wlpipe02.mdl,"Naming or last table-row classifier disagrees, but duplicate/untagged legacy table rows do not prove source-pack provenance",,
sw_plc_cep/jsa_wlpipe02.pwk,"Naming or last table-row classifier disagrees, but duplicate/untagged legacy table rows do not prove source-pack provenance",,
sw_plc_cep/jsf_batimt01.mdl,"Naming or last table-row classifier disagrees, but duplicate/untagged legacy table rows do not prove source-pack provenance",,
sw_plc_cep/jsf_batimt01.pwk,"Naming or last table-row classifier disagrees, but duplicate/untagged legacy table rows do not prove source-pack provenance",,
sw_plc_cep/jsf_batimt02.mdl,"Naming or last table-row classifier disagrees, but duplicate/untagged legacy table rows do not prove source-pack provenance",,
sw_plc_cep/jsf_batimt02.pwk,"Naming or last table-row classifier disagrees, but duplicate/untagged legacy table rows do not prove source-pack provenance",,
sw_plc_cep/jsf_batimt03.mdl,"Naming or last table-row classifier disagrees, but duplicate/untagged legacy table rows do not prove source-pack provenance",,
sw_plc_cep/jsf_batimt03.pwk,"Naming or last table-row classifier disagrees, but duplicate/untagged legacy table rows do not prove source-pack provenance",,
sw_plc_cep/jsf_batimt04.mdl,"Naming or last table-row classifier disagrees, but duplicate/untagged legacy table rows do not prove source-pack provenance",,
sw_plc_cep/jsf_batimt04.pwk,"Naming or last table-row classifier disagrees, but duplicate/untagged legacy table rows do not prove source-pack provenance",,
sw_plc_cep/jsf_batimt05.mdl,"Naming or last table-row classifier disagrees, but duplicate/untagged legacy table rows do not prove source-pack provenance",,
sw_plc_cep/jsf_batimt05.pwk,"Naming or last table-row classifier disagrees, but duplicate/untagged legacy table rows do not prove source-pack provenance",,
sw_plc_cep/jsf_batimt06.mdl,"Naming or last table-row classifier disagrees, but duplicate/untagged legacy table rows do not prove source-pack provenance",,
sw_plc_cep/jsf_batimt06.pwk,"Naming or last table-row classifier disagrees, but duplicate/untagged legacy table rows do not prove source-pack provenance",,
sw_plc_cep/jsfp_condt01.mdl,"Naming or last table-row classifier disagrees, but duplicate/untagged legacy table rows do not prove source-pack provenance",,
sw_plc_cep/jsfp_condt01.pwk,"Naming or last table-row classifier disagrees, but duplicate/untagged legacy table rows do not prove source-pack provenance",,
sw_plc_cep/jsfp_ctrn01.mdl,"Naming or last table-row classifier disagrees, but duplicate/untagged legacy table rows do not prove source-pack provenance",,
sw_plc_cep/jsfp_ctrn01.pwk,"Naming or last table-row classifier disagrees, but duplicate/untagged legacy table rows do not prove source-pack provenance",,
sw_plc_cep/jsfp_ctrn02.mdl,"Naming or last table-row classifier disagrees, but duplicate/untagged legacy table rows do not prove source-pack provenance",,
sw_plc_cep/jsfp_ctrn02.pwk,"Naming or last table-row classifier disagrees, but duplicate/untagged legacy table rows do not prove source-pack provenance",,
sw_plc_cep/jsfp_ctrn03.mdl,"Naming or last table-row classifier disagrees, but duplicate/untagged legacy table rows do not prove source-pack provenance",,
sw_plc_cep/jsfp_ctrn03.pwk,"Naming or last table-row classifier disagrees, but duplicate/untagged legacy table rows do not prove source-pack provenance",,
sw_plc_cep/jsfp_drod01.mdl,"Naming or last table-row classifier disagrees, but duplicate/untagged legacy table rows do not prove source-pack provenance",,
sw_plc_cep/jsfp_drod01.pwk,"Naming or last table-row classifier disagrees, but duplicate/untagged legacy table rows do not prove source-pack provenance",,
sw_plc_cep/jsfp_epv01.mdl,"Naming or last table-row classifier disagrees, but duplicate/untagged legacy table rows do not prove source-pack provenance",,
sw_plc_cep/jsfp_epv01.pwk,"Naming or last table-row classifier disagrees, but duplicate/untagged legacy table rows do not prove source-pack provenance",,
sw_plc_cep/jsfp_epv02.mdl,"Naming or last table-row classifier disagrees, but duplicate/untagged legacy table rows do not prove source-pack provenance",,
sw_plc_cep/jsfp_epv02.pwk,"Naming or last table-row classifier disagrees, but duplicate/untagged legacy table rows do not prove source-pack provenance",,
sw_plc_cep/jsfp_sgn02.mdl,"Naming or last table-row classifier disagrees, but duplicate/untagged legacy table rows do not prove source-pack provenance",,
sw_plc_cep/jsfp_sgn02.pwk,"Naming or last table-row classifier disagrees, but duplicate/untagged legacy table rows do not prove source-pack provenance",,
sw_plc_cep/jsfp_sgn04.mdl,"Naming or last table-row classifier disagrees, but duplicate/untagged legacy table rows do not prove source-pack provenance",,
sw_plc_cep/jsfp_sgn04.pwk,"Naming or last table-row classifier disagrees, but duplicate/untagged legacy table rows do not prove source-pack provenance",,
sw_plc_cep/jsfp_sgna01.mdl,"Naming or last table-row classifier disagrees, but duplicate/untagged legacy table rows do not prove source-pack provenance",,
sw_plc_cep/jsfp_sgna01.pwk,"Naming or last table-row classifier disagrees, but duplicate/untagged legacy table rows do not prove source-pack provenance",,
sw_plc_cep/jsfp_sgna02.mdl,"Naming or last table-row classifier disagrees, but duplicate/untagged legacy table rows do not prove source-pack provenance",,
sw_plc_cep/jsfp_sgna02.pwk,"Naming or last table-row classifier disagrees, but duplicate/untagged legacy table rows do not prove source-pack provenance",,
sw_plc_cep/jsfp_sgna03.mdl,"Naming or last table-row classifier disagrees, but duplicate/untagged legacy table rows do not prove source-pack provenance",,
sw_plc_cep/jsfp_sgna03.pwk,"Naming or last table-row classifier disagrees, but duplicate/untagged legacy table rows do not prove source-pack provenance",,
sw_plc_cep/jsfp_sgna04.mdl,"Naming or last table-row classifier disagrees, but duplicate/untagged legacy table rows do not prove source-pack provenance",,
sw_plc_cep/jsfp_sgna04.pwk,"Naming or last table-row classifier disagrees, but duplicate/untagged legacy table rows do not prove source-pack provenance",,
sw_plc_cep/jsfp_sgna05.mdl,"Naming or last table-row classifier disagrees, but duplicate/untagged legacy table rows do not prove source-pack provenance",,
sw_plc_cep/jsfp_sgna05.pwk,"Naming or last table-row classifier disagrees, but duplicate/untagged legacy table rows do not prove source-pack provenance",,
sw_plc_cep/jsfp_sgna06.mdl,"Naming or last table-row classifier disagrees, but duplicate/untagged legacy table rows do not prove source-pack provenance",,
sw_plc_cep/jsfp_sgna06.pwk,"Naming or last table-row classifier disagrees, but duplicate/untagged legacy table rows do not prove source-pack provenance",,
sw_plc_cep/jsfp_sgna07.mdl,"Naming or last table-row classifier disagrees, but duplicate/untagged legacy table rows do not prove source-pack provenance",,
sw_plc_cep/jsfp_sgna07.pwk,"Naming or last table-row classifier disagrees, but duplicate/untagged legacy table rows do not prove source-pack provenance",,
sw_plc_cep/jsfp_sgna08.mdl,"Naming or last table-row classifier disagrees, but duplicate/untagged legacy table rows do not prove source-pack provenance",,
sw_plc_cep/jsfp_sgna08.pwk,"Naming or last table-row classifier disagrees, but duplicate/untagged legacy table rows do not prove source-pack provenance",,
sw_plc_cep/jsfp_sgna09.mdl,"Naming or last table-row classifier disagrees, but duplicate/untagged legacy table rows do not prove source-pack provenance",,
sw_plc_cep/jsfp_sgna09.pwk,"Naming or last table-row classifier disagrees, but duplicate/untagged legacy table rows do not prove source-pack provenance",,
sw_plc_cep/jsfp_sgna10.mdl,"Naming or last table-row classifier disagrees, but duplicate/untagged legacy table rows do not prove source-pack provenance",,
sw_plc_cep/jsfp_sgna10.pwk,"Naming or last table-row classifier disagrees, but duplicate/untagged legacy table rows do not prove source-pack provenance",,
sw_plc_cep/jsfp_sgna11.mdl,"Naming or last table-row classifier disagrees, but duplicate/untagged legacy table rows do not prove source-pack provenance",,
sw_plc_cep/jsfp_sgna11.pwk,"Naming or last table-row classifier disagrees, but duplicate/untagged legacy table rows do not prove source-pack provenance",,
sw_plc_cep/jsfp_sgna12.mdl,"Naming or last table-row classifier disagrees, but duplicate/untagged legacy table rows do not prove source-pack provenance",,
sw_plc_cep/jsfp_sgna12.pwk,"Naming or last table-row classifier disagrees, but duplicate/untagged legacy table rows do not prove source-pack provenance",,
sw_plc_cep/jsfp_sgna13.mdl,"Naming or last table-row classifier disagrees, but duplicate/untagged legacy table rows do not prove source-pack provenance",,
sw_plc_cep/jsfp_sgna13.pwk,"Naming or last table-row classifier disagrees, but duplicate/untagged legacy table rows do not prove source-pack provenance",,
sw_plc_cep/jsfp_sgna14.mdl,"Naming or last table-row classifier disagrees, but duplicate/untagged legacy table rows do not prove source-pack provenance",,
sw_plc_cep/jsfp_sgna14.pwk,"Naming or last table-row classifier disagrees, but duplicate/untagged legacy table rows do not prove source-pack provenance",,
sw_plc_cep/jsfp_sgnd01.mdl,"Naming or last table-row classifier disagrees, but duplicate/untagged legacy table rows do not prove source-pack provenance",,
sw_plc_cep/jsfp_sgnd01.pwk,"Naming or last table-row classifier disagrees, but duplicate/untagged legacy table rows do not prove source-pack provenance",,
sw_plc_cep/jsfp_sgnd02.mdl,"Naming or last table-row classifier disagrees, but duplicate/untagged legacy table rows do not prove source-pack provenance",,
sw_plc_cep/jsfp_sgnd02.pwk,"Naming or last table-row classifier disagrees, but duplicate/untagged legacy table rows do not prove source-pack provenance",,
sw_plc_cep/jsfp_sgnd03.mdl,"Naming or last table-row classifier disagrees, but duplicate/untagged legacy table rows do not prove source-pack provenance",,
sw_plc_cep/jsfp_sgnd03.pwk,"Naming or last table-row classifier disagrees, but duplicate/untagged legacy table rows do not prove source-pack provenance",,
sw_plc_cep/jsfp_sgnd04.mdl,"Naming or last table-row classifier disagrees, but duplicate/untagged legacy table rows do not prove source-pack provenance",,
sw_plc_cep/jsfp_sgnd04.pwk,"Naming or last table-row classifier disagrees, but duplicate/untagged legacy table rows do not prove source-pack provenance",,
sw_plc_cep/jsfp_sgnd05.mdl,"Naming or last table-row classifier disagrees, but duplicate/untagged legacy table rows do not prove source-pack provenance",,
sw_plc_cep/jsfp_sgnd05.pwk,"Naming or last table-row classifier disagrees, but duplicate/untagged legacy table rows do not prove source-pack provenance",,
sw_plc_cep/jsfp_sgnd06.mdl,"Naming or last table-row classifier disagrees, but duplicate/untagged legacy table rows do not prove source-pack provenance",,
sw_plc_cep/jsfp_sgnd06.pwk,"Naming or last table-row classifier disagrees, but duplicate/untagged legacy table rows do not prove source-pack provenance",,
sw_plc_cep/jsfp_sgnd07.mdl,"Naming or last table-row classifier disagrees, but duplicate/untagged legacy table rows do not prove source-pack provenance",,
sw_plc_cep/jsfp_sgnd07.pwk,"Naming or last table-row classifier disagrees, but duplicate/untagged legacy table rows do not prove source-pack provenance",,
sw_plc_cep/jsfp_sgnd08.mdl,"Naming or last table-row classifier disagrees, but duplicate/untagged legacy table rows do not prove source-pack provenance",,
sw_plc_cep/jsfp_sgnd08.pwk,"Naming or last table-row classifier disagrees, but duplicate/untagged legacy table rows do not prove source-pack provenance",,
sw_plc_cep/jsfp_sgnd09.mdl,"Naming or last table-row classifier disagrees, but duplicate/untagged legacy table rows do not prove source-pack provenance",,
sw_plc_cep/jsfp_sgnd09.pwk,"Naming or last table-row classifier disagrees, but duplicate/untagged legacy table rows do not prove source-pack provenance",,
sw_plc_cep/jsfp_sgnd10.mdl,"Naming or last table-row classifier disagrees, but duplicate/untagged legacy table rows do not prove source-pack provenance",,
sw_plc_cep/jsfp_sgnd10.pwk,"Naming or last table-row classifier disagrees, but duplicate/untagged legacy table rows do not prove source-pack provenance",,
sw_plc_cep/jsfp_sgnd11.mdl,"Naming or last table-row classifier disagrees, but duplicate/untagged legacy table rows do not prove source-pack provenance",,
sw_plc_cep/jsfp_sgnd11.pwk,"Naming or last table-row classifier disagrees, but duplicate/untagged legacy table rows do not prove source-pack provenance",,
sw_plc_cep/jsfp_sgnd12.mdl,"Naming or last table-row classifier disagrees, but duplicate/untagged legacy table rows do not prove source-pack provenance",,
sw_plc_cep/jsfp_sgnd12.pwk,"Naming or last table-row classifier disagrees, but duplicate/untagged legacy table rows do not prove source-pack provenance",,
sw_plc_cep/jsfp_sgnd13.mdl,"Naming or last table-row classifier disagrees, but duplicate/untagged legacy table rows do not prove source-pack provenance",,
sw_plc_cep/jsfp_sgnd13.pwk,"Naming or last table-row classifier disagrees, but duplicate/untagged legacy table rows do not prove source-pack provenance",,
sw_plc_cep/jsfp_sgnd14.mdl,"Naming or last table-row classifier disagrees, but duplicate/untagged legacy table rows do not prove source-pack provenance",,
sw_plc_cep/jsfp_sgnd14.pwk,"Naming or last table-row classifier disagrees, but duplicate/untagged legacy table rows do not prove source-pack provenance",,
sw_plc_cep/jsfp_trsfo01.mdl,"Naming or last table-row classifier disagrees, but duplicate/untagged legacy table rows do not prove source-pack provenance",,
sw_plc_cep/jsfp_trsfo01.pwk,"Naming or last table-row classifier disagrees, but duplicate/untagged legacy table rows do not prove source-pack provenance",,
sw_plc_cep/jsfp_trsfo02.mdl,"Naming or last table-row classifier disagrees, but duplicate/untagged legacy table rows do not prove source-pack provenance",,
sw_plc_cep/jsfp_trsfo02.pwk,"Naming or last table-row classifier disagrees, but duplicate/untagged legacy table rows do not prove source-pack provenance",,
sw_plc_cep/jsfp_trsfo03.mdl,"Naming or last table-row classifier disagrees, but duplicate/untagged legacy table rows do not prove source-pack provenance",,
sw_plc_cep/jsfp_trsfo03.pwk,"Naming or last table-row classifier disagrees, but duplicate/untagged legacy table rows do not prove source-pack provenance",,
sw_plc_cep/jsfp_trsfo04.mdl,"Naming or last table-row classifier disagrees, but duplicate/untagged legacy table rows do not prove source-pack provenance",,
sw_plc_cep/jsfp_trsfo04.pwk,"Naming or last table-row classifier disagrees, but duplicate/untagged legacy table rows do not prove source-pack provenance",,
sw_plc_cep/jswp_hvrcbt01.dds,"Naming or last table-row classifier disagrees, but duplicate/untagged legacy table rows do not prove source-pack provenance",,
sw_plc_cep/jswp_hvrcbt01.mdl,"Naming or last table-row classifier disagrees, but duplicate/untagged legacy table rows do not prove source-pack provenance",,
sw_plc_cep/jswp_hvrcbt01.pwk,"Naming or last table-row classifier disagrees, but duplicate/untagged legacy table rows do not prove source-pack provenance",,
sw_plc_cep/jswp_xwing01.mdl,"Naming or last table-row classifier disagrees, but duplicate/untagged legacy table rows do not prove source-pack provenance",,
sw_plc_cep/jswp_xwing01.pwk,"Naming or last table-row classifier disagrees, but duplicate/untagged legacy table rows do not prove source-pack provenance",,
sw_plc_cep/jswp_ywing.dds,"Naming or last table-row classifier disagrees, but duplicate/untagged legacy table rows do not prove source-pack provenance",,
sw_plc_cep/jswp_ywing.mdl,"Naming or last table-row classifier disagrees, but duplicate/untagged legacy table rows do not prove source-pack provenance",,
sw_plc_cep/jswp_ywing.pwk,"Naming or last table-row classifier disagrees, but duplicate/untagged legacy table rows do not prove source-pack provenance",,
sw_plc_cep/jswp_ywing.tga,"Naming or last table-row classifier disagrees, but duplicate/untagged legacy table rows do not prove source-pack provenance",,
sw_plc_cep/jswp_ywingb.mdl,"Naming or last table-row classifier disagrees, but duplicate/untagged legacy table rows do not prove source-pack provenance",,
sw_plc_cep/jswp_ywingb.pwk,"Naming or last table-row classifier disagrees, but duplicate/untagged legacy table rows do not prove source-pack provenance",,
sw_plc_cep/jz_billets.dds,Potential consumers span multiple categories; preserve current shared-resource location,sw_item; sw_plc_mdrn,sw_item/it_bnknote_004.mdl; sw_item/it_bnknote_004.mdl; sw_item/it_bnknote_004.mdl; sw_item/it_bnknote_004.mdl; sw_item/it_bnknote_004.mdl; sw_item/it_bnknote_004.mdl; sw_item/it_bnknote_005.mdl; sw_item/it_bnknote_005.mdl
sw_plc_cep/jz_bpanel01.dds,"Naming or last table-row classifier disagrees, but duplicate/untagged legacy table rows do not prove source-pack provenance",,
sw_plc_cep/jz_bpanel01.mdl,"Naming or last table-row classifier disagrees, but duplicate/untagged legacy table rows do not prove source-pack provenance",,
sw_plc_cep/jz_bpanel01.pwk,"Naming or last table-row classifier disagrees, but duplicate/untagged legacy table rows do not prove source-pack provenance",,
sw_plc_cep/jz_discoball01.mdl,"Naming or last table-row classifier disagrees, but duplicate/untagged legacy table rows do not prove source-pack provenance",,
sw_plc_cep/jz_saltar.dds,"Naming or last table-row classifier disagrees, but duplicate/untagged legacy table rows do not prove source-pack provenance",,
sw_plc_cep/jz_saltar.mdl,"Naming or last table-row classifier disagrees, but duplicate/untagged legacy table rows do not prove source-pack provenance",,
sw_plc_cep/jz_saltar.pwk,"Naming or last table-row classifier disagrees, but duplicate/untagged legacy table rows do not prove source-pack provenance",,
sw_plc_cep/jz_sfchair01.dds,"Naming or last table-row classifier disagrees, but duplicate/untagged legacy table rows do not prove source-pack provenance",,
sw_plc_cep/jz_sfchair01.mdl,"Naming or last table-row classifier disagrees, but duplicate/untagged legacy table rows do not prove source-pack provenance",,
sw_plc_cep/jz_sfchair01.pwk,"Naming or last table-row classifier disagrees, but duplicate/untagged legacy table rows do not prove source-pack provenance",,
sw_plc_cep/jz_sfp010.dds,"Naming or last table-row classifier disagrees, but duplicate/untagged legacy table rows do not prove source-pack provenance",,
sw_plc_cep/jz_sfp010.mdl,"Naming or last table-row classifier disagrees, but duplicate/untagged legacy table rows do not prove source-pack provenance",,
sw_plc_cep/jz_sfp010.pwk,"Naming or last table-row classifier disagrees, but duplicate/untagged legacy table rows do not prove source-pack provenance",,
sw_plc_cep/jz_sfp011.dds,"Naming or last table-row classifier disagrees, but duplicate/untagged legacy table rows do not prove source-pack provenance",,
sw_plc_cep/jz_sfp011.mdl,"Naming or last table-row classifier disagrees, but duplicate/untagged legacy table rows do not prove source-pack provenance",,
sw_plc_cep/jz_sfp011.pwk,"Naming or last table-row classifier disagrees, but duplicate/untagged legacy table rows do not prove source-pack provenance",,
sw_plc_cep/jz_sfp011b.mdl,"Naming or last table-row classifier disagrees, but duplicate/untagged legacy table rows do not prove source-pack provenance",,
sw_plc_cep/jz_sfp011b.pwk,"Naming or last table-row classifier disagrees, but duplicate/untagged legacy table rows do not prove source-pack provenance",,
sw_plc_cep/jz_sfp012.dds,"Naming or last table-row classifier disagrees, but duplicate/untagged legacy table rows do not prove source-pack provenance",,
sw_plc_cep/jz_sfp012.mdl,"Naming or last table-row classifier disagrees, but duplicate/untagged legacy table rows do not prove source-pack provenance",,
sw_plc_cep/jz_sfp012.pwk,"Naming or last table-row classifier disagrees, but duplicate/untagged legacy table rows do not prove source-pack provenance",,
sw_plc_cep/jz_sfp012b.mdl,"Naming or last table-row classifier disagrees, but duplicate/untagged legacy table rows do not prove source-pack provenance",,
sw_plc_cep/jz_sfp012b.pwk,"Naming or last table-row classifier disagrees, but duplicate/untagged legacy table rows do not prove source-pack provenance",,
sw_plc_cep/jz_sfp013.dds,"Naming or last table-row classifier disagrees, but duplicate/untagged legacy table rows do not prove source-pack provenance",,
sw_plc_cep/jz_sfp013.mdl,"Naming or last table-row classifier disagrees, but duplicate/untagged legacy table rows do not prove source-pack provenance",,
sw_plc_cep/jz_sfp013.pwk,"Naming or last table-row classifier disagrees, but duplicate/untagged legacy table rows do not prove source-pack provenance",,
sw_plc_cep/jz_sfp014.dds,"Naming or last table-row classifier disagrees, but duplicate/untagged legacy table rows do not prove source-pack provenance",,
sw_plc_cep/jz_sfp014.mdl,"Naming or last table-row classifier disagrees, but duplicate/untagged legacy table rows do not prove source-pack provenance",,
sw_plc_cep/jz_sfp014.pwk,"Naming or last table-row classifier disagrees, but duplicate/untagged legacy table rows do not prove source-pack provenance",,
sw_plc_cep/jz_sfp015.dds,"Naming or last table-row classifier disagrees, but duplicate/untagged legacy table rows do not prove source-pack provenance",,
sw_plc_cep/jz_sfp015.mdl,"Naming or last table-row classifier disagrees, but duplicate/untagged legacy table rows do not prove source-pack provenance",,
sw_plc_cep/jz_sfp015.pwk,"Naming or last table-row classifier disagrees, but duplicate/untagged legacy table rows do not prove source-pack provenance",,
sw_plc_cep/jz_sfp016.dds,"Naming or last table-row classifier disagrees, but duplicate/untagged legacy table rows do not prove source-pack provenance",,
sw_plc_cep/jz_sfp016.mdl,"Naming or last table-row classifier disagrees, but duplicate/untagged legacy table rows do not prove source-pack provenance",,
sw_plc_cep/jz_sfp016.pwk,"Naming or last table-row classifier disagrees, but duplicate/untagged legacy table rows do not prove source-pack provenance",,
sw_plc_cep/jz_sfp016b.mdl,"Naming or last table-row classifier disagrees, but duplicate/untagged legacy table rows do not prove source-pack provenance",,
sw_plc_cep/jz_sfp016b.pwk,"Naming or last table-row classifier disagrees, but duplicate/untagged legacy table rows do not prove source-pack provenance",,
sw_plc_cep/jz_sfp017.dds,"Naming or last table-row classifier disagrees, but duplicate/untagged legacy table rows do not prove source-pack provenance",,
sw_plc_cep/jz_sfp017.mdl,"Naming or last table-row classifier disagrees, but duplicate/untagged legacy table rows do not prove source-pack provenance",,
sw_plc_cep/jz_sfp017.pwk,"Naming or last table-row classifier disagrees, but duplicate/untagged legacy table rows do not prove source-pack provenance",,
sw_plc_cep/jz_sfp017b.mdl,"Naming or last table-row classifier disagrees, but duplicate/untagged legacy table rows do not prove source-pack provenance",,
sw_plc_cep/jz_sfp017b.pwk,"Naming or last table-row classifier disagrees, but duplicate/untagged legacy table rows do not prove source-pack provenance",,
sw_plc_cep/jz_sfp018.dds,"Naming or last table-row classifier disagrees, but duplicate/untagged legacy table rows do not prove source-pack provenance",,
sw_plc_cep/jz_sfp018.mdl,"Naming or last table-row classifier disagrees, but duplicate/untagged legacy table rows do not prove source-pack provenance",,
sw_plc_cep/jz_sfp018.pwk,"Naming or last table-row classifier disagrees, but duplicate/untagged legacy table rows do not prove source-pack provenance",,
sw_plc_cep/jz_sfp019.mdl,"Naming or last table-row classifier disagrees, but duplicate/untagged legacy table rows do not prove source-pack provenance",,
sw_plc_cep/jz_sfp019.pwk,"Naming or last table-row classifier disagrees, but duplicate/untagged legacy table rows do not prove source-pack provenance",,
sw_plc_cep/jz_sfp02.dds,"Naming or last table-row classifier disagrees, but duplicate/untagged legacy table rows do not prove source-pack provenance",,
sw_plc_cep/jz_sfp02.mdl,"Naming or last table-row classifier disagrees, but duplicate/untagged legacy table rows do not prove source-pack provenance",,
sw_plc_cep/jz_sfp02.pwk,"Naming or last table-row classifier disagrees, but duplicate/untagged legacy table rows do not prove source-pack provenance",,
sw_plc_cep/jz_sfp020.dds,"Naming or last table-row classifier disagrees, but duplicate/untagged legacy table rows do not prove source-pack provenance",,
sw_plc_cep/jz_sfp020.mdl,"Naming or last table-row classifier disagrees, but duplicate/untagged legacy table rows do not prove source-pack provenance",,
sw_plc_cep/jz_sfp020.pwk,"Naming or last table-row classifier disagrees, but duplicate/untagged legacy table rows do not prove source-pack provenance",,
sw_plc_cep/jz_sfp021.dds,"Naming or last table-row classifier disagrees, but duplicate/untagged legacy table rows do not prove source-pack provenance",,
sw_plc_cep/jz_sfp021.mdl,"Naming or last table-row classifier disagrees, but duplicate/untagged legacy table rows do not prove source-pack provenance",,
sw_plc_cep/jz_sfp021.pwk,"Naming or last table-row classifier disagrees, but duplicate/untagged legacy table rows do not prove source-pack provenance",,
sw_plc_cep/jz_sfp022.dds,"Naming or last table-row classifier disagrees, but duplicate/untagged legacy table rows do not prove source-pack provenance",,
sw_plc_cep/jz_sfp022.mdl,"Naming or last table-row classifier disagrees, but duplicate/untagged legacy table rows do not prove source-pack provenance",,
sw_plc_cep/jz_sfp022.pwk,"Naming or last table-row classifier disagrees, but duplicate/untagged legacy table rows do not prove source-pack provenance",,
sw_plc_cep/jz_sfp024.dds,"Naming or last table-row classifier disagrees, but duplicate/untagged legacy table rows do not prove source-pack provenance",,
sw_plc_cep/jz_sfp024.mdl,"Naming or last table-row classifier disagrees, but duplicate/untagged legacy table rows do not prove source-pack provenance",,
sw_plc_cep/jz_sfp024.pwk,"Naming or last table-row classifier disagrees, but duplicate/untagged legacy table rows do not prove source-pack provenance",,
sw_plc_cep/jz_sfp025.dds,"Naming or last table-row classifier disagrees, but duplicate/untagged legacy table rows do not prove source-pack provenance",,
sw_plc_cep/jz_sfp025.mdl,"Naming or last table-row classifier disagrees, but duplicate/untagged legacy table rows do not prove source-pack provenance",,
sw_plc_cep/jz_sfp025.pwk,"Naming or last table-row classifier disagrees, but duplicate/untagged legacy table rows do not prove source-pack provenance",,
sw_plc_cep/jz_sfp026.mdl,"Naming or last table-row classifier disagrees, but duplicate/untagged legacy table rows do not prove source-pack provenance",,
sw_plc_cep/jz_sfp026.pwk,"Naming or last table-row classifier disagrees, but duplicate/untagged legacy table rows do not prove source-pack provenance",,
sw_plc_cep/jz_sfp028.dds,"Naming or last table-row classifier disagrees, but duplicate/untagged legacy table rows do not prove source-pack provenance",,
sw_plc_cep/jz_sfp028.mdl,"Naming or last table-row classifier disagrees, but duplicate/untagged legacy table rows do not prove source-pack provenance",,
sw_plc_cep/jz_sfp028.pwk,"Naming or last table-row classifier disagrees, but duplicate/untagged legacy table rows do not prove source-pack provenance",,
sw_plc_cep/jz_sfp029.dds,"Naming or last table-row classifier disagrees, but duplicate/untagged legacy table rows do not prove source-pack provenance",,
sw_plc_cep/jz_sfp029.mdl,"Naming or last table-row classifier disagrees, but duplicate/untagged legacy table rows do not prove source-pack provenance",,
sw_plc_cep/jz_sfp029.pwk,"Naming or last table-row classifier disagrees, but duplicate/untagged legacy table rows do not prove source-pack provenance",,
sw_plc_cep/jz_sfp03.dds,"Naming or last table-row classifier disagrees, but duplicate/untagged legacy table rows do not prove source-pack provenance",,
sw_plc_cep/jz_sfp03.mdl,"Naming or last table-row classifier disagrees, but duplicate/untagged legacy table rows do not prove source-pack provenance",,
sw_plc_cep/jz_sfp03.pwk,"Naming or last table-row classifier disagrees, but duplicate/untagged legacy table rows do not prove source-pack provenance",,
sw_plc_cep/jz_sfp030.dds,"Naming or last table-row classifier disagrees, but duplicate/untagged legacy table rows do not prove source-pack provenance",,
sw_plc_cep/jz_sfp030.mdl,"Naming or last table-row classifier disagrees, but duplicate/untagged legacy table rows do not prove source-pack provenance",,
sw_plc_cep/jz_sfp030.pwk,"Naming or last table-row classifier disagrees, but duplicate/untagged legacy table rows do not prove source-pack provenance",,
sw_plc_cep/jz_sfp031.dds,"Naming or last table-row classifier disagrees, but duplicate/untagged legacy table rows do not prove source-pack provenance",,
sw_plc_cep/jz_sfp031.mdl,"Naming or last table-row classifier disagrees, but duplicate/untagged legacy table rows do not prove source-pack provenance",,
sw_plc_cep/jz_sfp031.pwk,"Naming or last table-row classifier disagrees, but duplicate/untagged legacy table rows do not prove source-pack provenance",,
sw_plc_cep/jz_sfp033.mdl,"Naming or last table-row classifier disagrees, but duplicate/untagged legacy table rows do not prove source-pack provenance",,
sw_plc_cep/jz_sfp033.pwk,"Naming or last table-row classifier disagrees, but duplicate/untagged legacy table rows do not prove source-pack provenance",,
sw_plc_cep/jz_sfp035.dds,"Naming or last table-row classifier disagrees, but duplicate/untagged legacy table rows do not prove source-pack provenance",,
sw_plc_cep/jz_sfp035.mdl,"Naming or last table-row classifier disagrees, but duplicate/untagged legacy table rows do not prove source-pack provenance",,
sw_plc_cep/jz_sfp035.pwk,"Naming or last table-row classifier disagrees, but duplicate/untagged legacy table rows do not prove source-pack provenance",,
sw_plc_cep/jz_sfp036.dds,"Naming or last table-row classifier disagrees, but duplicate/untagged legacy table rows do not prove source-pack provenance",,
sw_plc_cep/jz_sfp036.mdl,"Naming or last table-row classifier disagrees, but duplicate/untagged legacy table rows do not prove source-pack provenance",,
sw_plc_cep/jz_sfp036.pwk,"Naming or last table-row classifier disagrees, but duplicate/untagged legacy table rows do not prove source-pack provenance",,
sw_plc_cep/jz_sfp037.dds,"Naming or last table-row classifier disagrees, but duplicate/untagged legacy table rows do not prove source-pack provenance",,
sw_plc_cep/jz_sfp037.mdl,"Naming or last table-row classifier disagrees, but duplicate/untagged legacy table rows do not prove source-pack provenance",,
sw_plc_cep/jz_sfp037.pwk,"Naming or last table-row classifier disagrees, but duplicate/untagged legacy table rows do not prove source-pack provenance",,
sw_plc_cep/jz_sfp038.dds,"Naming or last table-row classifier disagrees, but duplicate/untagged legacy table rows do not prove source-pack provenance",,
sw_plc_cep/jz_sfp038.mdl,"Naming or last table-row classifier disagrees, but duplicate/untagged legacy table rows do not prove source-pack provenance",,
sw_plc_cep/jz_sfp038.pwk,"Naming or last table-row classifier disagrees, but duplicate/untagged legacy table rows do not prove source-pack provenance",,
sw_plc_cep/jz_sfp039.dds,"Naming or last table-row classifier disagrees, but duplicate/untagged legacy table rows do not prove source-pack provenance",,
sw_plc_cep/jz_sfp039.mdl,"Naming or last table-row classifier disagrees, but duplicate/untagged legacy table rows do not prove source-pack provenance",,
sw_plc_cep/jz_sfp039.pwk,"Naming or last table-row classifier disagrees, but duplicate/untagged legacy table rows do not prove source-pack provenance",,
sw_plc_cep/jz_sfp04.dds,"Naming or last table-row classifier disagrees, but duplicate/untagged legacy table rows do not prove source-pack provenance",,
sw_plc_cep/jz_sfp04.mdl,"Naming or last table-row classifier disagrees, but duplicate/untagged legacy table rows do not prove source-pack provenance",,
sw_plc_cep/jz_sfp04.pwk,"Naming or last table-row classifier disagrees, but duplicate/untagged legacy table rows do not prove source-pack provenance",,
sw_plc_cep/jz_sfp041.dds,"Naming or last table-row classifier disagrees, but duplicate/untagged legacy table rows do not prove source-pack provenance",,
sw_plc_cep/jz_sfp041.mdl,"Naming or last table-row classifier disagrees, but duplicate/untagged legacy table rows do not prove source-pack provenance",,
sw_plc_cep/jz_sfp041.pwk,"Naming or last table-row classifier disagrees, but duplicate/untagged legacy table rows do not prove source-pack provenance",,
sw_plc_cep/jz_sfp042.dds,"Naming or last table-row classifier disagrees, but duplicate/untagged legacy table rows do not prove source-pack provenance",,
sw_plc_cep/jz_sfp042.mdl,"Naming or last table-row classifier disagrees, but duplicate/untagged legacy table rows do not prove source-pack provenance",,
sw_plc_cep/jz_sfp042.pwk,"Naming or last table-row classifier disagrees, but duplicate/untagged legacy table rows do not prove source-pack provenance",,
sw_plc_cep/jz_sfp043.dds,"Naming or last table-row classifier disagrees, but duplicate/untagged legacy table rows do not prove source-pack provenance",,
sw_plc_cep/jz_sfp043.mdl,"Naming or last table-row classifier disagrees, but duplicate/untagged legacy table rows do not prove source-pack provenance",,
sw_plc_cep/jz_sfp043.pwk,"Naming or last table-row classifier disagrees, but duplicate/untagged legacy table rows do not prove source-pack provenance",,
sw_plc_cep/jz_sfp044.dds,"Naming or last table-row classifier disagrees, but duplicate/untagged legacy table rows do not prove source-pack provenance",,
sw_plc_cep/jz_sfp044.mdl,"Naming or last table-row classifier disagrees, but duplicate/untagged legacy table rows do not prove source-pack provenance",,
sw_plc_cep/jz_sfp044.pwk,"Naming or last table-row classifier disagrees, but duplicate/untagged legacy table rows do not prove source-pack provenance",,
sw_plc_cep/jz_sfp045.dds,"Naming or last table-row classifier disagrees, but duplicate/untagged legacy table rows do not prove source-pack provenance",,
sw_plc_cep/jz_sfp045.mdl,"Naming or last table-row classifier disagrees, but duplicate/untagged legacy table rows do not prove source-pack provenance",,
sw_plc_cep/jz_sfp045.pwk,"Naming or last table-row classifier disagrees, but duplicate/untagged legacy table rows do not prove source-pack provenance",,
sw_plc_cep/jz_sfp046.dds,"Naming or last table-row classifier disagrees, but duplicate/untagged legacy table rows do not prove source-pack provenance",,
sw_plc_cep/jz_sfp046.mdl,"Naming or last table-row classifier disagrees, but duplicate/untagged legacy table rows do not prove source-pack provenance",,
sw_plc_cep/jz_sfp046.pwk,"Naming or last table-row classifier disagrees, but duplicate/untagged legacy table rows do not prove source-pack provenance",,
sw_plc_cep/jz_sfp049.dds,"Naming or last table-row classifier disagrees, but duplicate/untagged legacy table rows do not prove source-pack provenance",,
sw_plc_cep/jz_sfp049.mdl,"Naming or last table-row classifier disagrees, but duplicate/untagged legacy table rows do not prove source-pack provenance",,
sw_plc_cep/jz_sfp049.pwk,"Naming or last table-row classifier disagrees, but duplicate/untagged legacy table rows do not prove source-pack provenance",,
sw_plc_cep/jz_sfp05.dds,"Naming or last table-row classifier disagrees, but duplicate/untagged legacy table rows do not prove source-pack provenance",,
sw_plc_cep/jz_sfp05.mdl,"Naming or last table-row classifier disagrees, but duplicate/untagged legacy table rows do not prove source-pack provenance",,
sw_plc_cep/jz_sfp05.pwk,"Naming or last table-row classifier disagrees, but duplicate/untagged legacy table rows do not prove source-pack provenance",,
sw_plc_cep/jz_sfp050.dds,"Naming or last table-row classifier disagrees, but duplicate/untagged legacy table rows do not prove source-pack provenance",,
sw_plc_cep/jz_sfp050.mdl,"Naming or last table-row classifier disagrees, but duplicate/untagged legacy table rows do not prove source-pack provenance",,
sw_plc_cep/jz_sfp050.pwk,"Naming or last table-row classifier disagrees, but duplicate/untagged legacy table rows do not prove source-pack provenance",,
sw_plc_cep/jz_sfp051.dds,"Naming or last table-row classifier disagrees, but duplicate/untagged legacy table rows do not prove source-pack provenance",,
sw_plc_cep/jz_sfp051.mdl,"Naming or last table-row classifier disagrees, but duplicate/untagged legacy table rows do not prove source-pack provenance",,
sw_plc_cep/jz_sfp051.pwk,"Naming or last table-row classifier disagrees, but duplicate/untagged legacy table rows do not prove source-pack provenance",,
sw_plc_cep/jz_sfp052.dds,"Naming or last table-row classifier disagrees, but duplicate/untagged legacy table rows do not prove source-pack provenance",,
sw_plc_cep/jz_sfp052.mdl,"Naming or last table-row classifier disagrees, but duplicate/untagged legacy table rows do not prove source-pack provenance",,
sw_plc_cep/jz_sfp052.pwk,"Naming or last table-row classifier disagrees, but duplicate/untagged legacy table rows do not prove source-pack provenance",,
sw_plc_cep/jz_sfp053.dds,"Naming or last table-row classifier disagrees, but duplicate/untagged legacy table rows do not prove source-pack provenance",,
sw_plc_cep/jz_sfp053.mdl,"Naming or last table-row classifier disagrees, but duplicate/untagged legacy table rows do not prove source-pack provenance",,
sw_plc_cep/jz_sfp053.pwk,"Naming or last table-row classifier disagrees, but duplicate/untagged legacy table rows do not prove source-pack provenance",,
sw_plc_cep/jz_sfp054.dds,"Naming or last table-row classifier disagrees, but duplicate/untagged legacy table rows do not prove source-pack provenance",,
sw_plc_cep/jz_sfp054.mdl,"Naming or last table-row classifier disagrees, but duplicate/untagged legacy table rows do not prove source-pack provenance",,
sw_plc_cep/jz_sfp054.pwk,"Naming or last table-row classifier disagrees, but duplicate/untagged legacy table rows do not prove source-pack provenance",,
sw_plc_cep/jz_sfp055.mdl,"Naming or last table-row classifier disagrees, but duplicate/untagged legacy table rows do not prove source-pack provenance",,
sw_plc_cep/jz_sfp055.pwk,"Naming or last table-row classifier disagrees, but duplicate/untagged legacy table rows do not prove source-pack provenance",,
sw_plc_cep/jz_sfp056.dds,"Naming or last table-row classifier disagrees, but duplicate/untagged legacy table rows do not prove source-pack provenance",,
sw_plc_cep/jz_sfp056.mdl,"Naming or last table-row classifier disagrees, but duplicate/untagged legacy table rows do not prove source-pack provenance",,
sw_plc_cep/jz_sfp056.pwk,"Naming or last table-row classifier disagrees, but duplicate/untagged legacy table rows do not prove source-pack provenance",,
sw_plc_cep/jz_sfp056b.mdl,"Naming or last table-row classifier disagrees, but duplicate/untagged legacy table rows do not prove source-pack provenance",,
sw_plc_cep/jz_sfp056b.pwk,"Naming or last table-row classifier disagrees, but duplicate/untagged legacy table rows do not prove source-pack provenance",,
sw_plc_cep/jz_sfp057.dds,"Naming or last table-row classifier disagrees, but duplicate/untagged legacy table rows do not prove source-pack provenance",,
sw_plc_cep/jz_sfp057.mdl,"Naming or last table-row classifier disagrees, but duplicate/untagged legacy table rows do not prove source-pack provenance",,
sw_plc_cep/jz_sfp057.pwk,"Naming or last table-row classifier disagrees, but duplicate/untagged legacy table rows do not prove source-pack provenance",,
sw_plc_cep/jz_sfp058.mdl,"Naming or last table-row classifier disagrees, but duplicate/untagged legacy table rows do not prove source-pack provenance",,
sw_plc_cep/jz_sfp058.pwk,"Naming or last table-row classifier disagrees, but duplicate/untagged legacy table rows do not prove source-pack provenance",,
sw_plc_cep/jz_sfp059.dds,"Naming or last table-row classifier disagrees, but duplicate/untagged legacy table rows do not prove source-pack provenance",,
sw_plc_cep/jz_sfp059.mdl,"Naming or last table-row classifier disagrees, but duplicate/untagged legacy table rows do not prove source-pack provenance",,
sw_plc_cep/jz_sfp059.pwk,"Naming or last table-row classifier disagrees, but duplicate/untagged legacy table rows do not prove source-pack provenance",,
sw_plc_cep/jz_sfp05b.mdl,"Naming or last table-row classifier disagrees, but duplicate/untagged legacy table rows do not prove source-pack provenance",,
sw_plc_cep/jz_sfp05b.pwk,"Naming or last table-row classifier disagrees, but duplicate/untagged legacy table rows do not prove source-pack provenance",,
sw_plc_cep/jz_sfp06.dds,"Naming or last table-row classifier disagrees, but duplicate/untagged legacy table rows do not prove source-pack provenance",,
sw_plc_cep/jz_sfp06.mdl,"Naming or last table-row classifier disagrees, but duplicate/untagged legacy table rows do not prove source-pack provenance",,
sw_plc_cep/jz_sfp06.pwk,"Naming or last table-row classifier disagrees, but duplicate/untagged legacy table rows do not prove source-pack provenance",,
sw_plc_cep/jz_sfp060.mdl,"Naming or last table-row classifier disagrees, but duplicate/untagged legacy table rows do not prove source-pack provenance",,
sw_plc_cep/jz_sfp060.pwk,"Naming or last table-row classifier disagrees, but duplicate/untagged legacy table rows do not prove source-pack provenance",,
sw_plc_cep/jz_sfp061.dds,"Naming or last table-row classifier disagrees, but duplicate/untagged legacy table rows do not prove source-pack provenance",,
sw_plc_cep/jz_sfp061.mdl,"Naming or last table-row classifier disagrees, but duplicate/untagged legacy table rows do not prove source-pack provenance",,
sw_plc_cep/jz_sfp061.pwk,"Naming or last table-row classifier disagrees, but duplicate/untagged legacy table rows do not prove source-pack provenance",,
sw_plc_cep/jz_sfp062.dds,"Naming or last table-row classifier disagrees, but duplicate/untagged legacy table rows do not prove source-pack provenance",,
sw_plc_cep/jz_sfp062.mdl,"Naming or last table-row classifier disagrees, but duplicate/untagged legacy table rows do not prove source-pack provenance",,
sw_plc_cep/jz_sfp062.pwk,"Naming or last table-row classifier disagrees, but duplicate/untagged legacy table rows do not prove source-pack provenance",,
sw_plc_cep/jz_sfp063.dds,"Naming or last table-row classifier disagrees, but duplicate/untagged legacy table rows do not prove source-pack provenance",,
sw_plc_cep/jz_sfp063.mdl,"Naming or last table-row classifier disagrees, but duplicate/untagged legacy table rows do not prove source-pack provenance",,
sw_plc_cep/jz_sfp063.pwk,"Naming or last table-row classifier disagrees, but duplicate/untagged legacy table rows do not prove source-pack provenance",,
sw_plc_cep/jz_sfp064.dds,"Naming or last table-row classifier disagrees, but duplicate/untagged legacy table rows do not prove source-pack provenance",,
sw_plc_cep/jz_sfp064.mdl,"Naming or last table-row classifier disagrees, but duplicate/untagged legacy table rows do not prove source-pack provenance",,
sw_plc_cep/jz_sfp064.pwk,"Naming or last table-row classifier disagrees, but duplicate/untagged legacy table rows do not prove source-pack provenance",,
sw_plc_cep/jz_sfp066.dds,"Naming or last table-row classifier disagrees, but duplicate/untagged legacy table rows do not prove source-pack provenance",,
sw_plc_cep/jz_sfp066.mdl,"Naming or last table-row classifier disagrees, but duplicate/untagged legacy table rows do not prove source-pack provenance",,
sw_plc_cep/jz_sfp066.pwk,"Naming or last table-row classifier disagrees, but duplicate/untagged legacy table rows do not prove source-pack provenance",,
sw_plc_cep/jz_sfp067.mdl,"Naming or last table-row classifier disagrees, but duplicate/untagged legacy table rows do not prove source-pack provenance",,
sw_plc_cep/jz_sfp067.pwk,"Naming or last table-row classifier disagrees, but duplicate/untagged legacy table rows do not prove source-pack provenance",,
sw_plc_cep/jz_sfp068.dds,"Naming or last table-row classifier disagrees, but duplicate/untagged legacy table rows do not prove source-pack provenance",,
sw_plc_cep/jz_sfp068.mdl,"Naming or last table-row classifier disagrees, but duplicate/untagged legacy table rows do not prove source-pack provenance",,
sw_plc_cep/jz_sfp068.pwk,"Naming or last table-row classifier disagrees, but duplicate/untagged legacy table rows do not prove source-pack provenance",,
sw_plc_cep/jz_sfp069.dds,"Naming or last table-row classifier disagrees, but duplicate/untagged legacy table rows do not prove source-pack provenance",,
sw_plc_cep/jz_sfp069.mdl,"Naming or last table-row classifier disagrees, but duplicate/untagged legacy table rows do not prove source-pack provenance",,
sw_plc_cep/jz_sfp069.pwk,"Naming or last table-row classifier disagrees, but duplicate/untagged legacy table rows do not prove source-pack provenance",,
sw_plc_cep/jz_sfp06b.mdl,"Naming or last table-row classifier disagrees, but duplicate/untagged legacy table rows do not prove source-pack provenance",,
sw_plc_cep/jz_sfp06b.pwk,"Naming or last table-row classifier disagrees, but duplicate/untagged legacy table rows do not prove source-pack provenance",,
sw_plc_cep/jz_sfp07.dds,"Naming or last table-row classifier disagrees, but duplicate/untagged legacy table rows do not prove source-pack provenance",,
sw_plc_cep/jz_sfp07.mdl,"Naming or last table-row classifier disagrees, but duplicate/untagged legacy table rows do not prove source-pack provenance",,
sw_plc_cep/jz_sfp07.pwk,"Naming or last table-row classifier disagrees, but duplicate/untagged legacy table rows do not prove source-pack provenance",,
sw_plc_cep/jz_sfp070.dds,"Naming or last table-row classifier disagrees, but duplicate/untagged legacy table rows do not prove source-pack provenance",,
sw_plc_cep/jz_sfp070.mdl,"Naming or last table-row classifier disagrees, but duplicate/untagged legacy table rows do not prove source-pack provenance",,
sw_plc_cep/jz_sfp070.pwk,"Naming or last table-row classifier disagrees, but duplicate/untagged legacy table rows do not prove source-pack provenance",,
sw_plc_cep/jz_sfp071.dds,"Naming or last table-row classifier disagrees, but duplicate/untagged legacy table rows do not prove source-pack provenance",,
sw_plc_cep/jz_sfp071.mdl,"Naming or last table-row classifier disagrees, but duplicate/untagged legacy table rows do not prove source-pack provenance",,
sw_plc_cep/jz_sfp071.pwk,"Naming or last table-row classifier disagrees, but duplicate/untagged legacy table rows do not prove source-pack provenance",,
sw_plc_cep/jz_sfp072.mdl,"Naming or last table-row classifier disagrees, but duplicate/untagged legacy table rows do not prove source-pack provenance",,
sw_plc_cep/jz_sfp072.pwk,"Naming or last table-row classifier disagrees, but duplicate/untagged legacy table rows do not prove source-pack provenance",,
sw_plc_cep/jz_sfp073.dds,"Naming or last table-row classifier disagrees, but duplicate/untagged legacy table rows do not prove source-pack provenance",,
sw_plc_cep/jz_sfp073.mdl,"Naming or last table-row classifier disagrees, but duplicate/untagged legacy table rows do not prove source-pack provenance",,
sw_plc_cep/jz_sfp073.pwk,"Naming or last table-row classifier disagrees, but duplicate/untagged legacy table rows do not prove source-pack provenance",,
sw_plc_cep/jz_sfp074.dds,"Naming or last table-row classifier disagrees, but duplicate/untagged legacy table rows do not prove source-pack provenance",,
sw_plc_cep/jz_sfp074.mdl,"Naming or last table-row classifier disagrees, but duplicate/untagged legacy table rows do not prove source-pack provenance",,
sw_plc_cep/jz_sfp074.pwk,"Naming or last table-row classifier disagrees, but duplicate/untagged legacy table rows do not prove source-pack provenance",,
sw_plc_cep/jz_sfp076.dds,"Naming or last table-row classifier disagrees, but duplicate/untagged legacy table rows do not prove source-pack provenance",,
sw_plc_cep/jz_sfp076.mdl,"Naming or last table-row classifier disagrees, but duplicate/untagged legacy table rows do not prove source-pack provenance",,
sw_plc_cep/jz_sfp076.pwk,"Naming or last table-row classifier disagrees, but duplicate/untagged legacy table rows do not prove source-pack provenance",,
sw_plc_cep/jz_sfp077.dds,"Naming or last table-row classifier disagrees, but duplicate/untagged legacy table rows do not prove source-pack provenance",,
sw_plc_cep/jz_sfp077.mdl,"Naming or last table-row classifier disagrees, but duplicate/untagged legacy table rows do not prove source-pack provenance",,
sw_plc_cep/jz_sfp077.pwk,"Naming or last table-row classifier disagrees, but duplicate/untagged legacy table rows do not prove source-pack provenance",,
sw_plc_cep/jz_sfp078.mdl,"Naming or last table-row classifier disagrees, but duplicate/untagged legacy table rows do not prove source-pack provenance",,
sw_plc_cep/jz_sfp078.pwk,"Naming or last table-row classifier disagrees, but duplicate/untagged legacy table rows do not prove source-pack provenance",,
sw_plc_cep/jz_sfp079.dds,"Naming or last table-row classifier disagrees, but duplicate/untagged legacy table rows do not prove source-pack provenance",,
sw_plc_cep/jz_sfp079.mdl,"Naming or last table-row classifier disagrees, but duplicate/untagged legacy table rows do not prove source-pack provenance",,
sw_plc_cep/jz_sfp079.pwk,"Naming or last table-row classifier disagrees, but duplicate/untagged legacy table rows do not prove source-pack provenance",,
sw_plc_cep/jz_sfp07b.mdl,"Naming or last table-row classifier disagrees, but duplicate/untagged legacy table rows do not prove source-pack provenance",,
sw_plc_cep/jz_sfp07b.pwk,"Naming or last table-row classifier disagrees, but duplicate/untagged legacy table rows do not prove source-pack provenance",,
sw_plc_cep/jz_sfp08.dds,"Naming or last table-row classifier disagrees, but duplicate/untagged legacy table rows do not prove source-pack provenance",,
sw_plc_cep/jz_sfp08.mdl,"Naming or last table-row classifier disagrees, but duplicate/untagged legacy table rows do not prove source-pack provenance",,
sw_plc_cep/jz_sfp08.pwk,"Naming or last table-row classifier disagrees, but duplicate/untagged legacy table rows do not prove source-pack provenance",,
sw_plc_cep/jz_sfp080.dds,"Naming or last table-row classifier disagrees, but duplicate/untagged legacy table rows do not prove source-pack provenance",,
sw_plc_cep/jz_sfp080.mdl,"Naming or last table-row classifier disagrees, but duplicate/untagged legacy table rows do not prove source-pack provenance",,
sw_plc_cep/jz_sfp080.pwk,"Naming or last table-row classifier disagrees, but duplicate/untagged legacy table rows do not prove source-pack provenance",,
sw_plc_cep/jz_sfp081.dds,"Naming or last table-row classifier disagrees, but duplicate/untagged legacy table rows do not prove source-pack provenance",,
sw_plc_cep/jz_sfp081.mdl,"Naming or last table-row classifier disagrees, but duplicate/untagged legacy table rows do not prove source-pack provenance",,
sw_plc_cep/jz_sfp081.pwk,"Naming or last table-row classifier disagrees, but duplicate/untagged legacy table rows do not prove source-pack provenance",,
sw_plc_cep/jz_sfp082.dds,"Naming or last table-row classifier disagrees, but duplicate/untagged legacy table rows do not prove source-pack provenance",,
sw_plc_cep/jz_sfp082.mdl,"Naming or last table-row classifier disagrees, but duplicate/untagged legacy table rows do not prove source-pack provenance",,
sw_plc_cep/jz_sfp082.pwk,"Naming or last table-row classifier disagrees, but duplicate/untagged legacy table rows do not prove source-pack provenance",,
sw_plc_cep/jz_sfp083.dds,"Naming or last table-row classifier disagrees, but duplicate/untagged legacy table rows do not prove source-pack provenance",,
sw_plc_cep/jz_sfp083.mdl,"Naming or last table-row classifier disagrees, but duplicate/untagged legacy table rows do not prove source-pack provenance",,
sw_plc_cep/jz_sfp084.dds,"Naming or last table-row classifier disagrees, but duplicate/untagged legacy table rows do not prove source-pack provenance",,
sw_plc_cep/jz_sfp084.mdl,"Naming or last table-row classifier disagrees, but duplicate/untagged legacy table rows do not prove source-pack provenance",,
sw_plc_cep/jz_sfp085.dds,"Naming or last table-row classifier disagrees, but duplicate/untagged legacy table rows do not prove source-pack provenance",,
sw_plc_cep/jz_sfp085.mdl,"Naming or last table-row classifier disagrees, but duplicate/untagged legacy table rows do not prove source-pack provenance",,
sw_plc_cep/jz_sfp085.pwk,"Naming or last table-row classifier disagrees, but duplicate/untagged legacy table rows do not prove source-pack provenance",,
sw_plc_cep/jz_sfp086.dds,"Naming or last table-row classifier disagrees, but duplicate/untagged legacy table rows do not prove source-pack provenance",,
sw_plc_cep/jz_sfp086.mdl,"Naming or last table-row classifier disagrees, but duplicate/untagged legacy table rows do not prove source-pack provenance",,
sw_plc_cep/jz_sfp086.pwk,"Naming or last table-row classifier disagrees, but duplicate/untagged legacy table rows do not prove source-pack provenance",,
sw_plc_cep/jz_sfp088.dds,"Naming or last table-row classifier disagrees, but duplicate/untagged legacy table rows do not prove source-pack provenance",,
sw_plc_cep/jz_sfp088.mdl,"Naming or last table-row classifier disagrees, but duplicate/untagged legacy table rows do not prove source-pack provenance",,
sw_plc_cep/jz_sfp088.pwk,"Naming or last table-row classifier disagrees, but duplicate/untagged legacy table rows do not prove source-pack provenance",,
sw_plc_cep/jz_sfp08b.mdl,"Naming or last table-row classifier disagrees, but duplicate/untagged legacy table rows do not prove source-pack provenance",,
sw_plc_cep/jz_sfp08b.pwk,"Naming or last table-row classifier disagrees, but duplicate/untagged legacy table rows do not prove source-pack provenance",,
sw_plc_cep/jz_sfp08c.mdl,"Naming or last table-row classifier disagrees, but duplicate/untagged legacy table rows do not prove source-pack provenance",,
sw_plc_cep/jz_sfp08c.pwk,"Naming or last table-row classifier disagrees, but duplicate/untagged legacy table rows do not prove source-pack provenance",,
sw_plc_cep/jz_sfp09.dds,"Naming or last table-row classifier disagrees, but duplicate/untagged legacy table rows do not prove source-pack provenance",,
sw_plc_cep/jz_sfp09.mdl,"Naming or last table-row classifier disagrees, but duplicate/untagged legacy table rows do not prove source-pack provenance",,
sw_plc_cep/jz_sfp09.pwk,"Naming or last table-row classifier disagrees, but duplicate/untagged legacy table rows do not prove source-pack provenance",,
sw_plc_cep/jz_sfp090.dds,"Naming or last table-row classifier disagrees, but duplicate/untagged legacy table rows do not prove source-pack provenance",,
sw_plc_cep/jz_sfp090.mdl,"Naming or last table-row classifier disagrees, but duplicate/untagged legacy table rows do not prove source-pack provenance",,
sw_plc_cep/jz_sfp090.pwk,"Naming or last table-row classifier disagrees, but duplicate/untagged legacy table rows do not prove source-pack provenance",,
sw_plc_cep/jz_sfp091.dds,"Naming or last table-row classifier disagrees, but duplicate/untagged legacy table rows do not prove source-pack provenance",,
sw_plc_cep/jz_sfp091.mdl,"Naming or last table-row classifier disagrees, but duplicate/untagged legacy table rows do not prove source-pack provenance",,
sw_plc_cep/jz_sfp091.pwk,"Naming or last table-row classifier disagrees, but duplicate/untagged legacy table rows do not prove source-pack provenance",,
sw_plc_cep/jz_sfp092.dds,"Naming or last table-row classifier disagrees, but duplicate/untagged legacy table rows do not prove source-pack provenance",,
sw_plc_cep/jz_sfp092.mdl,"Naming or last table-row classifier disagrees, but duplicate/untagged legacy table rows do not prove source-pack provenance",,
sw_plc_cep/jz_sfp092.pwk,"Naming or last table-row classifier disagrees, but duplicate/untagged legacy table rows do not prove source-pack provenance",,
sw_plc_cep/jz_sfp093.dds,"Naming or last table-row classifier disagrees, but duplicate/untagged legacy table rows do not prove source-pack provenance",,
sw_plc_cep/jz_sfp093.mdl,"Naming or last table-row classifier disagrees, but duplicate/untagged legacy table rows do not prove source-pack provenance",,
sw_plc_cep/jz_sfp093.pwk,"Naming or last table-row classifier disagrees, but duplicate/untagged legacy table rows do not prove source-pack provenance",,
sw_plc_cep/jz_sfp094.dds,"Naming or last table-row classifier disagrees, but duplicate/untagged legacy table rows do not prove source-pack provenance",,
sw_plc_cep/jz_sfp094.mdl,"Naming or last table-row classifier disagrees, but duplicate/untagged legacy table rows do not prove source-pack provenance",,
sw_plc_cep/jz_sfp094.pwk,"Naming or last table-row classifier disagrees, but duplicate/untagged legacy table rows do not prove source-pack provenance",,
sw_plc_cep/jz_sfp095.dds,"Naming or last table-row classifier disagrees, but duplicate/untagged legacy table rows do not prove source-pack provenance",,
sw_plc_cep/jz_sfp095.mdl,"Naming or last table-row classifier disagrees, but duplicate/untagged legacy table rows do not prove source-pack provenance",,
sw_plc_cep/jz_sfp095.pwk,"Naming or last table-row classifier disagrees, but duplicate/untagged legacy table rows do not prove source-pack provenance",,
sw_plc_cep/jz_sfp096.dds,"Naming or last table-row classifier disagrees, but duplicate/untagged legacy table rows do not prove source-pack provenance",,
sw_plc_cep/jz_sfp096.mdl,"Naming or last table-row classifier disagrees, but duplicate/untagged legacy table rows do not prove source-pack provenance",,
sw_plc_cep/jz_sfp096.pwk,"Naming or last table-row classifier disagrees, but duplicate/untagged legacy table rows do not prove source-pack provenance",,
sw_plc_cep/jz_sfp097.dds,"Naming or last table-row classifier disagrees, but duplicate/untagged legacy table rows do not prove source-pack provenance",,
sw_plc_cep/jz_sfp097.mdl,"Naming or last table-row classifier disagrees, but duplicate/untagged legacy table rows do not prove source-pack provenance",,
sw_plc_cep/jz_sfp097.pwk,"Naming or last table-row classifier disagrees, but duplicate/untagged legacy table rows do not prove source-pack provenance",,
sw_plc_cep/jz_sfp098.dds,"Naming or last table-row classifier disagrees, but duplicate/untagged legacy table rows do not prove source-pack provenance",,
sw_plc_cep/jz_sfp098.mdl,"Naming or last table-row classifier disagrees, but duplicate/untagged legacy table rows do not prove source-pack provenance",,
sw_plc_cep/jz_sfp098.pwk,"Naming or last table-row classifier disagrees, but duplicate/untagged legacy table rows do not prove source-pack provenance",,
sw_plc_cep/jz_sfp099.dds,"Naming or last table-row classifier disagrees, but duplicate/untagged legacy table rows do not prove source-pack provenance",,
sw_plc_cep/jz_sfp099.mdl,"Naming or last table-row classifier disagrees, but duplicate/untagged legacy table rows do not prove source-pack provenance",,
sw_plc_cep/jz_sfp099.pwk,"Naming or last table-row classifier disagrees, but duplicate/untagged legacy table rows do not prove source-pack provenance",,
sw_plc_cep/jz_sfp09b.mdl,"Naming or last table-row classifier disagrees, but duplicate/untagged legacy table rows do not prove source-pack provenance",,
sw_plc_cep/jz_sfp09b.pwk,"Naming or last table-row classifier disagrees, but duplicate/untagged legacy table rows do not prove source-pack provenance",,
sw_plc_cep/jz_sfp09c.mdl,"Naming or last table-row classifier disagrees, but duplicate/untagged legacy table rows do not prove source-pack provenance",,
sw_plc_cep/jz_sfp09c.pwk,"Naming or last table-row classifier disagrees, but duplicate/untagged legacy table rows do not prove source-pack provenance",,
sw_plc_cep/jz_sfp100.dds,"Naming or last table-row classifier disagrees, but duplicate/untagged legacy table rows do not prove source-pack provenance",,
sw_plc_cep/jz_sfp100.mdl,"Naming or last table-row classifier disagrees, but duplicate/untagged legacy table rows do not prove source-pack provenance",,
sw_plc_cep/jz_sfp100.pwk,"Naming or last table-row classifier disagrees, but duplicate/untagged legacy table rows do not prove source-pack provenance",,
sw_plc_cep/jz_sfp101.dds,"Naming or last table-row classifier disagrees, but duplicate/untagged legacy table rows do not prove source-pack provenance",,
sw_plc_cep/jz_sfp101.mdl,"Naming or last table-row classifier disagrees, but duplicate/untagged legacy table rows do not prove source-pack provenance",,
sw_plc_cep/jz_sfp101.pwk,"Naming or last table-row classifier disagrees, but duplicate/untagged legacy table rows do not prove source-pack provenance",,
sw_plc_cep/jz_sfp102.mdl,"Naming or last table-row classifier disagrees, but duplicate/untagged legacy table rows do not prove source-pack provenance",,
sw_plc_cep/jz_sfp102.pwk,"Naming or last table-row classifier disagrees, but duplicate/untagged legacy table rows do not prove source-pack provenance",,
sw_plc_cep/jz_sfp103.mdl,"Naming or last table-row classifier disagrees, but duplicate/untagged legacy table rows do not prove source-pack provenance",,
sw_plc_cep/jz_sfp103.pwk,"Naming or last table-row classifier disagrees, but duplicate/untagged legacy table rows do not prove source-pack provenance",,
sw_plc_cep/jz_sfp105.dds,"Naming or last table-row classifier disagrees, but duplicate/untagged legacy table rows do not prove source-pack provenance",,
sw_plc_cep/jz_sfp105.mdl,"Naming or last table-row classifier disagrees, but duplicate/untagged legacy table rows do not prove source-pack provenance",,
sw_plc_cep/jz_sfp105.pwk,"Naming or last table-row classifier disagrees, but duplicate/untagged legacy table rows do not prove source-pack provenance",,
sw_plc_cep/jz_sfp106.mdl,"Naming or last table-row classifier disagrees, but duplicate/untagged legacy table rows do not prove source-pack provenance",,
sw_plc_cep/jz_sfp106.pwk,"Naming or last table-row classifier disagrees, but duplicate/untagged legacy table rows do not prove source-pack provenance",,
sw_plc_cep/jz_sfp107.dds,"Naming or last table-row classifier disagrees, but duplicate/untagged legacy table rows do not prove source-pack provenance",,
sw_plc_cep/jz_sfp107.mdl,"Naming or last table-row classifier disagrees, but duplicate/untagged legacy table rows do not prove source-pack provenance",,
sw_plc_cep/jz_sfp107.pwk,"Naming or last table-row classifier disagrees, but duplicate/untagged legacy table rows do not prove source-pack provenance",,
sw_plc_cep/jz_sfp108.dds,"Naming or last table-row classifier disagrees, but duplicate/untagged legacy table rows do not prove source-pack provenance",,
sw_plc_cep/jz_sfp108.mdl,"Naming or last table-row classifier disagrees, but duplicate/untagged legacy table rows do not prove source-pack provenance",,
sw_plc_cep/jz_sfp108.pwk,"Naming or last table-row classifier disagrees, but duplicate/untagged legacy table rows do not prove source-pack provenance",,
sw_plc_cep/jz_sfp109.dds,"Naming or last table-row classifier disagrees, but duplicate/untagged legacy table rows do not prove source-pack provenance",,
sw_plc_cep/jz_sfp109.mdl,"Naming or last table-row classifier disagrees, but duplicate/untagged legacy table rows do not prove source-pack provenance",,
sw_plc_cep/jz_sfp109.pwk,"Naming or last table-row classifier disagrees, but duplicate/untagged legacy table rows do not prove source-pack provenance",,
sw_plc_cep/jz_sfp110.dds,"Naming or last table-row classifier disagrees, but duplicate/untagged legacy table rows do not prove source-pack provenance",,
sw_plc_cep/jz_sfp110.mdl,"Naming or last table-row classifier disagrees, but duplicate/untagged legacy table rows do not prove source-pack provenance",,
sw_plc_cep/jz_sfp110.pwk,"Naming or last table-row classifier disagrees, but duplicate/untagged legacy table rows do not prove source-pack provenance",,
sw_plc_cep/jz_sfp111.dds,"Naming or last table-row classifier disagrees, but duplicate/untagged legacy table rows do not prove source-pack provenance",,
sw_plc_cep/jz_sfp111.mdl,"Naming or last table-row classifier disagrees, but duplicate/untagged legacy table rows do not prove source-pack provenance",,
sw_plc_cep/jz_sfp111.pwk,"Naming or last table-row classifier disagrees, but duplicate/untagged legacy table rows do not prove source-pack provenance",,
sw_plc_cep/jz_sfp114.mdl,"Naming or last table-row classifier disagrees, but duplicate/untagged legacy table rows do not prove source-pack provenance",,
sw_plc_cep/jz_sfp114.pwk,"Naming or last table-row classifier disagrees, but duplicate/untagged legacy table rows do not prove source-pack provenance",,
sw_plc_cep/jz_sfp115.dds,"Naming or last table-row classifier disagrees, but duplicate/untagged legacy table rows do not prove source-pack provenance",,
sw_plc_cep/jz_sfp115.mdl,"Naming or last table-row classifier disagrees, but duplicate/untagged legacy table rows do not prove source-pack provenance",,
sw_plc_cep/jz_sfp115.pwk,"Naming or last table-row classifier disagrees, but duplicate/untagged legacy table rows do not prove source-pack provenance",,
sw_plc_cep/jz_sfp116.dds,"Naming or last table-row classifier disagrees, but duplicate/untagged legacy table rows do not prove source-pack provenance",,
sw_plc_cep/jz_sfp116.mdl,"Naming or last table-row classifier disagrees, but duplicate/untagged legacy table rows do not prove source-pack provenance",,
sw_plc_cep/jz_sfp116.pwk,"Naming or last table-row classifier disagrees, but duplicate/untagged legacy table rows do not prove source-pack provenance",,
sw_plc_cep/jz_sfp117.mdl,"Naming or last table-row classifier disagrees, but duplicate/untagged legacy table rows do not prove source-pack provenance",,
sw_plc_cep/jz_sfp117.pwk,"Naming or last table-row classifier disagrees, but duplicate/untagged legacy table rows do not prove source-pack provenance",,
sw_plc_cep/jz_sfp118.dds,"Naming or last table-row classifier disagrees, but duplicate/untagged legacy table rows do not prove source-pack provenance",,
sw_plc_cep/jz_sfp118.mdl,"Naming or last table-row classifier disagrees, but duplicate/untagged legacy table rows do not prove source-pack provenance",,
sw_plc_cep/jz_sfp118.pwk,"Naming or last table-row classifier disagrees, but duplicate/untagged legacy table rows do not prove source-pack provenance",,
sw_plc_cep/jz_sfp119.dds,"Naming or last table-row classifier disagrees, but duplicate/untagged legacy table rows do not prove source-pack provenance",,
sw_plc_cep/jz_sfp119.mdl,"Naming or last table-row classifier disagrees, but duplicate/untagged legacy table rows do not prove source-pack provenance",,
sw_plc_cep/jz_sfp119.pwk,"Naming or last table-row classifier disagrees, but duplicate/untagged legacy table rows do not prove source-pack provenance",,
sw_plc_cep/jz_sfp120.dds,"Naming or last table-row classifier disagrees, but duplicate/untagged legacy table rows do not prove source-pack provenance",,
sw_plc_cep/jz_sfp120.mdl,"Naming or last table-row classifier disagrees, but duplicate/untagged legacy table rows do not prove source-pack provenance",,
sw_plc_cep/jz_sfp120.pwk,"Naming or last table-row classifier disagrees, but duplicate/untagged legacy table rows do not prove source-pack provenance",,
sw_plc_cep/jz_sfp121.dds,"Naming or last table-row classifier disagrees, but duplicate/untagged legacy table rows do not prove source-pack provenance",,
sw_plc_cep/jz_sfp121.mdl,"Naming or last table-row classifier disagrees, but duplicate/untagged legacy table rows do not prove source-pack provenance",,
sw_plc_cep/jz_sfp121.pwk,"Naming or last table-row classifier disagrees, but duplicate/untagged legacy table rows do not prove source-pack provenance",,
sw_plc_cep/jz_sfp122.dds,"Naming or last table-row classifier disagrees, but duplicate/untagged legacy table rows do not prove source-pack provenance",,
sw_plc_cep/jz_sfp122.mdl,"Naming or last table-row classifier disagrees, but duplicate/untagged legacy table rows do not prove source-pack provenance",,
sw_plc_cep/jz_sfp122.pwk,"Naming or last table-row classifier disagrees, but duplicate/untagged legacy table rows do not prove source-pack provenance",,
sw_plc_cep/jz_sfp123.dds,"Naming or last table-row classifier disagrees, but duplicate/untagged legacy table rows do not prove source-pack provenance",,
sw_plc_cep/jz_sfp123.mdl,"Naming or last table-row classifier disagrees, but duplicate/untagged legacy table rows do not prove source-pack provenance",,
sw_plc_cep/jz_sfp123.pwk,"Naming or last table-row classifier disagrees, but duplicate/untagged legacy table rows do not prove source-pack provenance",,
sw_plc_cep/jz_sfp124.dds,"Naming or last table-row classifier disagrees, but duplicate/untagged legacy table rows do not prove source-pack provenance",,
sw_plc_cep/jz_sfp124.mdl,"Naming or last table-row classifier disagrees, but duplicate/untagged legacy table rows do not prove source-pack provenance",,
sw_plc_cep/jz_sfp124.pwk,"Naming or last table-row classifier disagrees, but duplicate/untagged legacy table rows do not prove source-pack provenance",,
sw_plc_cep/jzc_atst01.mdl,"Naming or last table-row classifier disagrees, but duplicate/untagged legacy table rows do not prove source-pack provenance",,
sw_plc_cep/jzc_atst01.pwk,"Naming or last table-row classifier disagrees, but duplicate/untagged legacy table rows do not prove source-pack provenance",,
sw_plc_cep/jzc_atst02.mdl,"Naming or last table-row classifier disagrees, but duplicate/untagged legacy table rows do not prove source-pack provenance",,
sw_plc_cep/jzc_atst02.pwk,"Naming or last table-row classifier disagrees, but duplicate/untagged legacy table rows do not prove source-pack provenance",,
sw_plc_cep/jzc_atst03.mdl,"Naming or last table-row classifier disagrees, but duplicate/untagged legacy table rows do not prove source-pack provenance",,
sw_plc_cep/jzc_atst03.pwk,"Naming or last table-row classifier disagrees, but duplicate/untagged legacy table rows do not prove source-pack provenance",,
sw_plc_cep/jzc_drdr401.mdl,"Naming or last table-row classifier disagrees, but duplicate/untagged legacy table rows do not prove source-pack provenance",,
sw_plc_cep/jzc_drdr401.pwk,"Naming or last table-row classifier disagrees, but duplicate/untagged legacy table rows do not prove source-pack provenance",,
sw_plc_cep/jzc_drdr402.mdl,"Naming or last table-row classifier disagrees, but duplicate/untagged legacy table rows do not prove source-pack provenance",,
sw_plc_cep/jzc_drdr402.pwk,"Naming or last table-row classifier disagrees, but duplicate/untagged legacy table rows do not prove source-pack provenance",,
sw_plc_cep/jzc_drdr501.mdl,"Naming or last table-row classifier disagrees, but duplicate/untagged legacy table rows do not prove source-pack provenance",,
sw_plc_cep/jzc_drdr501.pwk,"Naming or last table-row classifier disagrees, but duplicate/untagged legacy table rows do not prove source-pack provenance",,
sw_plc_cep/jzc_drdr502.mdl,"Naming or last table-row classifier disagrees, but duplicate/untagged legacy table rows do not prove source-pack provenance",,
sw_plc_cep/jzc_drdr502.pwk,"Naming or last table-row classifier disagrees, but duplicate/untagged legacy table rows do not prove source-pack provenance",,
sw_plc_cep/jzc_droidp01.mdl,"Naming or last table-row classifier disagrees, but duplicate/untagged legacy table rows do not prove source-pack provenance",,
sw_plc_cep/jzc_droidp01.pwk,"Naming or last table-row classifier disagrees, but duplicate/untagged legacy table rows do not prove source-pack provenance",,
sw_plc_cep/jzc_droidp02.mdl,"Naming or last table-row classifier disagrees, but duplicate/untagged legacy table rows do not prove source-pack provenance",,
sw_plc_cep/jzc_droidp02.pwk,"Naming or last table-row classifier disagrees, but duplicate/untagged legacy table rows do not prove source-pack provenance",,
sw_plc_cep/jzc_lndspd01.dds,"Naming or last table-row classifier disagrees, but duplicate/untagged legacy table rows do not prove source-pack provenance",,
sw_plc_cep/jzc_lndspd01.mdl,"Naming or last table-row classifier disagrees, but duplicate/untagged legacy table rows do not prove source-pack provenance",,
sw_plc_cep/jzc_lndspd01.pwk,"Naming or last table-row classifier disagrees, but duplicate/untagged legacy table rows do not prove source-pack provenance",,
sw_plc_cep/jzc_lndspd02.dds,"Naming or last table-row classifier disagrees, but duplicate/untagged legacy table rows do not prove source-pack provenance",,
sw_plc_cep/jzc_lndspd02.mdl,"Naming or last table-row classifier disagrees, but duplicate/untagged legacy table rows do not prove source-pack provenance",,
sw_plc_cep/jzc_lndspd02.pwk,"Naming or last table-row classifier disagrees, but duplicate/untagged legacy table rows do not prove source-pack provenance",,
sw_plc_cep/jzc_lndspd03.mdl,"Naming or last table-row classifier disagrees, but duplicate/untagged legacy table rows do not prove source-pack provenance",,
sw_plc_cep/jzc_lndspd03.pwk,"Naming or last table-row classifier disagrees, but duplicate/untagged legacy table rows do not prove source-pack provenance",,
sw_plc_cep/jzc_lndspd04.mdl,"Naming or last table-row classifier disagrees, but duplicate/untagged legacy table rows do not prove source-pack provenance",,
sw_plc_cep/jzc_lndspd04.pwk,"Naming or last table-row classifier disagrees, but duplicate/untagged legacy table rows do not prove source-pack provenance",,
sw_plc_cep/jzc_lndspd05.mdl,"Naming or last table-row classifier disagrees, but duplicate/untagged legacy table rows do not prove source-pack provenance",,
sw_plc_cep/jzc_lndspd05.pwk,"Naming or last table-row classifier disagrees, but duplicate/untagged legacy table rows do not prove source-pack provenance",,
sw_plc_cep/jzc_pdroid01.mdl,"Naming or last table-row classifier disagrees, but duplicate/untagged legacy table rows do not prove source-pack provenance",,
sw_plc_cep/jzc_pdroid01.pwk,"Naming or last table-row classifier disagrees, but duplicate/untagged legacy table rows do not prove source-pack provenance",,
sw_plc_cep/jzc_sdrbk01.mdl,"Naming or last table-row classifier disagrees, but duplicate/untagged legacy table rows do not prove source-pack provenance",,
sw_plc_cep/jzc_sdrbk01.pwk,"Naming or last table-row classifier disagrees, but duplicate/untagged legacy table rows do not prove source-pack provenance",,
sw_plc_cep/jzc_sdrbk01b.mdl,"Naming or last table-row classifier disagrees, but duplicate/untagged legacy table rows do not prove source-pack provenance",,
sw_plc_cep/jzc_sdrbk01b.pwk,"Naming or last table-row classifier disagrees, but duplicate/untagged legacy table rows do not prove source-pack provenance",,
sw_plc_cep/jzc_sdrbk01c.mdl,"Naming or last table-row classifier disagrees, but duplicate/untagged legacy table rows do not prove source-pack provenance",,
sw_plc_cep/jzc_sdrbk01c.pwk,"Naming or last table-row classifier disagrees, but duplicate/untagged legacy table rows do not prove source-pack provenance",,
sw_plc_cep/jzc_sdrbk01d.mdl,"Naming or last table-row classifier disagrees, but duplicate/untagged legacy table rows do not prove source-pack provenance",,
sw_plc_cep/jzc_sdrbk01d.pwk,"Naming or last table-row classifier disagrees, but duplicate/untagged legacy table rows do not prove source-pack provenance",,
sw_plc_cep/jzc_sdrbk01e.mdl,"Naming or last table-row classifier disagrees, but duplicate/untagged legacy table rows do not prove source-pack provenance",,
sw_plc_cep/jzc_sdrbk01e.pwk,"Naming or last table-row classifier disagrees, but duplicate/untagged legacy table rows do not prove source-pack provenance",,
sw_plc_cep/jzc_sdrbk02.mdl,"Naming or last table-row classifier disagrees, but duplicate/untagged legacy table rows do not prove source-pack provenance",,
sw_plc_cep/jzc_sdrbk02.pwk,"Naming or last table-row classifier disagrees, but duplicate/untagged legacy table rows do not prove source-pack provenance",,
sw_plc_cep/jzc_sonde01.mdl,"Naming or last table-row classifier disagrees, but duplicate/untagged legacy table rows do not prove source-pack provenance",,
sw_plc_cep/jzc_sonde01.pwk,"Naming or last table-row classifier disagrees, but duplicate/untagged legacy table rows do not prove source-pack provenance",,
sw_plc_cep/jzg_autoflecht.dds,Potential consumers span multiple categories; preserve current shared-resource location,sw_plc_mdrn; sw_weapon,sw_plc_mdrn/vos_scifi_rfl14.mdl; sw_plc_mdrn/vos_scifi_rfl14s.mdl; sw_weapon/wbwxl_m_142.mdl
sw_plc_cep/jzg_autoslug.dds,Potential consumers span multiple categories; preserve current shared-resource location,sw_plc_mdrn; sw_weapon,sw_plc_mdrn/vos_scifi_rfl7.mdl; sw_weapon/wbwxh_m_071.mdl; sw_weapon/wbwxh_m_071.mdl
sw_plc_cep/jzg_awing01.mdl,"Naming or last table-row classifier disagrees, but duplicate/untagged legacy table rows do not prove source-pack provenance",,
sw_plc_cep/jzg_awing01.pwk,"Naming or last table-row classifier disagrees, but duplicate/untagged legacy table rows do not prove source-pack provenance",,
sw_plc_cep/jzg_blaster2.dds,Potential consumers span multiple categories; preserve current shared-resource location,sw_plc_mdrn; sw_weapon,sw_plc_mdrn/vos_scifigun6g.mdl; sw_weapon/wbwln_m_071.mdl
sw_plc_cep/jzg_bsunf01.mdl,"Naming or last table-row classifier disagrees, but duplicate/untagged legacy table rows do not prove source-pack provenance",,
sw_plc_cep/jzg_bsunf01.pwk,"Naming or last table-row classifier disagrees, but duplicate/untagged legacy table rows do not prove source-pack provenance",,
sw_plc_cep/jzg_famas.dds,Potential consumers span multiple categories; preserve current shared-resource location,sw_plc_mdrn; sw_weapon,sw_plc_mdrn/vos_rfl_stand3.mdl; sw_plc_mdrn/vos_rfl_stand3.mdl; sw_plc_mdrn/vos_rfl_stand3.mdl; sw_plc_mdrn/vos_rfl_stand3.mdl; sw_weapon/wbwxl_m_053.mdl
sw_plc_cep/jzg_flamer.dds,Potential consumers span multiple categories; preserve current shared-resource location,sw_plc_mdrn; sw_weapon,sw_plc_mdrn/vos_flamer.mdl; sw_weapon/wbwxh_m_131.mdl
sw_plc_cep/jzg_fspdr01.dds,"Naming or last table-row classifier disagrees, but duplicate/untagged legacy table rows do not prove source-pack provenance",,
sw_plc_cep/jzg_fspdr01.mdl,"Naming or last table-row classifier disagrees, but duplicate/untagged legacy table rows do not prove source-pack provenance",,
sw_plc_cep/jzg_fspdr01.pwk,"Naming or last table-row classifier disagrees, but duplicate/untagged legacy table rows do not prove source-pack provenance",,
sw_plc_cep/jzg_fspdr01.tga,"Naming or last table-row classifier disagrees, but duplicate/untagged legacy table rows do not prove source-pack provenance",,
sw_plc_cep/jzg_luspdr01.dds,"Naming or last table-row classifier disagrees, but duplicate/untagged legacy table rows do not prove source-pack provenance",,
sw_plc_cep/jzg_luspdr01.mdl,"Naming or last table-row classifier disagrees, but duplicate/untagged legacy table rows do not prove source-pack provenance",,
sw_plc_cep/jzg_luspdr01.pwk,"Naming or last table-row classifier disagrees, but duplicate/untagged legacy table rows do not prove source-pack provenance",,
sw_plc_cep/jzg_luspdr01.tga,"Naming or last table-row classifier disagrees, but duplicate/untagged legacy table rows do not prove source-pack provenance",,
sw_plc_cep/jzg_spbk01.dds,"Naming or last table-row classifier disagrees, but duplicate/untagged legacy table rows do not prove source-pack provenance",,
sw_plc_cep/jzg_spbk01.mdl,"Naming or last table-row classifier disagrees, but duplicate/untagged legacy table rows do not prove source-pack provenance",,
sw_plc_cep/jzg_spbk01.pwk,"Naming or last table-row classifier disagrees, but duplicate/untagged legacy table rows do not prove source-pack provenance",,
sw_plc_cep/jzg_stg44.dds,Potential consumers span multiple categories; preserve current shared-resource location,sw_plc_mdrn; sw_weapon,sw_plc_mdrn/vos_rfl_stand4.mdl; sw_plc_mdrn/vos_rfl_stand4.mdl; sw_plc_mdrn/vos_rfl_stand4.mdl; sw_plc_mdrn/vos_rfl_stand4.mdl; sw_weapon/wbwxl_m_193.mdl
sw_plc_cep/jzmedicpnl01.dds,"Naming or last table-row classifier disagrees, but duplicate/untagged legacy table rows do not prove source-pack provenance",,
sw_plc_cep/jzmedicpnl01.mdl,"Naming or last table-row classifier disagrees, but duplicate/untagged legacy table rows do not prove source-pack provenance",,
sw_plc_cep/jzsf_cont_s1.mdl,"Naming or last table-row classifier disagrees, but duplicate/untagged legacy table rows do not prove source-pack provenance",,
sw_plc_cep/jzsf_cont_s1.pwk,"Naming or last table-row classifier disagrees, but duplicate/untagged legacy table rows do not prove source-pack provenance",,
sw_plc_cep/jzsf_cont_s1b.mdl,"Naming or last table-row classifier disagrees, but duplicate/untagged legacy table rows do not prove source-pack provenance",,
sw_plc_cep/jzsf_cont_s1b.pwk,"Naming or last table-row classifier disagrees, but duplicate/untagged legacy table rows do not prove source-pack provenance",,
sw_plc_cep/jzsf_cont_s1c.mdl,"Naming or last table-row classifier disagrees, but duplicate/untagged legacy table rows do not prove source-pack provenance",,
sw_plc_cep/jzsf_cont_s1c.pwk,"Naming or last table-row classifier disagrees, but duplicate/untagged legacy table rows do not prove source-pack provenance",,
sw_plc_cep/jzsf_crate_s2.dds,"Naming or last table-row classifier disagrees, but duplicate/untagged legacy table rows do not prove source-pack provenance",,
sw_plc_cep/jzsf_crate_s2.mdl,"Naming or last table-row classifier disagrees, but duplicate/untagged legacy table rows do not prove source-pack provenance",,
sw_plc_cep/jzsf_crate_s2.pwk,"Naming or last table-row classifier disagrees, but duplicate/untagged legacy table rows do not prove source-pack provenance",,
sw_plc_cep/jzsfp_ksk01.mdl,"Naming or last table-row classifier disagrees, but duplicate/untagged legacy table rows do not prove source-pack provenance",,
sw_plc_cep/jzsfp_ksk01.pwk,"Naming or last table-row classifier disagrees, but duplicate/untagged legacy table rows do not prove source-pack provenance",,
sw_plc_cep/moss.dds,Potential consumers span multiple categories; preserve current shared-resource location,sw_cr_creature; sw_plc_mdrn; sw_t_cepforest; sw_t_cepunder; sw_t_season,sw_cr_creature/c_smallscorp_b.mdl; sw_cr_creature/c_smallscorp_b.mdl; sw_cr_creature/c_smallscorp_b.mdl; sw_cr_creature/c_smallscorp_b.mdl; sw_cr_creature/c_smallscorp_b.mdl; sw_cr_creature/c_smallscorp_b.mdl; sw_cr_creature/c_smallscorp_b.mdl; sw_cr_creature/c_smallscorp_b.mdl
sw_plc_cep/mug1.dds,Potential consumers span multiple categories; preserve current shared-resource location,sw_plc; sw_weapon,sw_plc/plx_shelf_c.mdl; sw_weapon/wbmug_m_031.mdl
sw_plc_cep/pkt_armoire.dds,"Naming or last table-row classifier disagrees, but duplicate/untagged legacy table rows do not prove source-pack provenance",,
sw_plc_cep/pkt_armoire.mdl,"Naming or last table-row classifier disagrees, but duplicate/untagged legacy table rows do not prove source-pack provenance",,
sw_plc_cep/pkt_armoire.pwk,"Naming or last table-row classifier disagrees, but duplicate/untagged legacy table rows do not prove source-pack provenance",,
sw_plc_cep/pkt_barrel1.mdl,"Naming or last table-row classifier disagrees, but duplicate/untagged legacy table rows do not prove source-pack provenance",,
sw_plc_cep/pkt_barrel1.pwk,"Naming or last table-row classifier disagrees, but duplicate/untagged legacy table rows do not prove source-pack provenance",,
sw_plc_cep/pkt_barrel2.dds,"Naming or last table-row classifier disagrees, but duplicate/untagged legacy table rows do not prove source-pack provenance",,
sw_plc_cep/pkt_barrel2.mdl,"Naming or last table-row classifier disagrees, but duplicate/untagged legacy table rows do not prove source-pack provenance",,
sw_plc_cep/pkt_barrel2.pwk,"Naming or last table-row classifier disagrees, but duplicate/untagged legacy table rows do not prove source-pack provenance",,
sw_plc_cep/pkt_bdroid.dds,"Naming or last table-row classifier disagrees, but duplicate/untagged legacy table rows do not prove source-pack provenance",,
sw_plc_cep/pkt_bdroid.mdl,"Naming or last table-row classifier disagrees, but duplicate/untagged legacy table rows do not prove source-pack provenance",,
sw_plc_cep/pkt_bdroid.pwk,"Naming or last table-row classifier disagrees, but duplicate/untagged legacy table rows do not prove source-pack provenance",,
sw_plc_cep/pkt_belt01.dds,"Naming or last table-row classifier disagrees, but duplicate/untagged legacy table rows do not prove source-pack provenance",,
sw_plc_cep/pkt_belt01.mdl,"Naming or last table-row classifier disagrees, but duplicate/untagged legacy table rows do not prove source-pack provenance",,
sw_plc_cep/pkt_bones.dds,"Naming or last table-row classifier disagrees, but duplicate/untagged legacy table rows do not prove source-pack provenance",,
sw_plc_cep/pkt_bones.mdl,"Naming or last table-row classifier disagrees, but duplicate/untagged legacy table rows do not prove source-pack provenance",,
sw_plc_cep/pkt_bones.pwk,"Naming or last table-row classifier disagrees, but duplicate/untagged legacy table rows do not prove source-pack provenance",,
sw_plc_cep/pkt_cadav01.mdl,"Naming or last table-row classifier disagrees, but duplicate/untagged legacy table rows do not prove source-pack provenance",,
sw_plc_cep/pkt_cadav01.pwk,"Naming or last table-row classifier disagrees, but duplicate/untagged legacy table rows do not prove source-pack provenance",,
sw_plc_cep/pkt_cadav02.mdl,"Naming or last table-row classifier disagrees, but duplicate/untagged legacy table rows do not prove source-pack provenance",,
sw_plc_cep/pkt_cadav02.pwk,"Naming or last table-row classifier disagrees, but duplicate/untagged legacy table rows do not prove source-pack provenance",,
sw_plc_cep/pkt_cadav03.mdl,"Naming or last table-row classifier disagrees, but duplicate/untagged legacy table rows do not prove source-pack provenance",,
sw_plc_cep/pkt_cadav03.pwk,"Naming or last table-row classifier disagrees, but duplicate/untagged legacy table rows do not prove source-pack provenance",,
sw_plc_cep/pkt_cadav04.mdl,"Naming or last table-row classifier disagrees, but duplicate/untagged legacy table rows do not prove source-pack provenance",,
sw_plc_cep/pkt_cadav04.pwk,"Naming or last table-row classifier disagrees, but duplicate/untagged legacy table rows do not prove source-pack provenance",,
sw_plc_cep/pkt_cadav05.mdl,"Naming or last table-row classifier disagrees, but duplicate/untagged legacy table rows do not prove source-pack provenance",,
sw_plc_cep/pkt_cadav05.pwk,"Naming or last table-row classifier disagrees, but duplicate/untagged legacy table rows do not prove source-pack provenance",,
sw_plc_cep/pkt_cage.dds,"Naming or last table-row classifier disagrees, but duplicate/untagged legacy table rows do not prove source-pack provenance",,
sw_plc_cep/pkt_cage.mdl,"Naming or last table-row classifier disagrees, but duplicate/untagged legacy table rows do not prove source-pack provenance",,
sw_plc_cep/pkt_cage.pwk,"Naming or last table-row classifier disagrees, but duplicate/untagged legacy table rows do not prove source-pack provenance",,
sw_plc_cep/pkt_cage01.mdl,"Naming or last table-row classifier disagrees, but duplicate/untagged legacy table rows do not prove source-pack provenance",,
sw_plc_cep/pkt_cage01.pwk,"Naming or last table-row classifier disagrees, but duplicate/untagged legacy table rows do not prove source-pack provenance",,
sw_plc_cep/pkt_carptkt1.mdl,"Naming or last table-row classifier disagrees, but duplicate/untagged legacy table rows do not prove source-pack provenance",,
sw_plc_cep/pkt_carptkt1.pwk,"Naming or last table-row classifier disagrees, but duplicate/untagged legacy table rows do not prove source-pack provenance",,
sw_plc_cep/pkt_chairkt1.mdl,"Naming or last table-row classifier disagrees, but duplicate/untagged legacy table rows do not prove source-pack provenance",,
sw_plc_cep/pkt_chairkt1.pwk,"Naming or last table-row classifier disagrees, but duplicate/untagged legacy table rows do not prove source-pack provenance",,
sw_plc_cep/pkt_chairkt2.mdl,"Naming or last table-row classifier disagrees, but duplicate/untagged legacy table rows do not prove source-pack provenance",,
sw_plc_cep/pkt_chairkt2.pwk,"Naming or last table-row classifier disagrees, but duplicate/untagged legacy table rows do not prove source-pack provenance",,
sw_plc_cep/pkt_chairkt3.mdl,"Naming or last table-row classifier disagrees, but duplicate/untagged legacy table rows do not prove source-pack provenance",,
sw_plc_cep/pkt_chairkt3.pwk,"Naming or last table-row classifier disagrees, but duplicate/untagged legacy table rows do not prove source-pack provenance",,
sw_plc_cep/pkt_chairkt4.mdl,"Naming or last table-row classifier disagrees, but duplicate/untagged legacy table rows do not prove source-pack provenance",,
sw_plc_cep/pkt_chairkt4.pwk,"Naming or last table-row classifier disagrees, but duplicate/untagged legacy table rows do not prove source-pack provenance",,
sw_plc_cep/pkt_chope02.mdl,"Naming or last table-row classifier disagrees, but duplicate/untagged legacy table rows do not prove source-pack provenance",,
sw_plc_cep/pkt_cht01.mdl,"Naming or last table-row classifier disagrees, but duplicate/untagged legacy table rows do not prove source-pack provenance",,
sw_plc_cep/pkt_cht01.pwk,"Naming or last table-row classifier disagrees, but duplicate/untagged legacy table rows do not prove source-pack provenance",,
sw_plc_cep/pkt_cjar2.mdl,"Naming or last table-row classifier disagrees, but duplicate/untagged legacy table rows do not prove source-pack provenance",,
sw_plc_cep/pkt_cjar2.pwk,"Naming or last table-row classifier disagrees, but duplicate/untagged legacy table rows do not prove source-pack provenance",,
sw_plc_cep/pkt_cjar3.mdl,"Naming or last table-row classifier disagrees, but duplicate/untagged legacy table rows do not prove source-pack provenance",,
sw_plc_cep/pkt_cjar3.pwk,"Naming or last table-row classifier disagrees, but duplicate/untagged legacy table rows do not prove source-pack provenance",,
sw_plc_cep/pkt_cjar4.mdl,"Naming or last table-row classifier disagrees, but duplicate/untagged legacy table rows do not prove source-pack provenance",,
sw_plc_cep/pkt_cjar4.pwk,"Naming or last table-row classifier disagrees, but duplicate/untagged legacy table rows do not prove source-pack provenance",,
sw_plc_cep/pkt_cjar5.mdl,"Naming or last table-row classifier disagrees, but duplicate/untagged legacy table rows do not prove source-pack provenance",,
sw_plc_cep/pkt_cjar5.pwk,"Naming or last table-row classifier disagrees, but duplicate/untagged legacy table rows do not prove source-pack provenance",,
sw_plc_cep/pkt_combed.dds,"Naming or last table-row classifier disagrees, but duplicate/untagged legacy table rows do not prove source-pack provenance",,
sw_plc_cep/pkt_combed.mdl,"Naming or last table-row classifier disagrees, but duplicate/untagged legacy table rows do not prove source-pack provenance",,
sw_plc_cep/pkt_combed.pwk,"Naming or last table-row classifier disagrees, but duplicate/untagged legacy table rows do not prove source-pack provenance",,
sw_plc_cep/pkt_combi01.dds,"Naming or last table-row classifier disagrees, but duplicate/untagged legacy table rows do not prove source-pack provenance",,
sw_plc_cep/pkt_combi01.mdl,"Naming or last table-row classifier disagrees, but duplicate/untagged legacy table rows do not prove source-pack provenance",,
sw_plc_cep/pkt_combi01.pwk,"Naming or last table-row classifier disagrees, but duplicate/untagged legacy table rows do not prove source-pack provenance",,
sw_plc_cep/pkt_compnl.mdl,"Naming or last table-row classifier disagrees, but duplicate/untagged legacy table rows do not prove source-pack provenance",,
sw_plc_cep/pkt_compnl.pwk,"Naming or last table-row classifier disagrees, but duplicate/untagged legacy table rows do not prove source-pack provenance",,
sw_plc_cep/pkt_compnlb.mdl,"Naming or last table-row classifier disagrees, but duplicate/untagged legacy table rows do not prove source-pack provenance",,
sw_plc_cep/pkt_compnlb.pwk,"Naming or last table-row classifier disagrees, but duplicate/untagged legacy table rows do not prove source-pack provenance",,
sw_plc_cep/pkt_cont01.dds,"Naming or last table-row classifier disagrees, but duplicate/untagged legacy table rows do not prove source-pack provenance",,
sw_plc_cep/pkt_cont01.mdl,"Naming or last table-row classifier disagrees, but duplicate/untagged legacy table rows do not prove source-pack provenance",,
sw_plc_cep/pkt_cont01.pwk,"Naming or last table-row classifier disagrees, but duplicate/untagged legacy table rows do not prove source-pack provenance",,
sw_plc_cep/pkt_cont02.dds,"Naming or last table-row classifier disagrees, but duplicate/untagged legacy table rows do not prove source-pack provenance",,
sw_plc_cep/pkt_cont02.mdl,"Naming or last table-row classifier disagrees, but duplicate/untagged legacy table rows do not prove source-pack provenance",,
sw_plc_cep/pkt_cont02.pwk,"Naming or last table-row classifier disagrees, but duplicate/untagged legacy table rows do not prove source-pack provenance",,
sw_plc_cep/pkt_cont03.dds,"Naming or last table-row classifier disagrees, but duplicate/untagged legacy table rows do not prove source-pack provenance",,
sw_plc_cep/pkt_cont03.mdl,"Naming or last table-row classifier disagrees, but duplicate/untagged legacy table rows do not prove source-pack provenance",,
sw_plc_cep/pkt_cont03.pwk,"Naming or last table-row classifier disagrees, but duplicate/untagged legacy table rows do not prove source-pack provenance",,
sw_plc_cep/pkt_contf01.mdl,"Naming or last table-row classifier disagrees, but duplicate/untagged legacy table rows do not prove source-pack provenance",,
sw_plc_cep/pkt_contf01.pwk,"Naming or last table-row classifier disagrees, but duplicate/untagged legacy table rows do not prove source-pack provenance",,
sw_plc_cep/pkt_contf02.mdl,"Naming or last table-row classifier disagrees, but duplicate/untagged legacy table rows do not prove source-pack provenance",,
sw_plc_cep/pkt_contf02.pwk,"Naming or last table-row classifier disagrees, but duplicate/untagged legacy table rows do not prove source-pack provenance",,
sw_plc_cep/pkt_cputrcon.mdl,"Naming or last table-row classifier disagrees, but duplicate/untagged legacy table rows do not prove source-pack provenance",,
sw_plc_cep/pkt_cputrcon.pwk,"Naming or last table-row classifier disagrees, but duplicate/untagged legacy table rows do not prove source-pack provenance",,
sw_plc_cep/pkt_crps01.mdl,"Naming or last table-row classifier disagrees, but duplicate/untagged legacy table rows do not prove source-pack provenance",,
sw_plc_cep/pkt_crps01.pwk,"Naming or last table-row classifier disagrees, but duplicate/untagged legacy table rows do not prove source-pack provenance",,
sw_plc_cep/pkt_crps02.mdl,"Naming or last table-row classifier disagrees, but duplicate/untagged legacy table rows do not prove source-pack provenance",,
sw_plc_cep/pkt_crps02.pwk,"Naming or last table-row classifier disagrees, but duplicate/untagged legacy table rows do not prove source-pack provenance",,
sw_plc_cep/pkt_crps03.mdl,"Naming or last table-row classifier disagrees, but duplicate/untagged legacy table rows do not prove source-pack provenance",,
sw_plc_cep/pkt_crps03.pwk,"Naming or last table-row classifier disagrees, but duplicate/untagged legacy table rows do not prove source-pack provenance",,
sw_plc_cep/pkt_crps04.mdl,"Naming or last table-row classifier disagrees, but duplicate/untagged legacy table rows do not prove source-pack provenance",,
sw_plc_cep/pkt_crps04.pwk,"Naming or last table-row classifier disagrees, but duplicate/untagged legacy table rows do not prove source-pack provenance",,
sw_plc_cep/pkt_crps05.mdl,"Naming or last table-row classifier disagrees, but duplicate/untagged legacy table rows do not prove source-pack provenance",,
sw_plc_cep/pkt_crps05.pwk,"Naming or last table-row classifier disagrees, but duplicate/untagged legacy table rows do not prove source-pack provenance",,
sw_plc_cep/pkt_crps06.mdl,"Naming or last table-row classifier disagrees, but duplicate/untagged legacy table rows do not prove source-pack provenance",,
sw_plc_cep/pkt_crps06.pwk,"Naming or last table-row classifier disagrees, but duplicate/untagged legacy table rows do not prove source-pack provenance",,
sw_plc_cep/pkt_crps07.mdl,"Naming or last table-row classifier disagrees, but duplicate/untagged legacy table rows do not prove source-pack provenance",,
sw_plc_cep/pkt_crps07.pwk,"Naming or last table-row classifier disagrees, but duplicate/untagged legacy table rows do not prove source-pack provenance",,
sw_plc_cep/pkt_crps08.mdl,"Naming or last table-row classifier disagrees, but duplicate/untagged legacy table rows do not prove source-pack provenance",,
sw_plc_cep/pkt_crps08.pwk,"Naming or last table-row classifier disagrees, but duplicate/untagged legacy table rows do not prove source-pack provenance",,
sw_plc_cep/pkt_czsign.dds,"Naming or last table-row classifier disagrees, but duplicate/untagged legacy table rows do not prove source-pack provenance",,
sw_plc_cep/pkt_czsign.mdl,"Naming or last table-row classifier disagrees, but duplicate/untagged legacy table rows do not prove source-pack provenance",,
sw_plc_cep/pkt_czsign.pwk,"Naming or last table-row classifier disagrees, but duplicate/untagged legacy table rows do not prove source-pack provenance",,
sw_plc_cep/pkt_dbed.dds,"Naming or last table-row classifier disagrees, but duplicate/untagged legacy table rows do not prove source-pack provenance",,
sw_plc_cep/pkt_dbed.mdl,"Naming or last table-row classifier disagrees, but duplicate/untagged legacy table rows do not prove source-pack provenance",,
sw_plc_cep/pkt_dbed.pwk,"Naming or last table-row classifier disagrees, but duplicate/untagged legacy table rows do not prove source-pack provenance",,
sw_plc_cep/pkt_debris01.dds,"Naming or last table-row classifier disagrees, but duplicate/untagged legacy table rows do not prove source-pack provenance",,
sw_plc_cep/pkt_debris01.mdl,"Naming or last table-row classifier disagrees, but duplicate/untagged legacy table rows do not prove source-pack provenance",,
sw_plc_cep/pkt_debris01.pwk,"Naming or last table-row classifier disagrees, but duplicate/untagged legacy table rows do not prove source-pack provenance",,
sw_plc_cep/pkt_debris02.mdl,"Naming or last table-row classifier disagrees, but duplicate/untagged legacy table rows do not prove source-pack provenance",,
sw_plc_cep/pkt_debris02.pwk,"Naming or last table-row classifier disagrees, but duplicate/untagged legacy table rows do not prove source-pack provenance",,
sw_plc_cep/pkt_decoitem.dds,"Naming or last table-row classifier disagrees, but duplicate/untagged legacy table rows do not prove source-pack provenance",,
sw_plc_cep/pkt_decoitem.mdl,"Naming or last table-row classifier disagrees, but duplicate/untagged legacy table rows do not prove source-pack provenance",,
sw_plc_cep/pkt_decoitem.pwk,"Naming or last table-row classifier disagrees, but duplicate/untagged legacy table rows do not prove source-pack provenance",,
sw_plc_cep/pkt_desk1.dds,"Naming or last table-row classifier disagrees, but duplicate/untagged legacy table rows do not prove source-pack provenance",,
sw_plc_cep/pkt_desk1.mdl,"Naming or last table-row classifier disagrees, but duplicate/untagged legacy table rows do not prove source-pack provenance",,
sw_plc_cep/pkt_desk1.pwk,"Naming or last table-row classifier disagrees, but duplicate/untagged legacy table rows do not prove source-pack provenance",,
sw_plc_cep/pkt_ebon.mdl,"Naming or last table-row classifier disagrees, but duplicate/untagged legacy table rows do not prove source-pack provenance",,
sw_plc_cep/pkt_ebon.pwk,"Naming or last table-row classifier disagrees, but duplicate/untagged legacy table rows do not prove source-pack provenance",,
sw_plc_cep/pkt_extable.dds,"Naming or last table-row classifier disagrees, but duplicate/untagged legacy table rows do not prove source-pack provenance",,
sw_plc_cep/pkt_extable.mdl,"Naming or last table-row classifier disagrees, but duplicate/untagged legacy table rows do not prove source-pack provenance",,
sw_plc_cep/pkt_extable.pwk,"Naming or last table-row classifier disagrees, but duplicate/untagged legacy table rows do not prove source-pack provenance",,
sw_plc_cep/pkt_fdcamp01.mdl,"Naming or last table-row classifier disagrees, but duplicate/untagged legacy table rows do not prove source-pack provenance",,
sw_plc_cep/pkt_fdcamp01.pwk,"Naming or last table-row classifier disagrees, but duplicate/untagged legacy table rows do not prove source-pack provenance",,
sw_plc_cep/pkt_filecab.dds,"Naming or last table-row classifier disagrees, but duplicate/untagged legacy table rows do not prove source-pack provenance",,
sw_plc_cep/pkt_filecab.mdl,"Naming or last table-row classifier disagrees, but duplicate/untagged legacy table rows do not prove source-pack provenance",,
sw_plc_cep/pkt_filecab.pwk,"Naming or last table-row classifier disagrees, but duplicate/untagged legacy table rows do not prove source-pack provenance",,
sw_plc_cep/pkt_food01.dds,"Naming or last table-row classifier disagrees, but duplicate/untagged legacy table rows do not prove source-pack provenance",,
sw_plc_cep/pkt_food01.mdl,"Naming or last table-row classifier disagrees, but duplicate/untagged legacy table rows do not prove source-pack provenance",,
sw_plc_cep/pkt_food01.pwk,"Naming or last table-row classifier disagrees, but duplicate/untagged legacy table rows do not prove source-pack provenance",,
sw_plc_cep/pkt_gen01.dds,"Naming or last table-row classifier disagrees, but duplicate/untagged legacy table rows do not prove source-pack provenance",,
sw_plc_cep/pkt_gen01.mdl,"Naming or last table-row classifier disagrees, but duplicate/untagged legacy table rows do not prove source-pack provenance",,
sw_plc_cep/pkt_gen01.pwk,"Naming or last table-row classifier disagrees, but duplicate/untagged legacy table rows do not prove source-pack provenance",,
sw_plc_cep/pkt_gentable.dds,"Naming or last table-row classifier disagrees, but duplicate/untagged legacy table rows do not prove source-pack provenance",,
sw_plc_cep/pkt_gentable.mdl,"Naming or last table-row classifier disagrees, but duplicate/untagged legacy table rows do not prove source-pack provenance",,
sw_plc_cep/pkt_gentable.pwk,"Naming or last table-row classifier disagrees, but duplicate/untagged legacy table rows do not prove source-pack provenance",,
sw_plc_cep/pkt_hangpln2.mdl,"Naming or last table-row classifier disagrees, but duplicate/untagged legacy table rows do not prove source-pack provenance",,
sw_plc_cep/pkt_hangpln2.pwk,"Naming or last table-row classifier disagrees, but duplicate/untagged legacy table rows do not prove source-pack provenance",,
sw_plc_cep/pkt_hangplnt.mdl,"Naming or last table-row classifier disagrees, but duplicate/untagged legacy table rows do not prove source-pack provenance",,
sw_plc_cep/pkt_hangplnt.pwk,"Naming or last table-row classifier disagrees, but duplicate/untagged legacy table rows do not prove source-pack provenance",,
sw_plc_cep/pkt_holobase01.mdl,"Naming or last table-row classifier disagrees, but duplicate/untagged legacy table rows do not prove source-pack provenance",,
sw_plc_cep/pkt_holobase01.pwk,"Naming or last table-row classifier disagrees, but duplicate/untagged legacy table rows do not prove source-pack provenance",,
sw_plc_cep/pkt_hvrslede.mdl,"Naming or last table-row classifier disagrees, but duplicate/untagged legacy table rows do not prove source-pack provenance",,
sw_plc_cep/pkt_hvrslede.pwk,"Naming or last table-row classifier disagrees, but duplicate/untagged legacy table rows do not prove source-pack provenance",,
sw_plc_cep/pkt_infoterm.mdl,"Naming or last table-row classifier disagrees, but duplicate/untagged legacy table rows do not prove source-pack provenance",,
sw_plc_cep/pkt_infoterm.pwk,"Naming or last table-row classifier disagrees, but duplicate/untagged legacy table rows do not prove source-pack provenance",,
sw_plc_cep/pkt_ithplnt1.mdl,"Naming or last table-row classifier disagrees, but duplicate/untagged legacy table rows do not prove source-pack provenance",,
sw_plc_cep/pkt_ithplnt1.pwk,"Naming or last table-row classifier disagrees, but duplicate/untagged legacy table rows do not prove source-pack provenance",,
sw_plc_cep/pkt_jnkspdr1.dds,"Naming or last table-row classifier disagrees, but duplicate/untagged legacy table rows do not prove source-pack provenance",,
sw_plc_cep/pkt_jnkspdr1.mdl,"Naming or last table-row classifier disagrees, but duplicate/untagged legacy table rows do not prove source-pack provenance",,
sw_plc_cep/pkt_jnkspdr1.pwk,"Naming or last table-row classifier disagrees, but duplicate/untagged legacy table rows do not prove source-pack provenance",,
sw_plc_cep/pkt_jnkspdr2.dds,"Naming or last table-row classifier disagrees, but duplicate/untagged legacy table rows do not prove source-pack provenance",,
sw_plc_cep/pkt_jnkspdr2.mdl,"Naming or last table-row classifier disagrees, but duplicate/untagged legacy table rows do not prove source-pack provenance",,
sw_plc_cep/pkt_jnkspdr2.pwk,"Naming or last table-row classifier disagrees, but duplicate/untagged legacy table rows do not prove source-pack provenance",,
sw_plc_cep/pkt_jnkswpb1.mdl,"Naming or last table-row classifier disagrees, but duplicate/untagged legacy table rows do not prove source-pack provenance",,
sw_plc_cep/pkt_jnkswpb1.pwk,"Naming or last table-row classifier disagrees, but duplicate/untagged legacy table rows do not prove source-pack provenance",,
sw_plc_cep/pkt_jnkswpb2.mdl,"Naming or last table-row classifier disagrees, but duplicate/untagged legacy table rows do not prove source-pack provenance",,
sw_plc_cep/pkt_jnkswpb2.pwk,"Naming or last table-row classifier disagrees, but duplicate/untagged legacy table rows do not prove source-pack provenance",,
sw_plc_cep/pkt_katrncps.mdl,"Naming or last table-row classifier disagrees, but duplicate/untagged legacy table rows do not prove source-pack provenance",,
sw_plc_cep/pkt_katrncps.pwk,"Naming or last table-row classifier disagrees, but duplicate/untagged legacy table rows do not prove source-pack provenance",,
sw_plc_cep/pkt_knrthcps.mdl,"Naming or last table-row classifier disagrees, but duplicate/untagged legacy table rows do not prove source-pack provenance",,
sw_plc_cep/pkt_knrthcps.pwk,"Naming or last table-row classifier disagrees, but duplicate/untagged legacy table rows do not prove source-pack provenance",,
sw_plc_cep/pkt_knrthvin.mdl,"Naming or last table-row classifier disagrees, but duplicate/untagged legacy table rows do not prove source-pack provenance",,
sw_plc_cep/pkt_knrthvin.pwk,"Naming or last table-row classifier disagrees, but duplicate/untagged legacy table rows do not prove source-pack provenance",,
sw_plc_cep/pkt_kolp1.mdl,"Naming or last table-row classifier disagrees, but duplicate/untagged legacy table rows do not prove source-pack provenance",,
sw_plc_cep/pkt_kolp1.pwk,"Naming or last table-row classifier disagrees, but duplicate/untagged legacy table rows do not prove source-pack provenance",,
sw_plc_cep/pkt_koltank.dds,"Naming or last table-row classifier disagrees, but duplicate/untagged legacy table rows do not prove source-pack provenance",,
sw_plc_cep/pkt_koltank.mdl,"Naming or last table-row classifier disagrees, but duplicate/untagged legacy table rows do not prove source-pack provenance",,
sw_plc_cep/pkt_koltank.pwk,"Naming or last table-row classifier disagrees, but duplicate/untagged legacy table rows do not prove source-pack provenance",,
sw_plc_cep/pkt_kttable.mdl,"Naming or last table-row classifier disagrees, but duplicate/untagged legacy table rows do not prove source-pack provenance",,
sw_plc_cep/pkt_kttable.pwk,"Naming or last table-row classifier disagrees, but duplicate/untagged legacy table rows do not prove source-pack provenance",,
sw_plc_cep/pkt_kttools.mdl,"Naming or last table-row classifier disagrees, but duplicate/untagged legacy table rows do not prove source-pack provenance",,
sw_plc_cep/pkt_kttools.pwk,"Naming or last table-row classifier disagrees, but duplicate/untagged legacy table rows do not prove source-pack provenance",,
sw_plc_cep/pkt_lbench.dds,"Naming or last table-row classifier disagrees, but duplicate/untagged legacy table rows do not prove source-pack provenance",,
sw_plc_cep/pkt_lbench.mdl,"Naming or last table-row classifier disagrees, but duplicate/untagged legacy table rows do not prove source-pack provenance",,
sw_plc_cep/pkt_lbench.pwk,"Naming or last table-row classifier disagrees, but duplicate/untagged legacy table rows do not prove source-pack provenance",,
sw_plc_cep/pkt_lever.dds,"Naming or last table-row classifier disagrees, but duplicate/untagged legacy table rows do not prove source-pack provenance",,
sw_plc_cep/pkt_lever.mdl,"Naming or last table-row classifier disagrees, but duplicate/untagged legacy table rows do not prove source-pack provenance",,
sw_plc_cep/pkt_lever.pwk,"Naming or last table-row classifier disagrees, but duplicate/untagged legacy table rows do not prove source-pack provenance",,
sw_plc_cep/pkt_lndspdr1.mdl,"Naming or last table-row classifier disagrees, but duplicate/untagged legacy table rows do not prove source-pack provenance",,
sw_plc_cep/pkt_lndspdr1.pwk,"Naming or last table-row classifier disagrees, but duplicate/untagged legacy table rows do not prove source-pack provenance",,
sw_plc_cep/pkt_lndspdr2.mdl,"Naming or last table-row classifier disagrees, but duplicate/untagged legacy table rows do not prove source-pack provenance",,
sw_plc_cep/pkt_lndspdr2.pwk,"Naming or last table-row classifier disagrees, but duplicate/untagged legacy table rows do not prove source-pack provenance",,
sw_plc_cep/pkt_lndspdr4.mdl,"Naming or last table-row classifier disagrees, but duplicate/untagged legacy table rows do not prove source-pack provenance",,
sw_plc_cep/pkt_lndspdr4.pwk,"Naming or last table-row classifier disagrees, but duplicate/untagged legacy table rows do not prove source-pack provenance",,
sw_plc_cep/pkt_lockers.dds,"Naming or last table-row classifier disagrees, but duplicate/untagged legacy table rows do not prove source-pack provenance",,
sw_plc_cep/pkt_lockers.mdl,"Naming or last table-row classifier disagrees, but duplicate/untagged legacy table rows do not prove source-pack provenance",,
sw_plc_cep/pkt_lockers.pwk,"Naming or last table-row classifier disagrees, but duplicate/untagged legacy table rows do not prove source-pack provenance",,
sw_plc_cep/pkt_lsign06.mdl,"Naming or last table-row classifier disagrees, but duplicate/untagged legacy table rows do not prove source-pack provenance",,
sw_plc_cep/pkt_lsign06.pwk,"Naming or last table-row classifier disagrees, but duplicate/untagged legacy table rows do not prove source-pack provenance",,
sw_plc_cep/pkt_m03x02.mdl,"Naming or last table-row classifier disagrees, but duplicate/untagged legacy table rows do not prove source-pack provenance",,
sw_plc_cep/pkt_m03x02.pwk,"Naming or last table-row classifier disagrees, but duplicate/untagged legacy table rows do not prove source-pack provenance",,
sw_plc_cep/pkt_m03x03.mdl,"Naming or last table-row classifier disagrees, but duplicate/untagged legacy table rows do not prove source-pack provenance",,
sw_plc_cep/pkt_m03x03.pwk,"Naming or last table-row classifier disagrees, but duplicate/untagged legacy table rows do not prove source-pack provenance",,
sw_plc_cep/pkt_m03x04.mdl,"Naming or last table-row classifier disagrees, but duplicate/untagged legacy table rows do not prove source-pack provenance",,
sw_plc_cep/pkt_m03x04.pwk,"Naming or last table-row classifier disagrees, but duplicate/untagged legacy table rows do not prove source-pack provenance",,
sw_plc_cep/pkt_m03x07.mdl,"Naming or last table-row classifier disagrees, but duplicate/untagged legacy table rows do not prove source-pack provenance",,
sw_plc_cep/pkt_m03x07.pwk,"Naming or last table-row classifier disagrees, but duplicate/untagged legacy table rows do not prove source-pack provenance",,
sw_plc_cep/pkt_m03x08.mdl,"Naming or last table-row classifier disagrees, but duplicate/untagged legacy table rows do not prove source-pack provenance",,
sw_plc_cep/pkt_m03x08.pwk,"Naming or last table-row classifier disagrees, but duplicate/untagged legacy table rows do not prove source-pack provenance",,
sw_plc_cep/pkt_m03x09.mdl,"Naming or last table-row classifier disagrees, but duplicate/untagged legacy table rows do not prove source-pack provenance",,
sw_plc_cep/pkt_m03x09.pwk,"Naming or last table-row classifier disagrees, but duplicate/untagged legacy table rows do not prove source-pack provenance",,
sw_plc_cep/pkt_m03x10.mdl,"Naming or last table-row classifier disagrees, but duplicate/untagged legacy table rows do not prove source-pack provenance",,
sw_plc_cep/pkt_m03x10.pwk,"Naming or last table-row classifier disagrees, but duplicate/untagged legacy table rows do not prove source-pack provenance",,
sw_plc_cep/pkt_m03x11.mdl,"Naming or last table-row classifier disagrees, but duplicate/untagged legacy table rows do not prove source-pack provenance",,
sw_plc_cep/pkt_m03x11.pwk,"Naming or last table-row classifier disagrees, but duplicate/untagged legacy table rows do not prove source-pack provenance",,
sw_plc_cep/pkt_m03x12.mdl,"Naming or last table-row classifier disagrees, but duplicate/untagged legacy table rows do not prove source-pack provenance",,
sw_plc_cep/pkt_m03x12.pwk,"Naming or last table-row classifier disagrees, but duplicate/untagged legacy table rows do not prove source-pack provenance",,
sw_plc_cep/pkt_m03x14.mdl,"Naming or last table-row classifier disagrees, but duplicate/untagged legacy table rows do not prove source-pack provenance",,
sw_plc_cep/pkt_m03x14.pwk,"Naming or last table-row classifier disagrees, but duplicate/untagged legacy table rows do not prove source-pack provenance",,
sw_plc_cep/pkt_m03x15.mdl,"Naming or last table-row classifier disagrees, but duplicate/untagged legacy table rows do not prove source-pack provenance",,
sw_plc_cep/pkt_m03x15.pwk,"Naming or last table-row classifier disagrees, but duplicate/untagged legacy table rows do not prove source-pack provenance",,
sw_plc_cep/pkt_m03x16.mdl,"Naming or last table-row classifier disagrees, but duplicate/untagged legacy table rows do not prove source-pack provenance",,
sw_plc_cep/pkt_m03x16.pwk,"Naming or last table-row classifier disagrees, but duplicate/untagged legacy table rows do not prove source-pack provenance",,
sw_plc_cep/pkt_m03x17.mdl,"Naming or last table-row classifier disagrees, but duplicate/untagged legacy table rows do not prove source-pack provenance",,
sw_plc_cep/pkt_m03x17.pwk,"Naming or last table-row classifier disagrees, but duplicate/untagged legacy table rows do not prove source-pack provenance",,
sw_plc_cep/pkt_m03x18.mdl,"Naming or last table-row classifier disagrees, but duplicate/untagged legacy table rows do not prove source-pack provenance",,
sw_plc_cep/pkt_m03x18.pwk,"Naming or last table-row classifier disagrees, but duplicate/untagged legacy table rows do not prove source-pack provenance",,
sw_plc_cep/pkt_m03x19.mdl,"Naming or last table-row classifier disagrees, but duplicate/untagged legacy table rows do not prove source-pack provenance",,
sw_plc_cep/pkt_m03x19.pwk,"Naming or last table-row classifier disagrees, but duplicate/untagged legacy table rows do not prove source-pack provenance",,
sw_plc_cep/pkt_m03x21.mdl,"Naming or last table-row classifier disagrees, but duplicate/untagged legacy table rows do not prove source-pack provenance",,
sw_plc_cep/pkt_m03x21.pwk,"Naming or last table-row classifier disagrees, but duplicate/untagged legacy table rows do not prove source-pack provenance",,
sw_plc_cep/pkt_m03x22.mdl,"Naming or last table-row classifier disagrees, but duplicate/untagged legacy table rows do not prove source-pack provenance",,
sw_plc_cep/pkt_m03x22.pwk,"Naming or last table-row classifier disagrees, but duplicate/untagged legacy table rows do not prove source-pack provenance",,
sw_plc_cep/pkt_m03x23.mdl,"Naming or last table-row classifier disagrees, but duplicate/untagged legacy table rows do not prove source-pack provenance",,
sw_plc_cep/pkt_m03x23.pwk,"Naming or last table-row classifier disagrees, but duplicate/untagged legacy table rows do not prove source-pack provenance",,
sw_plc_cep/pkt_m03x24.mdl,"Naming or last table-row classifier disagrees, but duplicate/untagged legacy table rows do not prove source-pack provenance",,
sw_plc_cep/pkt_m03x24.pwk,"Naming or last table-row classifier disagrees, but duplicate/untagged legacy table rows do not prove source-pack provenance",,
sw_plc_cep/pkt_m03x25.mdl,"Naming or last table-row classifier disagrees, but duplicate/untagged legacy table rows do not prove source-pack provenance",,
sw_plc_cep/pkt_m03x25.pwk,"Naming or last table-row classifier disagrees, but duplicate/untagged legacy table rows do not prove source-pack provenance",,
sw_plc_cep/pkt_m03x26.mdl,"Naming or last table-row classifier disagrees, but duplicate/untagged legacy table rows do not prove source-pack provenance",,
sw_plc_cep/pkt_m03x26.pwk,"Naming or last table-row classifier disagrees, but duplicate/untagged legacy table rows do not prove source-pack provenance",,
sw_plc_cep/pkt_m03x27.mdl,"Naming or last table-row classifier disagrees, but duplicate/untagged legacy table rows do not prove source-pack provenance",,
sw_plc_cep/pkt_m03x27.pwk,"Naming or last table-row classifier disagrees, but duplicate/untagged legacy table rows do not prove source-pack provenance",,
sw_plc_cep/pkt_m03x28.mdl,"Naming or last table-row classifier disagrees, but duplicate/untagged legacy table rows do not prove source-pack provenance",,
sw_plc_cep/pkt_m03x28.pwk,"Naming or last table-row classifier disagrees, but duplicate/untagged legacy table rows do not prove source-pack provenance",,
sw_plc_cep/pkt_m03x29.mdl,"Naming or last table-row classifier disagrees, but duplicate/untagged legacy table rows do not prove source-pack provenance",,
sw_plc_cep/pkt_m03x29.pwk,"Naming or last table-row classifier disagrees, but duplicate/untagged legacy table rows do not prove source-pack provenance",,
sw_plc_cep/pkt_m03x30.mdl,"Naming or last table-row classifier disagrees, but duplicate/untagged legacy table rows do not prove source-pack provenance",,
sw_plc_cep/pkt_m03x30.pwk,"Naming or last table-row classifier disagrees, but duplicate/untagged legacy table rows do not prove source-pack provenance",,
sw_plc_cep/pkt_m03x31.mdl,"Naming or last table-row classifier disagrees, but duplicate/untagged legacy table rows do not prove source-pack provenance",,
sw_plc_cep/pkt_m03x31.pwk,"Naming or last table-row classifier disagrees, but duplicate/untagged legacy table rows do not prove source-pack provenance",,
sw_plc_cep/pkt_m03x32.mdl,"Naming or last table-row classifier disagrees, but duplicate/untagged legacy table rows do not prove source-pack provenance",,
sw_plc_cep/pkt_m03x32.pwk,"Naming or last table-row classifier disagrees, but duplicate/untagged legacy table rows do not prove source-pack provenance",,
sw_plc_cep/pkt_m03x33.mdl,"Naming or last table-row classifier disagrees, but duplicate/untagged legacy table rows do not prove source-pack provenance",,
sw_plc_cep/pkt_m03x33.pwk,"Naming or last table-row classifier disagrees, but duplicate/untagged legacy table rows do not prove source-pack provenance",,
sw_plc_cep/pkt_m03x34.mdl,"Naming or last table-row classifier disagrees, but duplicate/untagged legacy table rows do not prove source-pack provenance",,
sw_plc_cep/pkt_m03x34.pwk,"Naming or last table-row classifier disagrees, but duplicate/untagged legacy table rows do not prove source-pack provenance",,
sw_plc_cep/pkt_m09x01.mdl,"Naming or last table-row classifier disagrees, but duplicate/untagged legacy table rows do not prove source-pack provenance",,
sw_plc_cep/pkt_m09x01.pwk,"Naming or last table-row classifier disagrees, but duplicate/untagged legacy table rows do not prove source-pack provenance",,
sw_plc_cep/pkt_m09x02.mdl,"Naming or last table-row classifier disagrees, but duplicate/untagged legacy table rows do not prove source-pack provenance",,
sw_plc_cep/pkt_m09x02.pwk,"Naming or last table-row classifier disagrees, but duplicate/untagged legacy table rows do not prove source-pack provenance",,
sw_plc_cep/pkt_m09x03.mdl,"Naming or last table-row classifier disagrees, but duplicate/untagged legacy table rows do not prove source-pack provenance",,
sw_plc_cep/pkt_m09x03.pwk,"Naming or last table-row classifier disagrees, but duplicate/untagged legacy table rows do not prove source-pack provenance",,
sw_plc_cep/pkt_m09x04.mdl,"Naming or last table-row classifier disagrees, but duplicate/untagged legacy table rows do not prove source-pack provenance",,
sw_plc_cep/pkt_m09x04.pwk,"Naming or last table-row classifier disagrees, but duplicate/untagged legacy table rows do not prove source-pack provenance",,
sw_plc_cep/pkt_m09x05.mdl,"Naming or last table-row classifier disagrees, but duplicate/untagged legacy table rows do not prove source-pack provenance",,
sw_plc_cep/pkt_m09x05.pwk,"Naming or last table-row classifier disagrees, but duplicate/untagged legacy table rows do not prove source-pack provenance",,
sw_plc_cep/pkt_m09x06.mdl,"Naming or last table-row classifier disagrees, but duplicate/untagged legacy table rows do not prove source-pack provenance",,
sw_plc_cep/pkt_m09x06.pwk,"Naming or last table-row classifier disagrees, but duplicate/untagged legacy table rows do not prove source-pack provenance",,
sw_plc_cep/pkt_m09x07.mdl,"Naming or last table-row classifier disagrees, but duplicate/untagged legacy table rows do not prove source-pack provenance",,
sw_plc_cep/pkt_m09x07.pwk,"Naming or last table-row classifier disagrees, but duplicate/untagged legacy table rows do not prove source-pack provenance",,
sw_plc_cep/pkt_m09x08.mdl,"Naming or last table-row classifier disagrees, but duplicate/untagged legacy table rows do not prove source-pack provenance",,
sw_plc_cep/pkt_m09x08.pwk,"Naming or last table-row classifier disagrees, but duplicate/untagged legacy table rows do not prove source-pack provenance",,
sw_plc_cep/pkt_m09x09.mdl,"Naming or last table-row classifier disagrees, but duplicate/untagged legacy table rows do not prove source-pack provenance",,
sw_plc_cep/pkt_m09x09.pwk,"Naming or last table-row classifier disagrees, but duplicate/untagged legacy table rows do not prove source-pack provenance",,
sw_plc_cep/pkt_m09x10.mdl,"Naming or last table-row classifier disagrees, but duplicate/untagged legacy table rows do not prove source-pack provenance",,
sw_plc_cep/pkt_m09x10.pwk,"Naming or last table-row classifier disagrees, but duplicate/untagged legacy table rows do not prove source-pack provenance",,
sw_plc_cep/pkt_m09x11.mdl,"Naming or last table-row classifier disagrees, but duplicate/untagged legacy table rows do not prove source-pack provenance",,
sw_plc_cep/pkt_m09x11.pwk,"Naming or last table-row classifier disagrees, but duplicate/untagged legacy table rows do not prove source-pack provenance",,
sw_plc_cep/pkt_m09x12.mdl,"Naming or last table-row classifier disagrees, but duplicate/untagged legacy table rows do not prove source-pack provenance",,
sw_plc_cep/pkt_m09x12.pwk,"Naming or last table-row classifier disagrees, but duplicate/untagged legacy table rows do not prove source-pack provenance",,
sw_plc_cep/pkt_m1_01.mdl,"Naming or last table-row classifier disagrees, but duplicate/untagged legacy table rows do not prove source-pack provenance",,
sw_plc_cep/pkt_m1_01.pwk,"Naming or last table-row classifier disagrees, but duplicate/untagged legacy table rows do not prove source-pack provenance",,
sw_plc_cep/pkt_m1_02.mdl,"Naming or last table-row classifier disagrees, but duplicate/untagged legacy table rows do not prove source-pack provenance",,
sw_plc_cep/pkt_m1_02.pwk,"Naming or last table-row classifier disagrees, but duplicate/untagged legacy table rows do not prove source-pack provenance",,
sw_plc_cep/pkt_m1_03.mdl,"Naming or last table-row classifier disagrees, but duplicate/untagged legacy table rows do not prove source-pack provenance",,
sw_plc_cep/pkt_m1_03.pwk,"Naming or last table-row classifier disagrees, but duplicate/untagged legacy table rows do not prove source-pack provenance",,
sw_plc_cep/pkt_m1_04.mdl,"Naming or last table-row classifier disagrees, but duplicate/untagged legacy table rows do not prove source-pack provenance",,
sw_plc_cep/pkt_m1_04.pwk,"Naming or last table-row classifier disagrees, but duplicate/untagged legacy table rows do not prove source-pack provenance",,
sw_plc_cep/pkt_m1_05.mdl,"Naming or last table-row classifier disagrees, but duplicate/untagged legacy table rows do not prove source-pack provenance",,
sw_plc_cep/pkt_m1_05.pwk,"Naming or last table-row classifier disagrees, but duplicate/untagged legacy table rows do not prove source-pack provenance",,
sw_plc_cep/pkt_m1_06.mdl,"Naming or last table-row classifier disagrees, but duplicate/untagged legacy table rows do not prove source-pack provenance",,
sw_plc_cep/pkt_m1_06.pwk,"Naming or last table-row classifier disagrees, but duplicate/untagged legacy table rows do not prove source-pack provenance",,
sw_plc_cep/pkt_m1_07.mdl,"Naming or last table-row classifier disagrees, but duplicate/untagged legacy table rows do not prove source-pack provenance",,
sw_plc_cep/pkt_m1_07.pwk,"Naming or last table-row classifier disagrees, but duplicate/untagged legacy table rows do not prove source-pack provenance",,
sw_plc_cep/pkt_m1_08.mdl,"Naming or last table-row classifier disagrees, but duplicate/untagged legacy table rows do not prove source-pack provenance",,
sw_plc_cep/pkt_m1_08.pwk,"Naming or last table-row classifier disagrees, but duplicate/untagged legacy table rows do not prove source-pack provenance",,
sw_plc_cep/pkt_malcrp1.mdl,"Naming or last table-row classifier disagrees, but duplicate/untagged legacy table rows do not prove source-pack provenance",,
sw_plc_cep/pkt_malcrp1.pwk,"Naming or last table-row classifier disagrees, but duplicate/untagged legacy table rows do not prove source-pack provenance",,
sw_plc_cep/pkt_mantab1.dds,"Naming or last table-row classifier disagrees, but duplicate/untagged legacy table rows do not prove source-pack provenance",,
sw_plc_cep/pkt_mantab1.mdl,"Naming or last table-row classifier disagrees, but duplicate/untagged legacy table rows do not prove source-pack provenance",,
sw_plc_cep/pkt_mantab1.pwk,"Naming or last table-row classifier disagrees, but duplicate/untagged legacy table rows do not prove source-pack provenance",,
sw_plc_cep/pkt_mantab2.dds,"Naming or last table-row classifier disagrees, but duplicate/untagged legacy table rows do not prove source-pack provenance",,
sw_plc_cep/pkt_mantab2.mdl,"Naming or last table-row classifier disagrees, but duplicate/untagged legacy table rows do not prove source-pack provenance",,
sw_plc_cep/pkt_mantab2.pwk,"Naming or last table-row classifier disagrees, but duplicate/untagged legacy table rows do not prove source-pack provenance",,
sw_plc_cep/pkt_marker.mdl,"Naming or last table-row classifier disagrees, but duplicate/untagged legacy table rows do not prove source-pack provenance",,
sw_plc_cep/pkt_marker.pwk,"Naming or last table-row classifier disagrees, but duplicate/untagged legacy table rows do not prove source-pack provenance",,
sw_plc_cep/pkt_mdetect.dds,"Naming or last table-row classifier disagrees, but duplicate/untagged legacy table rows do not prove source-pack provenance",,
sw_plc_cep/pkt_mdetect.mdl,"Naming or last table-row classifier disagrees, but duplicate/untagged legacy table rows do not prove source-pack provenance",,
sw_plc_cep/pkt_mdetect.pwk,"Naming or last table-row classifier disagrees, but duplicate/untagged legacy table rows do not prove source-pack provenance",,
sw_plc_cep/pkt_medbench.dds,"Naming or last table-row classifier disagrees, but duplicate/untagged legacy table rows do not prove source-pack provenance",,
sw_plc_cep/pkt_medbench.mdl,"Naming or last table-row classifier disagrees, but duplicate/untagged legacy table rows do not prove source-pack provenance",,
sw_plc_cep/pkt_medbench.pwk,"Naming or last table-row classifier disagrees, but duplicate/untagged legacy table rows do not prove source-pack provenance",,
sw_plc_cep/pkt_medcan.mdl,"Naming or last table-row classifier disagrees, but duplicate/untagged legacy table rows do not prove source-pack provenance",,
sw_plc_cep/pkt_medcan.pwk,"Naming or last table-row classifier disagrees, but duplicate/untagged legacy table rows do not prove source-pack provenance",,
sw_plc_cep/pkt_medcan2.dds,"Naming or last table-row classifier disagrees, but duplicate/untagged legacy table rows do not prove source-pack provenance",,
sw_plc_cep/pkt_medcan2.mdl,"Naming or last table-row classifier disagrees, but duplicate/untagged legacy table rows do not prove source-pack provenance",,
sw_plc_cep/pkt_medcan2.pwk,"Naming or last table-row classifier disagrees, but duplicate/untagged legacy table rows do not prove source-pack provenance",,
sw_plc_cep/pkt_metalbox.dds,"Naming or last table-row classifier disagrees, but duplicate/untagged legacy table rows do not prove source-pack provenance",,
sw_plc_cep/pkt_metalbox.mdl,"Naming or last table-row classifier disagrees, but duplicate/untagged legacy table rows do not prove source-pack provenance",,
sw_plc_cep/pkt_metalbox.pwk,"Naming or last table-row classifier disagrees, but duplicate/untagged legacy table rows do not prove source-pack provenance",,
sw_plc_cep/pkt_montic01.dds,"Naming or last table-row classifier disagrees, but duplicate/untagged legacy table rows do not prove source-pack provenance",,
sw_plc_cep/pkt_montic01.mdl,"Naming or last table-row classifier disagrees, but duplicate/untagged legacy table rows do not prove source-pack provenance",,
sw_plc_cep/pkt_montic01.pwk,"Naming or last table-row classifier disagrees, but duplicate/untagged legacy table rows do not prove source-pack provenance",,
sw_plc_cep/pkt_mstation.dds,"Naming or last table-row classifier disagrees, but duplicate/untagged legacy table rows do not prove source-pack provenance",,
sw_plc_cep/pkt_mstation.mdl,"Naming or last table-row classifier disagrees, but duplicate/untagged legacy table rows do not prove source-pack provenance",,
sw_plc_cep/pkt_mstation.pwk,"Naming or last table-row classifier disagrees, but duplicate/untagged legacy table rows do not prove source-pack provenance",,
sw_plc_cep/pkt_mstrevap.mdl,"Naming or last table-row classifier disagrees, but duplicate/untagged legacy table rows do not prove source-pack provenance",,
sw_plc_cep/pkt_mstrevap.pwk,"Naming or last table-row classifier disagrees, but duplicate/untagged legacy table rows do not prove source-pack provenance",,
sw_plc_cep/pkt_nadcom.mdl,"Naming or last table-row classifier disagrees, but duplicate/untagged legacy table rows do not prove source-pack provenance",,
sw_plc_cep/pkt_nadcom.pwk,"Naming or last table-row classifier disagrees, but duplicate/untagged legacy table rows do not prove source-pack provenance",,
sw_plc_cep/pkt_nillckr.mdl,"Naming or last table-row classifier disagrees, but duplicate/untagged legacy table rows do not prove source-pack provenance",,
sw_plc_cep/pkt_nillckr.pwk,"Naming or last table-row classifier disagrees, but duplicate/untagged legacy table rows do not prove source-pack provenance",,
sw_plc_cep/pkt_offceq01.mdl,"Naming or last table-row classifier disagrees, but duplicate/untagged legacy table rows do not prove source-pack provenance",,
sw_plc_cep/pkt_offceq01.pwk,"Naming or last table-row classifier disagrees, but duplicate/untagged legacy table rows do not prove source-pack provenance",,
sw_plc_cep/pkt_offceq02.mdl,"Naming or last table-row classifier disagrees, but duplicate/untagged legacy table rows do not prove source-pack provenance",,
sw_plc_cep/pkt_offceq02.pwk,"Naming or last table-row classifier disagrees, but duplicate/untagged legacy table rows do not prove source-pack provenance",,
sw_plc_cep/pkt_oilbath.dds,"Naming or last table-row classifier disagrees, but duplicate/untagged legacy table rows do not prove source-pack provenance",,
sw_plc_cep/pkt_oilbath.mdl,"Naming or last table-row classifier disagrees, but duplicate/untagged legacy table rows do not prove source-pack provenance",,
sw_plc_cep/pkt_oilbath.pwk,"Naming or last table-row classifier disagrees, but duplicate/untagged legacy table rows do not prove source-pack provenance",,
sw_plc_cep/pkt_pannel01.mdl,"Naming or last table-row classifier disagrees, but duplicate/untagged legacy table rows do not prove source-pack provenance",,
sw_plc_cep/pkt_pannel01.pwk,"Naming or last table-row classifier disagrees, but duplicate/untagged legacy table rows do not prove source-pack provenance",,
sw_plc_cep/pkt_pannel02.mdl,"Naming or last table-row classifier disagrees, but duplicate/untagged legacy table rows do not prove source-pack provenance",,
sw_plc_cep/pkt_pannel02.pwk,"Naming or last table-row classifier disagrees, but duplicate/untagged legacy table rows do not prove source-pack provenance",,
sw_plc_cep/pkt_partpil2.mdl,"Naming or last table-row classifier disagrees, but duplicate/untagged legacy table rows do not prove source-pack provenance",,
sw_plc_cep/pkt_partpil2.pwk,"Naming or last table-row classifier disagrees, but duplicate/untagged legacy table rows do not prove source-pack provenance",,
sw_plc_cep/pkt_patient.dds,"Naming or last table-row classifier disagrees, but duplicate/untagged legacy table rows do not prove source-pack provenance",,
sw_plc_cep/pkt_patient.mdl,"Naming or last table-row classifier disagrees, but duplicate/untagged legacy table rows do not prove source-pack provenance",,
sw_plc_cep/pkt_patient.pwk,"Naming or last table-row classifier disagrees, but duplicate/untagged legacy table rows do not prove source-pack provenance",,
sw_plc_cep/pkt_pazaak.dds,"Naming or last table-row classifier disagrees, but duplicate/untagged legacy table rows do not prove source-pack provenance",,
sw_plc_cep/pkt_pazaak.mdl,"Naming or last table-row classifier disagrees, but duplicate/untagged legacy table rows do not prove source-pack provenance",,
sw_plc_cep/pkt_pazaak.pwk,"Naming or last table-row classifier disagrees, but duplicate/untagged legacy table rows do not prove source-pack provenance",,
sw_plc_cep/pkt_pazaak2.mdl,"Naming or last table-row classifier disagrees, but duplicate/untagged legacy table rows do not prove source-pack provenance",,
sw_plc_cep/pkt_pazaak2.pwk,"Naming or last table-row classifier disagrees, but duplicate/untagged legacy table rows do not prove source-pack provenance",,
sw_plc_cep/pkt_permadet.dds,"Naming or last table-row classifier disagrees, but duplicate/untagged legacy table rows do not prove source-pack provenance",,
sw_plc_cep/pkt_permadet.mdl,"Naming or last table-row classifier disagrees, but duplicate/untagged legacy table rows do not prove source-pack provenance",,
sw_plc_cep/pkt_permadet.pwk,"Naming or last table-row classifier disagrees, but duplicate/untagged legacy table rows do not prove source-pack provenance",,
sw_plc_cep/pkt_plant1.dds,"Naming or last table-row classifier disagrees, but duplicate/untagged legacy table rows do not prove source-pack provenance",,
sw_plc_cep/pkt_plant1.mdl,"Naming or last table-row classifier disagrees, but duplicate/untagged legacy table rows do not prove source-pack provenance",,
sw_plc_cep/pkt_plant1.pwk,"Naming or last table-row classifier disagrees, but duplicate/untagged legacy table rows do not prove source-pack provenance",,
sw_plc_cep/pkt_plant2.dds,"Naming or last table-row classifier disagrees, but duplicate/untagged legacy table rows do not prove source-pack provenance",,
sw_plc_cep/pkt_plant2.mdl,"Naming or last table-row classifier disagrees, but duplicate/untagged legacy table rows do not prove source-pack provenance",,
sw_plc_cep/pkt_plant2.pwk,"Naming or last table-row classifier disagrees, but duplicate/untagged legacy table rows do not prove source-pack provenance",,
sw_plc_cep/pkt_plant6.mdl,"Naming or last table-row classifier disagrees, but duplicate/untagged legacy table rows do not prove source-pack provenance",,
sw_plc_cep/pkt_plant6.pwk,"Naming or last table-row classifier disagrees, but duplicate/untagged legacy table rows do not prove source-pack provenance",,
sw_plc_cep/pkt_planter2.mdl,"Naming or last table-row classifier disagrees, but duplicate/untagged legacy table rows do not prove source-pack provenance",,
sw_plc_cep/pkt_planter2.pwk,"Naming or last table-row classifier disagrees, but duplicate/untagged legacy table rows do not prove source-pack provenance",,
sw_plc_cep/pkt_plstccrt.mdl,"Naming or last table-row classifier disagrees, but duplicate/untagged legacy table rows do not prove source-pack provenance",,
sw_plc_cep/pkt_plstccrt.pwk,"Naming or last table-row classifier disagrees, but duplicate/untagged legacy table rows do not prove source-pack provenance",,
sw_plc_cep/pkt_potbr1.mdl,"Naming or last table-row classifier disagrees, but duplicate/untagged legacy table rows do not prove source-pack provenance",,
sw_plc_cep/pkt_potbr1.pwk,"Naming or last table-row classifier disagrees, but duplicate/untagged legacy table rows do not prove source-pack provenance",,
sw_plc_cep/pkt_potwh1.mdl,"Naming or last table-row classifier disagrees, but duplicate/untagged legacy table rows do not prove source-pack provenance",,
sw_plc_cep/pkt_potwh1.pwk,"Naming or last table-row classifier disagrees, but duplicate/untagged legacy table rows do not prove source-pack provenance",,
sw_plc_cep/pkt_poutrr01.mdl,"Naming or last table-row classifier disagrees, but duplicate/untagged legacy table rows do not prove source-pack provenance",,
sw_plc_cep/pkt_poutrr01.pwk,"Naming or last table-row classifier disagrees, but duplicate/untagged legacy table rows do not prove source-pack provenance",,
sw_plc_cep/pkt_pplant01.mdl,"Naming or last table-row classifier disagrees, but duplicate/untagged legacy table rows do not prove source-pack provenance",,
sw_plc_cep/pkt_pplant01.pwk,"Naming or last table-row classifier disagrees, but duplicate/untagged legacy table rows do not prove source-pack provenance",,
sw_plc_cep/pkt_pplant02.mdl,"Naming or last table-row classifier disagrees, but duplicate/untagged legacy table rows do not prove source-pack provenance",,
sw_plc_cep/pkt_pplant02.pwk,"Naming or last table-row classifier disagrees, but duplicate/untagged legacy table rows do not prove source-pack provenance",,
sw_plc_cep/pkt_ragp.dds,"Naming or last table-row classifier disagrees, but duplicate/untagged legacy table rows do not prove source-pack provenance",,
sw_plc_cep/pkt_ragp.mdl,"Naming or last table-row classifier disagrees, but duplicate/untagged legacy table rows do not prove source-pack provenance",,
sw_plc_cep/pkt_ragp.pwk,"Naming or last table-row classifier disagrees, but duplicate/untagged legacy table rows do not prove source-pack provenance",,
sw_plc_cep/pkt_rakatbed.dds,"Naming or last table-row classifier disagrees, but duplicate/untagged legacy table rows do not prove source-pack provenance",,
sw_plc_cep/pkt_rakatbed.mdl,"Naming or last table-row classifier disagrees, but duplicate/untagged legacy table rows do not prove source-pack provenance",,
sw_plc_cep/pkt_rakatbed.pwk,"Naming or last table-row classifier disagrees, but duplicate/untagged legacy table rows do not prove source-pack provenance",,
sw_plc_cep/pkt_rakatcom.dds,"Naming or last table-row classifier disagrees, but duplicate/untagged legacy table rows do not prove source-pack provenance",,
sw_plc_cep/pkt_rakatcom.mdl,"Naming or last table-row classifier disagrees, but duplicate/untagged legacy table rows do not prove source-pack provenance",,
sw_plc_cep/pkt_rakatcom.pwk,"Naming or last table-row classifier disagrees, but duplicate/untagged legacy table rows do not prove source-pack provenance",,
sw_plc_cep/pkt_rakatcrp.dds,"Naming or last table-row classifier disagrees, but duplicate/untagged legacy table rows do not prove source-pack provenance",,
sw_plc_cep/pkt_rakatcrp.mdl,"Naming or last table-row classifier disagrees, but duplicate/untagged legacy table rows do not prove source-pack provenance",,
sw_plc_cep/pkt_rakatcrp.pwk,"Naming or last table-row classifier disagrees, but duplicate/untagged legacy table rows do not prove source-pack provenance",,
sw_plc_cep/pkt_rakatflg.dds,"Naming or last table-row classifier disagrees, but duplicate/untagged legacy table rows do not prove source-pack provenance",,
sw_plc_cep/pkt_rakatflg.mdl,"Naming or last table-row classifier disagrees, but duplicate/untagged legacy table rows do not prove source-pack provenance",,
sw_plc_cep/pkt_rakatflg.pwk,"Naming or last table-row classifier disagrees, but duplicate/untagged legacy table rows do not prove source-pack provenance",,
sw_plc_cep/pkt_rakathol.mdl,"Naming or last table-row classifier disagrees, but duplicate/untagged legacy table rows do not prove source-pack provenance",,
sw_plc_cep/pkt_rakathol.pwk,"Naming or last table-row classifier disagrees, but duplicate/untagged legacy table rows do not prove source-pack provenance",,
sw_plc_cep/pkt_rb1.mdl,"Naming or last table-row classifier disagrees, but duplicate/untagged legacy table rows do not prove source-pack provenance",,
sw_plc_cep/pkt_rb1.pwk,"Naming or last table-row classifier disagrees, but duplicate/untagged legacy table rows do not prove source-pack provenance",,
sw_plc_cep/pkt_repequip.dds,"Naming or last table-row classifier disagrees, but duplicate/untagged legacy table rows do not prove source-pack provenance",,
sw_plc_cep/pkt_repequip.mdl,"Naming or last table-row classifier disagrees, but duplicate/untagged legacy table rows do not prove source-pack provenance",,
sw_plc_cep/pkt_repequip.pwk,"Naming or last table-row classifier disagrees, but duplicate/untagged legacy table rows do not prove source-pack provenance",,
sw_plc_cep/pkt_reptab1.mdl,"Naming or last table-row classifier disagrees, but duplicate/untagged legacy table rows do not prove source-pack provenance",,
sw_plc_cep/pkt_reptab1.pwk,"Naming or last table-row classifier disagrees, but duplicate/untagged legacy table rows do not prove source-pack provenance",,
sw_plc_cep/pkt_rfpilesm.mdl,"Naming or last table-row classifier disagrees, but duplicate/untagged legacy table rows do not prove source-pack provenance",,
sw_plc_cep/pkt_rfpilesm.pwk,"Naming or last table-row classifier disagrees, but duplicate/untagged legacy table rows do not prove source-pack provenance",,
sw_plc_cep/pkt_riflepts.dds,"Naming or last table-row classifier disagrees, but duplicate/untagged legacy table rows do not prove source-pack provenance",,
sw_plc_cep/pkt_riflepts.mdl,"Naming or last table-row classifier disagrees, but duplicate/untagged legacy table rows do not prove source-pack provenance",,
sw_plc_cep/pkt_riflepts.pwk,"Naming or last table-row classifier disagrees, but duplicate/untagged legacy table rows do not prove source-pack provenance",,
sw_plc_cep/pkt_rneoblsk.mdl,"Naming or last table-row classifier disagrees, but duplicate/untagged legacy table rows do not prove source-pack provenance",,
sw_plc_cep/pkt_rneoblsk.pwk,"Naming or last table-row classifier disagrees, but duplicate/untagged legacy table rows do not prove source-pack provenance",,
sw_plc_cep/pkt_rnepillr.dds,"Naming or last table-row classifier disagrees, but duplicate/untagged legacy table rows do not prove source-pack provenance",,
sw_plc_cep/pkt_rnepillr.mdl,"Naming or last table-row classifier disagrees, but duplicate/untagged legacy table rows do not prove source-pack provenance",,
sw_plc_cep/pkt_rnepillr.pwk,"Naming or last table-row classifier disagrees, but duplicate/untagged legacy table rows do not prove source-pack provenance",,
sw_plc_cep/pkt_robo1lie.mdl,"Naming or last table-row classifier disagrees, but duplicate/untagged legacy table rows do not prove source-pack provenance",,
sw_plc_cep/pkt_robo1lie.pwk,"Naming or last table-row classifier disagrees, but duplicate/untagged legacy table rows do not prove source-pack provenance",,
sw_plc_cep/pkt_robo2lie.mdl,"Naming or last table-row classifier disagrees, but duplicate/untagged legacy table rows do not prove source-pack provenance",,
sw_plc_cep/pkt_robo2lie.pwk,"Naming or last table-row classifier disagrees, but duplicate/untagged legacy table rows do not prove source-pack provenance",,
sw_plc_cep/pkt_robot02.mdl,"Naming or last table-row classifier disagrees, but duplicate/untagged legacy table rows do not prove source-pack provenance",,
sw_plc_cep/pkt_robot02.pwk,"Naming or last table-row classifier disagrees, but duplicate/untagged legacy table rows do not prove source-pack provenance",,
sw_plc_cep/pkt_robotkc01.mdl,"Naming or last table-row classifier disagrees, but duplicate/untagged legacy table rows do not prove source-pack provenance",,
sw_plc_cep/pkt_robotkc01.pwk,"Naming or last table-row classifier disagrees, but duplicate/untagged legacy table rows do not prove source-pack provenance",,
sw_plc_cep/pkt_rpcont1.mdl,"Naming or last table-row classifier disagrees, but duplicate/untagged legacy table rows do not prove source-pack provenance",,
sw_plc_cep/pkt_rpcont1.pwk,"Naming or last table-row classifier disagrees, but duplicate/untagged legacy table rows do not prove source-pack provenance",,
sw_plc_cep/pkt_rpcont2.mdl,"Naming or last table-row classifier disagrees, but duplicate/untagged legacy table rows do not prove source-pack provenance",,
sw_plc_cep/pkt_rpcont2.pwk,"Naming or last table-row classifier disagrees, but duplicate/untagged legacy table rows do not prove source-pack provenance",,
sw_plc_cep/pkt_rsldcrps.mdl,"Naming or last table-row classifier disagrees, but duplicate/untagged legacy table rows do not prove source-pack provenance",,
sw_plc_cep/pkt_rsldcrps.pwk,"Naming or last table-row classifier disagrees, but duplicate/untagged legacy table rows do not prove source-pack provenance",,
sw_plc_cep/pkt_rub1.dds,"Naming or last table-row classifier disagrees, but duplicate/untagged legacy table rows do not prove source-pack provenance",,
sw_plc_cep/pkt_rub1.mdl,"Naming or last table-row classifier disagrees, but duplicate/untagged legacy table rows do not prove source-pack provenance",,
sw_plc_cep/pkt_rub1.pwk,"Naming or last table-row classifier disagrees, but duplicate/untagged legacy table rows do not prove source-pack provenance",,
sw_plc_cep/pkt_rub2.dds,"Naming or last table-row classifier disagrees, but duplicate/untagged legacy table rows do not prove source-pack provenance",,
sw_plc_cep/pkt_rub2.mdl,"Naming or last table-row classifier disagrees, but duplicate/untagged legacy table rows do not prove source-pack provenance",,
sw_plc_cep/pkt_rub2.pwk,"Naming or last table-row classifier disagrees, but duplicate/untagged legacy table rows do not prove source-pack provenance",,
sw_plc_cep/pkt_rub3.mdl,"Naming or last table-row classifier disagrees, but duplicate/untagged legacy table rows do not prove source-pack provenance",,
sw_plc_cep/pkt_rub3.pwk,"Naming or last table-row classifier disagrees, but duplicate/untagged legacy table rows do not prove source-pack provenance",,
sw_plc_cep/pkt_rub4.mdl,"Naming or last table-row classifier disagrees, but duplicate/untagged legacy table rows do not prove source-pack provenance",,
sw_plc_cep/pkt_rub4.pwk,"Naming or last table-row classifier disagrees, but duplicate/untagged legacy table rows do not prove source-pack provenance",,
sw_plc_cep/pkt_sac01.dds,"Naming or last table-row classifier disagrees, but duplicate/untagged legacy table rows do not prove source-pack provenance",,
sw_plc_cep/pkt_sac01.mdl,"Naming or last table-row classifier disagrees, but duplicate/untagged legacy table rows do not prove source-pack provenance",,
sw_plc_cep/pkt_sac01.pwk,"Naming or last table-row classifier disagrees, but duplicate/untagged legacy table rows do not prove source-pack provenance",,
sw_plc_cep/pkt_sac02.dds,"Naming or last table-row classifier disagrees, but duplicate/untagged legacy table rows do not prove source-pack provenance",,
sw_plc_cep/pkt_sac02.mdl,"Naming or last table-row classifier disagrees, but duplicate/untagged legacy table rows do not prove source-pack provenance",,
sw_plc_cep/pkt_sac02.pwk,"Naming or last table-row classifier disagrees, but duplicate/untagged legacy table rows do not prove source-pack provenance",,
sw_plc_cep/pkt_sbike01.mdl,"Naming or last table-row classifier disagrees, but duplicate/untagged legacy table rows do not prove source-pack provenance",,
sw_plc_cep/pkt_sbike01.pwk,"Naming or last table-row classifier disagrees, but duplicate/untagged legacy table rows do not prove source-pack provenance",,
sw_plc_cep/pkt_sbike02.mdl,"Naming or last table-row classifier disagrees, but duplicate/untagged legacy table rows do not prove source-pack provenance",,
sw_plc_cep/pkt_sbike02.pwk,"Naming or last table-row classifier disagrees, but duplicate/untagged legacy table rows do not prove source-pack provenance",,
sw_plc_cep/pkt_scrn01.mdl,"Naming or last table-row classifier disagrees, but duplicate/untagged legacy table rows do not prove source-pack provenance",,
sw_plc_cep/pkt_scrn01.pwk,"Naming or last table-row classifier disagrees, but duplicate/untagged legacy table rows do not prove source-pack provenance",,
sw_plc_cep/pkt_sevrdarm.dds,"Naming or last table-row classifier disagrees, but duplicate/untagged legacy table rows do not prove source-pack provenance",,
sw_plc_cep/pkt_sevrdarm.mdl,"Naming or last table-row classifier disagrees, but duplicate/untagged legacy table rows do not prove source-pack provenance",,
sw_plc_cep/pkt_sevrdarm.pwk,"Naming or last table-row classifier disagrees, but duplicate/untagged legacy table rows do not prove source-pack provenance",,
sw_plc_cep/pkt_sfbed02.mdl,"Naming or last table-row classifier disagrees, but duplicate/untagged legacy table rows do not prove source-pack provenance",,
sw_plc_cep/pkt_sfbed02.pwk,"Naming or last table-row classifier disagrees, but duplicate/untagged legacy table rows do not prove source-pack provenance",,
sw_plc_cep/pkt_sfcabin01.dds,"Naming or last table-row classifier disagrees, but duplicate/untagged legacy table rows do not prove source-pack provenance",,
sw_plc_cep/pkt_sfcabin01.mdl,"Naming or last table-row classifier disagrees, but duplicate/untagged legacy table rows do not prove source-pack provenance",,
sw_plc_cep/pkt_sfcabin01.pwk,"Naming or last table-row classifier disagrees, but duplicate/untagged legacy table rows do not prove source-pack provenance",,
sw_plc_cep/pkt_sfconsole01.mdl,"Naming or last table-row classifier disagrees, but duplicate/untagged legacy table rows do not prove source-pack provenance",,
sw_plc_cep/pkt_sfconsole01.pwk,"Naming or last table-row classifier disagrees, but duplicate/untagged legacy table rows do not prove source-pack provenance",,
sw_plc_cep/pkt_sfengine01.dds,"Naming or last table-row classifier disagrees, but duplicate/untagged legacy table rows do not prove source-pack provenance",,
sw_plc_cep/pkt_sfengine01.mdl,"Naming or last table-row classifier disagrees, but duplicate/untagged legacy table rows do not prove source-pack provenance",,
sw_plc_cep/pkt_sfengine01.pwk,"Naming or last table-row classifier disagrees, but duplicate/untagged legacy table rows do not prove source-pack provenance",,
sw_plc_cep/pkt_sffount01.mdl,"Naming or last table-row classifier disagrees, but duplicate/untagged legacy table rows do not prove source-pack provenance",,
sw_plc_cep/pkt_sffount01.pwk,"Naming or last table-row classifier disagrees, but duplicate/untagged legacy table rows do not prove source-pack provenance",,
sw_plc_cep/pkt_sffount02.dds,"Naming or last table-row classifier disagrees, but duplicate/untagged legacy table rows do not prove source-pack provenance",,
sw_plc_cep/pkt_sffount02.mdl,"Naming or last table-row classifier disagrees, but duplicate/untagged legacy table rows do not prove source-pack provenance",,
sw_plc_cep/pkt_sffount02.pwk,"Naming or last table-row classifier disagrees, but duplicate/untagged legacy table rows do not prove source-pack provenance",,
sw_plc_cep/pkt_sfgong01.mdl,"Naming or last table-row classifier disagrees, but duplicate/untagged legacy table rows do not prove source-pack provenance",,
sw_plc_cep/pkt_sfgong01.pwk,"Naming or last table-row classifier disagrees, but duplicate/untagged legacy table rows do not prove source-pack provenance",,
sw_plc_cep/pkt_sfkiosk01.dds,"Naming or last table-row classifier disagrees, but duplicate/untagged legacy table rows do not prove source-pack provenance",,
sw_plc_cep/pkt_sfkiosk01.mdl,"Naming or last table-row classifier disagrees, but duplicate/untagged legacy table rows do not prove source-pack provenance",,
sw_plc_cep/pkt_sfkiosk01.pwk,"Naming or last table-row classifier disagrees, but duplicate/untagged legacy table rows do not prove source-pack provenance",,
sw_plc_cep/pkt_sfkiosk02.dds,"Naming or last table-row classifier disagrees, but duplicate/untagged legacy table rows do not prove source-pack provenance",,
sw_plc_cep/pkt_sfkiosk02.mdl,"Naming or last table-row classifier disagrees, but duplicate/untagged legacy table rows do not prove source-pack provenance",,
sw_plc_cep/pkt_sfkiosk02.pwk,"Naming or last table-row classifier disagrees, but duplicate/untagged legacy table rows do not prove source-pack provenance",,
sw_plc_cep/pkt_sfkiosk03.dds,"Naming or last table-row classifier disagrees, but duplicate/untagged legacy table rows do not prove source-pack provenance",,
sw_plc_cep/pkt_sfkiosk03.mdl,"Naming or last table-row classifier disagrees, but duplicate/untagged legacy table rows do not prove source-pack provenance",,
sw_plc_cep/pkt_sfkiosk03.pwk,"Naming or last table-row classifier disagrees, but duplicate/untagged legacy table rows do not prove source-pack provenance",,
sw_plc_cep/pkt_sfkiosk04.mdl,"Naming or last table-row classifier disagrees, but duplicate/untagged legacy table rows do not prove source-pack provenance",,
sw_plc_cep/pkt_sfkiosk04.pwk,"Naming or last table-row classifier disagrees, but duplicate/untagged legacy table rows do not prove source-pack provenance",,
sw_plc_cep/pkt_sfturbine01.dds,"Naming or last table-row classifier disagrees, but duplicate/untagged legacy table rows do not prove source-pack provenance",,
sw_plc_cep/pkt_sfturbine01.mdl,"Naming or last table-row classifier disagrees, but duplicate/untagged legacy table rows do not prove source-pack provenance",,
sw_plc_cep/pkt_sfturbine01.pwk,"Naming or last table-row classifier disagrees, but duplicate/untagged legacy table rows do not prove source-pack provenance",,
sw_plc_cep/pkt_shelf001.mdl,"Naming or last table-row classifier disagrees, but duplicate/untagged legacy table rows do not prove source-pack provenance",,
sw_plc_cep/pkt_shelf001.pwk,"Naming or last table-row classifier disagrees, but duplicate/untagged legacy table rows do not prove source-pack provenance",,
sw_plc_cep/pkt_shelf02.mdl,"Naming or last table-row classifier disagrees, but duplicate/untagged legacy table rows do not prove source-pack provenance",,
sw_plc_cep/pkt_shelf02.pwk,"Naming or last table-row classifier disagrees, but duplicate/untagged legacy table rows do not prove source-pack provenance",,
sw_plc_cep/pkt_shelf03.mdl,"Naming or last table-row classifier disagrees, but duplicate/untagged legacy table rows do not prove source-pack provenance",,
sw_plc_cep/pkt_shelf03.pwk,"Naming or last table-row classifier disagrees, but duplicate/untagged legacy table rows do not prove source-pack provenance",,
sw_plc_cep/pkt_shelf04.mdl,"Naming or last table-row classifier disagrees, but duplicate/untagged legacy table rows do not prove source-pack provenance",,
sw_plc_cep/pkt_shelf04.pwk,"Naming or last table-row classifier disagrees, but duplicate/untagged legacy table rows do not prove source-pack provenance",,
sw_plc_cep/pkt_shelf05.mdl,"Naming or last table-row classifier disagrees, but duplicate/untagged legacy table rows do not prove source-pack provenance",,
sw_plc_cep/pkt_shelf05.pwk,"Naming or last table-row classifier disagrees, but duplicate/untagged legacy table rows do not prove source-pack provenance",,
sw_plc_cep/pkt_shelf06.mdl,"Naming or last table-row classifier disagrees, but duplicate/untagged legacy table rows do not prove source-pack provenance",,
sw_plc_cep/pkt_shelf06.pwk,"Naming or last table-row classifier disagrees, but duplicate/untagged legacy table rows do not prove source-pack provenance",,
sw_plc_cep/pkt_shpjnklg.mdl,"Naming or last table-row classifier disagrees, but duplicate/untagged legacy table rows do not prove source-pack provenance",,
sw_plc_cep/pkt_shpjnklg.pwk,"Naming or last table-row classifier disagrees, but duplicate/untagged legacy table rows do not prove source-pack provenance",,
sw_plc_cep/pkt_shppart1.mdl,"Naming or last table-row classifier disagrees, but duplicate/untagged legacy table rows do not prove source-pack provenance",,
sw_plc_cep/pkt_shppart1.pwk,"Naming or last table-row classifier disagrees, but duplicate/untagged legacy table rows do not prove source-pack provenance",,
sw_plc_cep/pkt_shppart2.mdl,"Naming or last table-row classifier disagrees, but duplicate/untagged legacy table rows do not prove source-pack provenance",,
sw_plc_cep/pkt_shppart2.pwk,"Naming or last table-row classifier disagrees, but duplicate/untagged legacy table rows do not prove source-pack provenance",,
sw_plc_cep/pkt_shppart3.mdl,"Naming or last table-row classifier disagrees, but duplicate/untagged legacy table rows do not prove source-pack provenance",,
sw_plc_cep/pkt_shppart3.pwk,"Naming or last table-row classifier disagrees, but duplicate/untagged legacy table rows do not prove source-pack provenance",,
sw_plc_cep/pkt_shppart4.mdl,"Naming or last table-row classifier disagrees, but duplicate/untagged legacy table rows do not prove source-pack provenance",,
sw_plc_cep/pkt_shppart4.pwk,"Naming or last table-row classifier disagrees, but duplicate/untagged legacy table rows do not prove source-pack provenance",,
sw_plc_cep/pkt_shutdark.dds,"Naming or last table-row classifier disagrees, but duplicate/untagged legacy table rows do not prove source-pack provenance",,
sw_plc_cep/pkt_shutdark.mdl,"Naming or last table-row classifier disagrees, but duplicate/untagged legacy table rows do not prove source-pack provenance",,
sw_plc_cep/pkt_shutdark.pwk,"Naming or last table-row classifier disagrees, but duplicate/untagged legacy table rows do not prove source-pack provenance",,
sw_plc_cep/pkt_shutdark.tga,"Naming or last table-row classifier disagrees, but duplicate/untagged legacy table rows do not prove source-pack provenance",,
sw_plc_cep/pkt_signkt1.mdl,"Naming or last table-row classifier disagrees, but duplicate/untagged legacy table rows do not prove source-pack provenance",,
sw_plc_cep/pkt_signkt1.pwk,"Naming or last table-row classifier disagrees, but duplicate/untagged legacy table rows do not prove source-pack provenance",,
sw_plc_cep/pkt_sitftr01.mdl,"Naming or last table-row classifier disagrees, but duplicate/untagged legacy table rows do not prove source-pack provenance",,
sw_plc_cep/pkt_sitftr01.pwk,"Naming or last table-row classifier disagrees, but duplicate/untagged legacy table rows do not prove source-pack provenance",,
sw_plc_cep/pkt_sithban.mdl,"Naming or last table-row classifier disagrees, but duplicate/untagged legacy table rows do not prove source-pack provenance",,
sw_plc_cep/pkt_sithban.pwk,"Naming or last table-row classifier disagrees, but duplicate/untagged legacy table rows do not prove source-pack provenance",,
sw_plc_cep/pkt_sithban2.mdl,"Naming or last table-row classifier disagrees, but duplicate/untagged legacy table rows do not prove source-pack provenance",,
sw_plc_cep/pkt_sithban2.pwk,"Naming or last table-row classifier disagrees, but duplicate/untagged legacy table rows do not prove source-pack provenance",,
sw_plc_cep/pkt_sithcst.mdl,"Naming or last table-row classifier disagrees, but duplicate/untagged legacy table rows do not prove source-pack provenance",,
sw_plc_cep/pkt_sithcst.pwk,"Naming or last table-row classifier disagrees, but duplicate/untagged legacy table rows do not prove source-pack provenance",,
sw_plc_cep/pkt_sithmn.mdl,"Naming or last table-row classifier disagrees, but duplicate/untagged legacy table rows do not prove source-pack provenance",,
sw_plc_cep/pkt_sithmn.pwk,"Naming or last table-row classifier disagrees, but duplicate/untagged legacy table rows do not prove source-pack provenance",,
sw_plc_cep/pkt_sithmn2.mdl,"Naming or last table-row classifier disagrees, but duplicate/untagged legacy table rows do not prove source-pack provenance",,
sw_plc_cep/pkt_sithmn2.pwk,"Naming or last table-row classifier disagrees, but duplicate/untagged legacy table rows do not prove source-pack provenance",,
sw_plc_cep/pkt_sithmn3.mdl,"Naming or last table-row classifier disagrees, but duplicate/untagged legacy table rows do not prove source-pack provenance",,
sw_plc_cep/pkt_sithmn3.pwk,"Naming or last table-row classifier disagrees, but duplicate/untagged legacy table rows do not prove source-pack provenance",,
sw_plc_cep/pkt_sithmn4.mdl,"Naming or last table-row classifier disagrees, but duplicate/untagged legacy table rows do not prove source-pack provenance",,
sw_plc_cep/pkt_sithmn4.pwk,"Naming or last table-row classifier disagrees, but duplicate/untagged legacy table rows do not prove source-pack provenance",,
sw_plc_cep/pkt_sithmn5.mdl,"Naming or last table-row classifier disagrees, but duplicate/untagged legacy table rows do not prove source-pack provenance",,
sw_plc_cep/pkt_sithmn5.pwk,"Naming or last table-row classifier disagrees, but duplicate/untagged legacy table rows do not prove source-pack provenance",,
sw_plc_cep/pkt_sithsarc.mdl,"Naming or last table-row classifier disagrees, but duplicate/untagged legacy table rows do not prove source-pack provenance",,
sw_plc_cep/pkt_sithsarc.pwk,"Naming or last table-row classifier disagrees, but duplicate/untagged legacy table rows do not prove source-pack provenance",,
sw_plc_cep/pkt_sithstat.mdl,"Naming or last table-row classifier disagrees, but duplicate/untagged legacy table rows do not prove source-pack provenance",,
sw_plc_cep/pkt_sithstat.pwk,"Naming or last table-row classifier disagrees, but duplicate/untagged legacy table rows do not prove source-pack provenance",,
sw_plc_cep/pkt_skel01.mdl,"Naming or last table-row classifier disagrees, but duplicate/untagged legacy table rows do not prove source-pack provenance",,
sw_plc_cep/pkt_skel01.pwk,"Naming or last table-row classifier disagrees, but duplicate/untagged legacy table rows do not prove source-pack provenance",,
sw_plc_cep/pkt_slamp01.mdl,"Naming or last table-row classifier disagrees, but duplicate/untagged legacy table rows do not prove source-pack provenance",,
sw_plc_cep/pkt_slamp01.pwk,"Naming or last table-row classifier disagrees, but duplicate/untagged legacy table rows do not prove source-pack provenance",,
sw_plc_cep/pkt_slamp02.mdl,"Naming or last table-row classifier disagrees, but duplicate/untagged legacy table rows do not prove source-pack provenance",,
sw_plc_cep/pkt_slamp02.pwk,"Naming or last table-row classifier disagrees, but duplicate/untagged legacy table rows do not prove source-pack provenance",,
sw_plc_cep/pkt_socle02.mdl,"Naming or last table-row classifier disagrees, but duplicate/untagged legacy table rows do not prove source-pack provenance",,
sw_plc_cep/pkt_socle02.pwk,"Naming or last table-row classifier disagrees, but duplicate/untagged legacy table rows do not prove source-pack provenance",,
sw_plc_cep/pkt_spcsuit2.mdl,"Naming or last table-row classifier disagrees, but duplicate/untagged legacy table rows do not prove source-pack provenance",,
sw_plc_cep/pkt_spcsuit2.pwk,"Naming or last table-row classifier disagrees, but duplicate/untagged legacy table rows do not prove source-pack provenance",,
sw_plc_cep/pkt_spdr4.mdl,"Naming or last table-row classifier disagrees, but duplicate/untagged legacy table rows do not prove source-pack provenance",,
sw_plc_cep/pkt_spdr4.pwk,"Naming or last table-row classifier disagrees, but duplicate/untagged legacy table rows do not prove source-pack provenance",,
sw_plc_cep/pkt_ssldcrps.dds,"Naming or last table-row classifier disagrees, but duplicate/untagged legacy table rows do not prove source-pack provenance",,
sw_plc_cep/pkt_ssldcrps.mdl,"Naming or last table-row classifier disagrees, but duplicate/untagged legacy table rows do not prove source-pack provenance",,
sw_plc_cep/pkt_ssldcrps.pwk,"Naming or last table-row classifier disagrees, but duplicate/untagged legacy table rows do not prove source-pack provenance",,
sw_plc_cep/pkt_starmap1.mdl,"Naming or last table-row classifier disagrees, but duplicate/untagged legacy table rows do not prove source-pack provenance",,
sw_plc_cep/pkt_starmap1.pwk,"Naming or last table-row classifier disagrees, but duplicate/untagged legacy table rows do not prove source-pack provenance",,
sw_plc_cep/pkt_stat01.dds,"Naming or last table-row classifier disagrees, but duplicate/untagged legacy table rows do not prove source-pack provenance",,
sw_plc_cep/pkt_stat01.mdl,"Naming or last table-row classifier disagrees, but duplicate/untagged legacy table rows do not prove source-pack provenance",,
sw_plc_cep/pkt_stat01.pwk,"Naming or last table-row classifier disagrees, but duplicate/untagged legacy table rows do not prove source-pack provenance",,
sw_plc_cep/pkt_statkt1.mdl,"Naming or last table-row classifier disagrees, but duplicate/untagged legacy table rows do not prove source-pack provenance",,
sw_plc_cep/pkt_statkt1.pwk,"Naming or last table-row classifier disagrees, but duplicate/untagged legacy table rows do not prove source-pack provenance",,
sw_plc_cep/pkt_statkt2.mdl,"Naming or last table-row classifier disagrees, but duplicate/untagged legacy table rows do not prove source-pack provenance",,
sw_plc_cep/pkt_statkt2.pwk,"Naming or last table-row classifier disagrees, but duplicate/untagged legacy table rows do not prove source-pack provenance",,
sw_plc_cep/pkt_statue.dds,"Naming or last table-row classifier disagrees, but duplicate/untagged legacy table rows do not prove source-pack provenance",,
sw_plc_cep/pkt_statue.mdl,"Naming or last table-row classifier disagrees, but duplicate/untagged legacy table rows do not prove source-pack provenance",,
sw_plc_cep/pkt_statue.pwk,"Naming or last table-row classifier disagrees, but duplicate/untagged legacy table rows do not prove source-pack provenance",,
sw_plc_cep/pkt_subdrd2.mdl,"Naming or last table-row classifier disagrees, but duplicate/untagged legacy table rows do not prove source-pack provenance",,
sw_plc_cep/pkt_subdrd2.pwk,"Naming or last table-row classifier disagrees, but duplicate/untagged legacy table rows do not prove source-pack provenance",,
sw_plc_cep/pkt_subdroid.dds,"Naming or last table-row classifier disagrees, but duplicate/untagged legacy table rows do not prove source-pack provenance",,
sw_plc_cep/pkt_subdroid.mdl,"Naming or last table-row classifier disagrees, but duplicate/untagged legacy table rows do not prove source-pack provenance",,
sw_plc_cep/pkt_subdroid.pwk,"Naming or last table-row classifier disagrees, but duplicate/untagged legacy table rows do not prove source-pack provenance",,
sw_plc_cep/pkt_swpmon02.dds,"Naming or last table-row classifier disagrees, but duplicate/untagged legacy table rows do not prove source-pack provenance",,
sw_plc_cep/pkt_swpmon02.mdl,"Naming or last table-row classifier disagrees, but duplicate/untagged legacy table rows do not prove source-pack provenance",,
sw_plc_cep/pkt_swpmon02.pwk,"Naming or last table-row classifier disagrees, but duplicate/untagged legacy table rows do not prove source-pack provenance",,
sw_plc_cep/pkt_swpmon03.dds,"Naming or last table-row classifier disagrees, but duplicate/untagged legacy table rows do not prove source-pack provenance",,
sw_plc_cep/pkt_swpmon03.mdl,"Naming or last table-row classifier disagrees, but duplicate/untagged legacy table rows do not prove source-pack provenance",,
sw_plc_cep/pkt_swpmon03.pwk,"Naming or last table-row classifier disagrees, but duplicate/untagged legacy table rows do not prove source-pack provenance",,
sw_plc_cep/pkt_swpmon2.mdl,"Naming or last table-row classifier disagrees, but duplicate/untagged legacy table rows do not prove source-pack provenance",,
sw_plc_cep/pkt_swpmon2.pwk,"Naming or last table-row classifier disagrees, but duplicate/untagged legacy table rows do not prove source-pack provenance",,
sw_plc_cep/pkt_swscreen.dds,"Naming or last table-row classifier disagrees, but duplicate/untagged legacy table rows do not prove source-pack provenance",,
sw_plc_cep/pkt_swscreen.mdl,"Naming or last table-row classifier disagrees, but duplicate/untagged legacy table rows do not prove source-pack provenance",,
sw_plc_cep/pkt_swscreen.pwk,"Naming or last table-row classifier disagrees, but duplicate/untagged legacy table rows do not prove source-pack provenance",,
sw_plc_cep/pkt_tachel.mdl,"Naming or last table-row classifier disagrees, but duplicate/untagged legacy table rows do not prove source-pack provenance",,
sw_plc_cep/pkt_taches.mdl,"Naming or last table-row classifier disagrees, but duplicate/untagged legacy table rows do not prove source-pack provenance",,
sw_plc_cep/pkt_tat01.mdl,"Naming or last table-row classifier disagrees, but duplicate/untagged legacy table rows do not prove source-pack provenance",,
sw_plc_cep/pkt_tat01.pwk,"Naming or last table-row classifier disagrees, but duplicate/untagged legacy table rows do not prove source-pack provenance",,
sw_plc_cep/pkt_tat02.mdl,"Naming or last table-row classifier disagrees, but duplicate/untagged legacy table rows do not prove source-pack provenance",,
sw_plc_cep/pkt_tat02.pwk,"Naming or last table-row classifier disagrees, but duplicate/untagged legacy table rows do not prove source-pack provenance",,
sw_plc_cep/pkt_tat03.mdl,"Naming or last table-row classifier disagrees, but duplicate/untagged legacy table rows do not prove source-pack provenance",,
sw_plc_cep/pkt_tat03.pwk,"Naming or last table-row classifier disagrees, but duplicate/untagged legacy table rows do not prove source-pack provenance",,
sw_plc_cep/pkt_tat04.mdl,"Naming or last table-row classifier disagrees, but duplicate/untagged legacy table rows do not prove source-pack provenance",,
sw_plc_cep/pkt_tat04.pwk,"Naming or last table-row classifier disagrees, but duplicate/untagged legacy table rows do not prove source-pack provenance",,
sw_plc_cep/pkt_tat05.mdl,"Naming or last table-row classifier disagrees, but duplicate/untagged legacy table rows do not prove source-pack provenance",,
sw_plc_cep/pkt_tat05.pwk,"Naming or last table-row classifier disagrees, but duplicate/untagged legacy table rows do not prove source-pack provenance",,
sw_plc_cep/pkt_tat06.mdl,"Naming or last table-row classifier disagrees, but duplicate/untagged legacy table rows do not prove source-pack provenance",,
sw_plc_cep/pkt_tat06.pwk,"Naming or last table-row classifier disagrees, but duplicate/untagged legacy table rows do not prove source-pack provenance",,
sw_plc_cep/pkt_tat07.mdl,"Naming or last table-row classifier disagrees, but duplicate/untagged legacy table rows do not prove source-pack provenance",,
sw_plc_cep/pkt_tat07.pwk,"Naming or last table-row classifier disagrees, but duplicate/untagged legacy table rows do not prove source-pack provenance",,
sw_plc_cep/pkt_tat08.mdl,"Naming or last table-row classifier disagrees, but duplicate/untagged legacy table rows do not prove source-pack provenance",,
sw_plc_cep/pkt_tat08.pwk,"Naming or last table-row classifier disagrees, but duplicate/untagged legacy table rows do not prove source-pack provenance",,
sw_plc_cep/pkt_tat09.mdl,"Naming or last table-row classifier disagrees, but duplicate/untagged legacy table rows do not prove source-pack provenance",,
sw_plc_cep/pkt_tat09.pwk,"Naming or last table-row classifier disagrees, but duplicate/untagged legacy table rows do not prove source-pack provenance",,
sw_plc_cep/pkt_tat10.mdl,"Naming or last table-row classifier disagrees, but duplicate/untagged legacy table rows do not prove source-pack provenance",,
sw_plc_cep/pkt_tat10.pwk,"Naming or last table-row classifier disagrees, but duplicate/untagged legacy table rows do not prove source-pack provenance",,
sw_plc_cep/pkt_tat11.mdl,"Naming or last table-row classifier disagrees, but duplicate/untagged legacy table rows do not prove source-pack provenance",,
sw_plc_cep/pkt_tat11.pwk,"Naming or last table-row classifier disagrees, but duplicate/untagged legacy table rows do not prove source-pack provenance",,
sw_plc_cep/pkt_tat12.mdl,"Naming or last table-row classifier disagrees, but duplicate/untagged legacy table rows do not prove source-pack provenance",,
sw_plc_cep/pkt_tat12.pwk,"Naming or last table-row classifier disagrees, but duplicate/untagged legacy table rows do not prove source-pack provenance",,
sw_plc_cep/pkt_tat13.mdl,"Naming or last table-row classifier disagrees, but duplicate/untagged legacy table rows do not prove source-pack provenance",,
sw_plc_cep/pkt_tat13.pwk,"Naming or last table-row classifier disagrees, but duplicate/untagged legacy table rows do not prove source-pack provenance",,
sw_plc_cep/pkt_tat14.mdl,"Naming or last table-row classifier disagrees, but duplicate/untagged legacy table rows do not prove source-pack provenance",,
sw_plc_cep/pkt_tat14.pwk,"Naming or last table-row classifier disagrees, but duplicate/untagged legacy table rows do not prove source-pack provenance",,
sw_plc_cep/pkt_tat15.mdl,"Naming or last table-row classifier disagrees, but duplicate/untagged legacy table rows do not prove source-pack provenance",,
sw_plc_cep/pkt_tat15.pwk,"Naming or last table-row classifier disagrees, but duplicate/untagged legacy table rows do not prove source-pack provenance",,
sw_plc_cep/pkt_tat16.mdl,"Naming or last table-row classifier disagrees, but duplicate/untagged legacy table rows do not prove source-pack provenance",,
sw_plc_cep/pkt_tat16.pwk,"Naming or last table-row classifier disagrees, but duplicate/untagged legacy table rows do not prove source-pack provenance",,
sw_plc_cep/pkt_tat17.mdl,"Naming or last table-row classifier disagrees, but duplicate/untagged legacy table rows do not prove source-pack provenance",,
sw_plc_cep/pkt_tat17.pwk,"Naming or last table-row classifier disagrees, but duplicate/untagged legacy table rows do not prove source-pack provenance",,
sw_plc_cep/pkt_tat18.mdl,"Naming or last table-row classifier disagrees, but duplicate/untagged legacy table rows do not prove source-pack provenance",,
sw_plc_cep/pkt_tat18.pwk,"Naming or last table-row classifier disagrees, but duplicate/untagged legacy table rows do not prove source-pack provenance",,
sw_plc_cep/pkt_tat19.mdl,"Naming or last table-row classifier disagrees, but duplicate/untagged legacy table rows do not prove source-pack provenance",,
sw_plc_cep/pkt_tat19.pwk,"Naming or last table-row classifier disagrees, but duplicate/untagged legacy table rows do not prove source-pack provenance",,
sw_plc_cep/pkt_tat20.mdl,"Naming or last table-row classifier disagrees, but duplicate/untagged legacy table rows do not prove source-pack provenance",,
sw_plc_cep/pkt_tat20.pwk,"Naming or last table-row classifier disagrees, but duplicate/untagged legacy table rows do not prove source-pack provenance",,
sw_plc_cep/pkt_tat21.mdl,"Naming or last table-row classifier disagrees, but duplicate/untagged legacy table rows do not prove source-pack provenance",,
sw_plc_cep/pkt_tat21.pwk,"Naming or last table-row classifier disagrees, but duplicate/untagged legacy table rows do not prove source-pack provenance",,
sw_plc_cep/pkt_tat22.mdl,"Naming or last table-row classifier disagrees, but duplicate/untagged legacy table rows do not prove source-pack provenance",,
sw_plc_cep/pkt_tat22.pwk,"Naming or last table-row classifier disagrees, but duplicate/untagged legacy table rows do not prove source-pack provenance",,
sw_plc_cep/pkt_tat23.mdl,"Naming or last table-row classifier disagrees, but duplicate/untagged legacy table rows do not prove source-pack provenance",,
sw_plc_cep/pkt_tat23.pwk,"Naming or last table-row classifier disagrees, but duplicate/untagged legacy table rows do not prove source-pack provenance",,
sw_plc_cep/pkt_tat24.mdl,"Naming or last table-row classifier disagrees, but duplicate/untagged legacy table rows do not prove source-pack provenance",,
sw_plc_cep/pkt_tat24.pwk,"Naming or last table-row classifier disagrees, but duplicate/untagged legacy table rows do not prove source-pack provenance",,
sw_plc_cep/pkt_tat25.mdl,"Naming or last table-row classifier disagrees, but duplicate/untagged legacy table rows do not prove source-pack provenance",,
sw_plc_cep/pkt_tat25.pwk,"Naming or last table-row classifier disagrees, but duplicate/untagged legacy table rows do not prove source-pack provenance",,
sw_plc_cep/pkt_tat26.mdl,"Naming or last table-row classifier disagrees, but duplicate/untagged legacy table rows do not prove source-pack provenance",,
sw_plc_cep/pkt_tat26.pwk,"Naming or last table-row classifier disagrees, but duplicate/untagged legacy table rows do not prove source-pack provenance",,
sw_plc_cep/pkt_tat27.mdl,"Naming or last table-row classifier disagrees, but duplicate/untagged legacy table rows do not prove source-pack provenance",,
sw_plc_cep/pkt_tat27.pwk,"Naming or last table-row classifier disagrees, but duplicate/untagged legacy table rows do not prove source-pack provenance",,
sw_plc_cep/pkt_tat28.mdl,"Naming or last table-row classifier disagrees, but duplicate/untagged legacy table rows do not prove source-pack provenance",,
sw_plc_cep/pkt_tat28.pwk,"Naming or last table-row classifier disagrees, but duplicate/untagged legacy table rows do not prove source-pack provenance",,
sw_plc_cep/pkt_tat29.mdl,"Naming or last table-row classifier disagrees, but duplicate/untagged legacy table rows do not prove source-pack provenance",,
sw_plc_cep/pkt_tat29.pwk,"Naming or last table-row classifier disagrees, but duplicate/untagged legacy table rows do not prove source-pack provenance",,
sw_plc_cep/pkt_tat30.mdl,"Naming or last table-row classifier disagrees, but duplicate/untagged legacy table rows do not prove source-pack provenance",,
sw_plc_cep/pkt_tat30.pwk,"Naming or last table-row classifier disagrees, but duplicate/untagged legacy table rows do not prove source-pack provenance",,
sw_plc_cep/pkt_tat31.mdl,"Naming or last table-row classifier disagrees, but duplicate/untagged legacy table rows do not prove source-pack provenance",,
sw_plc_cep/pkt_tat31.pwk,"Naming or last table-row classifier disagrees, but duplicate/untagged legacy table rows do not prove source-pack provenance",,
sw_plc_cep/pkt_tat32.mdl,"Naming or last table-row classifier disagrees, but duplicate/untagged legacy table rows do not prove source-pack provenance",,
sw_plc_cep/pkt_tat32.pwk,"Naming or last table-row classifier disagrees, but duplicate/untagged legacy table rows do not prove source-pack provenance",,
sw_plc_cep/pkt_tat33.mdl,"Naming or last table-row classifier disagrees, but duplicate/untagged legacy table rows do not prove source-pack provenance",,
sw_plc_cep/pkt_tat33.pwk,"Naming or last table-row classifier disagrees, but duplicate/untagged legacy table rows do not prove source-pack provenance",,
sw_plc_cep/pkt_tat34.mdl,"Naming or last table-row classifier disagrees, but duplicate/untagged legacy table rows do not prove source-pack provenance",,
sw_plc_cep/pkt_tat34.pwk,"Naming or last table-row classifier disagrees, but duplicate/untagged legacy table rows do not prove source-pack provenance",,
sw_plc_cep/pkt_tat35.mdl,"Naming or last table-row classifier disagrees, but duplicate/untagged legacy table rows do not prove source-pack provenance",,
sw_plc_cep/pkt_tat35.pwk,"Naming or last table-row classifier disagrees, but duplicate/untagged legacy table rows do not prove source-pack provenance",,
sw_plc_cep/pkt_tat36.mdl,"Naming or last table-row classifier disagrees, but duplicate/untagged legacy table rows do not prove source-pack provenance",,
sw_plc_cep/pkt_tat36.pwk,"Naming or last table-row classifier disagrees, but duplicate/untagged legacy table rows do not prove source-pack provenance",,
sw_plc_cep/pkt_tat37.mdl,"Naming or last table-row classifier disagrees, but duplicate/untagged legacy table rows do not prove source-pack provenance",,
sw_plc_cep/pkt_tat37.pwk,"Naming or last table-row classifier disagrees, but duplicate/untagged legacy table rows do not prove source-pack provenance",,
sw_plc_cep/pkt_tat38.mdl,"Naming or last table-row classifier disagrees, but duplicate/untagged legacy table rows do not prove source-pack provenance",,
sw_plc_cep/pkt_tat38.pwk,"Naming or last table-row classifier disagrees, but duplicate/untagged legacy table rows do not prove source-pack provenance",,
sw_plc_cep/pkt_tat40.mdl,"Naming or last table-row classifier disagrees, but duplicate/untagged legacy table rows do not prove source-pack provenance",,
sw_plc_cep/pkt_tat40.pwk,"Naming or last table-row classifier disagrees, but duplicate/untagged legacy table rows do not prove source-pack provenance",,
sw_plc_cep/pkt_tat41.mdl,"Naming or last table-row classifier disagrees, but duplicate/untagged legacy table rows do not prove source-pack provenance",,
sw_plc_cep/pkt_tat41.pwk,"Naming or last table-row classifier disagrees, but duplicate/untagged legacy table rows do not prove source-pack provenance",,
sw_plc_cep/pkt_tat42.mdl,"Naming or last table-row classifier disagrees, but duplicate/untagged legacy table rows do not prove source-pack provenance",,
sw_plc_cep/pkt_tat42.pwk,"Naming or last table-row classifier disagrees, but duplicate/untagged legacy table rows do not prove source-pack provenance",,
sw_plc_cep/pkt_tat43.mdl,"Naming or last table-row classifier disagrees, but duplicate/untagged legacy table rows do not prove source-pack provenance",,
sw_plc_cep/pkt_tat43.pwk,"Naming or last table-row classifier disagrees, but duplicate/untagged legacy table rows do not prove source-pack provenance",,
sw_plc_cep/pkt_tat44.mdl,"Naming or last table-row classifier disagrees, but duplicate/untagged legacy table rows do not prove source-pack provenance",,
sw_plc_cep/pkt_tat44.pwk,"Naming or last table-row classifier disagrees, but duplicate/untagged legacy table rows do not prove source-pack provenance",,
sw_plc_cep/pkt_tat45.mdl,"Naming or last table-row classifier disagrees, but duplicate/untagged legacy table rows do not prove source-pack provenance",,
sw_plc_cep/pkt_tat45.pwk,"Naming or last table-row classifier disagrees, but duplicate/untagged legacy table rows do not prove source-pack provenance",,
sw_plc_cep/pkt_tat46.mdl,"Naming or last table-row classifier disagrees, but duplicate/untagged legacy table rows do not prove source-pack provenance",,
sw_plc_cep/pkt_tat46.pwk,"Naming or last table-row classifier disagrees, but duplicate/untagged legacy table rows do not prove source-pack provenance",,
sw_plc_cep/pkt_telscaf1.mdl,"Naming or last table-row classifier disagrees, but duplicate/untagged legacy table rows do not prove source-pack provenance",,
sw_plc_cep/pkt_telscaf1.pwk,"Naming or last table-row classifier disagrees, but duplicate/untagged legacy table rows do not prove source-pack provenance",,
sw_plc_cep/pkt_telscaf2.mdl,"Naming or last table-row classifier disagrees, but duplicate/untagged legacy table rows do not prove source-pack provenance",,
sw_plc_cep/pkt_telscaf2.pwk,"Naming or last table-row classifier disagrees, but duplicate/untagged legacy table rows do not prove source-pack provenance",,
sw_plc_cep/pkt_tissus01.dds,"Naming or last table-row classifier disagrees, but duplicate/untagged legacy table rows do not prove source-pack provenance",,
sw_plc_cep/pkt_tissus01.mdl,"Naming or last table-row classifier disagrees, but duplicate/untagged legacy table rows do not prove source-pack provenance",,
sw_plc_cep/pkt_tlcrate1.mdl,"Naming or last table-row classifier disagrees, but duplicate/untagged legacy table rows do not prove source-pack provenance",,
sw_plc_cep/pkt_tlcrate1.pwk,"Naming or last table-row classifier disagrees, but duplicate/untagged legacy table rows do not prove source-pack provenance",,
sw_plc_cep/pkt_tlcrate2.mdl,"Naming or last table-row classifier disagrees, but duplicate/untagged legacy table rows do not prove source-pack provenance",,
sw_plc_cep/pkt_tlcrate2.pwk,"Naming or last table-row classifier disagrees, but duplicate/untagged legacy table rows do not prove source-pack provenance",,
sw_plc_cep/pkt_tlcrate3.mdl,"Naming or last table-row classifier disagrees, but duplicate/untagged legacy table rows do not prove source-pack provenance",,
sw_plc_cep/pkt_tlcrate3.pwk,"Naming or last table-row classifier disagrees, but duplicate/untagged legacy table rows do not prove source-pack provenance",,
sw_plc_cep/pkt_tmat.mdl,"Naming or last table-row classifier disagrees, but duplicate/untagged legacy table rows do not prove source-pack provenance",,
sw_plc_cep/pkt_tmat.pwk,"Naming or last table-row classifier disagrees, but duplicate/untagged legacy table rows do not prove source-pack provenance",,
sw_plc_cep/pkt_tool01.mdl,"Naming or last table-row classifier disagrees, but duplicate/untagged legacy table rows do not prove source-pack provenance",,
sw_plc_cep/pkt_tool01.pwk,"Naming or last table-row classifier disagrees, but duplicate/untagged legacy table rows do not prove source-pack provenance",,
sw_plc_cep/pkt_trplnta.mdl,"Naming or last table-row classifier disagrees, but duplicate/untagged legacy table rows do not prove source-pack provenance",,
sw_plc_cep/pkt_trplnta.pwk,"Naming or last table-row classifier disagrees, but duplicate/untagged legacy table rows do not prove source-pack provenance",,
sw_plc_cep/pkt_trplntb.mdl,"Naming or last table-row classifier disagrees, but duplicate/untagged legacy table rows do not prove source-pack provenance",,
sw_plc_cep/pkt_trplntb.pwk,"Naming or last table-row classifier disagrees, but duplicate/untagged legacy table rows do not prove source-pack provenance",,
sw_plc_cep/pkt_tub21.mdl,"Naming or last table-row classifier disagrees, but duplicate/untagged legacy table rows do not prove source-pack provenance",,
sw_plc_cep/pkt_tub21.pwk,"Naming or last table-row classifier disagrees, but duplicate/untagged legacy table rows do not prove source-pack provenance",,
sw_plc_cep/pkt_tub22.mdl,"Naming or last table-row classifier disagrees, but duplicate/untagged legacy table rows do not prove source-pack provenance",,
sw_plc_cep/pkt_tub22.pwk,"Naming or last table-row classifier disagrees, but duplicate/untagged legacy table rows do not prove source-pack provenance",,
sw_plc_cep/pkt_tub23.mdl,"Naming or last table-row classifier disagrees, but duplicate/untagged legacy table rows do not prove source-pack provenance",,
sw_plc_cep/pkt_tub23.pwk,"Naming or last table-row classifier disagrees, but duplicate/untagged legacy table rows do not prove source-pack provenance",,
sw_plc_cep/pkt_twlkcrps.dds,"Naming or last table-row classifier disagrees, but duplicate/untagged legacy table rows do not prove source-pack provenance",,
sw_plc_cep/pkt_twlkcrps.mdl,"Naming or last table-row classifier disagrees, but duplicate/untagged legacy table rows do not prove source-pack provenance",,
sw_plc_cep/pkt_twlkcrps.pwk,"Naming or last table-row classifier disagrees, but duplicate/untagged legacy table rows do not prove source-pack provenance",,
sw_plc_cep/pkt_walclutter02.mdl,"Naming or last table-row classifier disagrees, but duplicate/untagged legacy table rows do not prove source-pack provenance",,
sw_plc_cep/pkt_walclutter02.pwk,"Naming or last table-row classifier disagrees, but duplicate/untagged legacy table rows do not prove source-pack provenance",,
sw_plc_cep/pkt_wallha2b.mdl,"Naming or last table-row classifier disagrees, but duplicate/untagged legacy table rows do not prove source-pack provenance",,
sw_plc_cep/pkt_wallha2b.pwk,"Naming or last table-row classifier disagrees, but duplicate/untagged legacy table rows do not prove source-pack provenance",,
sw_plc_cep/pkt_wallhang.mdl,"Naming or last table-row classifier disagrees, but duplicate/untagged legacy table rows do not prove source-pack provenance",,
sw_plc_cep/pkt_wallhang.pwk,"Naming or last table-row classifier disagrees, but duplicate/untagged legacy table rows do not prove source-pack provenance",,
sw_plc_cep/pkt_whitebox.dds,"Naming or last table-row classifier disagrees, but duplicate/untagged legacy table rows do not prove source-pack provenance",,
sw_plc_cep/pkt_whitebox.mdl,"Naming or last table-row classifier disagrees, but duplicate/untagged legacy table rows do not prove source-pack provenance",,
sw_plc_cep/pkt_whitebox.pwk,"Naming or last table-row classifier disagrees, but duplicate/untagged legacy table rows do not prove source-pack provenance",,
sw_plc_cep/pkt_windmil.mdl,"Naming or last table-row classifier disagrees, but duplicate/untagged legacy table rows do not prove source-pack provenance",,
sw_plc_cep/pkt_windmil.pwk,"Naming or last table-row classifier disagrees, but duplicate/untagged legacy table rows do not prove source-pack provenance",,
sw_plc_cep/pkt_wllclutter01.dds,"Naming or last table-row classifier disagrees, but duplicate/untagged legacy table rows do not prove source-pack provenance",,
sw_plc_cep/pkt_wllclutter01.mdl,"Naming or last table-row classifier disagrees, but duplicate/untagged legacy table rows do not prove source-pack provenance",,
sw_plc_cep/pkt_wllclutter01.pwk,"Naming or last table-row classifier disagrees, but duplicate/untagged legacy table rows do not prove source-pack provenance",,
sw_plc_cep/pkt_wookcrps.mdl,"Naming or last table-row classifier disagrees, but duplicate/untagged legacy table rows do not prove source-pack provenance",,
sw_plc_cep/pkt_wookcrps.pwk,"Naming or last table-row classifier disagrees, but duplicate/untagged legacy table rows do not prove source-pack provenance",,
sw_plc_cep/pkt_wreck01.mdl,"Naming or last table-row classifier disagrees, but duplicate/untagged legacy table rows do not prove source-pack provenance",,
sw_plc_cep/pkt_wreck01.pwk,"Naming or last table-row classifier disagrees, but duplicate/untagged legacy table rows do not prove source-pack provenance",,
sw_plc_cep/pkt_wreck02.mdl,"Naming or last table-row classifier disagrees, but duplicate/untagged legacy table rows do not prove source-pack provenance",,
sw_plc_cep/pkt_wreck02.pwk,"Naming or last table-row classifier disagrees, but duplicate/untagged legacy table rows do not prove source-pack provenance",,
sw_plc_cep/pkt_wreck03.mdl,"Naming or last table-row classifier disagrees, but duplicate/untagged legacy table rows do not prove source-pack provenance",,
sw_plc_cep/pkt_wreck03.pwk,"Naming or last table-row classifier disagrees, but duplicate/untagged legacy table rows do not prove source-pack provenance",,
sw_plc_cep/pkt_wrktbl.mdl,"Naming or last table-row classifier disagrees, but duplicate/untagged legacy table rows do not prove source-pack provenance",,
sw_plc_cep/pkt_wrktbl.pwk,"Naming or last table-row classifier disagrees, but duplicate/untagged legacy table rows do not prove source-pack provenance",,
sw_plc_cep/pkt_wrktbl2.mdl,"Naming or last table-row classifier disagrees, but duplicate/untagged legacy table rows do not prove source-pack provenance",,
sw_plc_cep/pkt_wrktbl2.pwk,"Naming or last table-row classifier disagrees, but duplicate/untagged legacy table rows do not prove source-pack provenance",,
sw_plc_cep/pkt_wtrlvl.dds,"Naming or last table-row classifier disagrees, but duplicate/untagged legacy table rows do not prove source-pack provenance",,
sw_plc_cep/pkt_wtrlvl.mdl,"Naming or last table-row classifier disagrees, but duplicate/untagged legacy table rows do not prove source-pack provenance",,
sw_plc_cep/pkt_wtrlvl.pwk,"Naming or last table-row classifier disagrees, but duplicate/untagged legacy table rows do not prove source-pack provenance",,
sw_plc_cep/plc_sith2.mdl,"Naming or last table-row classifier disagrees, but duplicate/untagged legacy table rows do not prove source-pack provenance",,
sw_plc_cep/plc_sith2.pwk,"Naming or last table-row classifier disagrees, but duplicate/untagged legacy table rows do not prove source-pack provenance",,
sw_plc_cep/plc_swarmoir.mdl,"Naming or last table-row classifier disagrees, but duplicate/untagged legacy table rows do not prove source-pack provenance",,
sw_plc_cep/plc_swarmoir.pwk,"Naming or last table-row classifier disagrees, but duplicate/untagged legacy table rows do not prove source-pack provenance",,
sw_plc_cep/repequip1.mdl,"Naming or last table-row classifier disagrees, but duplicate/untagged legacy table rows do not prove source-pack provenance",,
sw_plc_cep/repequip1.pwk,"Naming or last table-row classifier disagrees, but duplicate/untagged legacy table rows do not prove source-pack provenance",,
sw_plc_cep/rustmetl.dds,Potential consumers span multiple categories; preserve current shared-resource location,sw_plc; sw_t_cepcityin,sw_plc/st_table03.mdl; sw_plc/st_table03.mdl; sw_t_cepcityin/zin01_f47_01.mdl; sw_t_cepcityin/zin01_m40_01.mdl; sw_t_cepcityin/zin01_m40_01.mdl; sw_t_cepcityin/zin01_m40_01.mdl; sw_t_cepcityin/zin01_m40_01.mdl; sw_t_cepcityin/zin01_m40_01.mdl
sw_plc_cep/sfp_barrel02.mdl,"Naming or last table-row classifier disagrees, but duplicate/untagged legacy table rows do not prove source-pack provenance",,
sw_plc_cep/sfp_barrel02.pwk,"Naming or last table-row classifier disagrees, but duplicate/untagged legacy table rows do not prove source-pack provenance",,
sw_plc_cep/sfp_basket01.mdl,"Naming or last table-row classifier disagrees, but duplicate/untagged legacy table rows do not prove source-pack provenance",,
sw_plc_cep/sfp_basket01.pwk,"Naming or last table-row classifier disagrees, but duplicate/untagged legacy table rows do not prove source-pack provenance",,
sw_plc_cep/sfp_bowl01.mdl,"Naming or last table-row classifier disagrees, but duplicate/untagged legacy table rows do not prove source-pack provenance",,
sw_plc_cep/sfp_bowl01.pwk,"Naming or last table-row classifier disagrees, but duplicate/untagged legacy table rows do not prove source-pack provenance",,
sw_plc_cep/sfp_bowl02.mdl,"Naming or last table-row classifier disagrees, but duplicate/untagged legacy table rows do not prove source-pack provenance",,
sw_plc_cep/sfp_bowl02.pwk,"Naming or last table-row classifier disagrees, but duplicate/untagged legacy table rows do not prove source-pack provenance",,
sw_plc_cep/sfp_caraf01.mdl,"Naming or last table-row classifier disagrees, but duplicate/untagged legacy table rows do not prove source-pack provenance",,
sw_plc_cep/sfp_caraf01.pwk,"Naming or last table-row classifier disagrees, but duplicate/untagged legacy table rows do not prove source-pack provenance",,
sw_plc_cep/sfp_case01.mdl,"Naming or last table-row classifier disagrees, but duplicate/untagged legacy table rows do not prove source-pack provenance",,
sw_plc_cep/sfp_case01.pwk,"Naming or last table-row classifier disagrees, but duplicate/untagged legacy table rows do not prove source-pack provenance",,
sw_plc_cep/sfp_conting.mdl,"Naming or last table-row classifier disagrees, but duplicate/untagged legacy table rows do not prove source-pack provenance",,
sw_plc_cep/sfp_conting.pwk,"Naming or last table-row classifier disagrees, but duplicate/untagged legacy table rows do not prove source-pack provenance",,
sw_plc_cep/sfp_dglass01.mdl,"Naming or last table-row classifier disagrees, but duplicate/untagged legacy table rows do not prove source-pack provenance",,
sw_plc_cep/sfp_dglass02.mdl,"Naming or last table-row classifier disagrees, but duplicate/untagged legacy table rows do not prove source-pack provenance",,
sw_plc_cep/sfp_dglass03.mdl,"Naming or last table-row classifier disagrees, but duplicate/untagged legacy table rows do not prove source-pack provenance",,
sw_plc_cep/sfp_dish01.mdl,"Naming or last table-row classifier disagrees, but duplicate/untagged legacy table rows do not prove source-pack provenance",,
sw_plc_cep/sfp_dish01.pwk,"Naming or last table-row classifier disagrees, but duplicate/untagged legacy table rows do not prove source-pack provenance",,
sw_plc_cep/sfp_dish02.mdl,"Naming or last table-row classifier disagrees, but duplicate/untagged legacy table rows do not prove source-pack provenance",,
sw_plc_cep/sfp_meat.mdl,"Naming or last table-row classifier disagrees, but duplicate/untagged legacy table rows do not prove source-pack provenance",,
sw_plc_cep/sfp_meat.pwk,"Naming or last table-row classifier disagrees, but duplicate/untagged legacy table rows do not prove source-pack provenance",,
sw_plc_cep/sfp_meat_sml.mdl,"Naming or last table-row classifier disagrees, but duplicate/untagged legacy table rows do not prove source-pack provenance",,
sw_plc_cep/sfp_meat_sml.pwk,"Naming or last table-row classifier disagrees, but duplicate/untagged legacy table rows do not prove source-pack provenance",,
sw_plc_cep/sfp_pitcher.mdl,"Naming or last table-row classifier disagrees, but duplicate/untagged legacy table rows do not prove source-pack provenance",,
sw_plc_cep/sfp_pitcher.pwk,"Naming or last table-row classifier disagrees, but duplicate/untagged legacy table rows do not prove source-pack provenance",,
sw_plc_cep/sfp_ration01.mdl,"Naming or last table-row classifier disagrees, but duplicate/untagged legacy table rows do not prove source-pack provenance",,
sw_plc_cep/sfp_ration01.pwk,"Naming or last table-row classifier disagrees, but duplicate/untagged legacy table rows do not prove source-pack provenance",,
sw_plc_cep/sfp_ration02.mdl,"Naming or last table-row classifier disagrees, but duplicate/untagged legacy table rows do not prove source-pack provenance",,
sw_plc_cep/sfp_ration02.pwk,"Naming or last table-row classifier disagrees, but duplicate/untagged legacy table rows do not prove source-pack provenance",,
sw_plc_cep/sgp_ammo01.mdl,"Naming or last table-row classifier disagrees, but duplicate/untagged legacy table rows do not prove source-pack provenance",,
sw_plc_cep/sgp_ammo01.pwk,"Naming or last table-row classifier disagrees, but duplicate/untagged legacy table rows do not prove source-pack provenance",,
sw_plc_cep/sgp_ammo02.mdl,"Naming or last table-row classifier disagrees, but duplicate/untagged legacy table rows do not prove source-pack provenance",,
sw_plc_cep/sgp_ammo02.pwk,"Naming or last table-row classifier disagrees, but duplicate/untagged legacy table rows do not prove source-pack provenance",,
sw_plc_cep/sgp_ammo03.mdl,"Naming or last table-row classifier disagrees, but duplicate/untagged legacy table rows do not prove source-pack provenance",,
sw_plc_cep/sgp_ammo03.pwk,"Naming or last table-row classifier disagrees, but duplicate/untagged legacy table rows do not prove source-pack provenance",,
sw_plc_cep/sgp_armr01.mdl,"Naming or last table-row classifier disagrees, but duplicate/untagged legacy table rows do not prove source-pack provenance",,
sw_plc_cep/sgp_armr01.pwk,"Naming or last table-row classifier disagrees, but duplicate/untagged legacy table rows do not prove source-pack provenance",,
sw_plc_cep/sgp_armr02.mdl,"Naming or last table-row classifier disagrees, but duplicate/untagged legacy table rows do not prove source-pack provenance",,
sw_plc_cep/sgp_armr02.pwk,"Naming or last table-row classifier disagrees, but duplicate/untagged legacy table rows do not prove source-pack provenance",,
sw_plc_cep/sgp_armr03.mdl,"Naming or last table-row classifier disagrees, but duplicate/untagged legacy table rows do not prove source-pack provenance",,
sw_plc_cep/sgp_armr03.pwk,"Naming or last table-row classifier disagrees, but duplicate/untagged legacy table rows do not prove source-pack provenance",,
sw_plc_cep/sgp_ash01.mdl,"Naming or last table-row classifier disagrees, but duplicate/untagged legacy table rows do not prove source-pack provenance",,
sw_plc_cep/sgp_ash01.pwk,"Naming or last table-row classifier disagrees, but duplicate/untagged legacy table rows do not prove source-pack provenance",,
sw_plc_cep/sgp_atfct01.mdl,"Naming or last table-row classifier disagrees, but duplicate/untagged legacy table rows do not prove source-pack provenance",,
sw_plc_cep/sgp_atfct01.pwk,"Naming or last table-row classifier disagrees, but duplicate/untagged legacy table rows do not prove source-pack provenance",,
sw_plc_cep/sgp_bag02.mdl,"Naming or last table-row classifier disagrees, but duplicate/untagged legacy table rows do not prove source-pack provenance",,
sw_plc_cep/sgp_bag02.pwk,"Naming or last table-row classifier disagrees, but duplicate/untagged legacy table rows do not prove source-pack provenance",,
sw_plc_cep/sgp_bbl01.mdl,"Naming or last table-row classifier disagrees, but duplicate/untagged legacy table rows do not prove source-pack provenance",,
sw_plc_cep/sgp_bbl01.pwk,"Naming or last table-row classifier disagrees, but duplicate/untagged legacy table rows do not prove source-pack provenance",,
sw_plc_cep/sgp_bldg01.mdl,"Naming or last table-row classifier disagrees, but duplicate/untagged legacy table rows do not prove source-pack provenance",,
sw_plc_cep/sgp_bldg01.pwk,"Naming or last table-row classifier disagrees, but duplicate/untagged legacy table rows do not prove source-pack provenance",,
sw_plc_cep/sgp_brfc01.mdl,"Naming or last table-row classifier disagrees, but duplicate/untagged legacy table rows do not prove source-pack provenance",,
sw_plc_cep/sgp_brfc01.pwk,"Naming or last table-row classifier disagrees, but duplicate/untagged legacy table rows do not prove source-pack provenance",,
sw_plc_cep/sgp_btl01.mdl,"Naming or last table-row classifier disagrees, but duplicate/untagged legacy table rows do not prove source-pack provenance",,
sw_plc_cep/sgp_btl01.pwk,"Naming or last table-row classifier disagrees, but duplicate/untagged legacy table rows do not prove source-pack provenance",,
sw_plc_cep/sgp_btl02.mdl,"Naming or last table-row classifier disagrees, but duplicate/untagged legacy table rows do not prove source-pack provenance",,
sw_plc_cep/sgp_btl02.pwk,"Naming or last table-row classifier disagrees, but duplicate/untagged legacy table rows do not prove source-pack provenance",,
sw_plc_cep/sgp_cake01.mdl,"Naming or last table-row classifier disagrees, but duplicate/untagged legacy table rows do not prove source-pack provenance",,
sw_plc_cep/sgp_cake01.pwk,"Naming or last table-row classifier disagrees, but duplicate/untagged legacy table rows do not prove source-pack provenance",,
sw_plc_cep/sgp_cann01.mdl,"Naming or last table-row classifier disagrees, but duplicate/untagged legacy table rows do not prove source-pack provenance",,
sw_plc_cep/sgp_cann01.pwk,"Naming or last table-row classifier disagrees, but duplicate/untagged legacy table rows do not prove source-pack provenance",,
sw_plc_cep/sgp_card02.mdl,"Naming or last table-row classifier disagrees, but duplicate/untagged legacy table rows do not prove source-pack provenance",,
sw_plc_cep/sgp_card02.pwk,"Naming or last table-row classifier disagrees, but duplicate/untagged legacy table rows do not prove source-pack provenance",,
sw_plc_cep/sgp_cdt01.mdl,"Naming or last table-row classifier disagrees, but duplicate/untagged legacy table rows do not prove source-pack provenance",,
sw_plc_cep/sgp_cdt01.pwk,"Naming or last table-row classifier disagrees, but duplicate/untagged legacy table rows do not prove source-pack provenance",,
sw_plc_cep/sgp_chr01.mdl,"Naming or last table-row classifier disagrees, but duplicate/untagged legacy table rows do not prove source-pack provenance",,
sw_plc_cep/sgp_chr01.pwk,"Naming or last table-row classifier disagrees, but duplicate/untagged legacy table rows do not prove source-pack provenance",,
sw_plc_cep/sgp_chr02.mdl,"Naming or last table-row classifier disagrees, but duplicate/untagged legacy table rows do not prove source-pack provenance",,
sw_plc_cep/sgp_chr02.pwk,"Naming or last table-row classifier disagrees, but duplicate/untagged legacy table rows do not prove source-pack provenance",,
sw_plc_cep/sgp_chr03.mdl,"Naming or last table-row classifier disagrees, but duplicate/untagged legacy table rows do not prove source-pack provenance",,
sw_plc_cep/sgp_chr03.pwk,"Naming or last table-row classifier disagrees, but duplicate/untagged legacy table rows do not prove source-pack provenance",,
sw_plc_cep/sgp_cloth01.mdl,"Naming or last table-row classifier disagrees, but duplicate/untagged legacy table rows do not prove source-pack provenance",,
sw_plc_cep/sgp_cloth01.pwk,"Naming or last table-row classifier disagrees, but duplicate/untagged legacy table rows do not prove source-pack provenance",,
sw_plc_cep/sgp_cmr01.mdl,"Naming or last table-row classifier disagrees, but duplicate/untagged legacy table rows do not prove source-pack provenance",,
sw_plc_cep/sgp_cmr01.pwk,"Naming or last table-row classifier disagrees, but duplicate/untagged legacy table rows do not prove source-pack provenance",,
sw_plc_cep/sgp_cnt01.mdl,"Naming or last table-row classifier disagrees, but duplicate/untagged legacy table rows do not prove source-pack provenance",,
sw_plc_cep/sgp_cnt01.pwk,"Naming or last table-row classifier disagrees, but duplicate/untagged legacy table rows do not prove source-pack provenance",,
sw_plc_cep/sgp_comp04.mdl,"Naming or last table-row classifier disagrees, but duplicate/untagged legacy table rows do not prove source-pack provenance",,
sw_plc_cep/sgp_comp04.pwk,"Naming or last table-row classifier disagrees, but duplicate/untagged legacy table rows do not prove source-pack provenance",,
sw_plc_cep/sgp_comp17.mdl,"Naming or last table-row classifier disagrees, but duplicate/untagged legacy table rows do not prove source-pack provenance",,
sw_plc_cep/sgp_comp17.pwk,"Naming or last table-row classifier disagrees, but duplicate/untagged legacy table rows do not prove source-pack provenance",,
sw_plc_cep/sgp_cot01.mdl,"Naming or last table-row classifier disagrees, but duplicate/untagged legacy table rows do not prove source-pack provenance",,
sw_plc_cep/sgp_cot01.pwk,"Naming or last table-row classifier disagrees, but duplicate/untagged legacy table rows do not prove source-pack provenance",,
sw_plc_cep/sgp_cot02.mdl,"Naming or last table-row classifier disagrees, but duplicate/untagged legacy table rows do not prove source-pack provenance",,
sw_plc_cep/sgp_cot02.pwk,"Naming or last table-row classifier disagrees, but duplicate/untagged legacy table rows do not prove source-pack provenance",,
sw_plc_cep/sgp_cot03.mdl,"Naming or last table-row classifier disagrees, but duplicate/untagged legacy table rows do not prove source-pack provenance",,
sw_plc_cep/sgp_cot03.pwk,"Naming or last table-row classifier disagrees, but duplicate/untagged legacy table rows do not prove source-pack provenance",,
sw_plc_cep/sgp_crt01.mdl,"Naming or last table-row classifier disagrees, but duplicate/untagged legacy table rows do not prove source-pack provenance",,
sw_plc_cep/sgp_crt01.pwk,"Naming or last table-row classifier disagrees, but duplicate/untagged legacy table rows do not prove source-pack provenance",,
sw_plc_cep/sgp_crt02.mdl,"Naming or last table-row classifier disagrees, but duplicate/untagged legacy table rows do not prove source-pack provenance",,
sw_plc_cep/sgp_crt02.pwk,"Naming or last table-row classifier disagrees, but duplicate/untagged legacy table rows do not prove source-pack provenance",,
sw_plc_cep/sgp_csl01.mdl,"Naming or last table-row classifier disagrees, but duplicate/untagged legacy table rows do not prove source-pack provenance",,
sw_plc_cep/sgp_csl01.pwk,"Naming or last table-row classifier disagrees, but duplicate/untagged legacy table rows do not prove source-pack provenance",,
sw_plc_cep/sgp_csl02.mdl,"Naming or last table-row classifier disagrees, but duplicate/untagged legacy table rows do not prove source-pack provenance",,
sw_plc_cep/sgp_csl02.pwk,"Naming or last table-row classifier disagrees, but duplicate/untagged legacy table rows do not prove source-pack provenance",,
sw_plc_cep/sgp_dbr01.mdl,"Naming or last table-row classifier disagrees, but duplicate/untagged legacy table rows do not prove source-pack provenance",,
sw_plc_cep/sgp_dbr01.pwk,"Naming or last table-row classifier disagrees, but duplicate/untagged legacy table rows do not prove source-pack provenance",,
sw_plc_cep/sgp_dcp01.mdl,"Naming or last table-row classifier disagrees, but duplicate/untagged legacy table rows do not prove source-pack provenance",,
sw_plc_cep/sgp_dcp01.pwk,"Naming or last table-row classifier disagrees, but duplicate/untagged legacy table rows do not prove source-pack provenance",,
sw_plc_cep/sgp_dct01.mdl,"Naming or last table-row classifier disagrees, but duplicate/untagged legacy table rows do not prove source-pack provenance",,
sw_plc_cep/sgp_dct01.pwk,"Naming or last table-row classifier disagrees, but duplicate/untagged legacy table rows do not prove source-pack provenance",,
sw_plc_cep/sgp_dice01.mdl,"Naming or last table-row classifier disagrees, but duplicate/untagged legacy table rows do not prove source-pack provenance",,
sw_plc_cep/sgp_dice01.pwk,"Naming or last table-row classifier disagrees, but duplicate/untagged legacy table rows do not prove source-pack provenance",,
sw_plc_cep/sgp_dice02.mdl,"Naming or last table-row classifier disagrees, but duplicate/untagged legacy table rows do not prove source-pack provenance",,
sw_plc_cep/sgp_dice02.pwk,"Naming or last table-row classifier disagrees, but duplicate/untagged legacy table rows do not prove source-pack provenance",,
sw_plc_cep/sgp_drink01.mdl,"Naming or last table-row classifier disagrees, but duplicate/untagged legacy table rows do not prove source-pack provenance",,
sw_plc_cep/sgp_drink01.pwk,"Naming or last table-row classifier disagrees, but duplicate/untagged legacy table rows do not prove source-pack provenance",,
sw_plc_cep/sgp_drink02.mdl,"Naming or last table-row classifier disagrees, but duplicate/untagged legacy table rows do not prove source-pack provenance",,
sw_plc_cep/sgp_drink02.pwk,"Naming or last table-row classifier disagrees, but duplicate/untagged legacy table rows do not prove source-pack provenance",,
sw_plc_cep/sgp_dsk01.mdl,"Naming or last table-row classifier disagrees, but duplicate/untagged legacy table rows do not prove source-pack provenance",,
sw_plc_cep/sgp_dsk01.pwk,"Naming or last table-row classifier disagrees, but duplicate/untagged legacy table rows do not prove source-pack provenance",,
sw_plc_cep/sgp_eng01.mdl,"Naming or last table-row classifier disagrees, but duplicate/untagged legacy table rows do not prove source-pack provenance",,
sw_plc_cep/sgp_eng01.pwk,"Naming or last table-row classifier disagrees, but duplicate/untagged legacy table rows do not prove source-pack provenance",,
sw_plc_cep/sgp_eqpt01.mdl,"Naming or last table-row classifier disagrees, but duplicate/untagged legacy table rows do not prove source-pack provenance",,
sw_plc_cep/sgp_eqpt01.pwk,"Naming or last table-row classifier disagrees, but duplicate/untagged legacy table rows do not prove source-pack provenance",,
sw_plc_cep/sgp_fdc01.mdl,"Naming or last table-row classifier disagrees, but duplicate/untagged legacy table rows do not prove source-pack provenance",,
sw_plc_cep/sgp_fdc01.pwk,"Naming or last table-row classifier disagrees, but duplicate/untagged legacy table rows do not prove source-pack provenance",,
sw_plc_cep/sgp_glue01.mdl,"Naming or last table-row classifier disagrees, but duplicate/untagged legacy table rows do not prove source-pack provenance",,
sw_plc_cep/sgp_glue01.pwk,"Naming or last table-row classifier disagrees, but duplicate/untagged legacy table rows do not prove source-pack provenance",,
sw_plc_cep/sgp_htch01.mdl,"Naming or last table-row classifier disagrees, but duplicate/untagged legacy table rows do not prove source-pack provenance",,
sw_plc_cep/sgp_htch01.pwk,"Naming or last table-row classifier disagrees, but duplicate/untagged legacy table rows do not prove source-pack provenance",,
sw_plc_cep/sgp_kst01.mdl,"Naming or last table-row classifier disagrees, but duplicate/untagged legacy table rows do not prove source-pack provenance",,
sw_plc_cep/sgp_kst01.pwk,"Naming or last table-row classifier disagrees, but duplicate/untagged legacy table rows do not prove source-pack provenance",,
sw_plc_cep/sgp_ldgr01.mdl,"Naming or last table-row classifier disagrees, but duplicate/untagged legacy table rows do not prove source-pack provenance",,
sw_plc_cep/sgp_ldgr01.pwk,"Naming or last table-row classifier disagrees, but duplicate/untagged legacy table rows do not prove source-pack provenance",,
sw_plc_cep/sgp_mach01.mdl,"Naming or last table-row classifier disagrees, but duplicate/untagged legacy table rows do not prove source-pack provenance",,
sw_plc_cep/sgp_mach01.pwk,"Naming or last table-row classifier disagrees, but duplicate/untagged legacy table rows do not prove source-pack provenance",,
sw_plc_cep/sgp_mdc01.mdl,"Naming or last table-row classifier disagrees, but duplicate/untagged legacy table rows do not prove source-pack provenance",,
sw_plc_cep/sgp_mdc01.pwk,"Naming or last table-row classifier disagrees, but duplicate/untagged legacy table rows do not prove source-pack provenance",,
sw_plc_cep/sgp_meat01.mdl,"Naming or last table-row classifier disagrees, but duplicate/untagged legacy table rows do not prove source-pack provenance",,
sw_plc_cep/sgp_meat01.pwk,"Naming or last table-row classifier disagrees, but duplicate/untagged legacy table rows do not prove source-pack provenance",,
sw_plc_cep/sgp_pipes01.mdl,"Naming or last table-row classifier disagrees, but duplicate/untagged legacy table rows do not prove source-pack provenance",,
sw_plc_cep/sgp_pipes01.pwk,"Naming or last table-row classifier disagrees, but duplicate/untagged legacy table rows do not prove source-pack provenance",,
sw_plc_cep/sgp_pipes02.mdl,"Naming or last table-row classifier disagrees, but duplicate/untagged legacy table rows do not prove source-pack provenance",,
sw_plc_cep/sgp_pipes02.pwk,"Naming or last table-row classifier disagrees, but duplicate/untagged legacy table rows do not prove source-pack provenance",,
sw_plc_cep/sgp_sdebr01.mdl,"Naming or last table-row classifier disagrees, but duplicate/untagged legacy table rows do not prove source-pack provenance",,
sw_plc_cep/sgp_sdebr01.pwk,"Naming or last table-row classifier disagrees, but duplicate/untagged legacy table rows do not prove source-pack provenance",,
sw_plc_cep/sgp_sdebr02.mdl,"Naming or last table-row classifier disagrees, but duplicate/untagged legacy table rows do not prove source-pack provenance",,
sw_plc_cep/sgp_sdebr02.pwk,"Naming or last table-row classifier disagrees, but duplicate/untagged legacy table rows do not prove source-pack provenance",,
sw_plc_cep/sgp_sdebr03.mdl,"Naming or last table-row classifier disagrees, but duplicate/untagged legacy table rows do not prove source-pack provenance",,
sw_plc_cep/sgp_sdebr03.pwk,"Naming or last table-row classifier disagrees, but duplicate/untagged legacy table rows do not prove source-pack provenance",,
sw_plc_cep/sgp_sdebr04.mdl,"Naming or last table-row classifier disagrees, but duplicate/untagged legacy table rows do not prove source-pack provenance",,
sw_plc_cep/sgp_sdebr04.pwk,"Naming or last table-row classifier disagrees, but duplicate/untagged legacy table rows do not prove source-pack provenance",,
sw_plc_cep/sgp_sgn02.mdl,"Naming or last table-row classifier disagrees, but duplicate/untagged legacy table rows do not prove source-pack provenance",,
sw_plc_cep/sgp_sgn02.pwk,"Naming or last table-row classifier disagrees, but duplicate/untagged legacy table rows do not prove source-pack provenance",,
sw_plc_cep/sgp_sgn03.mdl,"Naming or last table-row classifier disagrees, but duplicate/untagged legacy table rows do not prove source-pack provenance",,
sw_plc_cep/sgp_sgn03.pwk,"Naming or last table-row classifier disagrees, but duplicate/untagged legacy table rows do not prove source-pack provenance",,
sw_plc_cep/sgp_shpc01.mdl,"Naming or last table-row classifier disagrees, but duplicate/untagged legacy table rows do not prove source-pack provenance",,
sw_plc_cep/sgp_shpc01.pwk,"Naming or last table-row classifier disagrees, but duplicate/untagged legacy table rows do not prove source-pack provenance",,
sw_plc_cep/sgp_shpc02.mdl,"Naming or last table-row classifier disagrees, but duplicate/untagged legacy table rows do not prove source-pack provenance",,
sw_plc_cep/sgp_shpc02.pwk,"Naming or last table-row classifier disagrees, but duplicate/untagged legacy table rows do not prove source-pack provenance",,
sw_plc_cep/sgp_shpc03.mdl,"Naming or last table-row classifier disagrees, but duplicate/untagged legacy table rows do not prove source-pack provenance",,
sw_plc_cep/sgp_shpc03.pwk,"Naming or last table-row classifier disagrees, but duplicate/untagged legacy table rows do not prove source-pack provenance",,
sw_plc_cep/sgp_shpc04.mdl,"Naming or last table-row classifier disagrees, but duplicate/untagged legacy table rows do not prove source-pack provenance",,
sw_plc_cep/sgp_shpc04.pwk,"Naming or last table-row classifier disagrees, but duplicate/untagged legacy table rows do not prove source-pack provenance",,
sw_plc_cep/sgp_shpc05.mdl,"Naming or last table-row classifier disagrees, but duplicate/untagged legacy table rows do not prove source-pack provenance",,
sw_plc_cep/sgp_shpc05.pwk,"Naming or last table-row classifier disagrees, but duplicate/untagged legacy table rows do not prove source-pack provenance",,
sw_plc_cep/sgp_shpc06.mdl,"Naming or last table-row classifier disagrees, but duplicate/untagged legacy table rows do not prove source-pack provenance",,
sw_plc_cep/sgp_shpc06.pwk,"Naming or last table-row classifier disagrees, but duplicate/untagged legacy table rows do not prove source-pack provenance",,
sw_plc_cep/sgp_shpc07.mdl,"Naming or last table-row classifier disagrees, but duplicate/untagged legacy table rows do not prove source-pack provenance",,
sw_plc_cep/sgp_shpc07.pwk,"Naming or last table-row classifier disagrees, but duplicate/untagged legacy table rows do not prove source-pack provenance",,
sw_plc_cep/sgp_shpc08.mdl,"Naming or last table-row classifier disagrees, but duplicate/untagged legacy table rows do not prove source-pack provenance",,
sw_plc_cep/sgp_shpc08.pwk,"Naming or last table-row classifier disagrees, but duplicate/untagged legacy table rows do not prove source-pack provenance",,
sw_plc_cep/sgp_shpc09.mdl,"Naming or last table-row classifier disagrees, but duplicate/untagged legacy table rows do not prove source-pack provenance",,
sw_plc_cep/sgp_shpc09.pwk,"Naming or last table-row classifier disagrees, but duplicate/untagged legacy table rows do not prove source-pack provenance",,
sw_plc_cep/sgp_shpc10.mdl,"Naming or last table-row classifier disagrees, but duplicate/untagged legacy table rows do not prove source-pack provenance",,
sw_plc_cep/sgp_shpc10.pwk,"Naming or last table-row classifier disagrees, but duplicate/untagged legacy table rows do not prove source-pack provenance",,
sw_plc_cep/sgp_shpc11.mdl,"Naming or last table-row classifier disagrees, but duplicate/untagged legacy table rows do not prove source-pack provenance",,
sw_plc_cep/sgp_shpc11.pwk,"Naming or last table-row classifier disagrees, but duplicate/untagged legacy table rows do not prove source-pack provenance",,
sw_plc_cep/sgp_shpc12.mdl,"Naming or last table-row classifier disagrees, but duplicate/untagged legacy table rows do not prove source-pack provenance",,
sw_plc_cep/sgp_shpc12.pwk,"Naming or last table-row classifier disagrees, but duplicate/untagged legacy table rows do not prove source-pack provenance",,
sw_plc_cep/sgp_shpc13.mdl,"Naming or last table-row classifier disagrees, but duplicate/untagged legacy table rows do not prove source-pack provenance",,
sw_plc_cep/sgp_shpc13.pwk,"Naming or last table-row classifier disagrees, but duplicate/untagged legacy table rows do not prove source-pack provenance",,
sw_plc_cep/sgp_shpc14.mdl,"Naming or last table-row classifier disagrees, but duplicate/untagged legacy table rows do not prove source-pack provenance",,
sw_plc_cep/sgp_shpc14.pwk,"Naming or last table-row classifier disagrees, but duplicate/untagged legacy table rows do not prove source-pack provenance",,
sw_plc_cep/sgp_spt02.mdl,"Naming or last table-row classifier disagrees, but duplicate/untagged legacy table rows do not prove source-pack provenance",,
sw_plc_cep/sgp_spt02.pwk,"Naming or last table-row classifier disagrees, but duplicate/untagged legacy table rows do not prove source-pack provenance",,
sw_plc_cep/sgp_spt03.mdl,"Naming or last table-row classifier disagrees, but duplicate/untagged legacy table rows do not prove source-pack provenance",,
sw_plc_cep/sgp_spt03.pwk,"Naming or last table-row classifier disagrees, but duplicate/untagged legacy table rows do not prove source-pack provenance",,
sw_plc_cep/sgp_stool02.mdl,"Naming or last table-row classifier disagrees, but duplicate/untagged legacy table rows do not prove source-pack provenance",,
sw_plc_cep/sgp_stool02.pwk,"Naming or last table-row classifier disagrees, but duplicate/untagged legacy table rows do not prove source-pack provenance",,
sw_plc_cep/sgp_supp01.mdl,"Naming or last table-row classifier disagrees, but duplicate/untagged legacy table rows do not prove source-pack provenance",,
sw_plc_cep/sgp_supp01.pwk,"Naming or last table-row classifier disagrees, but duplicate/untagged legacy table rows do not prove source-pack provenance",,
sw_plc_cep/sgp_swit01.mdl,"Naming or last table-row classifier disagrees, but duplicate/untagged legacy table rows do not prove source-pack provenance",,
sw_plc_cep/sgp_swit01.pwk,"Naming or last table-row classifier disagrees, but duplicate/untagged legacy table rows do not prove source-pack provenance",,
sw_plc_cep/sgp_techp01.mdl,"Naming or last table-row classifier disagrees, but duplicate/untagged legacy table rows do not prove source-pack provenance",,
sw_plc_cep/sgp_techp01.pwk,"Naming or last table-row classifier disagrees, but duplicate/untagged legacy table rows do not prove source-pack provenance",,
sw_plc_cep/sgp_tent01.mdl,"Naming or last table-row classifier disagrees, but duplicate/untagged legacy table rows do not prove source-pack provenance",,
sw_plc_cep/sgp_tent01.pwk,"Naming or last table-row classifier disagrees, but duplicate/untagged legacy table rows do not prove source-pack provenance",,
sw_plc_cep/sgp_tent02.mdl,"Naming or last table-row classifier disagrees, but duplicate/untagged legacy table rows do not prove source-pack provenance",,
sw_plc_cep/sgp_tent02.pwk,"Naming or last table-row classifier disagrees, but duplicate/untagged legacy table rows do not prove source-pack provenance",,
sw_plc_cep/sgp_tent03.mdl,"Naming or last table-row classifier disagrees, but duplicate/untagged legacy table rows do not prove source-pack provenance",,
sw_plc_cep/sgp_tent03.pwk,"Naming or last table-row classifier disagrees, but duplicate/untagged legacy table rows do not prove source-pack provenance",,
sw_plc_cep/sgp_tent04.mdl,"Naming or last table-row classifier disagrees, but duplicate/untagged legacy table rows do not prove source-pack provenance",,
sw_plc_cep/sgp_tent04.pwk,"Naming or last table-row classifier disagrees, but duplicate/untagged legacy table rows do not prove source-pack provenance",,
sw_plc_cep/sgp_tent05.mdl,"Naming or last table-row classifier disagrees, but duplicate/untagged legacy table rows do not prove source-pack provenance",,
sw_plc_cep/sgp_tent05.pwk,"Naming or last table-row classifier disagrees, but duplicate/untagged legacy table rows do not prove source-pack provenance",,
sw_plc_cep/sgp_tent06.mdl,"Naming or last table-row classifier disagrees, but duplicate/untagged legacy table rows do not prove source-pack provenance",,
sw_plc_cep/sgp_tent06.pwk,"Naming or last table-row classifier disagrees, but duplicate/untagged legacy table rows do not prove source-pack provenance",,
sw_plc_cep/sgp_tent07.mdl,"Naming or last table-row classifier disagrees, but duplicate/untagged legacy table rows do not prove source-pack provenance",,
sw_plc_cep/sgp_tent07.pwk,"Naming or last table-row classifier disagrees, but duplicate/untagged legacy table rows do not prove source-pack provenance",,
sw_plc_cep/sgp_tent08.mdl,"Naming or last table-row classifier disagrees, but duplicate/untagged legacy table rows do not prove source-pack provenance",,
sw_plc_cep/sgp_tent08.pwk,"Naming or last table-row classifier disagrees, but duplicate/untagged legacy table rows do not prove source-pack provenance",,
sw_plc_cep/sgp_tkg01.mdl,"Naming or last table-row classifier disagrees, but duplicate/untagged legacy table rows do not prove source-pack provenance",,
sw_plc_cep/sgp_tkg01.pwk,"Naming or last table-row classifier disagrees, but duplicate/untagged legacy table rows do not prove source-pack provenance",,
sw_plc_cep/sgp_tnk01.mdl,"Naming or last table-row classifier disagrees, but duplicate/untagged legacy table rows do not prove source-pack provenance",,
sw_plc_cep/sgp_tnk01.pwk,"Naming or last table-row classifier disagrees, but duplicate/untagged legacy table rows do not prove source-pack provenance",,
sw_plc_cep/sgp_trml01.mdl,"Naming or last table-row classifier disagrees, but duplicate/untagged legacy table rows do not prove source-pack provenance",,
sw_plc_cep/sgp_trml01.pwk,"Naming or last table-row classifier disagrees, but duplicate/untagged legacy table rows do not prove source-pack provenance",,
sw_plc_cep/sgp_trml02.mdl,"Naming or last table-row classifier disagrees, but duplicate/untagged legacy table rows do not prove source-pack provenance",,
sw_plc_cep/sgp_trml02.pwk,"Naming or last table-row classifier disagrees, but duplicate/untagged legacy table rows do not prove source-pack provenance",,
sw_plc_cep/sgp_trml03.mdl,"Naming or last table-row classifier disagrees, but duplicate/untagged legacy table rows do not prove source-pack provenance",,
sw_plc_cep/sgp_trml03.pwk,"Naming or last table-row classifier disagrees, but duplicate/untagged legacy table rows do not prove source-pack provenance",,
sw_plc_cep/sgp_trml04.mdl,"Naming or last table-row classifier disagrees, but duplicate/untagged legacy table rows do not prove source-pack provenance",,
sw_plc_cep/sgp_trml04.pwk,"Naming or last table-row classifier disagrees, but duplicate/untagged legacy table rows do not prove source-pack provenance",,
sw_plc_cep/sgp_trml05.mdl,"Naming or last table-row classifier disagrees, but duplicate/untagged legacy table rows do not prove source-pack provenance",,
sw_plc_cep/sgp_trml05.pwk,"Naming or last table-row classifier disagrees, but duplicate/untagged legacy table rows do not prove source-pack provenance",,
sw_plc_cep/sgp_trml06.mdl,"Naming or last table-row classifier disagrees, but duplicate/untagged legacy table rows do not prove source-pack provenance",,
sw_plc_cep/sgp_trml06.pwk,"Naming or last table-row classifier disagrees, but duplicate/untagged legacy table rows do not prove source-pack provenance",,
sw_plc_cep/sgp_trml07.mdl,"Naming or last table-row classifier disagrees, but duplicate/untagged legacy table rows do not prove source-pack provenance",,
sw_plc_cep/sgp_trml07.pwk,"Naming or last table-row classifier disagrees, but duplicate/untagged legacy table rows do not prove source-pack provenance",,
sw_plc_cep/sgp_trml08.mdl,"Naming or last table-row classifier disagrees, but duplicate/untagged legacy table rows do not prove source-pack provenance",,
sw_plc_cep/sgp_trml08.pwk,"Naming or last table-row classifier disagrees, but duplicate/untagged legacy table rows do not prove source-pack provenance",,
sw_plc_cep/sgp_trml09.mdl,"Naming or last table-row classifier disagrees, but duplicate/untagged legacy table rows do not prove source-pack provenance",,
sw_plc_cep/sgp_trml09.pwk,"Naming or last table-row classifier disagrees, but duplicate/untagged legacy table rows do not prove source-pack provenance",,
sw_plc_cep/sgp_tube01.mdl,"Naming or last table-row classifier disagrees, but duplicate/untagged legacy table rows do not prove source-pack provenance",,
sw_plc_cep/sgp_tube01.pwk,"Naming or last table-row classifier disagrees, but duplicate/untagged legacy table rows do not prove source-pack provenance",,
sw_plc_cep/sgp_turb01.mdl,"Naming or last table-row classifier disagrees, but duplicate/untagged legacy table rows do not prove source-pack provenance",,
sw_plc_cep/sgp_turb01.pwk,"Naming or last table-row classifier disagrees, but duplicate/untagged legacy table rows do not prove source-pack provenance",,
sw_plc_cep/sgp_var01.mdl,"Naming or last table-row classifier disagrees, but duplicate/untagged legacy table rows do not prove source-pack provenance",,
sw_plc_cep/sgp_var01.pwk,"Naming or last table-row classifier disagrees, but duplicate/untagged legacy table rows do not prove source-pack provenance",,
sw_plc_cep/shadow1.dds,Potential consumers span multiple categories; preserve current shared-resource location,sw_cr_creature; sw_plc; sw_weapon,sw_cr_creature/c_winblusha.mdl; sw_cr_creature/c_winblusha.mdl; sw_cr_creature/c_winblusha.mdl; sw_cr_creature/c_winblusha.mdl; sw_cr_creature/c_winblusha.mdl; sw_cr_creature/c_winblusha.mdl; sw_cr_creature/c_winblusha.mdl; sw_cr_creature/c_winblusha.mdl
sw_plc_cep/shadow2.dds,Potential consumers span multiple categories; preserve current shared-resource location,sw_cr_creature; sw_plc; sw_pt_head; sw_t_season; sw_vfx; sw_weapon,sw_cr_creature/c_wingkenkub.mdl; sw_cr_creature/c_wingsan.mdl; sw_cr_creature/c_wingsan.mdl; sw_cr_creature/c_wingsan.mdl; sw_cr_creature/c_wingsan.mdl; sw_cr_creature/c_wingsan.mdl; sw_cr_creature/c_wingsan.mdl; sw_cr_creature/c_wingsan.mdl
sw_plc_cep/shadow3.dds,Potential consumers span multiple categories; preserve current shared-resource location,sw_t_season; sw_weapon,sw_t_season/wsf01_m26_13.mdl; sw_t_season/wsf01_m26_13.mdl; sw_t_season/wsf01_m26_13.mdl; sw_t_season/wsf01_m26_13.mdl; sw_t_season/wsf01_m26_13.mdl; sw_t_season/wsf01_m26_13.mdl; sw_t_season/wsf01_m40_14.mdl; sw_t_season/wsf01_m40_14.mdl
sw_plc_cep/silverarm_sacb.tga,Potential consumers span multiple categories; preserve current shared-resource location,sw_pt_lbicep; sw_pt_rbicep,sw_pt_lbicep/pfa0_bicepl215.mdl; sw_pt_lbicep/pfa2_bicepl215.mdl; sw_pt_lbicep/pfd0_bicepl215.mdl; sw_pt_lbicep/pfd2_bicepl215.mdl; sw_pt_lbicep/pfe0_bicepl215.mdl; sw_pt_lbicep/pfe2_bicepl215.mdl; sw_pt_lbicep/pfg0_bicepl215.mdl; sw_pt_lbicep/pfg2_bicepl215.mdl
sw_plc_cep/silverarm_sacb.txi,Potential consumers span multiple categories; preserve current shared-resource location,sw_pt_lbicep; sw_pt_rbicep,sw_pt_lbicep/pfa0_bicepl215.mdl; sw_pt_lbicep/pfa2_bicepl215.mdl; sw_pt_lbicep/pfd0_bicepl215.mdl; sw_pt_lbicep/pfd2_bicepl215.mdl; sw_pt_lbicep/pfe0_bicepl215.mdl; sw_pt_lbicep/pfe2_bicepl215.mdl; sw_pt_lbicep/pfg0_bicepl215.mdl; sw_pt_lbicep/pfg2_bicepl215.mdl
sw_plc_cep/silverarm_sacf.tga,Potential consumers span multiple categories; preserve current shared-resource location,sw_pt_lfore; sw_pt_rfore,sw_pt_lfore/pfa0_forel215.mdl; sw_pt_lfore/pfa2_forel215.mdl; sw_pt_lfore/pfd0_forel215.mdl; sw_pt_lfore/pfd2_forel215.mdl; sw_pt_lfore/pfe0_forel215.mdl; sw_pt_lfore/pfe2_forel215.mdl; sw_pt_lfore/pfg0_forel215.mdl; sw_pt_lfore/pfg2_forel215.mdl
sw_plc_cep/silverarm_sacf.txi,Potential consumers span multiple categories; preserve current shared-resource location,sw_pt_lfore; sw_pt_rfore,sw_pt_lfore/pfa0_forel215.mdl; sw_pt_lfore/pfa2_forel215.mdl; sw_pt_lfore/pfd0_forel215.mdl; sw_pt_lfore/pfd2_forel215.mdl; sw_pt_lfore/pfe0_forel215.mdl; sw_pt_lfore/pfe2_forel215.mdl; sw_pt_lfore/pfg0_forel215.mdl; sw_pt_lfore/pfg2_forel215.mdl
sw_plc_cep/silverarm_sach.tga,Potential consumers span multiple categories; preserve current shared-resource location,sw_pt_lhand; sw_pt_rhand,sw_pt_lhand/pfa0_handl215.mdl; sw_pt_lhand/pfa2_handl215.mdl; sw_pt_lhand/pfd0_handl215.mdl; sw_pt_lhand/pfd2_handl215.mdl; sw_pt_lhand/pfe0_handl215.mdl; sw_pt_lhand/pfe2_handl215.mdl; sw_pt_lhand/pfg0_handl215.mdl; sw_pt_lhand/pfg2_handl215.mdl
sw_plc_cep/silverarm_sach.txi,Potential consumers span multiple categories; preserve current shared-resource location,sw_pt_lhand; sw_pt_rhand,sw_pt_lhand/pfa0_handl215.mdl; sw_pt_lhand/pfa2_handl215.mdl; sw_pt_lhand/pfd0_handl215.mdl; sw_pt_lhand/pfd2_handl215.mdl; sw_pt_lhand/pfe0_handl215.mdl; sw_pt_lhand/pfe2_handl215.mdl; sw_pt_lhand/pfg0_handl215.mdl; sw_pt_lhand/pfg2_handl215.mdl
sw_plc_cep/sja_acash01.mdl,"Naming or last table-row classifier disagrees, but duplicate/untagged legacy table rows do not prove source-pack provenance",,
sw_plc_cep/sja_acash01.pwk,"Naming or last table-row classifier disagrees, but duplicate/untagged legacy table rows do not prove source-pack provenance",,
sw_plc_cep/sja_bacta01.mdl,"Naming or last table-row classifier disagrees, but duplicate/untagged legacy table rows do not prove source-pack provenance",,
sw_plc_cep/sja_bacta01.pwk,"Naming or last table-row classifier disagrees, but duplicate/untagged legacy table rows do not prove source-pack provenance",,
sw_plc_cep/sja_binoc01.dds,"Naming or last table-row classifier disagrees, but duplicate/untagged legacy table rows do not prove source-pack provenance",,
sw_plc_cep/sja_binoc01.mdl,"Naming or last table-row classifier disagrees, but duplicate/untagged legacy table rows do not prove source-pack provenance",,
sw_plc_cep/sja_binoc01.pwk,"Naming or last table-row classifier disagrees, but duplicate/untagged legacy table rows do not prove source-pack provenance",,
sw_plc_cep/sja_borne01.dds,"Naming or last table-row classifier disagrees, but duplicate/untagged legacy table rows do not prove source-pack provenance",,
sw_plc_cep/sja_borne01.mdl,"Naming or last table-row classifier disagrees, but duplicate/untagged legacy table rows do not prove source-pack provenance",,
sw_plc_cep/sja_borne01.pwk,"Naming or last table-row classifier disagrees, but duplicate/untagged legacy table rows do not prove source-pack provenance",,
sw_plc_cep/sja_borne02.dds,"Naming or last table-row classifier disagrees, but duplicate/untagged legacy table rows do not prove source-pack provenance",,
sw_plc_cep/sja_borne02.mdl,"Naming or last table-row classifier disagrees, but duplicate/untagged legacy table rows do not prove source-pack provenance",,
sw_plc_cep/sja_borne02.pwk,"Naming or last table-row classifier disagrees, but duplicate/untagged legacy table rows do not prove source-pack provenance",,
sw_plc_cep/sja_coffee01.dds,"Naming or last table-row classifier disagrees, but duplicate/untagged legacy table rows do not prove source-pack provenance",,
sw_plc_cep/sja_coffee01.mdl,"Naming or last table-row classifier disagrees, but duplicate/untagged legacy table rows do not prove source-pack provenance",,
sw_plc_cep/sja_coffee01.pwk,"Naming or last table-row classifier disagrees, but duplicate/untagged legacy table rows do not prove source-pack provenance",,
sw_plc_cep/sja_cup01.dds,"Naming or last table-row classifier disagrees, but duplicate/untagged legacy table rows do not prove source-pack provenance",,
sw_plc_cep/sja_cup01.mdl,"Naming or last table-row classifier disagrees, but duplicate/untagged legacy table rows do not prove source-pack provenance",,
sw_plc_cep/sja_cup01.pwk,"Naming or last table-row classifier disagrees, but duplicate/untagged legacy table rows do not prove source-pack provenance",,
sw_plc_cep/sja_datap01.mdl,"Naming or last table-row classifier disagrees, but duplicate/untagged legacy table rows do not prove source-pack provenance",,
sw_plc_cep/sja_datap01.pwk,"Naming or last table-row classifier disagrees, but duplicate/untagged legacy table rows do not prove source-pack provenance",,
sw_plc_cep/sja_ecell01.dds,"Naming or last table-row classifier disagrees, but duplicate/untagged legacy table rows do not prove source-pack provenance",,
sw_plc_cep/sja_ecell01.mdl,"Naming or last table-row classifier disagrees, but duplicate/untagged legacy table rows do not prove source-pack provenance",,
sw_plc_cep/sja_ecell01.pwk,"Naming or last table-row classifier disagrees, but duplicate/untagged legacy table rows do not prove source-pack provenance",,
sw_plc_cep/sja_fgem01.dds,"Naming or last table-row classifier disagrees, but duplicate/untagged legacy table rows do not prove source-pack provenance",,
sw_plc_cep/sja_fgem01.mdl,"Naming or last table-row classifier disagrees, but duplicate/untagged legacy table rows do not prove source-pack provenance",,
sw_plc_cep/sja_fgem01.pwk,"Naming or last table-row classifier disagrees, but duplicate/untagged legacy table rows do not prove source-pack provenance",,
sw_plc_cep/sja_glass01.dds,"Naming or last table-row classifier disagrees, but duplicate/untagged legacy table rows do not prove source-pack provenance",,
sw_plc_cep/sja_glass01.mdl,"Naming or last table-row classifier disagrees, but duplicate/untagged legacy table rows do not prove source-pack provenance",,
sw_plc_cep/sja_glass01.pwk,"Naming or last table-row classifier disagrees, but duplicate/untagged legacy table rows do not prove source-pack provenance",,
sw_plc_cep/sja_key01.dds,"Naming or last table-row classifier disagrees, but duplicate/untagged legacy table rows do not prove source-pack provenance",,
sw_plc_cep/sja_key01.mdl,"Naming or last table-row classifier disagrees, but duplicate/untagged legacy table rows do not prove source-pack provenance",,
sw_plc_cep/sja_key01.pwk,"Naming or last table-row classifier disagrees, but duplicate/untagged legacy table rows do not prove source-pack provenance",,
sw_plc_cep/sja_mbolt01.dds,"Naming or last table-row classifier disagrees, but duplicate/untagged legacy table rows do not prove source-pack provenance",,
sw_plc_cep/sja_mbolt01.mdl,"Naming or last table-row classifier disagrees, but duplicate/untagged legacy table rows do not prove source-pack provenance",,
sw_plc_cep/sja_mbolt01.pwk,"Naming or last table-row classifier disagrees, but duplicate/untagged legacy table rows do not prove source-pack provenance",,
sw_plc_cep/sja_mbolt02.mdl,"Naming or last table-row classifier disagrees, but duplicate/untagged legacy table rows do not prove source-pack provenance",,
sw_plc_cep/sja_mbolt02.pwk,"Naming or last table-row classifier disagrees, but duplicate/untagged legacy table rows do not prove source-pack provenance",,
sw_plc_cep/sja_mdpac01.dds,"Naming or last table-row classifier disagrees, but duplicate/untagged legacy table rows do not prove source-pack provenance",,
sw_plc_cep/sja_mdpac01.mdl,"Naming or last table-row classifier disagrees, but duplicate/untagged legacy table rows do not prove source-pack provenance",,
sw_plc_cep/sja_mdpac01.pwk,"Naming or last table-row classifier disagrees, but duplicate/untagged legacy table rows do not prove source-pack provenance",,
sw_plc_cep/sja_pcell01.dds,"Naming or last table-row classifier disagrees, but duplicate/untagged legacy table rows do not prove source-pack provenance",,
sw_plc_cep/sja_pcell01.mdl,"Naming or last table-row classifier disagrees, but duplicate/untagged legacy table rows do not prove source-pack provenance",,
sw_plc_cep/sja_pcell01.pwk,"Naming or last table-row classifier disagrees, but duplicate/untagged legacy table rows do not prove source-pack provenance",,
sw_plc_cep/sja_pcell02.mdl,"Naming or last table-row classifier disagrees, but duplicate/untagged legacy table rows do not prove source-pack provenance",,
sw_plc_cep/sja_pcell02.pwk,"Naming or last table-row classifier disagrees, but duplicate/untagged legacy table rows do not prove source-pack provenance",,
sw_plc_cep/sja_pconv01.mdl,"Naming or last table-row classifier disagrees, but duplicate/untagged legacy table rows do not prove source-pack provenance",,
sw_plc_cep/sja_pconv01.pwk,"Naming or last table-row classifier disagrees, but duplicate/untagged legacy table rows do not prove source-pack provenance",,
sw_plc_cep/sja_psd01.dds,"Naming or last table-row classifier disagrees, but duplicate/untagged legacy table rows do not prove source-pack provenance",,
sw_plc_cep/sja_psd01.mdl,"Naming or last table-row classifier disagrees, but duplicate/untagged legacy table rows do not prove source-pack provenance",,
sw_plc_cep/sja_psd01.pwk,"Naming or last table-row classifier disagrees, but duplicate/untagged legacy table rows do not prove source-pack provenance",,
sw_plc_cep/sja_psds01.dds,"Naming or last table-row classifier disagrees, but duplicate/untagged legacy table rows do not prove source-pack provenance",,
sw_plc_cep/sja_psds01.mdl,"Naming or last table-row classifier disagrees, but duplicate/untagged legacy table rows do not prove source-pack provenance",,
sw_plc_cep/sja_psds01.pwk,"Naming or last table-row classifier disagrees, but duplicate/untagged legacy table rows do not prove source-pack provenance",,
sw_plc_cep/sja_tbl01.dds,"Naming or last table-row classifier disagrees, but duplicate/untagged legacy table rows do not prove source-pack provenance",,
sw_plc_cep/sja_tbl01.mdl,"Naming or last table-row classifier disagrees, but duplicate/untagged legacy table rows do not prove source-pack provenance",,
sw_plc_cep/sja_tbl01.pwk,"Naming or last table-row classifier disagrees, but duplicate/untagged legacy table rows do not prove source-pack provenance",,
sw_plc_cep/sja_z95_01.mdl,"Naming or last table-row classifier disagrees, but duplicate/untagged legacy table rows do not prove source-pack provenance",,
sw_plc_cep/sja_z95_01.pwk,"Naming or last table-row classifier disagrees, but duplicate/untagged legacy table rows do not prove source-pack provenance",,
sw_plc_cep/spiral.dds,Potential consumers span multiple categories; preserve current shared-resource location,sw_plc; sw_t_starship; sw_weapon,sw_plc/plc_tie02_jka.mdl; sw_t_starship/shp02_f26_01.mdl; sw_weapon/waxgr_t_251.mdl; sw_weapon/waxgr_t_251.mdl; sw_weapon/waxgr_t_254.mdl; sw_weapon/waxgr_t_254.mdl
sw_plc_cep/splshwall01.dds,Potential consumers span multiple categories; preserve current shared-resource location,sw_plc; sw_t_cepcityin,sw_plc/st_shelf01.mdl; sw_plc/st_shelf01.mdl; sw_t_cepcityin/zin01_d46_01.mdl; sw_t_cepcityin/zin01_d50_03.mdl; sw_t_cepcityin/zin01_d50_03.mdl; sw_t_cepcityin/zin01_d50_03.mdl; sw_t_cepcityin/zin01_d50_03.mdl; sw_t_cepcityin/zin01_d50_03.mdl
sw_plc_cep/st_botl04.dds,Potential consumers span multiple categories; preserve current shared-resource location,sw_plc; sw_t_cepcityin,sw_plc/st_shelf01.mdl; sw_t_cepcityin/zin01_d50_04.mdl; sw_t_cepcityin/zin01_d50_04.mdl; sw_t_cepcityin/zin01_d50_04.mdl
sw_plc_cep/st_botl05.dds,Potential consumers span multiple categories; preserve current shared-resource location,sw_plc; sw_t_cepcityin,sw_plc/st_shelf01.mdl; sw_t_cepcityin/zin01_d50_03.mdl; sw_t_cepcityin/zin01_d50_04.mdl; sw_t_cepcityin/zin01_d50_04.mdl; sw_t_cepcityin/zin01_f42_01.mdl; sw_t_cepcityin/zin01_f42_01.mdl; sw_t_cepcityin/zin01_f42_01.mdl; sw_t_cepcityin/zin01_f42_01.mdl
sw_plc_cep/st_botl06.dds,Potential consumers span multiple categories; preserve current shared-resource location,sw_plc; sw_t_cepcityin,sw_plc/st_shelf01.mdl; sw_t_cepcityin/zin01_d50_03.mdl; sw_t_cepcityin/zin01_d50_04.mdl; sw_t_cepcityin/zin01_f42_01.mdl; sw_t_cepcityin/zin01_f42_01.mdl; sw_t_cepcityin/zin01_f42_01.mdl; sw_t_cepcityin/zin01_f42_01.mdl; sw_t_cepcityin/zin01_f42_01.mdl
sw_plc_cep/st_col01.dds,Potential consumers span multiple categories; preserve current shared-resource location,sw_plc; sw_t_cepcityin,sw_plc/st_pillar01.mdl; sw_t_cepcityin/zin01_a41_01.mdl; sw_t_cepcityin/zin01_a41_01.mdl; sw_t_cepcityin/zin01_a41_02.mdl; sw_t_cepcityin/zin01_a41_02.mdl; sw_t_cepcityin/zin01_a41_03.mdl; sw_t_cepcityin/zin01_a41_03.mdl; sw_t_cepcityin/zin01_a42_01.mdl
sw_plc_cep/stone1.tga,Raw binary token matched but could not verify actual resource declaration; leave unchanged,,sw_t_cepunder/ztu01_i01_13.mdl; sw_t_cepunder/ztu01_i01_16.mdl
sw_plc_cep/stone2.tga,Potential consumers span multiple categories; preserve current shared-resource location,sw_t_cepunder; sw_t_jungle,sw_t_cepunder/ztu01_i01_13.mdl; sw_t_cepunder/ztu01_i01_16.mdl; sw_t_jungle/jac02_f02_05.mdl
sw_plc_cep/stone3.tga,Potential consumers span multiple categories; preserve current shared-resource location,sw_t_cepunder; sw_t_jungle,sw_t_cepunder/ztu01_i01_16.mdl; sw_t_jungle/jac02_f02_05.mdl
sw_plc_cep/tail1.tga,Potential consumers span multiple categories; preserve current shared-resource location,sw_cr_creature; sw_plc; sw_plc_mdrn,sw_cr_creature/cplt_ex_minotaur.mdl; sw_cr_creature/C_Laigrek.mdl; sw_cr_creature/C_Laigrek.mdl; sw_cr_creature/C_Laigrek.mdl; sw_cr_creature/C_Laigrek.mdl; sw_cr_creature/C_Laigrek.mdl; sw_cr_creature/C_Laigrek.mdl; sw_cr_creature/C_Laigrek.mdl
sw_plc_cep/tail2.tga,Potential consumers span multiple categories; preserve current shared-resource location,sw_cr_creature; sw_plc; sw_plc_mdrn,sw_cr_creature/cplt_ex_minotaur.mdl; sw_cr_creature/c_minotail.mdl; sw_cr_creature/c_minotail.mdl; sw_cr_creature/c_minotail.mdl; sw_cr_creature/c_minotail.mdl; sw_cr_creature/c_minotail.mdl; sw_cr_creature/c_minotail.mdl; sw_cr_creature/c_minotail.mdl
sw_plc_cep/tail3.tga,Potential consumers span multiple categories; preserve current shared-resource location,sw_cr_creature; sw_plc; sw_plc_mdrn,sw_cr_creature/cplt_ex_minotaur.mdl; sw_cr_creature/c_minotail.mdl; sw_cr_creature/c_minotail.mdl; sw_cr_creature/c_minotail.mdl; sw_cr_creature/c_minotail.mdl; sw_cr_creature/c_minotail.mdl; sw_cr_creature/c_minotail.mdl; sw_cr_creature/c_minotail.mdl
sw_plc_cep/tail4.tga,Potential consumers span multiple categories; preserve current shared-resource location,sw_cr_creature; sw_plc; sw_plc_mdrn,sw_cr_creature/cplt_ex_minotaur.mdl; sw_cr_creature/c_minotail.mdl; sw_cr_creature/c_minotail.mdl; sw_cr_creature/c_minotail.mdl; sw_cr_creature/c_minotail.mdl; sw_cr_creature/c_minotail.mdl; sw_cr_creature/c_minotail.mdl; sw_cr_creature/c_minotail.mdl
sw_plc_cep/tail5.tga,Potential consumers span multiple categories; preserve current shared-resource location,sw_cr_creature; sw_plc; sw_plc_mdrn,sw_cr_creature/cplt_ex_minotaur.mdl; sw_cr_creature/c_minotail.mdl; sw_cr_creature/c_minotail.mdl; sw_cr_creature/c_minotail.mdl; sw_cr_creature/c_minotail.mdl; sw_cr_creature/c_minotail.mdl; sw_cr_creature/c_minotail.mdl; sw_cr_creature/c_minotail.mdl
sw_plc_cep/violin.dds,Potential consumers span multiple categories; preserve current shared-resource location,sw_item; sw_weapon,sw_item/it_torch_041.mdl; sw_item/it_torch_041.mdl; sw_item/it_torch_041.mdl; sw_item/it_torch_041.mdl; sw_item/it_torch_041.mdl; sw_item/it_torch_041.mdl; sw_item/it_torch_041.mdl; sw_item/it_torch_041.mdl
sw_plc_cep/zkc01_blackgrd.tga,Potential consumers span multiple categories; preserve current shared-resource location,sw_t_cepcityex; sw_t_cityext,sw_t_cepcityex/zcn01_c45_01.mdl; sw_t_cepcityex/zcn01_c45_01.mdl; sw_t_cepcityex/zcn01_c45_01.mdl; sw_t_cepcityex/zcn01_c45_01.mdl; sw_t_cepcityex/zcn01_c45_01.mdl; sw_t_cepcityex/zcn01_c45_03.mdl; sw_t_cepcityex/zcn01_c45_03.mdl; sw_t_cepcityex/zcn01_c45_03.mdl
sw_plc_cep/zkc01_mward022.dds,Potential consumers span multiple categories; preserve current shared-resource location,sw_t_cepcityex; sw_t_cityext,sw_t_cepcityex/zcn01_c42_06.mdl; sw_t_cepcityex/zcn01_c42_08.mdl; sw_t_cepcityex/zcn01_c42_08.mdl; sw_t_cepcityex/zcn01_c42_09.mdl; sw_t_cepcityex/zcn01_c42_09.mdl; sw_t_cepcityex/zcn01_c42_11.mdl; sw_t_cepcityex/zcn01_c42_11.mdl; sw_t_cepcityex/zcn01_c42_12.mdl
sw_plc_cep/zkc01_mward032.dds,Potential consumers span multiple categories; preserve current shared-resource location,sw_t_cepcityex; sw_t_cityext,sw_t_cepcityex/zcn01_c41_01.mdl; sw_t_cepcityex/zcn01_c41_01.mdl; sw_t_cepcityex/zcn01_c41_01.mdl; sw_t_cepcityex/zcn01_c41_01.mdl; sw_t_cepcityex/zcn01_c41_01.mdl; sw_t_cepcityex/zcn01_c41_01.mdl; sw_t_cepcityex/zcn01_c41_01.mdl; sw_t_cepcityex/zcn01_c41_01.mdl
sw_plc_cep/zkc01_mward042.dds,Potential consumers span multiple categories; preserve current shared-resource location,sw_t_cepcityex; sw_t_cityext,sw_t_cepcityex/zcn01_c41_01.mdl; sw_t_cepcityex/zcn01_c41_01.mdl; sw_t_cepcityex/zcn01_c41_01.mdl; sw_t_cepcityex/zcn01_c41_01.mdl; sw_t_cepcityex/zcn01_c41_01.mdl; sw_t_cepcityex/zcn01_c41_02.mdl; sw_t_cepcityex/zcn01_c41_02.mdl; sw_t_cepcityex/zcn01_c42_13.mdl
sw_plc_cep/zkc01_redwall03.dds,Potential consumers span multiple categories; preserve current shared-resource location,sw_t_cepcityex; sw_t_cityext,sw_t_cepcityex/zcn01_c41_02.mdl; sw_t_cepcityex/zcn01_c41_02.mdl; sw_t_cepcityex/zcn01_c41_02.mdl; sw_t_cepcityex/zcn01_c41_02.mdl; sw_t_cepcityex/zcn01_c41_02.mdl; sw_t_cepcityex/zcn01_c41_02.mdl; sw_t_cepcityex/zcn01_c41_02.mdl; sw_t_cepcityex/zcn01_c41_02.mdl
sw_plc_cep/zkc01_roof09.dds,Potential consumers span multiple categories; preserve current shared-resource location,sw_t_cepcityex; sw_t_cityext,sw_t_cepcityex/zcn01_c41_01.mdl; sw_t_cepcityex/zcn01_c41_01.mdl; sw_t_cepcityex/zcn01_c41_01.mdl; sw_t_cepcityex/zcn01_c41_01.mdl; sw_t_cepcityex/zcn01_c41_01.mdl; sw_t_cepcityex/zcn01_c41_01.mdl; sw_t_cepcityex/zcn01_c41_01.mdl; sw_t_cepcityex/zcn01_c41_01.mdl
sw_plc_cep/zkc01_roof09d.dds,Potential consumers span multiple categories; preserve current shared-resource location,sw_t_cepcityex; sw_t_cityext,sw_t_cepcityex/zcn01_c41_02.mdl; sw_t_cepcityex/zcn01_c42_03.mdl; sw_t_cepcityex/zcn01_c42_03.mdl; sw_t_cepcityex/zcn01_c42_04.mdl; sw_t_cepcityex/zcn01_c42_04.mdl; sw_t_cepcityex/zcn01_c42_06.mdl; sw_t_cepcityex/zcn01_c42_07.mdl; sw_t_cepcityex/zcn01_c42_08.mdl
sw_plc_cep/zkc01_rowall01.dds,Potential consumers span multiple categories; preserve current shared-resource location,sw_t_cepcityex; sw_t_cepcityin,sw_t_cepcityex/zcn01_p42_25.mdl; sw_t_cepcityex/zcn01_p42_25.mdl; sw_t_cepcityex/zcn01_p42_25.mdl; sw_t_cepcityex/zcn01_p42_25.mdl; sw_t_cepcityin/zin01_d50_03.mdl; sw_t_cepcityin/zin01_d50_03.mdl; sw_t_cepcityin/zin01_d50_03.mdl; sw_t_cepcityin/zin01_d50_03.mdl
sw_plc_cep/zkc01_slab.dds,Potential consumers span multiple categories; preserve current shared-resource location,sw_t_cepcityex; sw_t_cepcityin,sw_t_cepcityex/zcn01_p42_17.mdl; sw_t_cepcityex/zcn01_p42_17.mdl; sw_t_cepcityex/zcn01_p42_17.mdl; sw_t_cepcityex/zcn01_p42_17.mdl; sw_t_cepcityex/zcn01_p42_17.mdl; sw_t_cepcityex/zcn01_p42_17.mdl; sw_t_cepcityex/zcn01_p42_17.mdl; sw_t_cepcityex/zcn01_p42_17.mdl
sw_plc_cep/zkc01_slum05.dds,Potential consumers span multiple categories; preserve current shared-resource location,sw_t_cepcityex; sw_t_cityext,sw_t_cepcityex/zcn01_c42_02.mdl; sw_t_cepcityex/zcn01_c42_02.mdl; sw_t_cepcityex/zcn01_c42_02.mdl; sw_t_cepcityex/zcn01_c42_02.mdl; sw_t_cepcityex/zcn01_c42_03.mdl; sw_t_cepcityex/zcn01_c42_03.mdl; sw_t_cepcityex/zcn01_c42_03.mdl; sw_t_cepcityex/zcn01_c42_03.mdl
sw_plc_cep/zkc01_slum06.dds,Potential consumers span multiple categories; preserve current shared-resource location,sw_t_cepcityex; sw_t_cityext,sw_t_cepcityex/zcn01_c42_12.mdl; sw_t_cepcityex/zcn01_c43_01.mdl; sw_t_cepcityex/zcn01_c45_01.mdl; sw_t_cepcityex/zcn01_c45_03.mdl; sw_t_cepcityex/zcn01_z41_01.mdl; sw_t_cepcityex/zcn01_z43_01.mdl; sw_t_cityext/zcn01_z46_01.mdl
sw_plc_mdrn/arcology_floor02.dds,Potential consumers span multiple categories; preserve current shared-resource location,sw_t_futcity; sw_t_shadowrun; sw_t_starship,sw_t_futcity/nar01_a01_01.mdl; sw_t_futcity/nar01_a01_02.mdl; sw_t_futcity/nar01_a01_03.mdl; sw_t_futcity/nar01_a01_04.mdl; sw_t_futcity/nar01_a01_05.mdl; sw_t_futcity/nar01_a01_06.mdl; sw_t_shadowrun/srt04_a02_01.mdl; sw_t_shadowrun/srt04_a02_02.mdl
sw_plc_mdrn/arcology_wall01.dds,Potential consumers span multiple categories; preserve current shared-resource location,sw_t_futcity; sw_t_shadowrun; sw_t_starship,sw_t_futcity/cor01_b01_10.mdl; sw_t_futcity/cor01_b01_11.mdl; sw_t_futcity/cor01_b01_12.mdl; sw_t_futcity/cor01_b01_13.mdl; sw_t_futcity/nar01_a01_01.mdl; sw_t_futcity/nar01_a01_01.mdl; sw_t_futcity/nar01_a01_01.mdl; sw_t_futcity/nar01_a01_02.mdl
sw_plc_mdrn/arcology_wall04.dds,Potential consumers span multiple categories; preserve current shared-resource location,sw_plc; sw_t_futcity; sw_t_shadowrun; sw_t_starship,sw_plc/plc_fci_wall_004.mdl; sw_plc/plc_toilet_001.mdl; sw_t_futcity/nar01_a01_01.mdl; sw_t_futcity/nar01_a01_02.mdl; sw_t_futcity/nar01_a01_03.mdl; sw_t_futcity/nar01_a01_04.mdl; sw_t_futcity/nar01_a01_05.mdl; sw_t_futcity/nar01_a01_06.mdl
sw_plc_mdrn/arcology_win02.dds,Potential consumers span multiple categories; preserve current shared-resource location,sw_t_futcity; sw_t_shadowrun,sw_t_futcity/nar01_a01_01.mdl; sw_t_futcity/nar01_a01_02.mdl; sw_t_futcity/nar01_a01_03.mdl; sw_t_futcity/nar01_a01_04.mdl; sw_t_futcity/nar01_a01_05.mdl; sw_t_futcity/nar01_a01_06.mdl; sw_t_shadowrun/srt04_a02_01.mdl; sw_t_shadowrun/srt04_a02_02.mdl
sw_plc_mdrn/phod_kcraft05.dds,"Naming or last table-row classifier disagrees, but duplicate/untagged legacy table rows do not prove source-pack provenance",,
sw_plc_mdrn/phod_kcraft05.mdl,"Naming or last table-row classifier disagrees, but duplicate/untagged legacy table rows do not prove source-pack provenance",,
sw_plc_mdrn/phod_kcraft05.pwk,"Naming or last table-row classifier disagrees, but duplicate/untagged legacy table rows do not prove source-pack provenance",,
sw_plc_mdrn/plc_trafic_01.mdl,"Naming or last table-row classifier disagrees, but duplicate/untagged legacy table rows do not prove source-pack provenance",,
sw_plc_mdrn/vos_scifi_rfl10s.mdl,"Naming or last table-row classifier disagrees, but duplicate/untagged legacy table rows do not prove source-pack provenance",,
sw_plc_mdrn/vos_scifi_rfl12s.mdl,"Naming or last table-row classifier disagrees, but duplicate/untagged legacy table rows do not prove source-pack provenance",,
sw_plc_mdrn/vos_scifi_rfl13s.mdl,"Naming or last table-row classifier disagrees, but duplicate/untagged legacy table rows do not prove source-pack provenance",,
sw_plc_mdrn/vos_scifi_rfl14s.mdl,"Naming or last table-row classifier disagrees, but duplicate/untagged legacy table rows do not prove source-pack provenance",,
sw_plc_mdrn/vos_scifi_rfl16s.mdl,"Naming or last table-row classifier disagrees, but duplicate/untagged legacy table rows do not prove source-pack provenance",,
sw_plc_mdrn/vos_scifi_rfl17s.mdl,"Naming or last table-row classifier disagrees, but duplicate/untagged legacy table rows do not prove source-pack provenance",,
sw_plc_mdrn/vos_scifi_rfl19s.mdl,"Naming or last table-row classifier disagrees, but duplicate/untagged legacy table rows do not prove source-pack provenance",,
sw_plc_mdrn/vos_scifi_rfl1s.mdl,"Naming or last table-row classifier disagrees, but duplicate/untagged legacy table rows do not prove source-pack provenance",,
sw_plc_mdrn/vos_scifi_rfl3s.mdl,"Naming or last table-row classifier disagrees, but duplicate/untagged legacy table rows do not prove source-pack provenance",,
sw_plc_mdrn/vos_scifi_rfl4s.mdl,"Naming or last table-row classifier disagrees, but duplicate/untagged legacy table rows do not prove source-pack provenance",,
sw_plc_mdrn/vos_scifi_rfl5s.mdl,"Naming or last table-row classifier disagrees, but duplicate/untagged legacy table rows do not prove source-pack provenance",,
sw_plc_mdrn/vos_scifi_rfl6s.mdl,"Naming or last table-row classifier disagrees, but duplicate/untagged legacy table rows do not prove source-pack provenance",,
sw_plc_mdrn/vos_scifi_rfl8s.mdl,"Naming or last table-row classifier disagrees, but duplicate/untagged legacy table rows do not prove source-pack provenance",,
sw_plc_mdrn/vos_scifi_rfl9s.mdl,"Naming or last table-row classifier disagrees, but duplicate/untagged legacy table rows do not prove source-pack provenance",,
sw_pt_chest/pfd0_chest186.mdl,Legacy model could not be decoded in bounded full-name reference follow-up. Its only potential special reference is already-shared 1; left unchanged.,sw_pt_chest,
sw_pt_chest/pfe0_chest186.mdl,Legacy model could not be decoded in bounded full-name reference follow-up. Its only potential special reference is already-shared 1; left unchanged.,sw_pt_chest,
sw_pt_chest/pfh0_chest186.mdl,Legacy model could not be decoded in bounded full-name reference follow-up. Its only potential special reference is already-shared 1; left unchanged.,sw_pt_chest,
sw_pt_chest/pfo0_chest186.mdl,Legacy model could not be decoded in bounded full-name reference follow-up. Its only potential special reference is already-shared 1; left unchanged.,sw_pt_chest,
sw_pt_chest/pmd0_chest072.mdl,Legacy model could not be decoded in bounded full-name reference follow-up. Its only potential special reference is already-shared 1; left unchanged.,sw_pt_chest,
sw_pt_chest/pmd0_chest186.mdl,Legacy model could not be decoded in bounded full-name reference follow-up. Its only potential special reference is already-shared 1; left unchanged.,sw_pt_chest,
sw_pt_chest/pme0_chest072.mdl,Legacy model could not be decoded in bounded full-name reference follow-up. Its only potential special reference is already-shared 1; left unchanged.,sw_pt_chest,
sw_pt_chest/pme0_chest186.mdl,Legacy model could not be decoded in bounded full-name reference follow-up. Its only potential special reference is already-shared 1; left unchanged.,sw_pt_chest,
sw_pt_chest/pmh0_chest072.mdl,Legacy model could not be decoded in bounded full-name reference follow-up. Its only potential special reference is already-shared 1; left unchanged.,sw_pt_chest,
sw_pt_chest/pmh0_chest186.mdl,Legacy model could not be decoded in bounded full-name reference follow-up. Its only potential special reference is already-shared 1; left unchanged.,sw_pt_chest,
sw_pt_chest/pmo0_chest072.mdl,Legacy model could not be decoded in bounded full-name reference follow-up. Its only potential special reference is already-shared 1; left unchanged.,sw_pt_chest,
sw_pt_chest/pmo0_chest186.mdl,Legacy model could not be decoded in bounded full-name reference follow-up. Its only potential special reference is already-shared 1; left unchanged.,sw_pt_chest,
sw_pt_head/pmo0_head005.plt,Potential consumers span multiple categories; preserve current shared-resource location,sw_cr_creature; sw_plc_cep,sw_cr_creature/a_da.mdl; sw_plc_cep/wemic.mdl; sw_plc_cep/wemic_casts.mdl; sw_plc_cep/wemic_med_weap.mdl; sw_plc_cep/wemic_non_combat.mdl
sw_pt_lbicep/pmh0_bicepl170.plt,Left-bicep named PLT referenced by right-bicep model; keep left-part semantic category rather than infer ownership from known explicit consumers only,,
sw_pt_robe/pfe22_robe027.mdl,Legacy model could not be decoded in bounded full-name reference follow-up. Its only potential special reference is already-shared 1; left unchanged.,sw_pt_robe,
sw_pt_robe/pfe22_robe172.mdl,Legacy model could not be decoded in bounded full-name reference follow-up. Its only potential special reference is already-shared 1; left unchanged.,sw_pt_robe,
sw_pt_robe/pfe22_robe174.mdl,Legacy model could not be decoded in bounded full-name reference follow-up. Its only potential special reference is already-shared 1; left unchanged.,sw_pt_robe,
sw_pt_robe/pfe22_robe200.mdl,Legacy model could not be decoded in bounded full-name reference follow-up. Its only potential special reference is already-shared 1; left unchanged.,sw_pt_robe,
sw_pt_robe/pfh22_robe172.mdl,Legacy model could not be decoded in bounded full-name reference follow-up. Its only potential special reference is already-shared 1; left unchanged.,sw_pt_robe,
sw_pt_robe/pfh22_robe174.mdl,Legacy model could not be decoded in bounded full-name reference follow-up. Its only potential special reference is already-shared 1; left unchanged.,sw_pt_robe,
sw_pt_robe/pfo22_robe027.mdl,Legacy model could not be decoded in bounded full-name reference follow-up. Its only potential special reference is already-shared 1; left unchanged.,sw_pt_robe,
sw_pt_robe/pfo22_robe172.mdl,Legacy model could not be decoded in bounded full-name reference follow-up. Its only potential special reference is already-shared 1; left unchanged.,sw_pt_robe,
sw_pt_robe/pfo22_robe174.mdl,Legacy model could not be decoded in bounded full-name reference follow-up. Its only potential special reference is already-shared 1; left unchanged.,sw_pt_robe,
sw_pt_robe/pfo22_robe200.mdl,Legacy model could not be decoded in bounded full-name reference follow-up. Its only potential special reference is already-shared 1; left unchanged.,sw_pt_robe,
sw_t_cepbehold/zdc04_z01_01.mdl,Prefix suggests another tileset,,
sw_t_cepbehold/zdc04_z06_01.mdl,Prefix suggests another tileset,,
sw_t_cepdesert/mitr01_o13_02.tga,No recognized tileset prefix or direct SET reference,,
sw_t_cepdesert/mztd01_oz1_01.tga,No recognized tileset prefix or direct SET reference,,
sw_t_cepdesert/mztd01_stz_01.tga,No recognized tileset prefix or direct SET reference,,
sw_t_cepdesert/mztd01_w02_99.tga,No recognized tileset prefix or direct SET reference,,
sw_t_cepdesert/mztd01_w05_99.tga,No recognized tileset prefix or direct SET reference,,
sw_t_cepdesert/mztd01_w08_99.tga,No recognized tileset prefix or direct SET reference,,
sw_t_cepdesert/mztd01_w13_99.tga,No recognized tileset prefix or direct SET reference,,
sw_t_cepdesert/ttd01_z01_01.mdl,Prefix suggests another tileset,,
sw_t_cepdesert/ttd01_z02_01.mdl,Prefix suggests another tileset,,
sw_t_cepdesert/ttd01_z03_01.mdl,Prefix suggests another tileset,,
sw_t_cepdesert/ttd01_z04_01.mdl,Prefix suggests another tileset,,
sw_t_cepdesert/ttd01_z05_01.mdl,Prefix suggests another tileset,,
sw_t_cepdesert/ttd01_z06_01.mdl,Prefix suggests another tileset,,
sw_t_cepdesert/ttd01_z08_01.mdl,Prefix suggests another tileset,,
sw_t_cepdesert/ttd01_z10_01.mdl,Prefix suggests another tileset,,
sw_t_cepdesert/ttd01_z12_01.mdl,Prefix suggests another tileset,,
sw_t_cepdesert/ttd01_z13_01.mdl,Prefix suggests another tileset,,
sw_t_cepwinter/tts01_z03_01.mdl,Prefix suggests another tileset,,
sw_t_cepwinter/tts01_z08_01.mdl,Prefix suggests another tileset,,
sw_t_cepwinter/tts01_z09_01.mdl,Prefix suggests another tileset,,
sw_t_cepwinter/tts01_z10_01.mdl,Prefix suggests another tileset,,
sw_t_cepwinter/tts01_z17_01.mdl,Prefix suggests another tileset,,
sw_t_cityext/zcn01_z46_01.mdl,Prefix suggests another tileset,,
sw_t_cityint1/miin01_f01_11.tga,No recognized tileset prefix or direct SET reference,,
sw_t_cityint1/miin01_f01_12.tga,No recognized tileset prefix or direct SET reference,,
sw_t_cityint1/miin01_f02_11.tga,No recognized tileset prefix or direct SET reference,,
sw_t_cityint1/tmx_door_01.dwk,No recognized tileset prefix or direct SET reference,,
sw_t_cityint1/tmx_door_01.mdl,No recognized tileset prefix or direct SET reference,,
sw_t_crypt/mzdc03_a10.tga,No recognized tileset prefix or direct SET reference,,
sw_t_crypt/mzdc03_i11.tga,No recognized tileset prefix or direct SET reference,,
sw_t_crypt/zdc01_dfwp_21.mdl,Prefix suggests another tileset,,
sw_t_crypt/zdc01_dfwp_21.wok,Prefix suggests another tileset,,
sw_t_crypt/zdc01_dfwp_22.mdl,Prefix suggests another tileset,,
sw_t_crypt/zdc01_dfwp_22.wok,Prefix suggests another tileset,,
sw_t_crypt/zdc01_dgnl_21.mdl,Prefix suggests another tileset,,
sw_t_crypt/zdc01_dgnl_21.wok,Prefix suggests another tileset,,
sw_t_crypt/zdc01_dgnl_22.mdl,Prefix suggests another tileset,,
sw_t_crypt/zdc01_dgnl_22.wok,Prefix suggests another tileset,,
sw_t_crypt/zdc01_dgnl_23.mdl,Prefix suggests another tileset,,
sw_t_crypt/zdc01_dgnl_23.wok,Prefix suggests another tileset,,
sw_t_crypt/zdc01_dgnl_24.mdl,Prefix suggests another tileset,,
sw_t_crypt/zdc01_dgnl_24.wok,Prefix suggests another tileset,,
sw_t_crypt/zdc01_dpwp_21.mdl,Prefix suggests another tileset,,
sw_t_crypt/zdc01_dpwp_21.wok,Prefix suggests another tileset,,
sw_t_crypt/zdc04_deco_01.dds,"Tileset-local scan suggested Beholder, but global binary scan found CEP placeable consumers too; retained as shared/ambiguous.",sw_t_beholder; sw_plc_cep,sw_plc_cep/zlc_fky_o08.mdl
sw_t_crypt/zdc04_grnd_01.dds,Prefix suggests another tileset,sw_t_beholder; sw_t_cepbehold,sw_t_beholder/zdc04_a01_01.mdl; sw_t_beholder/zdc04_a01_02.mdl; sw_t_beholder/zdc04_a02_01.mdl; sw_t_beholder/zdc04_a02_02.mdl; sw_t_beholder/zdc04_a02_03.mdl
sw_t_crypt/zdc04_lshaft_01.dds,"Tileset-local scan suggested Beholder, but global binary scan found CEP placeable consumers too; retained as shared/ambiguous.",sw_t_beholder; sw_plc_cep,sw_plc_cep/zlc_fky_n39.mdl
sw_t_crypt/zdc04_pilr_01.dds,Prefix suggests another tileset,sw_t_beholder; sw_t_cepbehold,sw_t_beholder/zdc04_a01_01.mdl; sw_t_beholder/zdc04_a01_02.mdl; sw_t_beholder/zdc04_a02_01.mdl; sw_t_beholder/zdc04_a02_02.mdl; sw_t_beholder/zdc04_a02_03.mdl
sw_t_crypt/zdc04_pilr_02.dds,Prefix suggests another tileset,,
sw_t_crypt/zdc04_wall_01.dds,Prefix suggests another tileset,sw_t_beholder; sw_t_cepbehold,sw_t_beholder/zdc04_a01_01.mdl; sw_t_beholder/zdc04_a01_02.mdl; sw_t_beholder/zdc04_a02_01.mdl; sw_t_beholder/zdc04_a02_02.mdl; sw_t_beholder/zdc04_a02_03.mdl
sw_t_crypt/zdc04_wall_02.dds,Prefix suggests another tileset,,
sw_t_crypt/zdc04_wall_03.dds,Prefix suggests another tileset,,
sw_t_crypt/zdc04_wtr_01.tga,Prefix suggests another tileset,,
sw_t_crypt/zdc04_wtr_01.txi,Prefix suggests another tileset,,
sw_t_dungeon/mzde01_w61_02.tga,No recognized tileset prefix or direct SET reference,,
sw_t_dungeon/mzde01_x01_01.tga,No recognized tileset prefix or direct SET reference,,
sw_t_dungeon/mzde01_x02_01.tga,No recognized tileset prefix or direct SET reference,,
sw_t_dungeon/mzde01_x03_01.tga,No recognized tileset prefix or direct SET reference,,
sw_t_dungeon/mzde01_x04_01.tga,No recognized tileset prefix or direct SET reference,,
sw_t_dungeon/mzde01_x05_01.tga,No recognized tileset prefix or direct SET reference,,
sw_t_dungeon/zde01_w61_02.mdl,Prefix suggests another tileset,,
sw_t_dungeon/zde01_w61_02.wok,Prefix suggests another tileset,,
sw_t_dungeon/zde01_x01_01.mdl,Prefix suggests another tileset,,
sw_t_dungeon/zde01_x01_01.wok,Prefix suggests another tileset,,
sw_t_dungeon/zde01_x02_01.mdl,Prefix suggests another tileset,,
sw_t_dungeon/zde01_x02_01.wok,Prefix suggests another tileset,,
sw_t_dungeon/zde01_x03_01.mdl,Prefix suggests another tileset,,
sw_t_dungeon/zde01_x03_01.wok,Prefix suggests another tileset,,
sw_t_dungeon/zde01_x04_01.mdl,Prefix suggests another tileset,,
sw_t_dungeon/zde01_x04_01.wok,Prefix suggests another tileset,,
sw_t_dungeon/zde01_x05_01.mdl,Prefix suggests another tileset,,
sw_t_dungeon/zde01_x05_01.wok,Prefix suggests another tileset,,
sw_t_dungeon/zde01_z06_41.mdl,Prefix suggests another tileset,,
sw_t_dungeon/zde01_z06_91.mdl,Prefix suggests another tileset,,
sw_t_dungeon/zde01_z12_21.mdl,Prefix suggests another tileset,,
sw_t_dungeon/zde01_z12_31.mdl,Prefix suggests another tileset,,
sw_t_dungeon/zde01_z12_41.mdl,Prefix suggests another tileset,,
sw_t_dungeon/zde01_z12_91.mdl,Prefix suggests another tileset,,
sw_t_dungeon/zic01_a80_01.mdl,Prefix suggests another tileset,,
sw_t_dungeon/zic01_a80_01.wok,Prefix suggests another tileset,,
sw_t_dungeon/zic01_d01_01.mdl,Prefix suggests another tileset,,
sw_t_dungeon/zic01_d01_01.wok,Prefix suggests another tileset,,
sw_t_dungeon/zic01_dayglass.dds,Prefix suggests another tileset,,
sw_t_dungeon/zic01_e04_01.mdl,Prefix suggests another tileset,,
sw_t_dungeon/zic01_e04_01.wok,Prefix suggests another tileset,,
sw_t_dungeon/zic01_e07_01.mdl,Prefix suggests another tileset,,
sw_t_dungeon/zic01_e07_01.wok,Prefix suggests another tileset,,
sw_t_dungeon/zic01_nightglass.dds,Prefix suggests another tileset,,
sw_t_dungeon/zic01_o50_01.mdl,Prefix suggests another tileset,,
sw_t_dungeon/zic01_o50_01.wok,Prefix suggests another tileset,,
sw_t_dungeon/zic01_ti_wall02.dds,Prefix suggests another tileset,,
sw_t_elvencity/miec01_s07.tga,No recognized tileset prefix or direct SET reference,,
sw_t_facility/tin01_f01_11.mdl,Prefix suggests another tileset,,
sw_t_facility/tin01_f01_11.wok,Prefix suggests another tileset,,
sw_t_facility/tin01_f01_12.mdl,Prefix suggests another tileset,,
sw_t_facility/tin01_f01_12.wok,Prefix suggests another tileset,,
sw_t_facility/tin01_f02_11.mdl,Prefix suggests another tileset,,
sw_t_facility/tin01_f02_11.wok,Prefix suggests another tileset,,
sw_t_forest/mztf01_l02_99.tga,No recognized tileset prefix or direct SET reference,,
sw_t_forest/mztf01_l21_99.tga,No recognized tileset prefix or direct SET reference,,
sw_t_frozen/env.dds,No recognized tileset prefix or direct SET reference,sw_t_cepmine; sw_t_cepswamp; sw_t_elvencity; sw_t_season; sw_t_wildwood,sw_t_cepmine/zdm02_o05_01.mdl; sw_t_cepmine/zdm03_o05_01.mdl; sw_t_cepswamp/zkw01_b08_01.mdl; sw_t_cepswamp/zkw01_t23_01.mdl; sw_t_elvencity/tec01_a04_02.mdl
sw_t_jungle/fdo01_z14_01.mdl,No recognized tileset prefix or direct SET reference,,
sw_t_jungle/fdo01_z15_01.mdl,No recognized tileset prefix or direct SET reference,,
sw_t_jungle/fdo01_z16_01.mdl,No recognized tileset prefix or direct SET reference,,
sw_t_jungle/fdo01_z17_01.mdl,No recognized tileset prefix or direct SET reference,,
sw_t_jungle/fdo01_z18_01.mdl,No recognized tileset prefix or direct SET reference,,
sw_t_jungle/fdo01_z19_01.mdl,No recognized tileset prefix or direct SET reference,,
sw_t_jungle/mitf01_a04t.tga,No recognized tileset prefix or direct SET reference,,
sw_t_jungle/mitf01_a04t2.tga,No recognized tileset prefix or direct SET reference,,
sw_t_jungle/mitf01_o02_02.tga,No recognized tileset prefix or direct SET reference,,
sw_t_metalint/mijm01_b16.tga,No recognized tileset prefix or direct SET reference,,
sw_t_metalint/mijm01_d08.tga,No recognized tileset prefix or direct SET reference,,
sw_t_metalint/sjm_udoor_01.mdl,No recognized tileset prefix or direct SET reference,,
sw_t_metalint/sjm_udoor_02.mdl,No recognized tileset prefix or direct SET reference,,
sw_t_mine/midm01_a19_01.tga,No recognized tileset prefix or direct SET reference,,
sw_t_mine/midm01_f11_01.tga,No recognized tileset prefix or direct SET reference,,
sw_t_mine/midm01_f12_01.tga,No recognized tileset prefix or direct SET reference,,
sw_t_mine/midm01_j07_02.tga,No recognized tileset prefix or direct SET reference,,
sw_t_mine/mzdm01_j07_02.tga,No recognized tileset prefix or direct SET reference,,
sw_t_mine/mzdm01_j07_12.tga,No recognized tileset prefix or direct SET reference,,
sw_t_mine/mzdm02_f11_01.tga,No recognized tileset prefix or direct SET reference,,
sw_t_mine/mzdm02_f12_01.tga,No recognized tileset prefix or direct SET reference,,
sw_t_mine/mzdm02_j07_02.tga,No recognized tileset prefix or direct SET reference,,
sw_t_mine/mzdm02_j07_12.tga,No recognized tileset prefix or direct SET reference,,
sw_t_mine/mzdm02_j07_22.tga,No recognized tileset prefix or direct SET reference,,
sw_t_mine/mzdm03_f11_01.tga,No recognized tileset prefix or direct SET reference,,
sw_t_mine/mzdm03_f12_01.tga,No recognized tileset prefix or direct SET reference,,
sw_t_mine/mzdm03_j07_02.tga,No recognized tileset prefix or direct SET reference,,
sw_t_mine/mzdm03_j07_12.tga,No recognized tileset prefix or direct SET reference,,
sw_t_mine/mzdm03_j07_22.tga,No recognized tileset prefix or direct SET reference,,
sw_t_mine/zdm01_j07_02.mdl,Prefix suggests another tileset,,
sw_t_mine/zdm01_j07_02.wok,Prefix suggests another tileset,,
sw_t_mine/zdm01_j07_12.mdl,Prefix suggests another tileset,,
sw_t_mine/zdm01_j07_12.wok,Prefix suggests another tileset,,
sw_t_modernex/dgt05_s13_01.mdl,No recognized tileset prefix or direct SET reference,,
sw_t_modernex/dgt05_s13_01.wok,No recognized tileset prefix or direct SET reference,,
sw_t_modernex/dgt05_z01_01.mdl,No recognized tileset prefix or direct SET reference,,
sw_t_modernex/dgt05_z02_01.mdl,No recognized tileset prefix or direct SET reference,,
sw_t_modernex/dgt05_z03_01.mdl,No recognized tileset prefix or direct SET reference,,
sw_t_modernex/dgt05_z04_01.mdl,No recognized tileset prefix or direct SET reference,,
sw_t_modernex/dgt05_z05_01.mdl,No recognized tileset prefix or direct SET reference,,
sw_t_modernex/dgt05_z06_01.mdl,No recognized tileset prefix or direct SET reference,,
sw_t_modernex/dgt05_z07_01.mdl,No recognized tileset prefix or direct SET reference,,
sw_t_modernex/dgt05_z08_01.mdl,No recognized tileset prefix or direct SET reference,,
sw_t_modernex/dgt05_z09_01.mdl,No recognized tileset prefix or direct SET reference,,
sw_t_modernex/dgt05_z10_01.mdl,No recognized tileset prefix or direct SET reference,,
sw_t_modernex/dgt05_z11_01.mdl,No recognized tileset prefix or direct SET reference,,
sw_t_modernex/dgt05_z12_01.mdl,No recognized tileset prefix or direct SET reference,,
sw_t_modernex/dgt05_z13_01.mdl,No recognized tileset prefix or direct SET reference,,
sw_t_modernex/dgt05_z14_01.mdl,No recognized tileset prefix or direct SET reference,,
sw_t_modernex/dgt05_z15_01.mdl,No recognized tileset prefix or direct SET reference,,
sw_t_modernex/dgt05_z16_01.mdl,No recognized tileset prefix or direct SET reference,,
sw_t_modernex/dgt05_z17_01.mdl,No recognized tileset prefix or direct SET reference,,
sw_t_modernex/dgt05_z18_01.mdl,No recognized tileset prefix or direct SET reference,,
sw_t_modernex/dgt05_z19_01.mdl,No recognized tileset prefix or direct SET reference,,
sw_t_modernex/dgt05_z20_01.mdl,No recognized tileset prefix or direct SET reference,,
sw_t_modernex/dgt05_z90_10.mdl,No recognized tileset prefix or direct SET reference,,
sw_t_modernex/dgt05_z90_11.mdl,No recognized tileset prefix or direct SET reference,,
sw_t_modernex/midg05_i02_01.tga,No recognized tileset prefix or direct SET reference,,
sw_t_modernex/midg05_s01_03.tga,No recognized tileset prefix or direct SET reference,,
sw_t_modernex/midg05_s15_32.tga,No recognized tileset prefix or direct SET reference,,
sw_t_modernex/rdt02_z01_01.mdl,No recognized tileset prefix or direct SET reference,,
sw_t_modernex/rdt02_z02_01.mdl,No recognized tileset prefix or direct SET reference,,
sw_t_modernex/rdt02_z90_01.mdl,No recognized tileset prefix or direct SET reference,,
sw_t_modint2/tmipalstd.itp,No recognized tileset prefix or direct SET reference,,
sw_t_season/hobbitdoor2.dwk,No recognized tileset prefix or direct SET reference,,
sw_t_season/hobbitdoor2.mdl,No recognized tileset prefix or direct SET reference,,
sw_t_season/wsf03_03_33x.mdl,No recognized tileset prefix or direct SET reference,,
sw_t_season/wsf03_k02_01x.mdl,No recognized tileset prefix or direct SET reference,,
sw_t_season/wsf03_m02_01x.mdl,No recognized tileset prefix or direct SET reference,,
sw_t_season/wsf03_m02_02x.mdl,No recognized tileset prefix or direct SET reference,,
sw_t_season/wsf03_n01_04x.mdl,No recognized tileset prefix or direct SET reference,,
sw_t_season/wsf03_v02_02x.mdl,No recognized tileset prefix or direct SET reference,,
sw_t_season/wsf04_d02_01x.mdl,No recognized tileset prefix or direct SET reference,,
sw_t_season/wsf04_d22_01x.mdl,No recognized tileset prefix or direct SET reference,,
sw_t_season/wsf04_d32_01x.mdl,No recognized tileset prefix or direct SET reference,,
sw_t_season/wsf06_a02_04x.mdl,No recognized tileset prefix or direct SET reference,,
sw_t_season/wsf06_a05_01x.mdl,No recognized tileset prefix or direct SET reference,,
sw_t_season/wsf07_Z05_01.mdl,No recognized tileset prefix or direct SET reference,,
sw_t_season/wsf07_Z06_01.mdl,No recognized tileset prefix or direct SET reference,,
sw_t_season/wsf07_Z07_01.mdl,No recognized tileset prefix or direct SET reference,,
sw_t_season/wsf07_Z08_01.mdl,No recognized tileset prefix or direct SET reference,,
sw_t_season/wsf07_a20_01x.mdl,No recognized tileset prefix or direct SET reference,,
sw_t_season/wsf07_k01_01x.mdl,No recognized tileset prefix or direct SET reference,,
sw_t_season/wsf07_z01_01.mdl,No recognized tileset prefix or direct SET reference,,
sw_t_season/wsf07_z02_01.mdl,No recognized tileset prefix or direct SET reference,,
sw_t_season/wsf07_z02_01.wok,No recognized tileset prefix or direct SET reference,,
sw_t_season/wsf07_z03_01.mdl,No recognized tileset prefix or direct SET reference,,
sw_t_season/wsf07_z03_01.wok,No recognized tileset prefix or direct SET reference,,
sw_t_season/wsf07_z04_01.mdl,No recognized tileset prefix or direct SET reference,,
sw_t_season/wsf07_z04_01.wok,No recognized tileset prefix or direct SET reference,,
sw_t_season/wsf07_z05_01.wok,No recognized tileset prefix or direct SET reference,,
sw_t_season/wsf07_z06_01.wok,No recognized tileset prefix or direct SET reference,,
sw_t_season/wsf07_z07_01.wok,No recognized tileset prefix or direct SET reference,,
sw_t_season/wsf07_z08_01.wok,No recognized tileset prefix or direct SET reference,,
sw_t_season/wsf08_w83_01x.mdl,No recognized tileset prefix or direct SET reference,,
sw_t_season/wsf09_a02_02x.mdl,No recognized tileset prefix or direct SET reference,,
sw_t_season/wsf09_a22_02x.mdl,No recognized tileset prefix or direct SET reference,,
sw_t_season/wsf09_a22_03x.mdl,No recognized tileset prefix or direct SET reference,,
sw_t_season/wsf09_a22_04x.mdl,No recognized tileset prefix or direct SET reference,,
sw_t_season/wsf18_l08_01x.mdl,No recognized tileset prefix or direct SET reference,,
sw_t_season/wsf19_a03_01x.mdl,No recognized tileset prefix or direct SET reference,,
sw_t_season/wsf19_a04_02.mdl,No recognized tileset prefix or direct SET reference,sw_t_wildwood,sw_t_wildwood/ttw01_b01_02.mdl
sw_t_season/wsf19_a04_02.wok,No recognized tileset prefix or direct SET reference,sw_t_wildwood,sw_t_wildwood/ttw01_b01_02.mdl
sw_t_season/wsf39_o20_01.mdl,No recognized tileset prefix or direct SET reference,,
sw_t_season/wsf39_o20_01.wok,No recognized tileset prefix or direct SET reference,,
sw_t_season/wsf39_o21_01.mdl,No recognized tileset prefix or direct SET reference,,
sw_t_season/wsf39_o21_01.wok,No recognized tileset prefix or direct SET reference,,
sw_t_season/wsf39_p20_01.mdl,No recognized tileset prefix or direct SET reference,,
sw_t_season/wsf39_p20_01.wok,No recognized tileset prefix or direct SET reference,,
sw_t_season/wsf39_p21_01.mdl,No recognized tileset prefix or direct SET reference,sw_t_modernex,sw_t_modernex/dgt04_e09_07.mdl
sw_t_season/wsf39_p21_01.wok,No recognized tileset prefix or direct SET reference,sw_t_modernex,sw_t_modernex/dgt04_e09_07.mdl
sw_t_season/wsf_a47_01.mdl,No recognized tileset prefix or direct SET reference,,
sw_t_season/wsf_a47_01.wok,No recognized tileset prefix or direct SET reference,,
sw_t_season/wsf_a88_01.mdl,No recognized tileset prefix or direct SET reference,,
sw_t_season/wsf_a89_01.mdl,No recognized tileset prefix or direct SET reference,,
sw_t_season/wsf_a90_01.mdl,No recognized tileset prefix or direct SET reference,,
sw_t_season/wsf_a92_01.mdl,No recognized tileset prefix or direct SET reference,,
sw_t_season/wsf_a93_01.mdl,No recognized tileset prefix or direct SET reference,,
sw_t_season/wsf_stcco_w3.dds,No recognized tileset prefix or direct SET reference,,
sw_t_season/wsf_stcco_w4.dds,No recognized tileset prefix or direct SET reference,,
sw_t_secbase/micdh0_h05_03.dds,No recognized tileset prefix or direct SET reference,,
sw_t_secbase/micdh0_i11.dds,No recognized tileset prefix or direct SET reference,,
sw_t_secretbs/mijsb0_h05_03.dds,No recognized tileset prefix or direct SET reference,,
sw_t_secretbs/mijsb0_i11.dds,No recognized tileset prefix or direct SET reference,,
sw_t_shadowrun/dgt04_d14_03.mdl,Prefix suggests another tileset,,
sw_t_shadowrun/dgt04_d14_03.wok,Prefix suggests another tileset,,
sw_t_shadowrun/dgt04_d14_04.mdl,Prefix suggests another tileset,,
sw_t_shadowrun/dgt04_d14_04.wok,Prefix suggests another tileset,,
sw_t_shadowrun/dgt04_e05_02.mdl,Prefix suggests another tileset,,
sw_t_shadowrun/dgt04_e05_02.wok,Prefix suggests another tileset,,
sw_t_shadowrun/dgt04_e10_05.mdl,Prefix suggests another tileset,,
sw_t_shadowrun/dgt04_e10_05.wok,Prefix suggests another tileset,,
sw_t_shadowrun/dgt04_j01_01.mdl,Prefix suggests another tileset,,
sw_t_shadowrun/dgt04_j01_01.wok,Prefix suggests another tileset,,
sw_t_shadowrun/dgt04_j02_01.mdl,Prefix suggests another tileset,,
sw_t_shadowrun/dgt04_j02_01.wok,Prefix suggests another tileset,,
sw_t_shadowrun/dgt04_j03_01.mdl,Prefix suggests another tileset,,
sw_t_shadowrun/dgt04_j03_01.wok,Prefix suggests another tileset,,
sw_t_shadowrun/dgt04_j04_01.mdl,Prefix suggests another tileset,,
sw_t_shadowrun/dgt04_j04_01.wok,Prefix suggests another tileset,,
sw_t_shadowrun/dgt04_kelp.dds,Prefix suggests another tileset,,
sw_t_shadowrun/dgt04_sidewalk02.dds,Prefix suggests another tileset,,
sw_t_shadowrun/dgt04_wood02.dds,Prefix suggests another tileset,,
sw_t_shadowrun/dgt04_z01_01.mdl,Prefix suggests another tileset,,
sw_t_shadowrun/dgt04_z71_01.mdl,Prefix suggests another tileset,,
sw_t_shadowrun/dgt04_z74_01.mdl,Prefix suggests another tileset,,
sw_t_shadowrun/dgw01_34_01.mdl,No recognized tileset prefix or direct SET reference,,
sw_t_shadowrun/dgw01_34_01.wok,No recognized tileset prefix or direct SET reference,,
sw_t_shadowrun/dgw01_z02_01.mdl,No recognized tileset prefix or direct SET reference,,
sw_t_shadowrun/midg04_d13_02.tga,No recognized tileset prefix or direct SET reference,,
sw_t_shadowrun/t_door12.dwk,No recognized tileset prefix or direct SET reference,,
sw_t_shadowrun/t_door12.mdl,No recognized tileset prefix or direct SET reference,,
sw_t_space/nebula.mdl,No recognized tileset prefix or direct SET reference,,
sw_t_tatooine/mitd01_a21.tga,No recognized tileset prefix or direct SET reference,,
sw_t_tatooine/mitd01_a22.tga,No recognized tileset prefix or direct SET reference,,
sw_t_tatooine/mitd01_a231.tga,No recognized tileset prefix or direct SET reference,,
sw_t_tatooine/mitd01_a232.tga,No recognized tileset prefix or direct SET reference,,
sw_t_tatooine/mitd01_a24.tga,No recognized tileset prefix or direct SET reference,,
sw_t_tatooine/mitd01_f01.tga,No recognized tileset prefix or direct SET reference,,
sw_t_tatooine/mitd01_f02.tga,No recognized tileset prefix or direct SET reference,,
sw_t_tatooine/mitd01_f03.tga,No recognized tileset prefix or direct SET reference,,
sw_t_tatooine/mitd01_f04.tga,No recognized tileset prefix or direct SET reference,,
sw_t_tatooine/mitd01_f05.tga,No recognized tileset prefix or direct SET reference,,
sw_t_tatooine/mitd01_f06.tga,No recognized tileset prefix or direct SET reference,,
sw_t_tatooine/mitd01_f07.tga,No recognized tileset prefix or direct SET reference,,
sw_t_tatooine/mitd01_f08.tga,No recognized tileset prefix or direct SET reference,,
sw_t_tatooine/mitd01_f09.tga,No recognized tileset prefix or direct SET reference,,
sw_t_tatooine/mitd01_f10.tga,No recognized tileset prefix or direct SET reference,,
sw_t_tatooine/mitd01_f11.tga,No recognized tileset prefix or direct SET reference,,
sw_t_tatooine/mitd01_f12.tga,No recognized tileset prefix or direct SET reference,,
sw_t_tatooine/mitd01_f13_01.tga,No recognized tileset prefix or direct SET reference,,
sw_t_tatooine/mitd01_f14.tga,No recognized tileset prefix or direct SET reference,,
sw_t_tatooine/mitd01_f15.tga,No recognized tileset prefix or direct SET reference,,
sw_t_tatooine/mitd01_h27.tga,No recognized tileset prefix or direct SET reference,,
sw_t_tatooine/mitd01_h28.tga,No recognized tileset prefix or direct SET reference,,
sw_t_tatooine/mitd01_h29.tga,No recognized tileset prefix or direct SET reference,,
sw_t_tatooine/mitd01_h37.tga,No recognized tileset prefix or direct SET reference,,
sw_t_tatooine/mitd01_o02_02.tga,No recognized tileset prefix or direct SET reference,,
sw_t_tatooine/mitd01_o05_01.tga,No recognized tileset prefix or direct SET reference,,
sw_t_tatooine/mitd01_o06_01.tga,No recognized tileset prefix or direct SET reference,,
sw_t_tatooine/mitd01_o07_01.tga,No recognized tileset prefix or direct SET reference,,
sw_t_tatooine/mitd01_p05_01.tga,No recognized tileset prefix or direct SET reference,,
sw_t_tatooine/mitd01_p06_01.tga,No recognized tileset prefix or direct SET reference,,
sw_t_tatooine/mitd01_p07_01.tga,No recognized tileset prefix or direct SET reference,,
sw_t_tatooine/mitd01_p13_01.tga,No recognized tileset prefix or direct SET reference,,
sw_t_tatooine/mitd01_p15_01.tga,No recognized tileset prefix or direct SET reference,,
sw_t_tatooine/mitd01_q05_01.tga,No recognized tileset prefix or direct SET reference,,
sw_t_tatooine/mitd01_q06_01.tga,No recognized tileset prefix or direct SET reference,,
sw_t_tatooine/mitd01_q07_01.tga,No recognized tileset prefix or direct SET reference,,
sw_t_tatooine/mitd01_r30.tga,No recognized tileset prefix or direct SET reference,,
sw_t_tatooine/mitd01_s08_01.tga,No recognized tileset prefix or direct SET reference,,
sw_t_tatooine/mitd01_s09_01.tga,No recognized tileset prefix or direct SET reference,,
sw_t_tatooine/mitd01_s17_01.tga,No recognized tileset prefix or direct SET reference,,
sw_t_tatooine/mitd01_s18_01.tga,No recognized tileset prefix or direct SET reference,,
sw_t_tatooine/mitd01_t08_01.tga,No recognized tileset prefix or direct SET reference,,
sw_t_tatooine/mitd01_t17_01.tga,No recognized tileset prefix or direct SET reference,,
sw_t_tatooine/mitr01_f09.tga,No recognized tileset prefix or direct SET reference,,
sw_t_tatooine/mitr01_f12.tga,No recognized tileset prefix or direct SET reference,,
sw_t_tatooine/mitr01_f13_01.tga,No recognized tileset prefix or direct SET reference,,
sw_t_tatooine/mitr01_l05_01.tga,No recognized tileset prefix or direct SET reference,,
sw_t_tatooine/mitr01_l06_01.tga,No recognized tileset prefix or direct SET reference,,
sw_t_tatooine/mitr01_m05_01.tga,No recognized tileset prefix or direct SET reference,,
sw_t_tatooine/mitr01_m06_01.tga,No recognized tileset prefix or direct SET reference,,
sw_t_tatooine/mitr01_o20_01.tga,No recognized tileset prefix or direct SET reference,,
sw_t_tatooine/mitr01_v21.tga,No recognized tileset prefix or direct SET reference,,
sw_t_tatooine/mitr01_v22.tga,No recognized tileset prefix or direct SET reference,,
sw_t_tatooine/mitr01_v24.tga,No recognized tileset prefix or direct SET reference,,
sw_t_tatooine/mitr01_v25.tga,No recognized tileset prefix or direct SET reference,,
sw_t_tatooine/mitr01_x03_01.tga,No recognized tileset prefix or direct SET reference,,
sw_t_tatooine/mitr01_x04_01.tga,No recognized tileset prefix or direct SET reference,,
sw_t_tatooine/mitr01_x09_01.tga,No recognized tileset prefix or direct SET reference,,
sw_t_tatooine/mitr01_x10_01.tga,No recognized tileset prefix or direct SET reference,,
sw_t_tatooine/mitr01_x11_01.tga,No recognized tileset prefix or direct SET reference,,
sw_t_tatooine/mitr01_x17_01.tga,No recognized tileset prefix or direct SET reference,,
sw_t_tatooine/mitr01_x18_01.tga,No recognized tileset prefix or direct SET reference,,
sw_t_tatooine/mitr01_y09_01.tga,No recognized tileset prefix or direct SET reference,,
sw_t_tatooine/mitr01_y10_01.tga,No recognized tileset prefix or direct SET reference,,
sw_t_tatooine/mitr01_y11_01.tga,No recognized tileset prefix or direct SET reference,,
sw_t_tatooine/mitr01_y17_01.tga,No recognized tileset prefix or direct SET reference,,
sw_t_tatooine/mitr01_y18_01.tga,No recognized tileset prefix or direct SET reference,,
sw_t_tatooine/tpd10_z08_01.mdl,No recognized tileset prefix or direct SET reference,,
sw_t_tatooine/tpd10_z08_01.wok,No recognized tileset prefix or direct SET reference,,
sw_t_tatooine/tpd10_z09_01.mdl,No recognized tileset prefix or direct SET reference,,
sw_t_tatooine/tpd10_z09_01.wok,No recognized tileset prefix or direct SET reference,,
sw_t_tatooine/tpd10_z10_01.mdl,No recognized tileset prefix or direct SET reference,sw_t_season,sw_t_season/wsf02_v00_05.mdl
sw_t_tatooine/tpd10_z10_01.wok,No recognized tileset prefix or direct SET reference,sw_t_season,sw_t_season/wsf02_v00_05.mdl
sw_t_tatooine/tpd10_z12_01.mdl,No recognized tileset prefix or direct SET reference,,
sw_t_tatooine/tpd10_z12_01.wok,No recognized tileset prefix or direct SET reference,,
sw_t_wildwood/ttf01_roof007.dds,Prefix suggests another tileset,,
sw_t_wildwood/ttf01_stone99.dds,Prefix suggests another tileset,,
sw_t_wildwood/ttf01_stone99.tga,Prefix suggests another tileset,,
sw_t_winter/micn01_v24.tga,No recognized tileset prefix or direct SET reference,,
sw_t_winter/micn01_v25.tga,No recognized tileset prefix or direct SET reference,,
sw_t_winter/mits01_c2_01.tga,No recognized tileset prefix or direct SET reference,,
sw_t_winter/mits01_c3_01.tga,No recognized tileset prefix or direct SET reference,,
sw_t_winter/mits01_f13_01.tga,No recognized tileset prefix or direct SET reference,,
sw_t_winter/mits01_o13_02.tga,No recognized tileset prefix or direct SET reference,,
sw_t_winter/mits01_o20_01.tga,No recognized tileset prefix or direct SET reference,,
sw_t_winter/mztr01_m17_01.tga,No recognized tileset prefix or direct SET reference,,
sw_t_winter/mztr01_w02_99.tga,No recognized tileset prefix or direct SET reference,,
sw_t_winter/mztr01_w05_99.tga,No recognized tileset prefix or direct SET reference,,
sw_t_winter/mztr01_w08_99.tga,No recognized tileset prefix or direct SET reference,,
sw_t_winter/mztr01_w13_99.tga,No recognized tileset prefix or direct SET reference,,
sw_t_winter/mzts01_w02_99.tga,No recognized tileset prefix or direct SET reference,,
sw_t_winter/mzts01_w05_99.tga,No recognized tileset prefix or direct SET reference,,
sw_t_winter/mzts01_w08_99.tga,No recognized tileset prefix or direct SET reference,,
sw_t_winter/mzts01_w13_99.tga,No recognized tileset prefix or direct SET reference,,
sw_t_winter/tcn01_cloth02.dds,Prefix suggests another tileset,,
sw_t_winter/ztr01_m17_01.mdl,Prefix suggests another tileset,,
sw_vfx/asteriods.mdl,ASCII model internally Skyd_001 with sky-scale geometry and asteroids bitmap in sw_skybox; however classification EFFECT and no direct 2DA resref use. Could be sky-overlay VFX or misfiled sky. Leave.,,
sw_weapon/helmet.dds,Potential consumers span multiple categories; preserve current shared-resource location,sw_cr_creature; sw_plc_cep,sw_cr_creature/c_ynpc_h_m14.mdl; sw_plc_cep/zlc_w03.mdl
